tree
version=v4
num_class=1
num_tree_per_iteration=1
label_index=0
max_feature_idx=28
objective=regression
feature_names=Column_0 Column_1 Column_2 Column_3 Column_4 Column_5 Column_6 Column_7 Column_8 Column_9 Column_10 Column_11 Column_12 Column_13 Column_14 Column_15 Column_16 Column_17 Column_18 Column_19 Column_20 Column_21 Column_22 Column_23 Column_24 Column_25 Column_26 Column_27 Column_28
feature_infos=[32871.599999999999:67815] [28080:47520] [41475:67815] [38018.75:64218.75] [35550:60108.75] [0:1] [0:1] [-1:1] [-1:1] [-1:1] [-1:1] [0.74426966275283279:1.0624999997845701] [0.85989949726527237:1.2361111107769367] [0.78857142838225458:1.1558441555519716] [0.12819939640721773:0.29927007294857033] [-11002.566666666666:7192.5] [-0.083616698009966073:0.092544987146529589] [0:0.10436704898520052] [7231.1000000000004:176563.5] [7231.1000000000004:176563.5] [7231.1000000000004:176563.5] [7382.0500000000011:159148.65000000002] [58.260964633958451:52453.146250503138] [7853.9769230769225:134261.53076923077] [32871.599999999999:67815] [0:1] [0:1] [0:1] [0:1]
tree_sizes=5877 6012 5894 5980 6032 5926 5932 6034 5963 5978 6075 6040 5969 5890 5932 5866 5972 5967 5950 5941 5869 6001 6011 5967 5986 5964 5944 5973 5885 5980 5980 5937 5937 5975 6020 5905 6004 5962 5986 5883 5986 6027 5957 6034 5893 5906 5977 5950 6074 6011 6057 5936 5981 5969 6052 5948 5940 6032 5835 5950 6065 5980 5973 5944 5962 6015 6013 5912 5896 5954 5944 5953 6007 5917 6061 6087 5939 5974 5935 6072 6095 5918 6049 6050 5991 6066 5981 5970 5975 6001 5940 5981 5894 6020 6013 6007 6001 6125 6119 6061 6065 6025 5940 6067 6064 6139 5985 6097 5978 6104 6082 6032 6103 6108 6038 5925 5995 5231 6098 5959 6132 5635 5737 5823 5948 4803 5969 5319 5043 5987 5864 5562 6055 4641 5501 5874 4709 5629 5106 5961 4204 4598 5263

Tree=0
num_leaves=63
num_cat=0
split_feature=18 21 12 5 17 21 21 21 16 18 15 18 16 18 2 8 21 1 15 18 18 18 4 18 27 18 16 18 12 8 18 16 1 18 2 7 18 18 18 16 21 18 19 21 16 21 7 21 3 18 2 18 16 18 2 8 7 18 19 21 18 21
split_gain=7.05998e+11 1.73537e+11 1.01239e+11 6.92731e+10 6.23636e+10 2.74781e+10 2.17967e+10 1.7194e+10 1.69929e+10 1.07127e+10 9.06713e+09 7.94038e+09 5.68683e+09 4.92542e+09 4.82147e+09 4.61829e+09 4.14966e+09 3.76609e+09 3.31635e+09 3.27042e+09 2.62481e+09 2.21118e+09 2.14045e+09 1.67957e+09 1.62061e+09 1.47319e+09 1.54519e+09 1.46587e+09 1.34269e+09 2.06597e+09 1.24783e+09 1.23188e+09 1.18804e+09 1.10026e+09 1.05802e+09 9.19924e+08 9.07889e+08 8.93878e+08 7.42478e+08 7.05367e+08 6.20739e+08 6.01539e+08 5.75596e+08 6.50121e+08 5.6795e+08 5.511e+08 4.33209e+08 4.18403e+08 3.72936e+08 3.57962e+08 3.44651e+08 2.85574e+08 2.59481e+08 2.49017e+08 2.38192e+08 2.37791e+08 2.30219e+08 2.14953e+08 2.10142e+08 1.85916e+08 1.7901e+08 1.75865e+08
threshold=43515.05000000001 80396.025000000023 0.96339622623688459 1.0000000180025095e-35 0.061650782740210804 60559.200000000012 95185.900000000023 95185.900000000023 -1.0000000180025095e-35 68579.150000000009 -6014.7750000000005 63299.650000000001 0.0050505372572776661 90719.950000000012 48941.750000000007 0.93301270189221952 59886.812500000007 35115.000000000007 -9899.6333333333296 35545.650000000009 73051.500000000015 49889.750000000007 42000.000000000007 55728.200000000004 1.0000000180025095e-35 75549.150000000009 0.0050505372572776661 95253.60000000002 1.1814593759708412 -0.68301270189221952 54543.700000000004 0.0037543201186628354 34707.000000000007 36237.30000000001 56840.000000000007 -0.6830127018922193 85153.35000000002 54148.900000000009 62843.05000000001 -0.075365239294710326 70679.66250000002 78385.60000000002 108144.60000000002 111192.00000000003 0.05017507414820211 30881.712500000005 0.25000000000000011 36710.037500000006 51632.500000000007 66084.35000000002 51256.875000000007 52594.650000000009 0.0037543201186628354 39280.900000000001 63437.500000000007 0.6830127018922193 -0.6830127018922193 46445.350000000006 80863.300000000017 19081.250000000004 59514.000000000007 51503.762500000004
decision_type=2 2 2 2 2 2 2 2 2 2 2 2 2 2 2 2 2 2 2 2 2 2 2 2 2 2 2 2 2 2 2 2 2 2 2 2 2 2 2 2 2 2 2 2 2 2 2 2 2 2 2 2 2 2 2 2 2 2 2 2 2 2
left_child=2 3 10 5 6 17 15 58 22 16 18 30 20 -8 -11 25 34 24 54 45 49 55 33 -18 31 -3 36 40 29 -23 -7 57 -12 -4 39 -15 -27 61 -33 51 -14 -22 -37 -44 -30 -10 -16 -21 -28 -13 -20 -5 60 -49 -1 -19 -25 -2 -6 -34 -32 -26
right_child=1 4 8 9 7 11 13 -9 19 14 32 12 27 35 46 -17 23 21 50 47 41 28 -24 56 37 26 48 -29 44 -31 52 38 59 -35 -36 42 -38 -39 -40 -41 -42 -43 43 -45 -46 -47 -48 53 -50 -51 -52 -53 -54 -55 -56 -57 -58 -59 -60 -61 -62 -63
leaf_value=49448.702106927369 49940.829937884962 50669.94919126694 50051.589873184843 50655.401029515255 51727.221532324671 50114.751302755525 50967.308801390907 53084.974487135536 49383.143070306192 50946.828458457581 48903.753493276941 50500.143020331845 50242.971021281803 51874.146191996078 51548.972201198907 50216.516640222428 50825.711804435115 50025.280782318456 49074.708834417586 49666.08023296504 50859.36962548014 50228.301260605906 50712.218520105242 51379.379572192272 49973.495151260693 51003.88734622849 50686.839034411976 50704.437893988317 50207.917284565643 50545.89034580614 50328.816016121804 49754.751656206732 49011.739102740365 50382.634564765089 50993.899511582073 51782.511493536178 51378.246995725021 50335.85107783979 49982.274666669997 50420.038731685723 50449.933642383272 51113.587886106441 51254.067544147045 51616.842141425594 49971.594720394693 49587.742185013813 51861.517717142597 49743.950143139824 50925.7000640486 50677.961190237402 49217.85458986969 50853.705347237963 50255.814304364161 49837.589718371753 49636.352209205506 50177.775019318586 51132.71779940695 50075.200820166989 52023.815273880959 49130.567063176401 50439.049819593885 50133.253137885149
leaf_weight=12.000000000000002 14.999999999999998 19 18 29 13.000000000000002 26 10.999999999999998 20 14.999999999999998 11.999999999999998 165 13.999999999999998 29 18 16.000000000000004 9.9999999999999982 11.999999999999998 54 25 23 29 54 9.9999999999999982 12.999999999999998 14.000000000000002 19.000000000000004 13.000000000000002 11.999999999999998 26 28 26 37 80 18 9.9999999999999982 10.999999999999998 9.9999999999999982 14.999999999999998 20 9.9999999999999982 24 13.999999999999998 10.000000000000002 13.999999999999998 13.999999999999998 74 10.999999999999998 39 13.999999999999998 53 81 9.9999999999999982 18 82 15.999999999999998 10.999999999999998 10.000000000000002 37 9.9999999999999982 26 30 10.999999999999998
leaf_count=12 15 19 18 29 13 26 11 20 15 12 165 14 29 18 16 10 12 54 25 23 29 54 10 13 14 19 13 12 26 28 26 37 80 18 10 11 10 15 20 10 24 14 10 14 14 74 11 39 14 53 81 10 18 82 16 11 10 37 10 26 30 11
internal_value=50092.3 50627.6 49359.7 50420 51431.5 50284.9 51139.8 52437.5 49799.6 51040.2 49056.8 50507.2 50629 51558.1 51458.8 50823.5 50865.3 50102.8 49260.2 49695.6 50760.5 50192.5 50326.1 51124.9 49990.4 50904.2 50982.5 50405.8 50267.7 50337.2 50293.7 49930.5 48956.6 50217.5 50709.8 51678.8 51137 50153.6 49834.3 50650.1 50337.2 50944.3 51573.5 51471.1 50125.1 49552.5 51682.4 49784.3 50813.3 50641.5 49183.2 50708.1 50356.4 49807.1 49553.9 50051.2 51277.1 50036.2 51864 49040 50388.4 50043.7
internal_weight=1620 936 684 744 192 611 149 43 279 133 405 275 175 64 39 85 94 336 134 233 110 187 46 35 149 75 56 65 122 82 100 109 271 36 59 53 29 40 57 49 53 43 35 24 40 89 27 144 27 67 106 39 74 121 28 65 23 52 23 106 56 25
internal_count=1620 936 684 744 192 611 149 43 279 133 405 275 175 64 39 85 94 336 134 233 110 187 46 35 149 75 56 65 122 82 100 109 271 36 59 53 29 40 57 49 53 43 35 24 40 89 27 144 27 67 106 39 74 121 28 65 23 52 23 106 56 25
is_linear=0
shrinkage=1


Tree=1
num_leaves=63
num_cat=0
split_feature=18 21 12 5 17 21 21 23 16 23 15 18 16 18 23 18 15 18 18 18 23 18 18 10 2 2 15 23 18 10 18 10 20 0 24 10 2 24 19 21 18 7 18 23 17 10 0 21 23 18 0 16 12 16 18 9 0 19 12 23 18 18
split_gain=6.64422e+11 1.63355e+11 9.52637e+10 6.52137e+10 5.87051e+10 2.58607e+10 2.09037e+10 1.93563e+10 1.59931e+10 1.0749e+10 8.52942e+09 7.47312e+09 5.35149e+09 4.67883e+09 4.14968e+09 3.37109e+09 3.1192e+09 3.07767e+09 2.91512e+09 2.81807e+09 2.95683e+09 2.47104e+09 2.40574e+09 1.85661e+09 1.7619e+09 1.75524e+09 1.65434e+09 1.52311e+09 1.38019e+09 1.24585e+09 1.17436e+09 1.11936e+09 1.21567e+09 1.11713e+09 1.05705e+09 1.00615e+09 9.88511e+08 8.87366e+08 8.32519e+08 5.84222e+08 5.66685e+08 5.54598e+08 5.19426e+08 5.17503e+08 5.09266e+08 5.0404e+08 4.80503e+08 3.93912e+08 3.39568e+08 3.36572e+08 3.21518e+08 3.18976e+08 2.48708e+08 2.4416e+08 2.34392e+08 2.33289e+08 2.2431e+08 2.17959e+08 1.94385e+08 1.77177e+08 1.68453e+08 1.43856e+08
threshold=43515.05000000001 80396.025000000023 0.96339622623688459 1.0000000180025095e-35 0.075411471307569006 60559.200000000012 95185.900000000023 92010.219230769246 -1.0000000180025095e-35 60896.976923076923 -6014.7750000000005 63299.650000000001 0.0050505372572776661 90719.950000000012 51540.996153846158 64146.500000000007 -9899.6333333333296 35545.650000000009 75549.150000000009 54543.700000000004 47790.346153846156 73051.500000000015 50657.150000000001 0.91023613416931248 47087.500000000007 59666.250000000007 -1207.173333333332 82097.876923076925 95253.60000000002 -0.29696027566504651 54543.700000000004 0.56806474673115537 104550.10000000002 43160.700000000004 37907.400000000009 0.74851074817110097 51003.125000000007 51929.975000000013 89710.050000000017 70679.66250000002 78385.60000000002 -0.24999999999999997 31199.500000000004 45139.30000000001 0.0014919387178839571 1.0000000180025095e-35 48373.750000000007 36710.037500000006 12671.796153846155 66084.35000000002 57267.500000000007 0.0037543201186628354 1.1785714283661013 0.0037543201186628354 39280.900000000001 -0.40966402954315195 49612.900000000009 45837.55000000001 1.1166071426234068 19802.973076923081 59514.000000000007 51237.650000000001
decision_type=2 2 2 2 2 2 2 2 2 2 2 2 2 2 2 2 2 2 2 2 2 2 2 2 2 2 2 2 2 2 2 2 2 2 2 2 2 2 2 2 2 2 2 2 2 2 2 2 2 2 2 2 2 2 2 2 2 2 2 2 2 2
left_child=2 3 10 5 6 14 18 27 24 19 16 30 21 -8 34 -11 56 42 35 55 -21 49 44 36 43 41 -22 -6 39 -26 61 45 -33 -12 -2 -3 -24 -17 -27 -14 -23 -20 -10 -4 52 -15 51 -19 -18 -13 -48 -36 -16 60 -49 57 -1 -5 -28 -35 -32 -7
right_child=1 4 8 9 7 11 13 -9 17 15 33 12 28 31 22 37 48 47 25 20 26 40 23 -25 29 38 58 -29 -30 -31 53 32 -34 59 46 -37 -38 -39 -40 -41 -42 -43 -44 -45 -46 -47 50 54 -50 -51 -52 -53 -54 -55 -56 -57 -58 -59 -60 -61 -62 -63
leaf_value=-624.4150824832127 -390.84667203336147 602.71193816489347 -42.323391735005806 469.088865060334 1584.2972515527945 -60.273416978990696 849.02947001689188 3158.3798251241719 -635.77576928620852 974.78473331151827 -1152.8772810985768 395.7289511303191 146.20086116830095 1504.1879481907893 -41.863792091158331 1316.5313613696806 -986.29548266882182 -413.45408583603893 747.52272926210719 416.74637782332923 1238.0070390139749 744.17104099548965 14.179545763179537 508.67790963680187 198.09932467318987 1109.6350094077222 918.85442778716197 2091.9047339527028 593.95995674070241 673.29551245358914 229.48215932561061 1083.3975719368809 1585.4864758663368 -1038.5272863520408 -79.473875594014501 216.92663534628377 208.09675135014891 1705.1509547948474 771.81409139333675 346.98359245331949 990.90102144281934 461.2694508044554 -473.81918100845411 231.73432972520882 160.87722774090153 1795.7214185855262 19.233969815831607 -337.89165171435423 -846.75405825725659 568.15886373918613 -141.1690305363737 -202.33019710964626 -205.2258779877011 158.67040939499657 -247.04384804877816 428.44908545960772 -442.31988536005429 661.93853891692549 704.93063776299505 -887.03155176526718 336.41632183087626 82.013489099969931
leaf_weight=12.000000000000002 10.999999999999998 14.000000000000002 16.000000000000004 10.000000000000002 16.000000000000004 11.000000000000002 10.999999999999998 14.999999999999998 27 19 165 13.999999999999998 29 17 50 14.000000000000002 26 23 19.000000000000004 9.9999999999999982 15.999999999999998 29 36 13.999999999999998 10.000000000000002 19.000000000000004 11.000000000000002 10.999999999999998 11.999999999999998 9.9999999999999982 26 10.000000000000002 9.9999999999999982 93 42 10.999999999999998 69 12.999999999999998 11.999999999999998 24 13.999999999999998 9.9999999999999982 62 9.9999999999999982 9.9999999999999982 17 44 39 80 53 14.999999999999998 35 9.9999999999999982 18 82 13.999999999999998 15.999999999999998 15.999999999999998 9.9999999999999982 12.999999999999998 30 14.999999999999998
leaf_count=12 11 14 16 10 16 11 11 15 27 19 165 14 29 17 50 14 26 23 19 10 16 29 36 14 10 19 11 11 12 10 26 10 10 93 42 11 69 13 12 24 14 10 62 10 10 17 44 39 80 53 15 35 10 18 82 14 16 16 10 13 30 15
internal_value=0.0460073 519.393 -710.611 317.969 1299.34 186.853 1020.55 2290.23 -283.906 919.724 -1004.42 402.533 520.73 1425.63 10.2617 1291.08 -807.189 -384.806 709.467 722.116 880.258 648.284 103.218 185.254 226.902 823.12 1004.07 1798.06 304.204 437.865 195.374 1541.3 1341.08 -1101.61 -109.242 434.507 141.688 1509.25 981.768 237.604 826.614 650.739 -523.611 63.5673 -36.3095 1654.79 -86.1945 -298.714 -881.879 532.772 -21.7163 -135.508 -69.387 256.242 -276.58 534.567 -522.305 589.847 820.81 -1020.8 287.266 21.8148
internal_weight=1620 936 684 744 192 611 150 42 279 133 405 275 175 65 336 46 134 233 85 87 47 110 189 119 46 60 37 27 65 20 100 54 20 271 147 25 105 27 31 53 43 29 89 26 70 34 136 144 106 67 59 77 60 74 121 40 28 26 21 106 56 26
internal_count=1620 936 684 744 192 611 150 42 279 133 405 275 175 65 336 46 134 233 85 87 47 110 189 119 46 60 37 27 65 20 100 54 20 271 147 25 105 27 31 53 43 29 89 26 70 34 136 144 106 67 59 77 60 74 121 40 28 26 21 106 56 26
is_linear=0
shrinkage=0.03


Tree=2
num_leaves=63
num_cat=0
split_feature=18 21 12 5 17 21 21 23 16 23 15 18 16 18 8 23 18 15 18 12 18 18 27 4 23 23 18 16 0 18 0 18 24 7 18 23 7 18 18 18 11 21 18 21 21 7 21 2 24 2 23 18 23 22 15 16 18 18 14 2 21 8
split_gain=6.25291e+11 1.53772e+11 8.96421e+10 6.13902e+10 5.52601e+10 2.43388e+10 1.96783e+10 1.82184e+10 1.50528e+10 1.01172e+10 8.02357e+09 7.03335e+09 5.03592e+09 4.40361e+09 4.18932e+09 3.90544e+09 3.20812e+09 2.93378e+09 2.89622e+09 2.65389e+09 2.32628e+09 2.28973e+09 2.10979e+09 1.9642e+09 1.44118e+09 1.43488e+09 1.29952e+09 1.2722e+09 1.23482e+09 1.10522e+09 1.05048e+09 9.99537e+08 9.95228e+08 8.17266e+08 8.08273e+08 7.30082e+08 7.12398e+08 6.23181e+08 6.07305e+08 5.62586e+08 5.94323e+08 5.49854e+08 5.3385e+08 4.99258e+08 4.53204e+08 4.2102e+08 3.70855e+08 3.64754e+08 3.33242e+08 3.23808e+08 3.19973e+08 3.16784e+08 2.93057e+08 2.74224e+08 2.35139e+08 3.50464e+08 2.34586e+08 2.20626e+08 2.14577e+08 2.04633e+08 1.71977e+08 1.69934e+08
threshold=43515.05000000001 80396.025000000023 0.96339622623688459 1.0000000180025095e-35 0.075411471307569006 60559.200000000012 95185.900000000023 92010.219230769246 -1.0000000180025095e-35 60896.976923076923 -6014.7750000000005 63299.650000000001 0.0050505372572776661 90719.950000000012 0.93301270189221952 51540.996153846158 61631.000000000007 -9899.6333333333296 35545.650000000009 0.97168539304328594 73051.500000000015 55728.200000000004 1.0000000180025095e-35 42000.000000000007 80540.469230769246 82097.876923076925 95253.60000000002 0.0051282388444369173 51413.350000000006 54543.700000000004 43160.700000000004 36237.30000000001 37907.400000000009 -0.6830127018922193 63299.650000000001 47531.580769230779 0.68301270189221941 85153.35000000002 49889.750000000007 108144.60000000002 0.94399999985264305 70679.66250000002 78385.60000000002 30881.712500000005 42282.762500000004 -0.6830127018922193 36710.037500000006 48220.250000000007 48373.750000000007 54374.375000000007 12671.796153846155 66358.60000000002 68359.726923076945 5435.2013828951067 2141.5583333333348 0.0037543201186628354 70625.900000000009 39280.900000000001 0.24296675186207592 45782.500000000007 19081.250000000004 -0.68301270189221952
decision_type=2 2 2 2 2 2 2 2 2 2 2 2 2 2 2 2 2 2 2 2 2 2 2 2 2 2 2 2 2 2 2 2 2 2 2 2 2 2 2 2 2 2 2 2 2 2 2 2 2 2 2 2 2 2 2 2 2 2 2 2 2 2
left_child=2 3 10 5 6 15 14 25 23 19 17 29 20 -8 24 32 -11 53 43 -5 51 38 35 31 36 -6 41 34 -18 -7 -12 -4 -2 -15 -23 59 49 -26 52 -35 -41 -14 -22 -10 -34 -37 -20 -40 -46 -3 -19 -13 -17 -1 58 -56 -29 -48 -31 -21 -32 -52
right_child=1 4 8 9 7 11 13 -9 18 16 30 12 26 33 -16 21 28 50 46 22 42 27 -24 -25 37 -27 -28 56 -30 54 60 -33 44 39 -36 45 -38 -39 47 40 -42 -43 -44 -45 48 -47 57 -49 -50 -51 61 -53 -54 -55 55 -57 -58 -59 -60 -61 -62 -63
leaf_value=-610.47082970539111 -379.22690060177359 609.33192558715052 -41.998495206885572 1080.500813663564 1537.0635413431671 21.16283153709324 823.78804265202712 3064.256066846026 -669.04173659975174 818.99898211518598 -1118.31193362924 399.47322950932016 141.82990657216493 1680.4618249309392 110.29261944761372 -87.666218830549781 1244.6309754517179 -956.81999326508617 -401.10416193181817 294.96170937113226 721.92261154961341 256.85126400998791 920.24716385690783 590.00949615176353 772.46135645177969 2029.7129687500003 576.28839528990181 -54.902107461465356 1646.853241889313 208.4414341491233 -1017.1466744206461 273.51681322297998 -228.10329384787039 1209.7547961891701 560.00198193842812 755.74700714760638 421.40950920482675 1060.3886129173136 -23.39970252819915 1651.741866054389 1286.9894983756187 336.61727980744291 961.38481050531914 -474.42487055604755 -106.22947322430589 528.71195543858391 -327.78083110214197 130.95601217464522 -4.8054184742309802 809.90117014848067 -917.44441082527612 555.85715323259728 84.884656159684468 -413.41074011796354 252.84161173083118 53.484244440439589 144.98547464805074 -239.64155631619454 366.73677003110186 482.37182714098276 -903.83606950431033 -792.06182612469797
leaf_weight=13.000000000000002 10.999999999999998 15.999999999999998 18 13.999999999999998 16.000000000000004 26 10.999999999999998 14.999999999999998 14.999999999999998 11.999999999999998 165 17 29 18 9.9999999999999982 44 21 26 23 10.000000000000002 29 39 17 9.9999999999999982 15.000000000000002 10.999999999999998 11.999999999999998 11.000000000000002 12.999999999999998 12.999999999999998 80 18 17 12.999999999999998 9.9999999999999982 13.999999999999998 9.9999999999999982 15.999999999999998 20 13.000000000000002 9.9999999999999982 24 13.999999999999998 74 68 19 39 44 51 18 18 50 10.999999999999998 14.999999999999998 29 10.999999999999998 9.9999999999999982 82 21 12.999999999999998 26 62
leaf_count=13 11 16 18 14 16 26 11 15 15 12 165 17 29 18 10 44 21 26 23 10 29 39 17 10 15 11 12 11 13 13 80 18 17 13 10 14 10 16 20 13 10 24 14 74 68 19 39 44 51 18 18 50 11 15 29 11 10 82 21 13 26 62
internal_value=0.0886141 503.91 -689.324 308.483 1260.63 181.269 990.145 2222.01 -275.4 892.331 -974.333 390.506 505.173 1383.17 688.321 9.95249 1252.61 -783.039 -373.289 700.619 628.909 100.131 626.387 220.164 765.141 1744.52 295.128 236.146 1402.8 189.535 -1068.6 116.08 -105.981 1495.39 319.733 535.697 651.376 924.001 19.9913 1398.45 1499.41 230.503 801.937 -507.94 -83.6176 627.022 -289.773 82.7586 -62.8026 717.579 -855.474 516.832 -53.0646 -506.75 248.584 198.289 40.5183 -268.297 307.001 402.519 -990.232 -821.383
internal_weight=1620 936 684 744 192 611 150 42 279 133 405 275 175 65 85 336 46 134 233 87 110 189 73 46 75 27 65 70 34 100 271 36 147 54 49 56 44 31 119 36 23 53 43 89 136 33 144 64 119 34 106 67 55 28 74 40 21 121 34 23 106 80
internal_count=1620 936 684 744 192 611 150 42 279 133 405 275 175 65 85 336 46 134 233 87 110 189 73 46 75 27 65 70 34 100 271 36 147 54 49 56 44 31 119 36 23 53 43 89 136 33 144 64 119 34 106 67 55 28 74 40 21 121 34 23 106 80
is_linear=0
shrinkage=0.03


Tree=3
num_leaves=63
num_cat=0
split_feature=18 21 12 5 17 21 21 21 16 18 15 18 16 2 18 21 1 0 15 18 14 18 14 18 4 18 27 18 12 10 16 16 18 0 18 10 2 18 18 22 18 16 2 16 16 18 18 13 9 18 18 0 20 22 10 18 15 16 19 14 18 9
split_gain=5.88468e+11 1.44752e+11 8.43532e+10 5.77874e+10 5.20172e+10 2.29063e+10 1.85518e+10 1.57356e+10 1.41671e+10 9.10237e+09 7.54667e+09 6.61924e+09 4.73898e+09 4.10643e+09 3.64138e+09 3.51418e+09 3.20871e+09 2.9122e+09 2.75981e+09 2.72553e+09 2.61636e+09 2.18999e+09 1.97344e+09 1.86132e+09 1.84937e+09 1.47573e+09 1.40244e+09 1.22357e+09 1.15731e+09 1.32334e+09 1.09579e+09 1.04644e+09 1.04021e+09 9.87786e+08 9.54664e+08 8.93075e+08 8.85876e+08 7.76505e+08 7.65817e+08 6.6548e+08 6.40455e+08 6.05493e+08 5.53048e+08 5.26536e+08 5.10968e+08 5.02917e+08 4.75752e+08 3.51821e+08 3.1856e+08 3.09355e+08 2.99909e+08 2.93974e+08 2.78809e+08 2.58177e+08 2.51336e+08 2.36241e+08 2.2136e+08 3.29791e+08 2.0853e+08 2.01904e+08 1.94572e+08 1.65528e+08
threshold=43515.05000000001 80396.025000000023 0.96339622623688459 1.0000000180025095e-35 0.075411471307569006 60559.200000000012 102112.97500000002 95185.900000000023 -1.0000000180025095e-35 68579.150000000009 -6014.7750000000005 63299.650000000001 0.0050505372572776661 48941.750000000007 75549.150000000009 59886.812500000007 35115.000000000007 57366.875000000007 -9899.6333333333296 35545.650000000009 0.276283618527008 73051.500000000015 0.25440806040471847 49889.750000000007 42000.000000000007 59082.100000000006 1.0000000180025095e-35 95253.60000000002 1.1814593759708412 0.78574730703237883 0.0037543201186628354 0.0037543201186628354 54543.700000000004 43160.700000000004 34717.450000000004 0.74851074817110097 56840.000000000007 54148.900000000009 112238.65000000001 10834.934566728369 62843.05000000001 -0.075365239294710326 45478.875000000007 0.05017507414820211 0.05017507414820211 78385.60000000002 28020.850000000002 0.93636363619079477 -0.61559370248597534 38442.000000000007 66084.35000000002 38917.150000000009 103240.45000000001 5435.2013828951067 -0.70581670320594803 52594.650000000009 2141.5583333333348 0.0037543201186628354 80863.300000000017 0.24296675186207592 46445.350000000006 -0.82298386589365657
decision_type=2 2 2 2 2 2 2 2 2 2 2 2 2 2 2 2 2 2 2 2 2 2 2 2 2 2 2 2 2 2 2 2 2 2 2 2 2 2 2 2 2 2 2 2 2 2 2 2 2 2 2 2 2 2 2 2 2 2 2 2 2 2
left_child=2 3 10 5 6 16 14 58 24 15 18 32 21 -11 35 36 26 31 53 46 38 50 -19 -18 34 -17 30 43 29 -25 60 -16 -7 -12 -4 -3 41 -28 52 -15 -32 55 -36 -14 -30 -23 -10 61 -33 -49 -13 -20 -8 -1 -24 -5 59 -58 -6 -34 -2 -21
right_child=1 4 8 9 7 11 20 -9 19 13 33 12 27 39 17 25 23 22 51 47 -22 45 54 28 -26 -27 37 -29 44 -31 40 48 56 -35 42 -37 -38 -39 -40 -41 -42 -43 -44 -45 -46 -47 -48 49 -50 -51 -52 -53 -54 -55 -56 -57 57 -59 -60 -61 -62 -63
leaf_value=-592.29650211712772 -140.90313885619307 565.91327730219405 -105.27861609592911 512.62173264336332 1486.484769203244 20.530378313886708 1546.6140826113856 2798.1460921138741 -656.5506640625 779.24470138171489 -1084.7828799780436 372.04207862367019 373.90039728632036 1677.1168208539598 871.65987275680698 722.16494007181677 -37.246150158033942 1345.1846088471284 -929.81681819596611 -250.5381311881188 1029.051251614153 700.33937419458755 1005.6504474783412 180.47843873255462 572.48447608872209 1124.8932759325917 -44.773562073118654 559.14265100400314 107.57916746292989 547.92388945022435 -314.46653029120512 607.16943343233459 202.23592607570967 -960.57896688707592 76.51566538787084 202.4863176665435 821.36359529702975 227.54924533869254 1717.4249313708563 1319.8004516173244 -103.14399399031451 293.90802985767323 364.75127058044933 163.46651333065481 -116.57198623981881 932.74780917553198 -461.32831300453557 -338.57091374624667 375.23072437183265 -221.17709424476772 534.76694631113162 -797.93358662145499 1249.0014240408416 -401.09056019764074 795.71400316572863 693.00423637163522 245.28243153994842 51.894173587077375 1766.6090392945546 355.78679780065158 -13.07326254297138 -398.16059302713523
leaf_weight=13.000000000000002 14.999999999999998 14.000000000000002 11.999999999999998 29 13.000000000000002 26 10.000000000000002 19 13.999999999999998 11.999999999999998 165 13.999999999999998 14.999999999999998 10.000000000000002 9.9999999999999982 15.999999999999998 65 10.999999999999998 25 9.9999999999999982 11.999999999999998 29 10.000000000000002 72 9.9999999999999982 19 25 11.999999999999998 26 9.9999999999999982 37 11.999999999999998 12.999999999999998 106 12.000000000000002 10.999999999999998 9.9999999999999982 14.999999999999998 18 17 20 9.9999999999999982 11.999999999999998 38 13.999999999999998 13.999999999999998 75 28 11.000000000000002 78 53 81 9.9999999999999982 14.999999999999998 21 9.9999999999999982 29 10.999999999999998 9.9999999999999982 21 37 28
leaf_count=13 15 14 12 29 13 26 10 19 14 12 165 14 15 10 10 16 65 11 25 10 12 29 10 72 10 19 25 12 26 10 37 12 13 106 12 11 10 15 18 17 20 10 12 38 14 14 75 28 11 78 53 81 10 15 21 10 29 11 10 21 37 28
internal_value=0.12616 488.888 -668.679 299.28 1223.08 175.855 960.649 2155.83 -267.152 865.737 -945.153 378.841 490.081 1251.57 723.484 704.497 9.65653 828.146 -759.63 -362.118 1432.59 610.114 994.731 92.3888 213.613 943.371 -94.1676 286.323 161.431 225.902 -149.886 613.764 183.876 -1036.57 112.617 407.449 561.436 57.6602 1556.98 1457.84 -240.629 506.825 221.549 223.615 29.0311 777.996 -492.74 -281.1 498.347 -252.477 501.37 -829.885 1404.76 -491.657 866.451 560.528 241.163 192.363 1615.4 297.841 -50.147 -360.072
internal_weight=1620 936 684 744 192 611 150 42 279 133 405 275 175 39 100 94 336 75 134 233 50 110 42 187 46 35 149 65 122 82 109 33 100 271 36 25 59 40 38 27 57 49 24 53 40 43 89 144 23 106 67 106 20 28 31 39 74 40 23 34 52 38
internal_count=1620 936 684 744 192 611 150 42 279 133 405 275 175 39 100 94 336 75 134 233 50 110 42 187 46 35 149 65 122 82 109 33 100 271 36 25 59 40 38 27 57 49 24 53 40 43 89 144 23 106 67 106 20 28 31 39 74 40 23 34 52 38
is_linear=0
shrinkage=0.03


Tree=4
num_leaves=63
num_cat=0
split_feature=18 21 12 5 17 18 21 23 16 16 23 15 18 18 18 8 16 6 15 18 18 23 18 3 6 2 6 15 23 2 18 23 16 18 18 18 14 16 9 21 18 10 6 16 18 0 23 16 23 23 12 6 22 10 9 8 19 12 8 21 21 16
split_gain=5.53812e+11 1.36264e+11 7.93728e+10 5.43974e+10 4.89603e+10 2.15656e+10 1.74762e+10 1.63582e+10 1.33341e+10 9.1465e+09 8.9958e+09 7.0986e+09 5.89656e+09 4.30965e+09 3.97292e+09 3.79299e+09 3.24812e+09 2.87423e+09 2.59577e+09 2.56476e+09 2.46302e+09 2.53743e+09 1.81156e+09 1.57004e+09 1.50365e+09 1.80355e+09 1.45434e+09 1.42639e+09 1.30754e+09 1.29936e+09 1.29681e+09 1.28166e+09 1.16258e+09 9.74178e+08 9.45523e+08 7.11674e+08 6.42242e+08 6.30196e+08 6.29258e+08 4.8562e+08 4.52278e+08 4.4834e+08 4.10283e+08 3.35719e+08 3.75364e+08 3.28284e+08 3.23787e+08 3.14444e+08 2.95669e+08 2.86943e+08 2.62533e+08 2.48168e+08 2.4307e+08 2.34164e+08 2.3353e+08 2.31986e+08 1.84323e+08 1.80898e+08 1.65331e+08 1.44948e+08 1.41478e+08 1.18806e+08
threshold=43515.05000000001 80396.025000000023 0.96339622623688459 1.0000000180025095e-35 0.075411471307569006 57309.350000000006 95185.900000000023 92010.219230769246 -1.0000000180025095e-35 0.0051282388444369173 60896.976923076923 -6014.7750000000005 69246.750000000015 83762.10000000002 90719.950000000012 0.93301270189221952 0.05017507414820211 1.0000000180025095e-35 -9899.6333333333296 35545.650000000009 54543.700000000004 47790.346153846156 50657.150000000001 44657.500000000007 1.0000000180025095e-35 61250.000000000007 1.0000000180025095e-35 -1207.173333333332 82097.876923076925 51890.625000000007 77461.900000000009 80540.469230769246 0.0037543201186628354 73724.550000000017 13874.950000000003 95253.60000000002 0.27272727266989771 0.0049140049140049555 0.61559370248597556 37598.087500000001 31199.500000000004 0.98182534576205305 1.0000000180025095e-35 0.0050505372572776661 39280.900000000001 51120.625000000007 54282.426923076935 0.0050505372572776661 68668.026923076934 12671.796153846155 1.2142857140036487 1.0000000180025095e-35 5435.2013828951067 0.40966402954315184 -0.40966402954315195 1.0000000180025095e-35 45837.55000000001 1.1166071426234068 -0.68301270189221952 19081.250000000004 10946.112500000001 0.0049140049140049555
decision_type=2 2 2 2 2 2 2 2 2 2 2 2 2 2 2 2 2 2 2 2 2 2 2 2 2 2 2 2 2 2 2 2 2 2 2 2 2 2 2 2 2 2 2 2 2 2 2 2 2 2 2 2 2 2 2 2 2 2 2 2 2 2
left_child=2 3 11 5 6 16 15 28 23 12 20 18 26 33 -8 31 22 -12 52 40 54 -22 41 39 -16 -26 32 -23 -6 -19 42 36 -7 46 60 -15 45 -28 -33 -4 -10 47 -14 44 -21 -3 -11 -2 -31 -20 51 -24 -1 -38 56 -27 -5 -29 -51 -36 -13 -46
right_child=1 4 8 10 7 9 14 -9 19 13 17 34 30 35 24 -17 -18 29 49 43 21 27 50 -25 25 55 37 57 -30 48 -32 38 -34 -35 59 -37 53 -39 -40 -41 -42 -43 -44 -45 61 -47 -48 -49 -50 58 -52 -53 -54 -55 -56 -57 -58 -59 -60 -61 -62 -63
leaf_value=-574.66324531846351 -54.199700175098194 638.22812770730172 -88.588222458298105 427.82791789139833 1441.866581424689 290.41298212756851 771.33914062500003 2889.5485958195363 -582.54665114737077 -143.78727262049242 791.0179365458016 -1090.8468940770349 420.65334066376425 285.72342053865117 1146.1332509219719 97.700783821332578 -367.62618167376627 1060.0451323605373 -900.89251706178152 -316.82875293310803 377.7250172107054 1138.7374095011646 88.903605256138064 425.05156562931626 1145.0925382889852 1464.2726454207916 370.88013102372798 845.04209142736465 1910.7567926520269 1327.326577280405 854.16255590936009 989.75492856526216 -18.029292545724424 142.05091765655865 -951.07116372485098 583.51347566793891 852.2350932085393 589.49704774844724 699.13353023616412 166.35963440008328 -431.60010831823672 116.51208168724111 617.54454329622001 -425.59868586768789 -230.34898947448247 404.7515689411569 10.88830754066581 -220.29557603990708 1629.7438784034655 -866.26741885359104 -17.460707374165075 192.18907096470949 -389.13752832677977 622.97512453589104 379.03160447140959 1735.88846296616 604.99431761937103 641.52145614170786 -744.31138832276554 -842.4640441359561 -1016.8438538966777 -125.55904822483535
leaf_weight=13.000000000000002 138 10.000000000000002 11.000000000000002 10.000000000000002 16.000000000000004 51 10.999999999999998 14.999999999999998 27 31 12.999999999999998 73 12.999999999999998 17.000000000000004 15.999999999999998 9.9999999999999982 22 11.999999999999998 26 57 9.9999999999999982 15.999999999999998 58 18 9.9999999999999982 10.000000000000002 51 11.000000000000002 10.999999999999998 11.000000000000002 21 18.000000000000004 13.999999999999998 26 67 12.999999999999998 10.000000000000002 15.999999999999998 12.999999999999998 17 62 12.999999999999998 50 11.999999999999998 63 13.999999999999998 20 10.999999999999998 9.9999999999999982 18 12.999999999999998 33 14.999999999999998 9.9999999999999982 13.999999999999998 18 15.999999999999998 9.9999999999999982 62 25 106 11.999999999999998
leaf_count=13 138 10 11 10 16 51 11 15 27 31 13 73 13 17 16 10 22 12 26 57 10 16 58 18 10 10 51 11 11 11 21 18 14 26 67 13 10 16 13 17 62 13 50 12 63 14 20 11 10 18 13 33 15 10 14 18 16 10 62 25 106 12
internal_value=0.166679 474.318 -648.646 290.353 1186.66 170.602 932.055 2091.58 -259.153 338.86 839.944 -916.834 451.185 111.9 1302.44 647.623 -18.155 1179.67 -736.902 -351.284 659.172 806.965 10.8759 207.264 1409 1516.38 325.729 921.645 1639.24 1329.92 647.71 720.718 224.054 -7.07386 -1005.5 416.276 613.441 423.888 870.521 66.2426 -477.995 -51.8442 577.647 -272.692 -258.48 504.278 -83.2275 -66.6014 1478.38 -805.037 108.53 126.529 -477.013 741.275 483.936 1644.44 538.754 751.627 -772.799 -922.505 -1047.62 -213.772
internal_weight=1620 936 684 744 192 611 150 42 279 323 133 405 216 107 65 85 288 46 134 233 87 47 266 46 54 38 132 37 27 33 84 75 65 77 271 30 44 67 31 28 89 162 63 144 132 24 51 149 21 106 104 91 28 20 40 28 26 21 80 92 179 75
internal_count=1620 936 684 744 192 611 150 42 279 323 133 405 216 107 65 85 288 46 134 233 87 47 266 46 54 38 132 37 27 33 84 75 65 77 271 30 44 67 31 28 89 162 63 144 132 24 51 149 21 106 104 91 28 20 40 28 26 21 80 92 179 75
is_linear=0
shrinkage=0.03


Tree=5
num_leaves=63
num_cat=0
split_feature=18 21 12 5 17 21 21 24 16 18 18 1 16 8 13 6 21 1 5 18 0 14 6 12 18 14 4 18 27 6 18 12 18 18 18 18 8 7 9 3 18 20 12 16 21 18 21 1 6 4 6 20 4 13 0 18 18 21 21 10 18 19
split_gain=5.21211e+11 1.28273e+11 7.46906e+10 5.12124e+10 4.60931e+10 2.03223e+10 1.61496e+10 1.32181e+10 1.25488e+10 8.13048e+09 5.9233e+09 5.62628e+09 4.21764e+09 4.01359e+09 3.30194e+09 3.22147e+09 3.1285e+09 2.86591e+09 2.44303e+09 2.41345e+09 2.20714e+09 2.27366e+09 2.20459e+09 3.94179e+09 1.95247e+09 1.80634e+09 1.68499e+09 1.32751e+09 1.24851e+09 1.99487e+09 1.07258e+09 1.00382e+09 9.12039e+08 8.75502e+08 7.43216e+08 7.14057e+08 7.09518e+08 6.75211e+08 6.32833e+08 6.17128e+08 5.92609e+08 5.56932e+08 5.29348e+08 4.9591e+08 4.85266e+08 4.4661e+08 4.3395e+08 4.33758e+08 3.62438e+08 3.52588e+08 3.50459e+08 5.37513e+08 3.38691e+08 3.24314e+08 3.19876e+08 2.99561e+08 2.79348e+08 2.71927e+08 2.70323e+08 2.69201e+08 2.55539e+08 2.22643e+08
threshold=43515.05000000001 80396.025000000023 0.96339622623688459 1.0000000180025095e-35 0.061650782740210804 60559.200000000012 102112.97500000002 57604.375000000007 -1.0000000180025095e-35 68579.150000000009 63299.650000000001 41020.000000000007 0.0050505372572776661 0.93301270189221952 1.0379487177747688 1.0000000180025095e-35 59886.812500000007 35115.000000000007 1.0000000180025095e-35 35545.650000000009 57366.875000000007 0.25307125302469863 1.0000000180025095e-35 1.1814593759708412 73051.500000000015 0.17388612090385749 42000.000000000007 55728.200000000004 1.0000000180025095e-35 1.0000000180025095e-35 95253.60000000002 1.1814593759708412 54543.700000000004 34717.450000000004 50055.350000000013 76936.35000000002 1.0000000180025095e-35 1.0000000180025095e-35 0.40966402954315223 52272.500000000007 12077.150000000001 85153.35000000002 1.1160714283721289 -0.075399971249820216 69519.050000000017 78385.60000000002 30881.712500000005 31500.000000000004 1.0000000180025095e-35 45167.500000000007 1.0000000180025095e-35 67572.300000000003 38408.750000000007 0.93636363619079477 56215.625000000007 18132.050000000003 38442.000000000007 52075.262500000004 14335.612500000003 0.4647231720437684 57692.600000000006 45645.400000000001
decision_type=2 2 2 2 2 2 2 2 2 2 2 2 2 2 2 2 2 2 2 2 2 2 2 2 2 2 2 2 2 2 2 2 2 2 2 2 2 2 2 2 2 2 2 2 2 2 2 2 2 2 2 2 2 2 2 2 2 2 2 2 2 2
left_child=2 3 11 5 6 17 13 -6 26 16 32 25 24 20 37 -8 39 28 55 46 38 -22 31 59 48 58 33 -18 29 -2 44 34 -7 -4 -19 -23 57 -11 49 43 -27 -9 -17 61 -14 -26 -10 -31 -12 -3 51 -34 -35 -21 -25 -13 -55 -30 -1 -24 -52 -5
right_child=1 4 8 9 7 10 15 41 19 14 12 18 30 -15 -16 42 27 22 -20 53 21 35 23 54 45 40 -28 -29 36 47 -32 -33 50 52 -36 -37 -38 -39 -40 -41 -42 -43 -44 -45 -46 -47 -48 -49 -50 -51 60 -53 -54 56 -56 -57 -58 -59 -60 -61 -62 -63
leaf_value=-839.04011913413615 -340.43526266793225 541.64953357822833 -103.96324890641142 434.61226230053194 1465.3986378110189 19.317345032089058 1001.2667996162279 2273.5159042388605 -613.72811516970205 1199.8150726425436 348.52533511513155 -866.92938004497228 110.52405901517115 164.45190074006385 698.43902459777223 1644.8470226603401 622.62797068698353 -55.157972072201304 -430.0016560230809 -340.32389663816434 1273.003424831081 546.59007271039604 415.94816851021022 115.91851332048127 660.4899963756443 -1034.0539631360214 543.6230897083849 1023.0821131797888 -115.20440434881978 -242.11654939859218 525.14626670648238 -190.81221506168703 -14.318817093307906 104.09904935065114 112.90794697588572 857.11667519755747 271.58407466170814 1533.1469628099173 373.22176047145729 745.54995146194301 -933.93312363231212 2728.572863507231 1342.829023139313 309.66396670002581 293.46486146907216 879.52070229388301 -432.48915861430919 -31.14503021967926 513.85925138005234 756.6111193468555 164.32835202660891 232.93030499332738 330.93496318095436 -318.86277117854758 -52.482201705831564 -731.73021401340111 -207.33695861034906 65.246955499115927 -672.06443873355261 634.12822399809158 346.36806379948956 596.36704114245128
leaf_weight=30 32 15.000000000000002 11.999999999999998 13.999999999999998 21 26 17 10.000000000000002 14.999999999999998 17.000000000000004 17 27 24 11.999999999999998 9.9999999999999982 19 11.999999999999998 39 24 38 10.999999999999998 9.9999999999999982 10.000000000000002 31 29 136 9.9999999999999982 23 14.000000000000002 9.9999999999999982 11.999999999999998 19 10.999999999999998 13.000000000000002 60 26 9.9999999999999982 11.999999999999998 9.9999999999999982 9.9999999999999982 117 11.999999999999998 12.999999999999998 11.999999999999998 29 13.999999999999998 74 67 50 15.999999999999998 9.9999999999999982 28 10.999999999999998 28 14.999999999999998 54 78 15.999999999999998 17 12.999999999999998 25 23
leaf_count=30 32 15 12 14 21 26 17 10 15 17 17 27 24 12 10 19 12 39 24 38 11 10 10 31 29 136 10 23 14 10 12 19 11 13 60 26 10 12 10 10 117 12 13 12 29 14 74 67 50 16 10 28 11 28 15 54 78 16 17 13 25 23
internal_value=0.200177 460.184 -629.226 281.695 1151.32 165.503 900.541 2016.2 -251.395 814.953 356.698 -889.383 461.927 680.733 1179.59 1346.83 662.573 8.95931 -698.796 -340.773 750.869 892.179 87.1476 221.718 575.165 -955.834 201.078 887.949 -89.1622 -141.734 269.704 8.33676 172.269 104.685 46.7113 772.612 54.0921 1342.54 587.102 527.599 -988.14 2532.95 1526.72 481.691 210.988 733.678 -463.69 -58.8225 472.491 654.674 225.91 163.335 209.007 -264.534 61.0104 -777.81 -237.069 -19.0665 -780.2 541.479 294.973 536.499
internal_weight=1620 936 684 744 192 611 149 43 279 133 275 405 175 100 39 49 94 336 105 233 88 47 187 69 110 300 46 35 149 109 65 118 100 36 99 36 40 29 41 59 253 22 32 49 53 43 89 77 67 31 74 39 24 144 46 81 106 30 47 23 35 37
internal_count=1620 936 684 744 192 611 149 43 279 133 275 405 175 100 39 49 94 336 105 233 88 47 187 69 110 300 46 35 149 109 65 118 100 36 99 36 40 29 41 59 253 22 32 49 53 43 89 77 67 31 74 39 24 144 46 81 106 30 47 23 35 37
is_linear=0
shrinkage=0.03


Tree=6
num_leaves=63
num_cat=0
split_feature=18 21 12 5 21 14 18 16 15 18 2 23 6 16 6 21 12 6 15 18 23 23 18 7 24 3 18 6 10 12 18 2 0 9 18 2 16 16 2 6 20 23 24 21 18 16 18 20 23 0 23 2 22 22 21 23 24 23 0 16 10 24
split_gain=4.90513e+11 1.20766e+11 7.02831e+10 6.59912e+10 3.10861e+10 2.97893e+10 1.61126e+10 1.18108e+10 6.28943e+09 6.09757e+09 5.19863e+09 5.11304e+09 5.56489e+09 4.14048e+09 3.78197e+09 3.22899e+09 2.60346e+09 2.42468e+09 2.29666e+09 2.27122e+09 2.1117e+09 1.72428e+09 1.56693e+09 1.53703e+09 1.47977e+09 1.40994e+09 1.33925e+09 1.22824e+09 1.1624e+09 1.14463e+09 9.83909e+08 8.63263e+08 8.55934e+08 7.87205e+08 7.78245e+08 7.58349e+08 7.07311e+08 6.9672e+08 6.4035e+08 6.19886e+08 5.8584e+08 5.64591e+08 5.19814e+08 4.35611e+08 4.14317e+08 3.14471e+08 3.36103e+08 2.97949e+08 2.82945e+08 2.80932e+08 2.5934e+08 2.5368e+08 2.241e+08 1.75249e+08 1.62138e+08 1.47963e+08 1.41552e+08 1.17987e+08 1.14988e+08 1.1306e+08 1.11457e+08 1.0427e+08
threshold=43515.05000000001 95185.900000000023 0.96339622623688459 1.0000000180025095e-35 65651.60000000002 0.21717973125094933 68157.550000000017 -1.0000000180025095e-35 -6014.7750000000005 74296.250000000015 48941.750000000007 51540.996153846158 1.0000000180025095e-35 0.0050761748317067487 1.0000000180025095e-35 59886.812500000007 1.1814593759708412 1.0000000180025095e-35 -9899.6333333333296 35545.650000000009 78473.150000000009 90862.826923076937 109487.05 -0.24999999999999997 44240.945000000007 44657.500000000007 59082.100000000006 1.0000000180025095e-35 0.8542199457734333 1.2022471907383376 77771.35000000002 47258.250000000007 43160.700000000004 0.61559370248597556 63299.650000000001 56840.000000000007 0.0037543201186628354 0.0050505372572776661 62500.000000000007 1.0000000180025095e-35 34107.200000000004 43869.192307692319 51929.975000000013 37598.087500000001 28020.850000000002 0.0050505372572776661 39280.900000000001 67262.650000000009 55459.396153846166 51643.150000000009 12671.796153846155 53831.875000000007 5435.2013828951067 19630.93091376514 44917.387500000004 19802.973076923081 52010.125000000007 112049.05384615385 40006.30000000001 0.0049140049140049555 -0.70581670320594803 40144.875000000007
decision_type=2 2 2 2 2 2 2 2 2 2 2 2 2 2 2 2 2 2 2 2 2 2 2 2 2 2 2 2 2 2 2 2 2 2 2 2 2 2 2 2 2 2 2 2 2 2 2 2 2 2 2 2 2 2 2 2 2 2 2 2 2 2
left_child=2 3 8 4 11 -3 15 25 18 17 -8 27 23 30 33 35 24 28 52 44 53 -16 42 48 -14 43 -17 36 37 -25 -11 -19 -10 -7 -33 39 -2 -6 -32 -5 61 -41 -15 -4 -9 46 -21 -30 -13 -42 -20 -28 -1 -12 -38 -34 -18 -23 -46 -48 -52 -29
right_child=1 5 7 6 9 14 10 19 32 13 20 12 16 22 21 26 56 31 50 45 -22 57 -24 29 -26 -27 51 40 47 -31 38 34 55 -35 -36 -37 54 -39 -40 41 49 -43 -44 -45 58 -47 59 -49 -50 -51 60 -53 -54 -55 -56 -57 -58 -59 -60 -61 -62 -63
leaf_value=-542.53601487953233 -65.864852812708264 2651.9182661732452 -85.163777053420588 246.98063123646347 345.51877753852148 754.50323742574881 707.40896726497942 -602.51694980053196 -990.99105518435806 620.75687041549429 1223.9892843031607 116.49319745365877 181.87775639048789 294.91957163052297 1052.2968912438121 656.75978855298911 45.948117565860116 193.93783001873942 -848.41398347701136 -298.08197866783877 1753.6892658635497 1455.766808717477 766.39995726330449 2.2297867333389356 510.81629266370658 401.4870442528487 906.68041226773619 -210.28309913429044 -112.7159146782903 -316.41819467905407 765.09155157659472 274.34593612088497 -891.45977514936897 1110.4898428554388 538.36100217533681 752.24861231435648 -377.46940599173553 111.70150183715317 1033.0151917342557 366.73754611185842 -17.009789239452228 606.72088498443975 500.97752529357535 156.2954157350774 -486.44261543843282 -404.51271485194684 -216.73340912397236 117.71824943920174 295.83488166003491 116.15090881803141 -804.12270881053666 1158.0618123452971 -364.72608379035591 1434.5079486386139 -237.05045795147231 -756.30766996660316 175.09652991428848 1677.0851106126238 -395.74317120505327 -114.665542844662 -701.55331308817506 -93.51950660585733
leaf_weight=13.000000000000002 21 17 11.000000000000002 9.9999999999999982 36 12.000000000000002 11.999999999999998 13.999999999999998 165 31 26 15.999999999999998 17 38 9.9999999999999982 15.999999999999998 21 10.999999999999998 26 57 12.999999999999998 22 9.9999999999999982 118 46 18 11.000000000000002 11.000000000000002 10.000000000000002 10.999999999999998 29 12.999999999999998 93 12.999999999999998 50 9.9999999999999982 11.999999999999998 17 12.999999999999998 14.999999999999998 49 24 15.999999999999998 17 20 11.999999999999998 63 9.9999999999999982 15.999999999999998 20 19 9.9999999999999982 14.999999999999998 9.9999999999999982 22 12.999999999999998 11.999999999999998 9.9999999999999982 55 11.999999999999998 61 19
leaf_count=13 21 17 11 10 36 12 12 14 165 31 26 16 17 38 10 16 21 11 26 57 13 22 10 118 46 18 11 11 10 11 29 13 93 13 50 10 12 17 13 15 49 24 16 17 20 12 63 10 16 20 19 10 15 10 22 13 12 10 55 12 61 19
internal_value=0.231679 446.464 -610.378 339.363 213.807 1531.08 894.679 -243.865 -862.743 455.112 1276.07 46.995 128.886 599.161 1243.16 651.263 309.541 320.546 -693.377 -330.574 1413.6 1418.98 421.885 21.0402 422.484 195.103 871.548 -89.6617 197.453 -25.1658 753.792 441.546 -946.201 943.303 484.403 511.877 -203.193 270.872 850.277 461.389 -26.4472 515.594 356.787 61.4708 -449.814 -256.616 -242.875 2.51346 206.806 21.6997 -757.467 1031.31 -448.918 1286.28 -287.572 -875.613 93.2984 1529.94 -420.545 -200.577 -726.887 -136.889
internal_weight=1620 936 684 852 695 84 157 279 405 284 61 411 257 137 67 96 96 147 134 233 49 42 64 161 63 46 37 154 73 129 73 74 271 25 63 59 55 53 42 49 99 39 54 28 89 144 132 20 32 69 106 21 28 36 34 106 33 32 75 75 80 30
internal_count=1620 936 684 852 695 84 157 279 405 284 61 411 257 137 67 96 96 147 134 233 49 42 64 161 63 46 37 154 73 129 73 74 271 25 63 59 55 53 42 49 99 39 54 28 89 144 132 20 32 69 106 21 28 36 34 106 33 32 75 75 80 30
is_linear=0
shrinkage=0.03


Tree=7
num_leaves=63
num_cat=0
split_feature=18 18 12 12 5 24 23 23 16 23 18 14 15 18 16 18 8 18 18 16 15 18 4 24 16 18 18 16 18 14 18 18 18 12 27 18 22 20 16 22 14 23 19 22 18 16 22 16 18 18 18 0 16 18 22 7 23 24 18 18 23 7
split_gain=4.61625e+11 1.11916e+11 6.61341e+10 4.40689e+10 4.32048e+10 1.70942e+10 1.37429e+10 1.32235e+10 1.11156e+10 8.42997e+09 6.71388e+09 6.391e+09 5.91558e+09 4.46225e+09 4.15909e+09 2.82515e+09 2.57521e+09 2.50964e+09 2.33548e+09 2.81858e+09 2.16047e+09 2.14097e+09 1.53557e+09 1.49954e+09 1.44258e+09 1.39459e+09 1.38512e+09 2.23516e+09 1.3053e+09 1.27513e+09 8.18864e+08 8.13724e+08 7.33119e+08 6.93837e+08 4.85651e+08 4.53384e+08 4.47283e+08 4.39393e+08 4.23877e+08 3.96062e+08 3.87524e+08 7.90978e+08 3.84396e+08 3.81193e+08 3.77936e+08 3.70696e+08 3.6548e+08 3.27989e+08 3.11549e+08 2.5966e+08 2.46689e+08 2.46496e+08 2.21202e+08 2.20872e+08 2.10986e+08 1.95458e+08 2.57798e+08 1.7529e+08 1.70549e+08 1.33782e+08 1.13146e+08 1.12567e+08
threshold=43515.05000000001 76150.700000000012 0.96339622623688459 1.0326530610178755 1.0000000180025095e-35 54574.05000000001 56950.515384615392 83682.400000000009 -1.0000000180025095e-35 60896.976923076923 55375.350000000013 0.2506329113478229 -6014.7750000000005 108144.60000000002 0.0050761748317067487 64146.500000000007 0.93301270189221952 109487.05 64146.500000000007 0.0051282388444369173 -9899.6333333333296 36237.30000000001 42000.000000000007 42085.42500000001 0.0050251573518178558 87880.050000000003 54543.700000000004 -1.0000000180025095e-35 50493.250000000007 0.2264631042752803 40304.150000000009 13874.950000000003 59082.100000000006 1.0326530610178755 1.0000000180025095e-35 31199.500000000004 22600.91594536461 55405.200000000004 0.0050505372572776661 24737.018531749356 0.24189526180302526 68080.376923076939 111700.15000000001 15267.931457769178 60197.850000000006 0.0037543201186628354 11099.517664528525 0.0050505372572776661 34184.000000000007 94202.10000000002 11812.000000000002 50996.250000000007 0.088483499821170555 39280.900000000001 5435.2013828951067 -0.24999999999999997 43869.192307692319 39027.365000000013 46043.900000000009 9938.5500000000011 19802.973076923081 -0.24999999999999997
decision_type=2 2 2 2 2 2 2 2 2 2 2 2 2 2 2 2 2 2 2 2 2 2 2 2 2 2 2 2 2 2 2 2 2 2 2 2 2 2 2 2 2 2 2 2 2 2 2 2 2 2 2 2 2 2 2 2 2 2 2 2 2 2
left_child=2 4 12 7 6 14 23 -3 22 26 40 42 20 24 29 44 18 43 37 -20 54 35 30 46 25 -13 55 32 38 -5 48 59 -28 -17 45 -10 -9 -12 58 -15 41 51 -7 52 -11 -30 57 53 -4 -45 -22 -8 -16 -23 -1 56 -6 -2 -25 -14 -33 -59
right_child=1 3 8 5 9 11 10 36 21 15 16 13 31 39 17 33 -18 -19 19 -21 50 47 -24 28 -26 -27 27 -29 34 -31 -32 60 -34 -35 -36 -37 -38 -39 -40 -41 -42 -43 -44 49 -46 -47 -48 -49 -50 -51 -52 -53 -54 -55 -56 -57 -58 61 -60 -61 -62 -63
leaf_value=-526.38417133826329 -345.57751276299507 1295.2914188664595 -131.33072442083073 1082.403700108292 357.25613764696772 1576.087831688596 122.12877721805376 2231.7383400371282 -533.06086283440959 672.8422288830443 367.78846397363742 760.82357221086443 -1004.7305884723377 1147.8377482982671 276.65790153341078 1521.7688242574252 -73.8910989682729 770.24301378486575 494.83804591855073 69.18548812581885 -846.58226260359106 -278.51050153015524 516.27880465365877 -126.30942680854301 535.69824655086427 1094.5497999836386 720.43741605718071 400.58845638451987 102.80487743467795 667.31839818384742 298.49656156681789 -857.67658975979771 1073.9607932394802 1147.9379985687024 217.40068618352896 -385.95706928311381 2678.5865532178218 211.43039884621317 -240.79411578229363 1464.3663576858107 -3.4117010668785341 343.19939332263306 1278.6960287747527 262.77950806595885 956.68475286200498 -40.862204420422323 -69.307727811043705 -392.47762152553588 86.954092095557684 450.40604451362657 -711.01207044551643 -87.48018259784962 90.896681639416386 -194.57294955440275 -353.85677533888656 336.53238258885972 557.84018914473688 -114.83023746905937 -30.297837545740819 -931.89268330840673 -733.79166179627862 -242.21342560320267
leaf_weight=13.000000000000002 9.9999999999999982 15.999999999999998 10.000000000000002 9.9999999999999982 10.000000000000002 17.000000000000004 10.000000000000005 10.000000000000002 27 10.000000000000002 21 32 60 10.000000000000002 14.000000000000002 10.000000000000002 12.999999999999998 11.999999999999998 114 15.999999999999998 18 47 9.9999999999999982 23 13.999999999999998 19 14.000000000000002 14.999999999999998 38 23 11.999999999999998 79 9.9999999999999982 12.999999999999998 18 72 9.9999999999999982 74 12.999999999999998 10.999999999999998 65 9.9999999999999982 9.9999999999999982 13.000000000000002 9.9999999999999982 28 17 11.999999999999998 13.999999999999998 14.999999999999998 88 9.9999999999999982 9.9999999999999982 75 14.999999999999998 12.999999999999998 17 10.000000000000002 60 119 12.999999999999998 18
leaf_count=13 10 16 10 10 10 17 10 10 27 10 21 32 60 10 14 10 13 12 114 16 18 47 10 23 14 19 14 15 38 23 12 79 10 13 18 72 10 74 13 11 65 10 10 13 10 28 17 12 14 15 88 10 10 75 15 13 17 10 60 119 13 18
internal_value=0.25463 433.147 -592.102 982.42 237.206 815.445 127.125 1951.48 -236.571 749.19 251.061 1066.27 -836.904 937.623 522.449 1087.38 336.137 380.381 359.85 442.544 -672.649 -320.689 189.281 -48.5275 812.315 887.052 563.97 691.92 -6.60446 795.992 97.2693 -917.844 871.584 1316.36 79.7098 -426.574 2467.38 246.344 -82.1338 1319.79 37.7935 126.786 1471.07 289.107 818.817 41.8856 -185.469 -242.202 -4.16534 364.539 -734.81 17.4103 199.956 -227.111 -435.547 437.804 485.142 -237.118 -57.0235 -956.855 -840.987 -197.29
internal_weight=1620 936 684 246 690 210 568 36 279 122 333 113 405 86 97 43 238 64 225 130 134 233 46 235 65 51 79 39 180 33 36 271 24 23 84 99 20 95 96 21 95 30 27 52 20 66 55 134 24 28 106 20 24 122 28 40 27 38 83 179 92 28
internal_count=1620 936 684 246 690 210 568 36 279 122 333 113 405 86 97 43 238 64 225 130 134 233 46 235 65 51 79 39 180 33 36 271 24 23 84 99 20 95 96 21 95 30 27 52 20 66 55 134 24 28 106 20 24 122 28 40 27 38 83 179 92 28
is_linear=0
shrinkage=0.03


Tree=8
num_leaves=63
num_cat=0
split_feature=18 21 12 5 17 18 21 23 16 16 23 15 18 8 18 16 6 6 23 6 18 18 20 15 24 18 6 1 23 18 16 7 0 18 18 16 15 16 6 18 23 18 6 20 6 13 6 23 6 0 6 14 20 18 9 14 0 19 9 14 14 0
split_gain=4.34442e+11 1.07257e+11 6.22327e+10 4.27225e+10 3.87254e+10 1.70803e+10 1.3792e+10 1.32071e+10 1.04617e+10 7.30408e+09 7.18626e+09 5.57012e+09 4.69392e+09 3.48956e+09 3.44246e+09 2.63489e+09 2.60716e+09 2.35338e+09 2.34813e+09 2.01828e+09 2.01726e+09 1.99801e+09 2.11292e+09 1.95807e+09 1.74939e+09 1.451e+09 1.15746e+09 1.15474e+09 1.09848e+09 1.02569e+09 1.00275e+09 8.59773e+08 8.46308e+08 7.91248e+08 5.77194e+08 5.61726e+08 5.56483e+08 5.28669e+08 4.86777e+08 4.84098e+08 4.82559e+08 3.75112e+08 3.46048e+08 3.2511e+08 2.97585e+08 2.92836e+08 4.57191e+08 2.50366e+08 2.26238e+08 2.19642e+08 2.18618e+08 3.9517e+08 2.42445e+08 2.15009e+08 2.00276e+08 1.91834e+08 1.88513e+08 1.44937e+08 1.40912e+08 1.09633e+08 1.04063e+08 1.03125e+08
threshold=43515.05000000001 80396.025000000023 0.96339622623688459 1.0000000180025095e-35 0.075411471307569006 57309.350000000006 102112.97500000002 92010.219230769246 -1.0000000180025095e-35 0.0051282388444369173 60896.976923076923 -6059.9999999999991 69246.750000000015 0.93301270189221952 83762.10000000002 0.05017507414820211 1.0000000180025095e-35 1.0000000180025095e-35 86813.665384615393 1.0000000180025095e-35 35545.650000000009 54543.700000000004 41771.700000000004 -9899.6333333333296 41009.805000000008 50657.150000000001 1.0000000180025095e-35 39920.000000000007 82097.876923076925 77461.900000000009 0.0037543201186628354 0.68301270189221941 43160.700000000004 73724.550000000017 98091.500000000015 0.0049140049140049555 -1207.173333333332 0.05017507414820211 1.0000000180025095e-35 38172.30000000001 98090.592307692321 28020.850000000002 1.0000000180025095e-35 74518.60000000002 1.0000000180025095e-35 0.93636363619079477 1.0000000180025095e-35 60689.396153846166 1.0000000180025095e-35 39701.55000000001 1.0000000180025095e-35 0.26717557246118789 58101.750000000007 46043.900000000009 -0.40966402954315195 0.27088607590008235 49612.900000000009 45837.55000000001 -0.82298386589365657 0.23425692689183655 0.27819548866839738 40006.30000000001
decision_type=2 2 2 2 2 2 2 2 2 2 2 2 2 2 2 2 2 2 2 2 2 2 2 2 2 2 2 2 2 2 2 2 2 2 2 2 2 2 2 2 2 2 2 2 2 2 2 2 2 2 2 2 2 2 2 2 2 2 2 2 2 2
left_child=2 3 11 5 6 15 13 28 19 12 21 23 26 18 33 25 -8 -12 31 39 41 54 -23 56 -21 43 30 -19 -6 42 -7 37 48 47 -16 -28 -24 -3 -25 -4 -18 -10 -14 53 -34 58 55 -11 -13 -40 52 -52 -27 -2 57 -47 -1 -5 -22 -60 -57 -43
right_child=1 4 8 10 7 9 16 -9 20 14 17 32 29 -15 34 -17 40 27 -20 24 45 22 36 38 -26 50 35 -29 -30 -31 -32 -33 44 -35 -36 -37 -38 -39 49 -41 -42 61 -44 -45 -46 46 -48 -49 -50 -51 51 -53 -54 -55 -56 60 -58 -59 59 -61 -62 -63
leaf_value=-515.1235067471589 -127.13297006019747 736.86809319533597 -135.48066437932366 377.04057549504932 1271.1485738548131 260.01331513346992 933.17822470649162 2573.8299337748344 -568.69121841755316 -109.91338713040315 696.39082612714697 -970.54049328870701 370.25122502683683 140.05428557845187 267.34763326754734 -331.84476105150588 1186.6655987004951 997.15574904057007 983.612338841623 82.029549040841559 -212.78071789429916 431.39097274116841 980.90832922149116 -785.78268318666846 609.87229007633584 -74.731982107634593 326.72674449226395 1374.209812208851 1698.2198627533783 759.96636589158766 -26.380690567341254 397.96210067647974 -866.37254266273044 125.89424188372732 542.91910789695942 532.76424434685555 708.22006648936156 536.12344735819022 -731.28740321828354 140.92514768090578 1487.9132356476243 -457.98569496268658 550.61620017776943 80.950197257284785 -755.63600069665586 -185.33779370830004 -22.040370868645091 57.016075046652617 -886.31249672311912 -594.46424913194437 302.65665754988385 94.36304893707559 86.253499136549607 -41.02110050580206 328.16288459940159 -335.71529365405695 -350.39440557065211 534.02478697593165 -263.24904161509892 -393.96471954851512 -243.18119548166831 -372.17454030668671
leaf_weight=12.000000000000002 34 33 13.000000000000002 10.000000000000002 16.000000000000004 51 18 14.999999999999998 13.999999999999998 41 12.999999999999998 90 12.999999999999998 11.999999999999998 19.000000000000004 22 9.9999999999999982 17 19 10.000000000000002 9.9999999999999982 15.999999999999998 17 45 12.999999999999998 9.9999999999999982 51 15.999999999999998 10.999999999999998 21 13.999999999999998 14.999999999999998 65 26 10.999999999999998 15.999999999999998 14.000000000000002 21 20 9.9999999999999982 22 20 50 15.999999999999998 47 41 9.9999999999999982 9.9999999999999982 75 35 10.999999999999998 32 51 112 13.999999999999998 17 15.999999999999998 15.999999999999998 10.000000000000002 18 38 55
leaf_count=12 34 33 13 10 16 51 18 15 14 41 13 90 13 12 19 22 10 17 19 10 10 16 17 45 13 10 51 16 11 21 14 15 65 26 11 16 14 21 20 10 22 20 50 16 47 41 10 10 75 35 11 32 51 112 14 17 16 16 10 18 38 55
internal_value=0.282145 420.236 -574.369 257.022 1052.23 150.898 825.797 1857.02 -229.484 300.639 744.078 -811.841 401.015 621.313 97.8246 -17.0873 1232.71 1047.7 686.706 183.652 -311.092 582.524 715.602 -646.977 381.724 9.06014 289.084 1183.57 1450.77 576.355 198.383 603.644 -887.763 -8.50496 369.859 376.65 860.432 659.936 -709.324 -15.2143 1397.76 -423.467 514.044 -47.0722 -820.618 -241.392 -215.325 -77.1345 -932.815 -645.455 96.4583 148.226 59.7833 -61.1479 424.763 -235.414 -422.575 475.322 -313.351 -348.384 -272.34 -395.637
internal_weight=1620 936 684 744 192 611 150 42 279 323 133 405 216 100 107 288 50 46 88 46 233 87 47 128 23 266 132 33 27 84 65 69 277 77 30 67 31 54 100 23 32 89 63 162 112 144 106 51 165 55 104 43 61 146 40 96 28 26 38 28 55 75
internal_count=1620 936 684 744 192 611 150 42 279 323 133 405 216 100 107 288 50 46 88 46 233 87 47 128 23 266 132 33 27 84 65 69 277 77 30 67 31 54 100 23 32 89 63 162 112 144 106 51 165 55 104 43 61 146 40 96 28 26 38 28 55 75
is_linear=0
shrinkage=0.03


Tree=9
num_leaves=63
num_cat=0
split_feature=18 21 12 5 21 14 18 16 8 2 2 18 18 16 14 16 21 18 5 6 18 24 18 14 6 16 18 18 18 16 18 24 2 11 6 6 6 6 20 18 20 21 2 11 6 18 20 0 18 0 21 10 18 18 18 7 6 0 11 8 0 14
split_gain=4.08859e+11 1.01113e+11 5.85594e+10 5.50423e+10 2.59854e+10 2.50098e+10 1.35826e+10 9.84693e+09 5.27881e+09 4.45716e+09 4.36603e+09 3.95917e+09 3.90533e+09 3.48026e+09 3.33634e+09 3.15791e+09 2.74274e+09 2.65404e+09 1.91975e+09 1.89988e+09 1.89831e+09 1.64674e+09 1.48635e+09 1.42086e+09 1.3771e+09 1.28262e+09 1.25781e+09 1.21053e+09 1.15322e+09 1.12835e+09 9.61298e+08 7.9813e+08 6.96483e+08 6.85411e+08 6.17311e+08 5.14539e+08 5.00745e+08 4.71666e+08 4.58181e+08 4.55736e+08 3.56252e+08 3.55384e+08 3.07963e+08 2.78229e+08 4.95385e+08 2.55498e+08 2.49499e+08 2.38362e+08 2.35035e+08 2.21824e+08 2.19562e+08 1.85788e+08 1.80821e+08 1.74726e+08 1.4486e+08 1.16893e+08 1.16166e+08 8.51689e+07 6.98489e+07 6.21225e+07 6.20948e+07 5.58185e+07
threshold=43515.05000000001 95185.900000000023 0.96339622623688459 1.0000000180025095e-35 65651.60000000002 0.21717973125094933 68157.550000000017 -1.0000000180025095e-35 0.93301270189221952 60701.875000000007 48941.750000000007 74296.250000000015 51021.950000000004 0.05017507414820211 0.2798053527463355 0.0050505372572776661 58500.075000000012 62314.950000000004 1.0000000180025095e-35 1.0000000180025095e-35 35545.650000000009 41009.805000000008 72743.500000000015 0.17388612090385749 1.0000000180025095e-35 0.0051282388444369173 99120.200000000026 55071.80000000001 63299.650000000001 0.0051282388444369173 78385.60000000002 57366.875000000007 56840.000000000007 0.86847236498567792 1.0000000180025095e-35 1.0000000180025095e-35 1.0000000180025095e-35 1.0000000180025095e-35 67262.650000000009 38172.30000000001 74518.60000000002 30881.712500000005 51256.875000000007 0.87136929442681599 1.0000000180025095e-35 58518.350000000006 36095.900000000009 43160.700000000004 46043.900000000009 47699.125000000007 14335.612500000003 0.12053668025532312 69246.750000000015 39280.900000000001 76533.60000000002 -0.24999999999999997 1.0000000180025095e-35 43442.975000000006 1.0595238092689923 -0.24999999999999997 50093.125000000007 0.21410579340463037
decision_type=2 2 2 2 2 2 2 2 2 2 2 2 2 2 2 2 2 2 2 2 2 2 2 2 2 2 2 2 2 2 2 2 2 2 2 2 2 2 2 2 2 2 2 2 2 2 2 2 2 2 2 2 2 2 2 2 2 2 2 2 2 2
left_child=2 3 9 4 12 -3 16 19 11 23 -8 28 25 17 24 30 32 34 37 39 41 -21 45 50 -7 40 -17 -18 59 -30 -13 -26 35 49 -14 -5 57 61 -10 -4 48 -9 -29 56 53 -15 -37 -38 -2 -12 -1 -33 -19 -45 -24 -43 -22 -25 -57 -6 -20 -11
right_child=1 5 7 6 8 14 10 20 38 18 33 15 13 22 -16 26 27 52 60 21 43 -23 54 36 31 -27 -28 42 29 -31 -32 51 -34 -35 -36 46 47 -39 -40 -41 -42 55 -44 44 -46 -47 -48 -49 -50 -51 -52 -53 -54 -55 -56 58 -58 -59 -60 -61 -62 -63
leaf_value=-743.78154225498326 -123.72377274712045 2427.1269558662275 -131.44727228994586 211.8350086053527 145.63272177659829 996.55190275493419 645.92486989927681 -546.45092857512418 -121.0666124905042 -679.21105830918873 1285.3589048793856 605.17331490218146 83.178601272523636 -285.39329633353958 673.98654385653413 316.41631203820282 489.5516618966584 361.18195448313321 -431.95985504907009 79.593030921256158 -379.27615234375003 591.71578326276244 75.597169575582001 -939.55039721233891 1096.9588724662162 -319.56907848287068 600.45407319358026 760.98080659906896 436.62682394928879 97.038665789613631 837.3955238755841 1288.3750253378373 684.90147238551981 1455.871689830801 214.20676101766168 333.21864336993247 -859.75852701606198 -595.22165632080817 126.70828032537801 136.73925477887147 95.284880238408618 -295.31109576276236 978.08133904309 -281.53966214834008 -20.097080546198661 -114.35837020339348 511.81863106169067 -754.94714793797948 -32.587007615993301 1075.0540383976063 -593.8165357730262 1526.4031982725155 511.94730263157891 -199.57667636203297 227.96347129293005 -422.40960857780613 -259.18663487892775 -867.38775818533065 -342.39158545778503 228.54154611170975 -324.20923319666838 -780.5188942126133
leaf_weight=30 33 17 13.000000000000002 9.9999999999999982 12.999999999999998 17 11.999999999999998 14.999999999999998 12.000000000000002 14.999999999999998 17.000000000000004 36 77 9.9999999999999982 11.999999999999998 40 9.9999999999999982 14.999999999999998 12.000000000000002 10.000000000000002 13.999999999999998 12.999999999999998 13.000000000000002 93 10.999999999999998 15.999999999999998 22 14.000000000000002 78 9.9999999999999982 32 11.000000000000002 9.9999999999999982 18 56 10.999999999999998 75 33 14.999999999999998 9.9999999999999982 15.999999999999998 12.999999999999998 15.999999999999998 40 10.999999999999998 37 25 39 111 13.999999999999998 17 15.999999999999998 17 61 9.9999999999999982 44 18 46 17 26 11.999999999999998 33
leaf_count=30 33 17 13 10 13 17 12 15 12 15 17 36 77 10 12 40 10 15 12 10 14 13 13 93 11 16 22 14 78 10 32 11 10 18 56 11 75 33 15 10 16 13 16 40 11 37 25 39 111 14 17 16 17 61 10 44 18 46 17 26 12 33
internal_value=0.298134 407.7 -557.177 309.7 195.032 1400.15 816.86 -222.625 415.654 -787.534 1167.02 457.561 42.518 122.526 1136.34 574.062 593.38 197.688 -617.914 178.188 -301.798 370.362 -54.6706 -846.675 1235.81 -64.3194 418.009 783.576 337.949 398.191 715.524 1339.96 456.371 1293.06 138.468 405.313 -875.326 -687.954 16.5456 -14.7571 -38.6108 -410.81 879.633 -234.185 -211.48 -151.278 458.321 -824.595 -53.5439 1194.14 -690.915 1434.54 442.621 -232.284 142.544 -382.615 -312.744 -916.31 -400.706 201.348 -379.653 -750.338
internal_weight=1620 936 684 852 695 84 157 279 284 405 61 257 411 235 67 130 96 165 105 46 233 23 70 300 55 176 62 40 127 88 68 38 56 49 133 46 253 81 27 23 160 89 30 144 112 47 36 114 144 31 47 27 32 101 23 74 32 139 61 39 24 48
internal_count=1620 936 684 852 695 84 157 279 284 405 61 257 411 235 67 130 96 165 105 46 233 23 70 300 55 176 62 40 127 88 68 38 56 49 133 46 253 81 27 23 160 89 30 144 112 47 36 114 144 31 47 27 32 101 23 74 32 139 61 39 24 48
is_linear=0
shrinkage=0.03


Tree=10
num_leaves=63
num_cat=0
split_feature=18 21 18 17 17 18 23 23 17 23 18 23 18 8 21 18 21 18 23 18 7 24 22 15 18 8 15 23 23 12 11 22 21 23 14 19 11 2 14 21 22 18 20 7 22 2 23 12 22 18 9 12 23 21 21 15 19 15 18 11 7 22
split_gain=3.84784e+11 9.52721e+10 5.5125e+10 3.78258e+10 3.43626e+10 1.51904e+10 1.23136e+10 1.17297e+10 6.72467e+09 6.39042e+09 5.15512e+09 5.14358e+09 3.80612e+09 2.76802e+09 2.60053e+09 2.05498e+09 1.92209e+09 1.77635e+09 1.93909e+09 1.72459e+09 1.60652e+09 1.4665e+09 1.37155e+09 1.34915e+09 1.20276e+09 1.04108e+09 1.03134e+09 1.0124e+09 9.94193e+08 9.94178e+08 8.49251e+08 8.45133e+08 7.63734e+08 7.46936e+08 6.07987e+08 5.50676e+08 5.30427e+08 4.97383e+08 4.96311e+08 4.06414e+08 3.60304e+08 3.31397e+08 3.26131e+08 3.18524e+08 2.68697e+08 2.57167e+08 2.48261e+08 2.25514e+08 2.17458e+08 2.10106e+08 1.858e+08 1.57416e+08 1.41971e+08 1.37517e+08 1.32229e+08 2.75299e+08 1.31195e+08 1.22513e+08 1.1953e+08 1.15824e+08 1.15144e+08 1.04987e+08
threshold=43515.05000000001 80396.025000000023 28020.850000000002 0.041245326282528236 0.075411471307569006 57309.350000000006 86813.665384615393 92010.219230769246 0.023928574677305199 60896.976923076923 95253.60000000002 51227.934615384627 15226.050000000001 0.93301270189221952 32536.675000000007 61631.000000000007 69923.362500000017 54543.700000000004 47790.346153846156 34717.450000000004 -0.24999999999999997 42085.42500000001 8156.9189980174297 -9362.033333333331 50188.150000000009 0.6830127018922193 -1207.173333333332 82097.876923076925 70608.661538461558 1.1814593759708412 0.94399999985264305 11689.664718961223 21787.125000000004 70843.088461538471 0.20184295528345614 30133.000000000004 0.86516853913142167 64680.000000000007 0.2544080604111712 43035.075000000004 25878.681180325369 39280.900000000001 74518.60000000002 -0.6830127018922193 11311.305142582461 62812.500000000007 73380.496153846165 1.2142857139906964 3134.6584318337341 12077.150000000001 -0.40966402954315195 1.1166071426234068 12671.796153846155 42481.312500000015 50758.67500000001 -2305.2499999999995 45837.55000000001 -6059.9999999999991 24003.150000000005 0.88793103432811982 -0.5 1260.6318814501537
decision_type=2 2 2 2 2 2 2 2 2 2 2 2 2 2 2 2 2 2 2 2 2 2 2 2 2 2 2 2 2 2 2 2 2 2 2 2 2 2 2 2 2 2 2 2 2 2 2 2 2 2 2 2 2 2 2 2 2 2 2 2 2 2
left_child=2 3 12 5 6 21 20 27 19 17 38 44 34 16 -10 -11 29 50 -19 36 31 54 -18 45 42 39 -20 -6 43 -13 40 -3 57 -22 52 -21 -4 -32 -8 -16 -12 -37 53 -17 -7 -14 -33 48 -26 -36 56 -28 -1 -23 55 -2 -5 -25 -34 -43 -49 -61
right_child=1 4 8 9 7 11 10 -9 14 15 30 13 23 -15 25 28 22 18 26 35 33 24 -24 32 47 -27 51 -29 -30 -31 37 46 58 -35 49 41 -38 -39 -40 -41 -42 59 -44 -45 -46 -47 -48 60 -50 -51 -52 -53 -54 -55 -56 -57 -58 -59 -60 61 -62 -63
leaf_value=-776.31807676267795 -151.2198337607347 811.46041722074472 -604.5911254222973 354.18232402537114 1194.635792410714 -136.17893008247094 858.27188978040522 2424.7948370240065 -341.27837619894802 639.59286608987611 1246.2290134640955 302.99347048674673 -542.50582120706088 -140.83949891786318 16.351514656106833 1124.4437225506756 556.09273490129112 298.43360660968438 957.80340328998432 -439.51328811233111 520.80277914217186 -173.90671439897898 344.95885290470216 -673.01741154813215 168.51836397465968 429.97058077977709 714.08713471283761 1603.2866490709459 1369.5714019956683 66.187620546119646 913.57097287621798 395.86493879563739 -652.70336759868417 189.23236247187072 -894.40876346134939 -269.16598795269715 -375.49553003283512 1224.2385380651594 575.70097884807183 251.95919568958848 1541.3643958849011 -258.14893170295875 84.6630468620138 871.44817718272884 30.322515167331098 -342.55926184788223 580.80851079624074 58.866458013006962 68.877519501764411 -817.91827478601999 306.10734208776597 529.05937964108909 -633.85089217557254 -58.20014663392049 -111.70123409157932 -362.13632551438724 503.31190848214283 -766.7694201751118 -535.65978145204735 -113.98905911325036 -67.284356401932143 -191.28433021917144
leaf_weight=28 12.999999999999998 13.999999999999998 10.999999999999998 10.000000000000002 16.000000000000004 19 11.000000000000002 14.999999999999998 9.9999999999999982 11.999999999999998 14.000000000000002 145 13.000000000000002 10.999999999999998 19.000000000000004 10.999999999999998 50 9.9999999999999982 15.999999999999998 10.999999999999998 10.000000000000002 9.9999999999999982 64 26 29 11.999999999999998 11.000000000000002 10.999999999999998 9.9999999999999982 18 10.000000000000002 9.9999999999999982 17 15.999999999999998 127 67 62 13.999999999999998 13.999999999999998 9.9999999999999982 9.9999999999999982 13.999999999999998 13.999999999999998 13.000000000000002 15.999999999999998 11.999999999999998 27 14.000000000000002 62 70 13.999999999999998 9.9999999999999982 12.999999999999998 114 9.9999999999999982 10.000000000000002 15.999999999999998 67 26 26 11.999999999999998 43
leaf_count=28 13 14 11 10 16 19 11 15 10 12 14 145 13 11 19 11 50 10 16 11 10 10 64 26 29 12 11 11 10 18 10 10 17 16 127 67 62 14 14 10 10 14 14 13 16 12 27 14 62 70 14 10 13 114 10 10 16 67 26 26 12 43
internal_value=0.309132 395.534 -540.504 241.709 991.17 141.851 777.876 1749.28 -221.731 700.003 1057.08 283.065 -768.086 324.787 90.2708 986.313 343.322 547.662 673.136 -289.741 512.147 -16.5673 437.968 -654.312 7.8154 196.101 773.329 1366.43 1106.45 276.9 1239.68 610.171 -691.829 318.266 -844.743 -234.631 -410.797 1099.12 702.956 98.1823 1375.09 -219.323 -52.1604 991.589 -60.1944 -448.279 532.026 78.5402 100.781 -867.658 398.92 628.904 -732.798 -67.664 -204.433 -244.093 447.531 -741.31 -583.34 -178.813 0.608174 -162.366
internal_weight=1620 936 684 744 192 611 150 42 285 133 73 323 399 288 51 46 277 87 47 234 77 288 114 161 255 41 37 27 34 163 48 51 136 26 238 161 73 24 25 29 24 150 138 24 35 25 37 117 91 197 40 21 41 124 33 23 26 93 43 83 26 69
internal_count=1620 936 684 744 192 611 150 42 285 133 73 323 399 288 51 46 277 87 47 234 77 288 114 161 255 41 37 27 34 163 48 51 136 26 238 161 73 24 25 29 24 150 138 24 35 25 37 117 91 197 40 21 41 124 33 23 26 93 43 83 26 69
is_linear=0
shrinkage=0.03


Tree=11
num_leaves=63
num_cat=0
split_feature=18 23 12 12 16 18 18 18 16 16 18 15 16 18 18 8 24 18 16 18 15 4 9 18 18 18 8 15 18 18 0 12 15 18 16 18 10 7 18 23 16 11 16 18 15 16 18 23 22 18 22 20 8 8 0 9 16 19 18 18 7 18
split_gain=3.6213e+11 8.9145e+10 5.19259e+10 3.37865e+10 3.13145e+10 2.28863e+10 9.79494e+09 9.62916e+09 8.78158e+09 7.13927e+09 5.4089e+09 4.63535e+09 4.5292e+09 4.02491e+09 3.35536e+09 2.25519e+09 2.24732e+09 2.24061e+09 1.7593e+09 1.68541e+09 1.67886e+09 1.3265e+09 1.22535e+09 1.10245e+09 1.03469e+09 9.64452e+08 9.17473e+08 8.95863e+08 8.3623e+08 6.75325e+08 6.52834e+08 5.99119e+08 5.98869e+08 4.97305e+08 4.96422e+08 6.39601e+08 3.85015e+08 3.70914e+08 3.62446e+08 2.96504e+08 2.90035e+08 2.82561e+08 2.4689e+08 2.36032e+08 2.29442e+08 2.12055e+08 2.10214e+08 2.09404e+08 1.81152e+08 1.71599e+08 1.69817e+08 1.44488e+08 1.36393e+08 1.21051e+08 1.16972e+08 1.01901e+08 9.87214e+07 9.06872e+07 8.56456e+07 8.37886e+07 7.47361e+07 5.69305e+07
threshold=43515.05000000001 80540.469230769246 0.96339622623688459 1.0297193875575261 -1.0000000180025095e-35 69246.750000000015 90719.950000000012 58518.350000000006 -1.0000000180025095e-35 0.0050505372572776661 55375.350000000013 -6014.7750000000005 0.05017507414820211 89710.050000000017 106497.85000000002 0.93301270189221952 54574.05000000001 96709.700000000012 0.05017507414820211 36237.30000000001 -9899.6333333333296 42000.000000000007 0.06026834012766185 71103.950000000026 75914.050000000003 50188.150000000009 -0.24999999999999997 2050.4266666666667 63299.650000000001 40304.150000000009 43160.700000000004 1.1160714283721289 -2474.9999999999995 55071.80000000001 0.05017507414820211 73724.550000000017 0.5163939593874618 0.93301270189221952 31199.500000000004 74459.973076923096 0.0050505372572776661 0.95922883995513952 -0.075467952801286139 34184.000000000007 2204.4583333333362 0.0050505372572776661 11812.000000000002 90862.826923076937 5435.2013828951067 39280.900000000001 1644.4962698710331 56078.450000000004 -0.5 -0.68301270189221952 51514.000000000007 -0.51639395938746191 0.0049140049140049555 47232.500000000007 9938.5500000000011 21334.200000000001 -0.24999999999999997 41210.450000000004
decision_type=2 2 2 2 2 2 2 2 2 2 2 2 2 2 2 2 2 2 2 2 2 2 2 2 2 2 2 2 2 2 2 2 2 2 2 2 2 2 2 2 2 2 2 2 2 2 2 2 2 2 2 2 2 2 2 2 2 2 2 2 2 2
left_child=2 4 11 14 7 10 15 33 21 13 18 20 28 24 -3 22 -8 34 25 38 48 29 31 51 39 45 -18 -28 37 43 58 -5 -30 41 -11 -36 -29 -12 -10 -7 49 42 -2 -4 -19 -6 -22 -24 -1 -21 -27 -9 -14 -32 -55 -43 61 -54 -13 -48 -40 -51
right_child=1 3 8 6 5 9 16 23 19 17 12 30 52 -15 -16 -17 26 44 -20 40 46 -23 47 -25 -26 50 27 36 32 -31 53 -33 -34 -35 35 -37 -38 -39 60 -41 -42 55 -44 -45 -46 -47 59 -49 -50 56 -52 -53 57 54 -56 -57 -58 -59 -60 -61 -62 -63
leaf_value=-470.72158486402657 418.39267079454771 1559.917451268564 -119.04394681118498 1013.6444035050672 -51.32319687717446 487.88773403606285 670.51220182211091 1013.9617317708332 -473.18391997953177 323.54832914311834 171.55292680525042 -891.23005388155138 -44.762922129529592 1074.4132347074469 2303.1104624417699 286.66949765705925 931.37221552958022 412.17220114600565 -320.89674567291087 -245.56273743842058 -753.03451139502761 473.12497424437265 440.13523155023228 1267.0612639693709 653.26824218750005 140.06083898743586 1405.4783871891359 1218.4860613364358 153.15975275636629 266.46372155055525 -811.9631351738343 673.43440284653468 387.15206274470705 638.21251163563829 -70.17265650473351 174.68824888727468 936.42103844368819 348.35939057657538 -271.00842437977099 324.82146510347405 -355.58999487758666 408.37181537148177 623.56169438428219 70.955153587828292 607.39276067450487 -187.90310744826857 -655.46001869568852 626.04244528268134 -311.44663170012416 -220.31297847958945 41.017739303877278 849.0635365790564 -90.713560851446445 -744.34959835578445 -619.67813855888426 277.01920956451102 -91.565782324105257 -208.69062584074914 -828.6743844032469 -580.43758542640182 -356.80023675444164 -160.85903551603616
leaf_weight=13.000000000000002 14.000000000000002 10.000000000000002 10.000000000000002 11.000000000000002 134 46 9.9999999999999982 17 27 13.999999999999998 100 60 13.999999999999998 13.999999999999998 15.999999999999998 18 12.999999999999998 15.000000000000002 18 47 18 9.9999999999999982 12.000000000000002 14.999999999999998 38 20 19 14.000000000000002 12.999999999999998 11.999999999999998 31 9.9999999999999982 43 13.999999999999998 11.999999999999998 47 9.9999999999999982 11.999999999999998 12.999999999999998 13.999999999999998 11.999999999999998 14.999999999999998 9.9999999999999982 13.999999999999998 9.9999999999999982 10.999999999999998 56 12.999999999999998 14.999999999999998 27 70 14.999999999999998 10.000000000000002 63 11.999999999999998 10.000000000000002 11.999999999999998 14.999999999999998 105 32 59 36
leaf_count=13 14 10 10 11 134 46 10 17 27 14 100 60 14 14 16 18 13 15 18 47 18 10 12 15 38 20 19 14 13 12 31 10 43 14 12 47 10 12 13 14 12 15 10 14 10 11 56 13 15 27 70 15 10 63 12 10 12 15 105 32 59 36
internal_value=0.325221 383.739 -524.326 1038.18 252.734 175.654 839.546 721.641 -209.293 435.077 57.1524 -741.244 170.843 598.665 2024.34 573.614 1096.16 247.699 -35.8982 -284.06 -595.843 169.217 685.031 1046.54 529.675 -13.9413 1170.84 1240.91 238.431 83.7212 -812.893 855.599 333.202 477.978 163.348 124.852 1105.33 190.79 -378.006 450.443 -214.423 430.99 506.113 -8.37648 492.369 -61.8068 -650.644 538.916 -386.808 -200.258 63.1584 939.552 -120.169 -751.354 -725.254 357.144 -171.577 -162.049 -851.948 -628.869 -341.707 -186.648
internal_weight=1620 936 684 156 780 670 130 110 279 210 460 405 207 112 26 64 66 98 253 233 134 46 46 47 98 235 56 43 168 36 271 21 56 63 73 59 24 112 99 60 134 49 24 24 25 145 106 25 28 122 90 32 39 106 75 25 75 25 165 88 72 63
internal_count=1620 936 684 156 780 670 130 110 279 210 460 405 207 112 26 64 66 98 253 233 134 46 46 47 98 235 56 43 168 36 271 21 56 63 73 59 24 112 99 60 134 49 24 24 25 145 106 25 28 122 90 32 39 106 75 25 75 25 165 88 72 63
is_linear=0
shrinkage=0.03


Tree=12
num_leaves=63
num_cat=0
split_feature=18 21 12 5 18 14 18 16 23 16 15 2 6 6 18 21 18 6 23 16 18 15 4 18 23 18 18 16 2 21 12 18 9 16 2 16 18 6 6 18 18 6 23 22 18 16 16 19 0 22 18 0 22 9 18 6 3 23 7 21 0 20
split_gain=3.4081e+11 8.47738e+10 4.88634e+10 4.60156e+10 2.17497e+10 2.09741e+10 1.14598e+10 8.26534e+09 5.3242e+09 5.07259e+09 4.36524e+09 3.6873e+09 3.54584e+09 2.85058e+09 2.58281e+09 2.29312e+09 2.12669e+09 1.75823e+09 1.66015e+09 1.63385e+09 1.58683e+09 1.52126e+09 1.49634e+09 1.29965e+09 1.29056e+09 1.172e+09 1.0184e+09 9.79894e+08 8.47369e+08 7.33898e+08 6.90402e+08 6.81102e+08 6.33831e+08 6.17783e+08 5.93343e+08 5.74517e+08 4.98935e+08 4.74741e+08 4.22336e+08 4.0099e+08 3.83364e+08 3.80875e+08 3.74555e+08 3.35365e+08 3.05669e+08 2.5067e+08 2.85017e+08 2.36138e+08 2.22105e+08 2.03477e+08 1.99474e+08 1.79797e+08 1.7055e+08 1.70533e+08 1.51401e+08 1.50253e+08 1.36476e+08 1.3091e+08 1.2075e+08 1.19277e+08 8.82012e+07 8.49014e+07
threshold=43515.05000000001 95185.900000000023 0.96339622623688459 1.0000000180025095e-35 69246.750000000015 0.21717973125094933 68157.550000000017 -1.0000000180025095e-35 56950.515384615392 0.0050505372572776661 -6059.9999999999991 48941.750000000007 1.0000000180025095e-35 1.0000000180025095e-35 96709.700000000012 58500.075000000012 76936.35000000002 1.0000000180025095e-35 78473.150000000009 0.0051282388444369173 35545.650000000009 -9899.6333333333296 38408.750000000007 54769.950000000004 90862.826923076937 50657.150000000001 55728.200000000004 0.0037543201186628354 62500.000000000007 69519.050000000017 1.1814593759708412 13874.950000000003 0.61559370248597556 0.086956521739130502 56840.000000000007 0.0037543201186628354 58518.350000000006 1.0000000180025095e-35 1.0000000180025095e-35 57309.350000000006 38172.30000000001 1.0000000180025095e-35 43869.192307692319 1462.8493601956525 28020.850000000002 0.0050251573518178558 0.0049140049140049555 66207.60000000002 58470.625000000007 19630.93091376514 40574.200000000004 39701.55000000001 5435.2013828951067 -0.82298386589365657 46043.900000000009 1.0000000180025095e-35 54558.125000000007 112049.05384615385 -0.24999999999999997 19081.250000000004 40006.30000000001 72035.650000000009
decision_type=2 2 2 2 2 2 2 2 2 2 2 2 2 2 2 2 2 2 2 2 2 2 2 2 2 2 2 2 2 2 2 2 2 2 2 2 2 2 2 2 2 2 2 2 2 2 2 2 2 2 2 2 2 2 2 2 2 2 2 2 2 2
left_child=2 3 10 4 8 -3 15 17 19 16 21 -8 23 32 29 34 35 40 49 25 44 52 -19 56 -15 54 -17 -25 61 41 43 55 -7 -16 37 -6 -21 -5 -23 -27 -4 -11 -39 -14 -9 46 50 -28 -31 53 -22 -40 -1 -13 -2 -12 -10 -26 -38 -33 -46 -18
right_child=1 5 7 6 9 13 11 20 12 14 31 18 30 24 33 26 28 22 -20 36 45 38 -24 27 57 39 47 -29 -30 48 -32 59 -34 -35 -36 -37 58 42 51 -41 -42 -43 -44 -45 60 -47 -48 -49 -50 -51 -52 -53 -54 -55 -56 -57 -58 -59 -60 -61 -62 -63
leaf_value=-456.70774451335865 -116.21011348221462 2221.4987486293858 -128.39303327021707 183.17094465501239 476.76614010296663 611.84275713455565 589.09983277376034 -506.21530626662229 18.713276449515995 -46.213094586311499 -846.842979247416 1132.9997339108916 485.30917891142383 875.79297725866343 619.98714124177616 502.06256877493348 656.91031958105077 71.930503062635339 1483.8421150405534 -284.3781057493714 -244.18331219931088 -698.95892954891895 560.05705248650702 217.42268797495066 1220.2687388645361 70.285875956826573 905.98759996117985 -18.615485926578394 911.72858033158411 217.28351607804444 90.449091289255875 -743.43048259493662 928.56753399332069 340.12831121779578 626.5943328434405 228.99608733224397 -58.077041427851967 301.35078985151074 -646.23479127798498 277.81166900332607 117.5889010846733 150.262911861942 502.08707040506516 321.35882998065614 -407.47019021105405 -322.5232212106805 -59.22363405716321 693.32614992651611 377.69437909100509 1214.3428728341585 -161.57503734048723 -522.99213875534178 -302.16510813327812 930.08677261257719 -37.391195689022304 -776.4027224271988 -64.027463811332439 1422.3632742883665 -186.9561146832456 -653.39930119926191 -328.59389334732305 534.72978838946369
leaf_weight=13.000000000000002 31 17 13.000000000000002 9.9999999999999982 65 12.000000000000002 11.999999999999998 13.999999999999998 53 13.999999999999998 116 9.9999999999999947 14.999999999999998 9.9999999999999982 17.000000000000004 13.999999999999998 25 10.000000000000002 12.999999999999998 26 72 45 12.999999999999998 64 22 50 16.000000000000004 21 12.999999999999998 29 9.9999999999999982 71 12.999999999999998 12.999999999999998 9.9999999999999982 9.9999999999999982 19 14.999999999999998 20 9.9999999999999982 9.9999999999999982 24 21 52 20 17 11.999999999999998 9.9999999999999982 10.999999999999998 9.9999999999999982 43 35 14.999999999999998 16.000000000000007 75 63 27 9.9999999999999982 10.000000000000002 27 55 10.999999999999998
leaf_count=13 31 17 13 10 65 12 12 14 53 14 116 10 15 10 17 14 25 10 13 26 72 45 13 64 22 50 16 21 13 29 10 71 13 13 10 10 19 15 20 10 10 24 21 52 20 17 12 10 11 10 43 35 15 16 75 63 27 10 10 27 55 11
internal_value=0.340901 372.297 -508.632 282.564 177.719 1281.03 746.277 -203.03 58.8906 414.737 -719.056 1067.91 156.08 1039.45 264.038 541.011 545.672 164.185 1183.73 -47.5567 -275.567 -573.107 349.058 77.5441 1191.91 -0.571885 714.915 159.154 699.951 172.664 324.053 -786.267 779.583 500.248 415.741 444.079 -189.107 368.644 -628.066 105.278 -21.3982 77.9456 419.513 358.733 -375.234 -213.749 -198.947 827.165 262.228 1071.54 -213.462 -568.899 -375.287 1012.17 -60.5298 -822.499 -9.25676 1287.66 -103.008 -719.317 -350.142 621.162
internal_weight=1620 936 684 852 695 84 157 279 463 232 405 61 242 67 108 96 124 46 49 221 233 128 23 165 42 166 40 85 49 78 77 277 25 30 56 75 55 46 100 60 23 38 36 67 89 144 127 26 40 36 115 55 28 26 106 179 80 32 29 98 75 36
internal_count=1620 936 684 852 695 84 157 279 463 232 405 61 242 67 108 96 124 46 49 221 233 128 23 165 42 166 40 85 49 78 77 277 25 30 56 75 55 46 100 60 23 38 36 67 89 144 127 26 40 36 115 55 28 26 106 179 80 32 29 98 75 36
is_linear=0
shrinkage=0.03


Tree=13
num_leaves=63
num_cat=0
split_feature=21 21 12 17 5 21 23 23 16 6 23 6 1 6 23 4 6 7 6 12 6 5 20 2 27 7 20 0 24 7 12 17 12 23 12 6 1 23 23 23 23 2 0 24 27 6 6 2 27 8 11 23 23 7 19 11 24 0 12 7 11 20
split_gain=3.13664e+11 8.20887e+10 4.62807e+10 3.08715e+10 3.04505e+10 1.19443e+10 1.15555e+10 1.02136e+10 7.9592e+09 7.10588e+09 4.79167e+09 3.6056e+09 3.50656e+09 2.50217e+09 2.77716e+09 2.28077e+09 2.09048e+09 1.98447e+09 1.94716e+09 1.584e+09 1.54121e+09 1.50044e+09 1.47256e+09 1.47006e+09 1.41499e+09 1.37593e+09 1.28426e+09 1.24007e+09 1.19299e+09 1.17428e+09 1.16259e+09 1.02992e+09 9.37808e+08 8.26562e+08 8.06546e+08 7.65501e+08 6.96039e+08 6.48175e+08 5.53476e+08 4.65025e+08 4.64745e+08 4.51311e+08 4.49342e+08 4.41138e+08 4.39699e+08 4.21027e+08 3.93564e+08 3.7448e+08 3.43717e+08 3.1774e+08 3.16602e+08 3.14088e+08 2.49596e+08 2.47155e+08 2.39341e+08 2.38864e+08 2.10506e+08 2.01032e+08 1.85225e+08 1.84768e+08 1.82048e+08 1.58856e+08
threshold=44665.812500000007 79102.900000000009 0.96107142840192339 0.075411471307569006 1.0000000180025095e-35 60559.200000000012 86813.665384615393 92010.219230769246 -0.0027522199815387389 1.0000000180025095e-35 61477.526923076934 1.0000000180025095e-35 41020.000000000007 1.0000000180025095e-35 55191.75384615385 42210.000000000007 1.0000000180025095e-35 -0.24999999999999997 1.0000000180025095e-35 0.97168539304328594 1.0000000180025095e-35 1.0000000180025095e-35 67572.300000000003 48941.750000000007 1.0000000180025095e-35 0.68301270189221941 55099.350000000013 54574.05000000001 41358.375000000007 -0.24999999999999997 1.0658391177286974 0.07542285723351326 1.0514285711807085 70076.111538461555 1.1565945280765215 1.0000000180025095e-35 31500.000000000004 70258.611538461555 82097.876923076925 50046.838461538471 54282.426923076935 51890.625000000007 63125.000000000007 48014.875000000007 1.0000000180025095e-35 1.0000000180025095e-35 1.0000000180025095e-35 48220.250000000007 1.0000000180025095e-35 0.93301270189221952 0.94399999984820016 55459.396153846166 12936.61153846154 0.25000000000000011 67926.150000000009 0.94696969682476662 42768.42500000001 43160.700000000004 1.0471698111241576 -0.24999999999999997 0.9438202245111641 35397.900000000001
decision_type=2 2 2 2 2 2 2 2 2 2 2 2 2 2 2 2 2 2 2 2 2 2 2 2 2 2 2 2 2 2 2 2 2 2 2 2 2 2 2 2 2 2 2 2 2 2 2 2 2 2 2 2 2 2 2 2 2 2 2 2 2 2
left_child=2 4 12 6 5 13 29 27 15 25 16 22 31 17 39 35 47 51 -12 -18 28 46 49 44 56 55 53 -5 -10 33 -20 45 58 -3 -16 -4 -22 -31 -24 61 -28 -34 -11 -41 -13 -1 -14 -6 59 54 -35 -2 -33 -19 -7 -8 -21 -47 -25 -30 -46 -15
right_child=1 3 8 7 10 11 9 -9 20 42 18 23 21 14 34 -17 19 26 30 24 36 -23 38 32 -26 -27 40 -29 48 37 -32 52 41 50 -36 -37 -38 -39 -40 43 -42 -43 -44 -45 60 57 -48 -49 -50 -51 -52 -53 -54 -55 -56 -57 -58 -59 -60 -61 -62 -63
leaf_value=-812.86528899411928 61.390581440541929 290.28643693253798 -96.201062089635954 1088.6849858884159 82.345749977036249 -28.310848622423528 600.7194406960225 2219.169888762417 -441.15673521934383 1327.6690616020112 569.59023977726065 39.040268831158627 -665.83581422167344 -84.847602389189689 461.29412799615505 587.08083943584177 913.30444655012388 -333.26870819627192 1161.9044796702344 304.03515915329388 -211.5469472445364 -336.43413300700206 180.10180100248931 380.06475357380322 780.45738817986648 872.68138466282892 -198.95965936313016 1527.2088478496287 -213.7116996750876 475.72026888460709 764.17568181818194 -685.08453312384677 329.75210760887632 511.34365331683716 159.86407803149933 202.47998936703328 7.6195733682211335 182.38717897278167 397.01724754741173 8.5760631039994859 -33.310645240386897 525.06051533255345 1067.4328890108472 208.57104521019019 204.02252500204514 -760.93119678969708 -524.57521885621225 342.41684130602545 -133.96113975229838 -113.98373428951037 673.98626786507691 241.88854164181771 -538.08592857395365 -192.40895670572914 149.92822431258574 391.63402914217204 460.35017050618939 -665.53115678948211 236.02526047837674 -300.67427772907678 349.18157226562499 10.307612328568984
leaf_weight=137 26 10.999999999999998 14.000000000000002 19.000000000000004 10.000000000000002 14.000000000000002 12.000000000000002 14.999999999999998 42 26 13.999999999999998 9.9999999999999982 48 28 19 9.9999999999999982 9.9999999999999982 17 18.000000000000004 10.999999999999998 30 24 58 13.999999999999998 12.999999999999998 17 18 9.9999999999999982 32 11.000000000000002 11.999999999999998 27 13.999999999999998 28 13.999999999999998 17 23 18 12.999999999999998 22 97 56 11.999999999999998 18 19 75 33 9.9999999999999982 18 14.999999999999998 21 12.999999999999998 22 35 12.999999999999998 9.9999999999999982 36 39 21 81 13.999999999999998 36
leaf_count=137 26 11 14 19 10 14 12 15 42 26 14 10 48 28 19 10 10 17 18 11 30 24 58 14 13 17 18 10 32 11 12 27 14 28 14 17 23 18 13 22 97 56 12 18 19 75 33 10 18 15 21 13 22 35 13 10 36 39 21 81 14 36
internal_value=0.357476 351.804 -495.411 874.998 202.829 112.014 686.989 1581.14 -188.687 956.098 611.783 264.909 -697.526 -4.37098 94.948 195.511 485.371 -70.4369 868.667 562.651 -258.442 -547.081 137.123 362.316 502.786 668.723 -115.428 1244.63 -301.804 453.353 1005.88 -749.982 422.878 529.319 334.284 67.7161 -116.602 294.904 220.321 18.7566 -59.3887 486.525 1248.51 98.8696 213.796 -775.038 -609.003 213.438 -256.823 -3.71206 582.278 122.021 -620.316 -239.011 57.7444 507.883 424.489 -728.906 294.56 -276.258 266.474 -31.3902
internal_weight=1620 948 672 210 738 604 166 44 267 77 134 261 405 343 137 41 90 206 44 70 226 105 113 148 60 39 167 29 173 89 30 300 105 60 33 31 53 29 71 104 115 70 38 40 43 251 81 20 131 42 49 39 49 52 27 22 47 114 35 113 33 64
internal_count=1620 948 672 210 738 604 166 44 267 77 134 261 405 343 137 41 90 206 44 70 226 105 113 148 60 39 167 29 173 89 30 300 105 60 33 31 53 29 71 104 115 70 38 40 43 251 81 20 131 42 49 39 49 52 27 22 47 114 35 113 33 64
is_linear=0
shrinkage=0.03


Tree=14
num_leaves=63
num_cat=0
split_feature=18 21 18 5 18 14 18 16 16 21 2 18 14 18 21 18 18 6 4 16 16 18 18 6 18 6 16 2 16 21 18 11 18 20 10 2 18 21 14 16 6 16 18 18 18 10 10 19 18 19 0 21 18 16 16 2 18 20 20 18 19 11
split_gain=3.02039e+11 7.51502e+10 4.32169e+10 4.08182e+10 1.93453e+10 1.86203e+10 1.02121e+10 7.48695e+09 4.53733e+09 4.47049e+09 3.27477e+09 3.00819e+09 2.59081e+09 2.3054e+09 2.03072e+09 1.93388e+09 1.78324e+09 1.7083e+09 1.61968e+09 1.45565e+09 1.33802e+09 1.33201e+09 1.0696e+09 1.05446e+09 9.1459e+08 7.93218e+08 9.91898e+08 7.65424e+08 6.54452e+08 6.12047e+08 6.02801e+08 5.93594e+08 5.74321e+08 5.73234e+08 5.49447e+08 5.37009e+08 5.34107e+08 4.82896e+08 4.81947e+08 4.73785e+08 4.29471e+08 3.56501e+08 3.42275e+08 3.38791e+08 3.09958e+08 3.06239e+08 3.03621e+08 2.95923e+08 2.76929e+08 2.75209e+08 1.98983e+08 1.85501e+08 1.41531e+08 1.34439e+08 1.30843e+08 1.21287e+08 1.19088e+08 8.12895e+07 7.57281e+07 7.57089e+07 6.85643e+07 5.44016e+07
threshold=43515.05000000001 95185.900000000023 28020.850000000002 1.0000000180025095e-35 69246.750000000015 0.21717973125094933 68157.550000000017 -1.0000000180025095e-35 0.0050505372572776661 57181.287500000006 48941.750000000007 15226.050000000001 0.2798053527463355 96709.700000000012 58500.075000000012 76936.35000000002 55375.350000000013 1.0000000180025095e-35 38408.750000000007 0.05017507414820211 -1.0000000180025095e-35 34717.450000000004 50657.150000000001 1.0000000180025095e-35 55071.80000000001 1.0000000180025095e-35 0.0037543201186628354 62500.000000000007 0.05017507414820211 105242.65000000002 83762.10000000002 0.86847236498567792 109487.05 45079.750000000007 0.8542199457734333 56840.000000000007 58518.350000000006 21224.912500000002 0.20184295528345614 0.0050505372572776661 1.0000000180025095e-35 0.0050505372572776661 38172.30000000001 21334.200000000001 56701.80000000001 0.12053668025532312 0.98182534576205305 43711.450000000004 37927.400000000009 66207.60000000002 47699.125000000007 10946.112500000001 51489.05000000001 0.0050505372572776661 0.0049140049140049555 51256.875000000007 18575.650000000005 72035.650000000009 52166.900000000009 41210.450000000004 45645.400000000001 0.84799999986632446
decision_type=2 2 2 2 2 2 2 2 2 2 2 2 2 2 2 2 2 2 2 2 2 2 2 2 2 2 2 2 2 2 2 2 2 2 2 2 2 2 2 2 2 2 2 2 2 2 2 2 2 2 2 2 2 2 2 2 2 2 2 2 2 2
left_child=2 3 11 4 9 -3 14 17 15 19 -8 38 23 28 35 34 52 42 -19 22 43 41 46 -7 -16 26 -18 57 -10 -25 -30 50 -15 -27 58 40 -21 53 55 48 -5 -9 -4 -13 -24 -31 -2 -42 -23 -26 -12 -40 -11 56 59 -1 -22 -17 -6 -50 -38 -39
right_child=1 5 7 6 8 12 10 21 13 16 31 20 -14 32 24 27 25 18 -20 36 37 39 44 29 49 33 -28 -29 30 45 -32 -33 -34 -35 -36 -37 60 61 51 -41 47 -43 -44 -45 -46 -47 -48 -49 54 -51 -52 -53 -54 -55 -56 -57 -58 -59 -60 -61 -62 -63
leaf_value=-688.5995881060943 -51.932234771574862 2092.2550123355259 -123.68029588539179 170.02036935334158 405.36709363339554 857.09755619517546 555.17020903279956 -339.41350241774506 326.19297620271379 -35.65642862023585 1108.3478268914471 -473.86494945729947 571.48565022113894 368.06212819044492 417.28963035659035 621.53359834101093 214.50491658093458 63.478047243628147 580.17251164712195 -276.94034198711438 -652.68623374771903 -259.05467959449408 69.20001501545643 944.95786555109805 841.54073739035061 115.77741979720744 -27.08390058869999 862.98644352337794 39.59473659258326 1094.9524702995864 232.53537609812625 1264.9190838656768 645.16342271959456 331.47096872911101 259.17188649811351 591.66936281714106 -35.038861876142775 -599.75192837547718 -813.51844326872356 -363.82751107199147 300.37922251918854 -534.32983524133658 108.74981165517676 -243.62178354624155 217.81532577782343 1347.5969841680462 105.27255526708177 477.13148100049085 -204.89680214206456 638.87064222030062 916.70505236037241 -743.00892774831482 59.449754253637003 -712.00236345307906 -78.584680970170126 -558.53063260376905 -534.75406333111698 503.34057866276919 487.3886618346387 -147.02174185206022 -127.54642858644195 -509.58978498931617
leaf_weight=28 129 17 13.000000000000002 9.9999999999999982 20 17 11.999999999999998 68 17 25 17.000000000000004 13.000000000000002 11.999999999999998 19.000000000000004 9.9999999999999982 25 56 10.000000000000002 11.999999999999998 23 41 44 49 10.999999999999998 17.000000000000004 13.999999999999998 21 12.999999999999998 37 12.000000000000002 24 18 10.999999999999998 56 15.999999999999998 9.9999999999999982 14.000000000000002 12.999999999999998 71 17 17 9.9999999999999982 9.9999999999999982 10.999999999999998 17 14.999999999999998 11.999999999999998 19 52 12.999999999999998 13.999999999999998 126 32 34 12.999999999999998 12.999999999999998 13.999999999999998 10.999999999999998 39 36 14.999999999999998 35
leaf_count=28 129 17 13 10 20 17 12 68 17 25 17 13 12 19 10 25 56 10 12 23 41 44 49 11 17 14 21 13 37 12 24 18 11 56 16 10 14 13 71 17 17 10 10 11 17 15 12 19 52 13 14 126 32 34 13 13 14 11 39 36 15 35
internal_value=0.372631 350.533 -478.775 266.047 167.3 1206.13 702.787 -196.525 390.833 55.2321 1006.4 -680.283 978.51 248.31 509.021 514.667 160.233 158.301 346.661 -27.5014 -579.143 -263.093 8.16858 1066.12 672.673 215.433 148.667 661.766 161.984 1157.13 115.762 1115.55 471.472 288.559 417.809 391.137 -169.239 -615.522 -748.429 -213.805 346.354 -365.055 -22.5903 -369.786 107.751 1239.77 -38.488 394.729 -195.978 756.131 1025.03 -768.821 17.7471 -658.19 -168.27 -648.818 -623.692 586.913 460.318 -181.414 -83.1616 -535.205
internal_weight=1620 936 684 852 695 84 157 285 232 463 61 399 67 108 96 124 204 45 22 259 161 240 207 55 40 147 77 49 78 38 61 49 30 70 75 56 52 137 238 162 46 78 23 24 66 27 141 36 145 30 31 197 57 89 101 41 55 36 59 88 29 48
internal_count=1620 936 684 852 695 84 157 285 232 463 61 399 67 108 96 124 204 45 22 259 161 240 207 55 40 147 77 49 78 38 61 49 30 70 75 56 52 137 238 162 46 78 23 24 66 27 141 36 145 30 31 197 57 89 101 41 55 36 59 88 29 48
is_linear=0
shrinkage=0.03


Tree=15
num_leaves=63
num_cat=0
split_feature=18 21 25 5 18 14 18 5 23 15 8 2 23 6 14 6 21 23 18 22 15 18 22 6 6 7 18 18 0 23 0 21 22 2 6 6 2 18 23 8 23 23 1 13 6 27 18 2 6 22 2 18 6 9 22 0 14 3 7 9 22 14
split_gain=2.84257e+11 7.07401e+10 4.07029e+10 3.8423e+10 1.82084e+10 1.75247e+10 9.61177e+09 6.7245e+09 4.48282e+09 3.6329e+09 3.10427e+09 3.08194e+09 3.08133e+09 2.98289e+09 2.4386e+09 2.11726e+09 1.91154e+09 1.51263e+09 1.40718e+09 1.30245e+09 1.26589e+09 1.10076e+09 1.05554e+09 9.92981e+08 9.03336e+08 1.05594e+09 8.77377e+08 8.3763e+08 6.99582e+08 6.84456e+08 5.94254e+08 5.75883e+08 5.11975e+08 5.05764e+08 4.04139e+08 3.71215e+08 3.60514e+08 3.2222e+08 3.21058e+08 2.72895e+08 2.71329e+08 2.67348e+08 2.65848e+08 2.64694e+08 5.80251e+08 2.59249e+08 2.35999e+08 2.19484e+08 2.16281e+08 2.07858e+08 1.96116e+08 1.87433e+08 1.71955e+08 1.67043e+08 1.49414e+08 1.48484e+08 1.39815e+08 1.26084e+08 1.17684e+08 1.07616e+08 9.84271e+07 7.88008e+07
threshold=43515.05000000001 95185.900000000023 1.0000000180025095e-35 1.0000000180025095e-35 69246.750000000015 0.21717973125094933 68157.550000000017 1.0000000180025095e-35 56950.515384615392 -6059.9999999999991 0.93301270189221952 48941.750000000007 71601.403846153858 1.0000000180025095e-35 0.2798053527463355 1.0000000180025095e-35 58500.075000000012 78473.150000000009 35545.650000000009 9635.9362825713306 -9899.6333333333296 55231.500000000007 18596.605127991981 1.0000000180025095e-35 1.0000000180025095e-35 -0.24999999999999997 59082.100000000006 76936.35000000002 57366.875000000007 50046.838461538471 43160.700000000004 105242.65000000002 2839.1818280547309 56840.000000000007 1.0000000180025095e-35 1.0000000180025095e-35 52221.875000000007 38172.30000000001 43869.192307692319 1.0000000180025095e-35 47362.076923076929 48167.088461538464 31500.000000000004 0.93636363619079477 1.0000000180025095e-35 1.0000000180025095e-35 56348.900000000009 52483.125000000007 1.0000000180025095e-35 19630.93091376514 53831.875000000007 31763.850000000002 1.0000000180025095e-35 -0.82298386589365657 5617.2952447916568 39701.55000000001 0.27088607590008235 58308.125000000007 0.25000000000000011 -0.82298386589365657 5785.1100068371825 0.27819548866839738
decision_type=2 2 2 2 2 2 2 2 2 2 2 2 2 2 2 2 2 2 2 2 2 2 2 2 2 2 2 2 2 2 2 2 2 2 2 2 2 2 2 2 2 2 2 2 2 2 2 2 2 2 2 2 2 2 2 2 2 2 2 2 2 2
left_child=2 3 7 4 8 -3 16 18 24 20 12 -8 19 21 23 37 33 49 51 47 54 57 -21 -7 25 41 -18 58 -29 42 52 -25 -15 34 -5 -22 -23 -9 -36 -33 -27 -2 -26 59 56 -34 -31 -6 -32 53 -28 -1 -11 -13 -4 -37 -45 -10 -14 -20 -61 -58
right_child=1 5 9 6 10 14 11 15 13 30 -12 17 27 32 -16 -17 26 -19 43 22 35 36 -24 31 29 40 50 28 -30 46 48 39 45 -35 38 55 -38 -39 -40 -41 -42 -43 -44 44 -46 -47 -48 -49 -50 -51 -52 -53 -54 -55 -56 -57 61 -59 -60 60 -62 -63
leaf_value=-395.24689438518294 -73.323250789010757 2029.854361293859 -413.67598300365682 164.97025961092203 327.34442593961148 831.5349979440789 538.65274470557847 -119.99821270891726 15.911210822622046 -787.68290666620419 -70.741521124220981 1033.9552142636142 474.83520058871443 415.79145457081978 554.48276270338329 411.7320599989074 499.79181850253593 1367.8290171755725 -169.9970955605082 182.29209042709283 -639.803248596868 29.799080756593145 453.9646309533918 916.86451937288859 -188.25938036625928 -297.98696825848509 683.04829391891872 480.75643609157117 696.7737009063444 60.236246753703803 -700.35726508496543 1042.6613288985147 191.96536350400063 574.09504351021042 273.64167451365893 -588.46778159981341 181.93143857863691 105.51961689864055 459.36247051799461 1290.4186156798244 -150.80870043906435 95.606873550814484 -23.412633251515899 -147.72082682588672 22.994802008475965 328.25176188536722 214.82037095251161 492.66449545429271 -606.95537395501583 1114.8524605507428 895.32524443069315 -303.89033704461895 -715.77356009695404 839.6567345205741 -269.67531499335104 -476.42778412126069 -276.80225911458325 -67.707649273764488 363.7205477825384 -243.20899047177133 -365.43902024675117 -196.6442345134104
leaf_weight=35 14.999999999999998 17 14.000000000000002 9.9999999999999982 10.999999999999998 17 11.999999999999998 13.000000000000002 61 90 12.999999999999998 9.9999999999999947 21 23 11.999999999999998 18 19 12.999999999999998 9.9999999999999982 66 45 18 15.999999999999998 10.999999999999998 9.9999999999999982 14.999999999999998 11.000000000000002 25 33 34 65 10.000000000000002 33 9.9999999999999982 14.999999999999998 20 64 9.9999999999999982 21 17 47 19 69 41 12.999999999999998 21 11.999999999999998 28 47 9.9999999999999982 9.9999999999999982 56 75 16.000000000000007 13.999999999999998 35 17 22 19 18.000000000000004 9.9999999999999982 38
leaf_count=35 15 17 14 10 11 17 12 13 61 90 13 10 21 23 12 18 19 13 10 66 45 18 16 11 10 15 11 25 33 34 65 10 33 10 15 20 64 10 21 17 47 19 69 41 13 21 12 28 47 10 10 56 75 16 14 35 17 22 19 18 10 38
internal_value=0.383066 340.079 -464.446 258.11 162.304 1170.19 681.843 -185.528 53.5788 -656.497 379.17 976.394 405.897 142.759 949.37 169.005 493.858 1082.28 -246.648 304.176 -523.351 70.7269 235.79 1034.36 -44.096 -113.255 652.635 531.053 604.651 9.06592 -717.812 1122.68 296.822 379.485 336.025 -573.486 148.614 -21.9145 382.951 1202.84 -186.839 21.0823 -44.491 -189.025 -164.946 245.474 100.941 446.992 -661.738 975.663 787.897 -339.423 -755.45 918.062 -342.892 -518.164 -190.393 -6.30759 423.094 -257.48 -288.008 -221.878
internal_weight=1620 936 684 852 695 84 157 279 463 405 232 61 219 242 67 41 96 49 238 121 128 165 82 55 221 96 40 98 58 125 277 38 77 56 46 100 82 23 36 27 62 34 79 147 109 54 46 39 112 36 21 91 165 26 28 55 96 83 40 38 28 55
internal_count=1620 936 684 852 695 84 157 279 463 405 232 61 219 242 67 41 96 49 238 121 128 165 82 55 221 96 40 98 58 125 277 38 77 56 46 100 82 23 36 27 62 34 79 147 109 54 46 39 112 36 21 91 165 26 28 55 96 83 40 38 28 55
is_linear=0
shrinkage=0.03


Tree=16
num_leaves=63
num_cat=0
split_feature=18 23 25 5 11 21 18 16 21 6 18 15 6 23 6 18 2 8 6 4 15 18 2 15 27 2 8 18 6 16 2 18 0 27 18 16 11 0 21 22 3 20 18 6 13 18 16 23 16 18 18 18 13 6 0 18 2 16 21 6 13 22
split_gain=2.6752e+11 6.66141e+10 3.83008e+10 3.0807e+10 2.48857e+10 1.17743e+10 7.84632e+09 6.48222e+09 5.64861e+09 4.60251e+09 4.29159e+09 3.41726e+09 2.51552e+09 1.8191e+09 2.35342e+09 1.78787e+09 1.62548e+09 1.53217e+09 1.41504e+09 1.30012e+09 1.27349e+09 1.26058e+09 1.23791e+09 1.19083e+09 1.09642e+09 1.02478e+09 1.00791e+09 9.31643e+08 7.98169e+08 7.75886e+08 7.21851e+08 5.61634e+08 5.59025e+08 5.20844e+08 5.06809e+08 5.00171e+08 4.83323e+08 4.48298e+08 4.44454e+08 5.19723e+08 4.01595e+08 3.97101e+08 3.74878e+08 3.49169e+08 3.31874e+08 3.0334e+08 3.02074e+08 2.55066e+08 2.38616e+08 2.7098e+08 2.23037e+08 2.20279e+08 2.18019e+08 2.03459e+08 1.91641e+08 1.91578e+08 1.88757e+08 1.87766e+08 1.82565e+08 1.61773e+08 1.56035e+08 1.41045e+08
threshold=43515.05000000001 80540.469230769246 1.0000000180025095e-35 1.0000000180025095e-35 0.8718915436893222 61770.23750000001 90719.950000000012 -1.0000000180025095e-35 61444.850000000006 1.0000000180025095e-35 104210.00000000001 -6059.9999999999991 1.0000000180025095e-35 51540.996153846158 1.0000000180025095e-35 59514.000000000007 46852.500000000007 0.93301270189221952 1.0000000180025095e-35 38408.750000000007 -5930.2083333333312 33738.850000000006 60701.875000000007 -9899.6333333333296 1.0000000180025095e-35 56840.000000000007 0.93301270189221952 62654.05000000001 1.0000000180025095e-35 0.0050505372572776661 51890.625000000007 77461.900000000009 43160.700000000004 1.0000000180025095e-35 54148.900000000009 0.0037543201186628354 1.0576610167746221 42768.42500000001 69519.050000000017 9635.9362825713306 55525.625000000007 34107.200000000004 112238.65000000001 1.0000000180025095e-35 0.99859296457813607 38172.30000000001 0.0050505372572776661 61477.526923076934 0.0050251573518178558 37927.400000000009 53142.55000000001 53142.55000000001 1.0786516851508634 1.0000000180025095e-35 51643.150000000009 71103.950000000026 58496.250000000007 0.0049140049140049555 30881.712500000005 1.0000000180025095e-35 1.0854271354029152 5435.2013828951067
decision_type=2 2 2 2 2 2 2 2 2 2 2 2 2 2 2 2 2 2 2 2 2 2 2 2 2 2 2 2 2 2 2 2 2 2 2 2 2 2 2 2 2 2 2 2 2 2 2 2 2 2 2 2 2 2 2 2 2 2 2 2 2 2
left_child=2 3 7 5 10 13 17 18 20 26 -3 23 46 28 29 -10 47 31 45 -20 -5 58 -14 61 25 -16 38 -18 35 34 44 -6 59 37 -15 -2 -29 50 39 -7 -33 -30 -24 -25 -17 -1 -8 -11 49 -23 -22 -39 -26 -34 -43 -32 -40 -51 -9 -13 -31 -4
right_child=1 4 11 8 6 9 12 21 15 16 -12 32 22 14 24 30 27 -19 19 -21 33 48 42 43 52 -27 -28 36 41 60 55 40 53 -35 -36 -37 -38 51 56 -41 -42 54 -44 -45 -46 -47 -48 -49 -50 57 -52 -53 -54 -55 -56 -57 -58 -59 -60 -61 -62 -63
leaf_value=-116.4257460406354 -48.118497171085593 1222.7214569256755 -406.59485500655995 687.96165265418051 435.49644461110154 171.76559590447809 793.00546758972746 -447.01521419701987 440.98755491955444 71.150618210312714 2008.1382771381577 -764.07864209038564 781.32443940033795 -10.686558104501644 50.774510578720232 857.73607170482649 188.66502381441882 238.78820483128666 52.914528455073281 507.73684849862832 316.26611090582759 -243.88134172784564 1028.7986695467716 -620.65171186425994 499.37380182549481 396.32524781482056 -92.041034194356158 403.65789846578832 -108.49409644808087 -84.166623343475564 868.41247622282606 532.99490159828235 -679.37882146457366 534.13369774420528 129.40184924168886 -236.70318809437973 577.73341873972038 323.02211934840415 265.37950051748078 -29.820190319440751 781.59661841006687 -10.185266175775666 1265.5260311681936 -502.67678010860936 593.86116065903468 102.38537167388614 548.44121219119518 254.3337505649535 -299.20251870040488 -170.33578824626869 119.04079884746288 500.96460356035305 299.216021167652 -588.78537308419584 100.13348439686331 1040.7929798274254 113.23489100692296 -32.708951518748066 -324.67951142090749 -694.32894666486345 -241.32275384026602 -266.34789929118375
leaf_weight=13.000000000000002 21 11.000000000000002 13.000000000000002 14.999999999999998 18 29 10.000000000000002 14.999999999999998 9.9999999999999982 16.000000000000004 17 90 10.999999999999998 78 33 10.000000000000002 17 18 10.000000000000002 12.999999999999998 11.000000000000002 48 14.999999999999998 45 10.000000000000002 9.9999999999999982 18 119 30 12.000000000000002 15.999999999999998 13.000000000000002 65 14.999999999999998 33 32 17 14.000000000000002 30 19 12.999999999999998 48 19 55 9.9999999999999982 9.9999999999999982 10.999999999999998 11.999999999999998 19 87 9.9999999999999982 12.999999999999998 10.999999999999998 47 20 20 9.9999999999999982 9.9999999999999982 54 75 10.999999999999998 14.999999999999998
leaf_count=13 21 11 13 15 18 29 10 15 10 16 17 90 11 78 33 10 17 18 10 13 11 48 15 45 10 10 18 119 30 12 16 13 65 15 33 32 17 14 30 19 13 48 19 55 10 10 11 12 19 87 10 13 11 47 20 20 10 10 54 75 11 15
internal_value=0.394478 329.939 -450.543 216.693 895.665 126.933 717.423 -179.98 612.771 269.239 1705.03 -636.841 945.177 9.86422 69.6617 817.194 361.149 473.844 145.221 311.073 438.973 -244.218 1072.71 -507.706 219.165 131.868 112.106 399.615 -68.5399 -1.85325 883.467 569.244 -696.308 378.693 31.0403 -162.212 425.826 329.109 153.921 92.0751 659.814 -17.7666 1164.41 -556.333 729.41 -21.259 668.107 150.283 -198.733 -185.371 223.359 410.231 396.444 -641.921 22.3608 966.797 227.721 -156.196 -351.883 -732.814 -160.048 -332.678
internal_weight=1620 936 684 780 156 636 128 279 144 287 28 405 66 349 198 66 181 62 46 23 78 233 45 128 64 43 106 153 151 134 56 44 277 63 111 53 136 48 88 48 26 98 34 100 20 23 21 28 164 145 21 27 21 112 68 36 40 97 69 165 23 28
internal_count=1620 936 684 780 156 636 128 279 144 287 28 405 66 349 198 66 181 62 46 23 78 233 45 128 64 43 106 153 151 134 56 44 277 63 111 53 136 48 88 48 26 98 34 100 20 23 21 28 164 145 21 27 21 112 68 36 40 97 69 165 23 28
is_linear=0
shrinkage=0.03


Tree=17
num_leaves=63
num_cat=0
split_feature=21 21 21 5 17 21 23 23 5 23 14 21 22 8 20 8 12 23 0 27 21 17 7 20 8 0 21 21 15 19 11 21 22 23 8 22 21 23 4 22 19 7 13 11 20 11 21 20 19 22 8 8 12 7 14 11 23 7 19 2 23 7
split_gain=2.46209e+11 6.45491e+10 3.62881e+10 2.41361e+10 2.29222e+10 1.05408e+10 8.50172e+09 7.77784e+09 5.8366e+09 4.31149e+09 3.16242e+09 2.90452e+09 2.71006e+09 2.49476e+09 2.36378e+09 2.04365e+09 1.67225e+09 1.35831e+09 1.32368e+09 1.31935e+09 1.26443e+09 1.20965e+09 1.16417e+09 1.1631e+09 1.157e+09 9.51335e+08 9.42067e+08 9.06746e+08 8.67645e+08 6.56628e+08 6.4611e+08 6.08679e+08 6.07076e+08 5.9751e+08 5.94214e+08 5.92113e+08 5.70475e+08 5.39615e+08 4.88804e+08 3.78229e+08 3.77627e+08 3.20806e+08 3.05713e+08 2.92873e+08 2.76797e+08 2.43731e+08 2.4124e+08 2.40073e+08 2.02319e+08 1.94432e+08 1.92608e+08 2.90119e+08 2.4568e+08 1.88705e+08 1.87741e+08 1.87668e+08 1.86923e+08 1.68647e+08 1.63839e+08 1.60844e+08 1.54006e+08 1.36506e+08
threshold=44665.812500000007 80396.025000000023 30881.712500000005 1.0000000180025095e-35 0.075411471307569006 60559.200000000012 86813.665384615393 95195.73461538463 1.0000000180025095e-35 66053.488461538465 0.2798053527463355 17565.950000000004 9473.5867969385836 -0.24999999999999997 51897.150000000001 0.93301270189221952 0.97168539304328594 68359.726923076945 52891.875000000007 1.0000000180025095e-35 73748.987500000003 0.0010234886395476695 -0.24999999999999997 61172.600000000006 0.93301270189221952 52316.875000000007 53880.17500000001 70679.66250000002 -6014.7750000000005 56348.900000000009 0.88793103432811982 97092.762500000012 11689.664718961223 70843.088461538471 -0.68301270189221952 6358.5703496292845 58500.075000000012 61188.596153846163 37758.000000000007 5797.2985807016712 58272.100000000013 1.0000000180025095e-35 1.0370326112128696 0.86516853913142167 63778.750000000007 1.0545454543517814 10946.112500000001 66207.60000000002 66693.750000000015 19291.221909827622 0.93301270189221952 1.0000000180025095e-35 1.0694444441531998 0.68301270189221941 0.27088607588859814 0.84824242411030315 12936.61153846154 1.0000000180025095e-35 108144.60000000002 64366.875000000007 74897.723076923096 -0.93301270189221919
decision_type=2 2 2 2 2 2 2 2 2 2 2 2 2 2 2 2 2 2 2 2 2 2 2 2 2 2 2 2 2 2 2 2 2 2 2 2 2 2 2 2 2 2 2 2 2 2 2 2 2 2 2 2 2 2 2 2 2 2 2 2 2 2
left_child=2 3 11 5 6 15 22 18 30 16 13 28 20 31 39 17 -5 26 -6 38 23 55 32 61 27 44 41 29 56 -14 43 -8 -3 -24 45 -28 -21 -17 -18 -10 -19 -2 -40 -4 -11 -32 -30 -26 -25 -29 51 -45 -53 -22 -36 -13 -1 -47 -15 -60 -34 -7
right_child=1 4 8 9 7 12 10 -9 14 25 -12 21 24 58 -16 37 19 40 -20 36 53 -23 33 48 47 -27 35 49 46 -31 34 -33 60 -35 54 -37 -38 -39 42 -41 -42 -43 -44 50 -46 57 -48 -49 -50 -51 -52 52 -54 -55 -56 -57 -58 -59 59 -61 -62 -63
leaf_value=-610.27610264679709 15.824500899339084 661.54961269946818 -405.0293791555851 722.51409265350867 970.99025422997215 304.0107903387995 508.79548828124979 2034.3578637881681 118.13979766366366 861.59806118502456 467.67354715309398 -583.19186312528348 244.86904065379105 1195.5649013157893 572.80959779644957 -323.51117259080496 171.49271478918214 390.29492699953573 1409.1883329814189 412.00360535272262 592.05916872258763 -324.17258947226691 424.0176960437131 297.27405390313328 -148.99231650777378 1093.3743877629952 163.96784074436098 253.62657192555383 -740.28204383738341 53.939035038151601 -122.23879208822385 851.85396697091585 336.0979227919251 128.05604031201472 33.004226876250954 22.083041903633774 721.9985245706107 -96.976377231138542 274.27826527860145 -108.90585277595142 128.30606877940716 -71.126838258805932 433.64593138345191 -279.62561790988872 634.8510983211437 -172.61699421672077 -668.21994954529384 49.199321683142799 162.81470570481667 396.01950116131758 -380.49650448638613 -37.977050225286185 -230.13462677204055 420.77966796874995 -118.18647618478504 -491.35907461792885 -487.81650032681773 -274.17047794181332 1125.3925717905404 908.10235999381189 471.95542409556532 437.37909392528042
leaf_weight=28 59 13.999999999999998 13.999999999999998 17 18.000000000000004 9.9999999999999982 10.000000000000002 12.999999999999998 19.000000000000004 10.000000000000002 14.999999999999998 55 25 17 9.9999999999999982 19 14.999999999999998 10.000000000000002 10.999999999999998 10.000000000000002 17.000000000000004 30 10.000000000000002 13.999999999999998 10.000000000000002 9.9999999999999982 40 48 75 46 21 9.9999999999999982 12.999999999999998 15.999999999999998 12.000000000000002 78 12.999999999999998 19 19 9.9999999999999982 9.9999999999999982 108 28 51 13.999999999999998 23 159 11.999999999999998 38 10.999999999999998 9.9999999999999982 10.000000000000002 14.999999999999998 10.999999999999998 19 41 25 45 11.000000000000002 9.9999999999999982 24 35
leaf_count=28 59 14 14 17 18 10 10 13 19 10 15 55 25 17 10 19 15 10 11 10 17 30 10 14 10 10 40 48 75 46 21 10 13 16 12 78 13 19 19 10 10 108 28 51 14 23 159 12 38 11 10 10 15 11 19 41 25 45 11 10 24 35
internal_value=0.406874 311.778 -438.83 186.97 802.855 107.537 628.657 1422.02 -160.36 548.749 860.633 -613.382 245.149 961.281 177.542 -3.63515 450.422 22.2356 1141.47 395.219 348.619 -492.358 407.901 296.78 159.885 841.543 5.42342 193.913 -666.325 121.418 -220.314 683.71 491.289 243.076 -173.104 70.2777 589.585 -210.796 322.282 39.7429 260.591 -40.4164 369.94 -276.737 732.512 -212.478 -691.623 -41.1542 199.516 280.8 -255.406 -238.469 -153.729 526.508 -59.743 -544.524 -553.54 -240.125 1105.19 1026.72 425.256 408.482
internal_weight=1620 948 672 756 192 620 150 42 259 136 73 413 277 58 39 343 102 305 29 85 125 126 77 97 152 34 285 130 287 71 220 20 51 26 120 118 23 38 62 29 20 167 47 100 24 89 234 22 52 59 86 76 25 28 31 96 53 68 38 21 37 45
internal_count=1620 948 672 756 192 620 150 42 259 136 73 413 277 58 39 343 102 305 29 85 125 126 77 97 152 34 285 130 287 71 220 20 51 26 120 118 23 38 62 29 20 167 47 100 24 89 234 22 52 59 86 76 25 28 31 96 53 68 38 21 37 45
is_linear=0
shrinkage=0.03


Tree=18
num_leaves=63
num_cat=0
split_feature=18 21 18 5 18 14 18 5 23 8 2 23 18 18 18 21 21 23 10 11 18 11 24 18 18 9 11 18 20 22 8 5 2 20 14 14 19 0 11 10 0 14 23 14 19 9 22 18 23 24 19 23 18 22 20 20 23 22 22 23 24 18
split_gain=2.37195e+11 5.92229e+10 3.388e+10 3.21296e+10 1.52198e+10 1.4694e+10 8.15719e+09 4.18594e+09 3.76056e+09 2.72771e+09 2.62696e+09 2.59895e+09 2.3968e+09 2.04316e+09 1.86796e+09 1.71596e+09 1.59947e+09 1.30799e+09 1.22215e+09 1.20114e+09 1.09537e+09 1.02065e+09 8.79898e+08 7.8258e+08 7.16571e+08 7.01592e+08 8.41183e+08 6.57639e+08 5.84254e+08 4.8531e+08 9.21395e+08 4.14752e+08 3.99755e+08 3.95951e+08 3.73943e+08 3.71404e+08 3.66232e+08 3.39288e+08 3.3736e+08 3.20566e+08 2.67491e+08 2.55865e+08 5.41753e+08 2.51122e+08 2.49491e+08 2.12781e+08 2.03268e+08 2.03113e+08 1.83188e+08 1.82568e+08 1.7977e+08 1.76801e+08 1.57245e+08 1.54603e+08 1.47373e+08 1.14117e+08 1.0833e+08 8.98068e+07 8.68587e+07 1.02796e+08 7.22177e+07 5.73584e+07
threshold=43515.05000000001 95185.900000000023 28020.850000000002 1.0000000180025095e-35 69246.750000000015 0.21717973125094933 68157.550000000017 1.0000000180025095e-35 56950.515384615392 0.93301270189221952 48941.750000000007 74749.11923076924 15226.050000000001 90719.950000000012 55375.350000000013 32536.675000000007 58500.075000000012 78473.150000000009 0.8542199457734333 1.059331346412409 34717.450000000004 1.0559999998343521 42085.42500000001 55071.80000000001 21334.200000000001 0.17992617227144045 0.94399170107185504 50493.250000000007 54050.250000000007 27294.740151761671 0.6830127018922193 1.0000000180025095e-35 56840.000000000007 103240.45000000001 0.20184295528345614 0.27088607589096414 30133.000000000004 62500.000000000007 0.86516853913142167 0.70581670320594814 41929.825000000004 0.24189526180302526 68080.376923076939 0.16675568845983602 66207.60000000002 -0.78574730703237861 19630.93091376514 39280.900000000001 23002.84615384616 37717.80000000001 43711.450000000004 84721.634615384639 11812.000000000002 13356.875334391916 36095.900000000009 44100.350000000006 12671.796153846155 11099.517664528525 934.24049763427956 50046.838461538471 45253.125000000007 48886.600000000006
decision_type=2 2 2 2 2 2 2 2 2 2 2 2 2 2 2 2 2 2 2 2 2 2 2 2 2 2 2 2 2 2 2 2 2 2 2 2 2 2 2 2 2 2 2 2 2 2 2 2 2 2 2 2 2 2 2 2 2 2 2 2 2 2
left_child=2 3 12 4 8 -3 16 20 22 11 -8 19 34 -7 41 -9 32 46 40 21 38 -6 49 -18 43 26 -13 55 45 30 33 48 39 -15 56 -29 -22 -30 -4 50 54 42 -10 -14 -25 -16 53 -38 -26 -2 -5 -27 -36 -12 -17 -24 -1 -51 -49 -60 -45 -43
right_child=1 5 7 6 9 13 10 15 14 -11 17 25 24 29 28 18 23 -19 -20 -21 36 -23 27 44 31 51 -28 35 37 -31 -32 -33 -34 -35 52 -37 47 -39 -40 -41 -42 61 -44 60 -46 -47 -48 58 -50 57 -52 -53 -54 -55 -56 -57 -58 -59 59 -61 -62 -63
leaf_value=-612.65721606705961 -266.95648862933166 1857.4353988486839 -478.35936338682427 260.81653839760634 292.53051907211568 487.35533506651177 490.5207852853822 -274.84988039526604 8.4957720947265596 -75.295055467445437 931.07662286931793 466.08351809446839 -451.62192571271925 1052.7998170912322 253.654263960626 210.43340023833912 359.62303870474938 1257.5577132037213 448.24067435991645 48.457827656431967 -350.6664870143581 557.19800018108447 -18.632616725509518 752.83878083881552 -564.81806498344372 307.92401657919845 726.4689910396919 113.58182399607027 136.21687949671892 1115.5370369155535 638.30664484797296 -283.94282351230055 518.55590462561884 804.02104518581086 -705.2663365709459 -20.621004940995547 -209.82085578279876 279.28675870273645 -295.72492881000909 154.26841647006498 -59.881284675220456 -52.186832273704567 278.08418160920093 -631.5833662531146 562.19055365875477 416.35986502165838 1027.7126999535892 -67.427037656361833 -431.07280779617622 -149.55590050136919 402.95514122596154 457.96288847758507 -641.69287652921105 751.8913056848404 47.353050234955141 -86.237414282165631 -491.77708790553436 -44.765389723069596 -186.14445154865894 -112.3611842132283 -559.15029140166348 10.649809703948392
leaf_weight=28 9.9999999999999982 17 10.999999999999998 13.999999999999998 109 10.999999999999998 11.999999999999998 9.9999999999999982 20.000000000000004 12.999999999999998 12.000000000000002 26 17 21 30 10.000000000000005 9.9999999999999982 12.999999999999998 9.9999999999999982 15.999999999999998 10.999999999999998 14.999999999999998 36 17.000000000000004 14.999999999999998 12.999999999999998 21 44 89 12.999999999999998 10.999999999999998 13.999999999999998 9.9999999999999982 10.999999999999998 122 32 68 18 62 9.9999999999999982 9.9999999999999982 18 9.9999999999999982 30 12.999999999999998 9.9999999999999982 9.9999999999999982 12.999999999999998 34 29 22 19 75 13.999999999999998 9.9999999999999982 60 12.999999999999998 9.9999999999999982 38 32 51 47
leaf_count=28 10 17 11 14 109 11 12 10 20 13 12 26 17 21 30 10 10 13 10 16 11 15 36 17 15 13 21 44 89 13 11 14 10 11 122 32 68 18 62 10 10 18 10 30 13 10 10 13 34 29 22 19 75 14 10 60 13 10 38 32 51 47
internal_value=0.422077 310.727 -424.189 235.726 148.118 1070.26 623.206 -174.281 48.7146 346.388 894.548 371.443 -602.606 868.064 130.395 74.8521 450.04 992.293 162.745 293.426 -227.298 324.97 -40.7461 595.273 -512.34 509.155 583.721 -8.76516 197.364 941.844 886.866 -431.568 345.425 970.053 -663.428 57.1225 -183.611 160.523 -323.862 306.745 66.4067 26.6713 98.984 -563.771 672.367 295.268 893.285 -171.218 -473.082 -152.759 348.555 398.159 -681.401 837.843 129.535 -60.9314 -575.619 -122.87 -139.377 -152.623 -586.723 -6.8045
internal_weight=1620 936 684 852 695 84 157 285 463 232 61 219 399 67 242 50 96 49 40 140 235 124 221 40 161 79 47 172 147 56 43 63 56 32 238 76 162 107 73 46 30 95 30 98 30 40 36 151 49 49 36 32 197 26 20 96 41 39 83 70 81 65
internal_count=1620 936 684 852 695 84 157 285 463 232 61 219 399 67 242 50 96 49 40 140 235 124 221 40 161 79 47 172 147 56 43 63 56 32 238 76 162 107 73 46 30 95 30 98 30 40 36 151 49 49 36 32 197 26 20 96 41 39 83 70 81 65
is_linear=0
shrinkage=0.03


Tree=19
num_leaves=63
num_cat=0
split_feature=18 23 25 5 11 21 18 5 21 6 18 15 6 6 18 23 6 2 8 18 15 2 15 7 27 2 8 18 6 2 18 18 11 18 23 11 21 22 3 18 6 7 11 13 18 21 6 0 11 23 11 21 2 1 18 7 23 0 23 7 21 0
split_gain=2.2323e+11 5.57753e+10 3.19092e+10 2.57158e+10 2.09417e+10 9.80461e+09 6.54904e+09 5.30186e+09 4.73188e+09 4.03549e+09 3.63953e+09 2.83595e+09 2.20747e+09 1.81866e+09 1.5694e+09 1.55745e+09 2.08508e+09 1.40282e+09 1.29649e+09 1.10429e+09 1.07578e+09 1.04421e+09 1.03389e+09 9.98482e+08 9.77643e+08 9.02184e+08 8.45338e+08 7.9525e+08 7.00851e+08 6.1796e+08 4.85479e+08 4.43018e+08 4.38259e+08 5.09679e+08 4.35006e+08 4.13615e+08 3.68869e+08 4.64053e+08 3.60922e+08 3.49312e+08 3.30354e+08 3.2863e+08 3.23725e+08 2.95059e+08 2.64807e+08 2.51776e+08 2.34098e+08 4.21271e+08 2.23588e+08 2.21203e+08 1.84847e+08 1.69782e+08 1.67999e+08 1.53543e+08 1.52076e+08 1.39391e+08 1.29319e+08 1.2783e+08 1.27762e+08 1.25184e+08 1.22563e+08 1.18058e+08
threshold=43515.05000000001 80540.469230769246 1.0000000180025095e-35 1.0000000180025095e-35 0.8718915436893222 61770.23750000001 90719.950000000012 1.0000000180025095e-35 61444.850000000006 1.0000000180025095e-35 104210.00000000001 -6014.7750000000005 1.0000000180025095e-35 1.0000000180025095e-35 59514.000000000007 51540.996153846158 1.0000000180025095e-35 46852.500000000007 0.93301270189221952 35545.650000000009 -5930.2083333333312 60701.875000000007 -9899.6333333333296 -0.24999999999999997 1.0000000180025095e-35 56840.000000000007 0.93301270189221952 62654.05000000001 1.0000000180025095e-35 51890.625000000007 77461.900000000009 12077.150000000001 0.86588235276792969 54543.700000000004 61795.576923076937 1.0576610167746221 69519.050000000017 9635.9362825713306 55525.625000000007 112238.65000000001 1.0000000180025095e-35 -0.24999999999999997 0.87254901943928254 0.99859296457813607 38172.30000000001 109413.48750000003 1.0000000180025095e-35 42661.350000000006 0.87254901943589436 61477.526923076934 0.9438202245111641 57475.950000000004 58496.250000000007 31500.000000000004 71103.950000000026 0.25000000000000011 50046.838461538471 49612.900000000009 46993.715384615389 -0.6830127018922193 19081.250000000004 39701.55000000001
decision_type=2 2 2 2 2 2 2 2 2 2 2 2 2 2 2 2 2 2 2 2 2 2 2 2 2 2 2 2 2 2 2 2 2 2 2 2 2 2 2 2 2 2 2 2 2 2 2 2 2 2 2 2 2 2 2 2 2 2 2 2 2 2
left_child=2 3 7 5 10 15 18 19 20 26 -3 22 45 44 -10 28 23 49 30 53 -5 -14 57 -17 25 -18 36 -19 41 43 -6 -13 -22 59 -25 -29 37 -7 -32 -23 -24 -2 55 -16 -9 -8 48 -48 -21 -11 -26 -35 -38 -1 -31 -30 -44 -4 -43 -34 -33 -42
right_child=1 4 11 8 6 9 12 13 14 17 -12 31 21 -15 29 16 24 27 -20 46 32 39 40 34 50 -27 -28 35 42 54 38 60 33 51 -36 -37 52 -39 -40 -41 61 58 56 -45 -46 -47 47 -49 -50 -51 -52 -53 -54 -55 -56 -57 -58 -59 -60 -61 -62 -63
leaf_value=-348.09718861497294 -46.806456551736225 1117.6157189611483 -379.24791758135319 629.46501112375825 396.61747226778311 155.83021863013198 484.80189661007097 -115.54377717695161 394.70313423383357 62.218710471206549 1840.6328974780697 -678.0434735476091 715.52029296875003 375.23234946909525 787.03245552289582 149.19779751901214 46.540590629462386 172.60034603721215 216.88186427332417 -292.18977993982918 160.84834013381808 938.35712489652326 -569.83406011328918 -109.44121738575674 282.75447925464516 370.75847414526606 -88.386145390041605 371.19435413812209 -134.32145704174471 797.31138077445644 485.23636152194638 -612.91399699735598 362.96860888348505 407.08434820506181 13.208687903194106 532.19189748663655 239.58458634791577 -34.628649097063153 720.09646186187979 1163.6314692408375 -522.44412838152982 -279.78119133170321 3.1858598579360118 539.36642346070551 88.911238312674044 707.79490762246621 -191.12063200049636 27.857791150681514 -170.60162402048121 232.76183440405472 467.33572265624997 586.28953415068065 96.256515653251427 -266.62653579625703 952.44368236940284 -13.233137630706137 109.30496904154771 -245.1398739567158 -159.41021777675161 238.04208729619558 -529.80264188218382 -423.62811362870616
leaf_weight=38 18 11.000000000000002 12.000000000000002 14.999999999999998 18 29 10.000000000000002 13.000000000000002 9.9999999999999982 16.000000000000004 17 134 10.999999999999998 18 10.000000000000002 30 33 17 18 15.999999999999998 9.9999999999999982 14.999999999999998 49 51 11.000000000000002 9.9999999999999982 18 119 22 15.999999999999998 13.000000000000002 111 14.999999999999998 12.000000000000002 53 17 30 19 12.999999999999998 19 20 12.999999999999998 49 9.9999999999999982 9.9999999999999982 10.999999999999998 18 13.999999999999998 99 11.999999999999998 9.9999999999999982 9.9999999999999982 9.9999999999999982 53 20 13.999999999999998 12.999999999999998 15.999999999999998 22 16.000000000000004 26 37
leaf_count=38 18 11 12 15 18 29 10 13 10 16 17 134 11 18 10 30 33 17 18 16 10 15 49 51 11 10 18 119 22 16 13 111 15 12 53 17 30 19 13 19 20 13 49 10 10 11 18 14 99 12 10 10 10 53 20 14 13 16 22 16 26 37
internal_value=0.428601 301.46 -411.493 197.836 819.119 115.828 655.613 -164.535 559.709 245.686 1561.58 -581.537 863.689 150.27 746.807 8.99898 64.3292 331.747 433.079 -218.806 400.641 983.078 -467.802 -2.98438 205.052 122.625 98.5594 367.48 -63.5478 808.868 520.831 -637.581 345.248 379.672 -46.9843 391.695 136.855 80.5249 604.976 1067.29 -510.807 -151.324 -15.9711 666.499 -26.6501 604.409 -167.759 -95.5291 -187.757 135.877 372.449 490.826 204.082 -300.992 885.896 -87.3987 25.5769 -303.76 -204.789 299.463 -597.539 -459.155
internal_weight=1620 936 684 780 156 636 128 279 144 287 28 405 66 41 66 349 198 181 62 238 78 45 134 134 64 43 106 153 151 56 44 271 63 53 104 136 88 48 26 34 106 53 98 20 23 21 147 32 115 28 21 22 40 91 36 36 62 28 35 31 137 57
internal_count=1620 936 684 780 156 636 128 279 144 287 28 405 66 41 66 349 198 181 62 238 78 45 134 134 64 43 106 153 151 56 44 271 63 53 104 136 88 48 26 34 106 53 98 20 23 21 147 32 115 28 21 22 40 91 36 36 62 28 35 31 137 57
is_linear=0
shrinkage=0.03


Tree=20
num_leaves=63
num_cat=0
split_feature=21 21 12 17 5 21 21 21 5 21 6 2 6 2 4 6 27 10 11 11 2 6 22 6 6 22 27 6 14 14 24 27 14 19 11 9 2 13 6 14 13 21 6 0 7 16 11 22 12 3 11 27 14 27 24 6 0 19 21 7 21 7
split_gain=2.053e+11 5.38738e+10 3.02743e+10 2.05472e+10 1.98886e+10 7.79048e+09 7.46445e+09 6.37705e+09 5.35027e+09 2.8197e+09 2.57334e+09 2.37964e+09 2.00549e+09 1.93489e+09 1.8414e+09 1.78805e+09 1.99711e+09 1.69593e+09 1.50148e+09 2.14039e+09 1.43375e+09 1.31973e+09 1.26687e+09 1.20716e+09 1.2062e+09 1.18942e+09 1.15679e+09 9.85032e+08 9.84854e+08 9.68809e+08 8.38138e+08 7.94436e+08 7.29207e+08 6.89354e+08 6.5717e+08 6.25568e+08 5.65516e+08 4.74858e+08 4.6181e+08 3.9429e+08 3.34761e+08 3.29012e+08 3.25175e+08 3.17795e+08 3.12344e+08 3.11439e+08 2.99304e+08 2.81299e+08 2.78978e+08 2.60558e+08 2.57198e+08 2.36701e+08 2.33247e+08 2.31772e+08 2.23361e+08 2.18889e+08 1.72808e+08 1.57582e+08 1.57033e+08 1.55184e+08 1.53629e+08 1.40506e+08
threshold=44665.812500000007 79102.900000000009 0.96107142840192339 0.075411471307569006 1.0000000180025095e-35 60559.200000000012 102112.97500000002 95185.900000000023 1.0000000180025095e-35 57181.287500000006 1.0000000180025095e-35 60701.875000000007 1.0000000180025095e-35 48941.750000000007 38408.750000000007 1.0000000180025095e-35 1.0000000180025095e-35 -0.78574730703237872 0.94399170107185504 0.94696969682476662 56840.000000000007 1.0000000180025095e-35 9635.9362825713306 1.0000000180025095e-35 1.0000000180025095e-35 8337.4081549669172 1.0000000180025095e-35 1.0000000180025095e-35 0.20204603576131075 0.25440806040471847 41358.375000000007 1.0000000180025095e-35 0.17388612090385749 73675.900000000009 0.87129070775178363 -0.1799261722714405 49988.125000000007 1.1261261259281683 1.0000000180025095e-35 0.18812092721608106 1.0683760681934389 72264.737500000003 1.0000000180025095e-35 52108.125000000007 1.0000000180025095e-35 0.0050505372572776661 0.94696969682763654 9707.5184272712668 1.0514285711807085 47731.250000000007 1.059331346412409 1.0000000180025095e-35 0.25440806039853125 1.0000000180025095e-35 55917.500000000007 1.0000000180025095e-35 54272.525000000009 46409.150000000001 70141.425000000032 -0.93301270189221919 54083.125000000007 -0.24999999999999997
decision_type=2 2 2 2 2 2 2 2 2 2 2 2 2 2 2 2 2 2 2 2 2 2 2 2 2 2 2 2 2 2 2 2 2 2 2 2 2 2 2 2 2 2 2 2 2 2 2 2 2 2 2 2 2 2 2 2 2 2 2 2 2 2
left_child=2 4 11 6 5 15 18 54 23 38 22 32 -10 26 -14 17 20 44 24 29 50 -8 33 30 -3 41 -11 -15 -13 -20 -4 47 -1 -7 -25 -19 53 40 -6 -40 -21 59 -34 49 57 -37 -23 -29 -38 -26 -17 61 58 -27 -5 -30 -35 -2 -24 -12 -46 -32
right_child=1 3 8 7 9 10 21 -9 12 13 25 28 14 27 -16 16 -18 35 19 37 -22 46 52 34 43 36 -28 31 55 -31 51 -33 42 56 -36 45 48 -39 39 -41 -42 -43 -44 -45 60 -47 -48 -49 -50 -51 -52 -53 -54 -55 -56 -57 -58 -59 -60 -61 -62 -63
leaf_value=-495.73029931329609 16.644648407865162 22.532575757825693 -363.23989067603179 870.90183852442033 211.08335152031859 125.40481595786984 648.80771581491706 1700.7576482738871 -65.382353890402271 231.76366835032073 261.71337125211147 -289.75276065157863 102.57330243497279 487.70710130423555 664.70769047803219 -54.111665600592552 356.90670125932832 -278.64609909563831 957.4873775337835 303.38765595993181 357.55514569256752 1058.5560570195894 -2.553253856696704 -181.44244621606362 309.79912940663729 26.459371433730954 612.76832322140956 832.64172029702945 -537.75540901929571 557.06718168904956 -170.51645265953562 1014.7066348140496 -660.4004943049066 255.66663481841204 24.381347194101618 -64.948453902166534 222.55157998081626 216.86132104822104 557.43818049969059 334.16702808746663 522.08409165111948 551.51955394847971 -587.61625859306525 225.75336612210415 -55.764790123248922 -180.03886237768634 838.75006359762403 605.93352642952129 362.43632328109436 494.40522834178665 40.08373701666833 -106.8563015022067 -42.566304262601406 188.07128644887837 1091.0813010519803 -425.95985869383895 433.46356483988239 147.37993969906736 161.328148688239 395.53194736038574 57.97761016086978 -246.13690268933996
leaf_weight=47 11.999999999999998 10.999999999999998 42 15.000000000000002 19 36 18 19 17 15 10.999999999999998 29 11.000000000000002 11.999999999999998 9.9999999999999982 46 20 21 11.000000000000002 10.000000000000002 10.999999999999998 20 10.000000000000002 30 12.000000000000002 11.999999999999998 14 10.000000000000002 48 11.999999999999998 32 11.999999999999998 139 11.000000000000002 26 72 28 10.999999999999998 9.9999999999999982 28 20 10.999999999999998 114 9.9999999999999982 26 30 11.999999999999998 13.999999999999998 25 19 60 18 35 24 9.9999999999999982 28 9.9999999999999982 27 10.999999999999998 37 18 81
leaf_count=47 12 11 42 15 19 36 18 19 17 15 11 29 11 12 10 46 20 21 11 10 11 20 10 30 12 12 14 10 48 12 32 12 139 11 26 72 28 11 10 28 20 11 114 10 26 30 12 14 25 19 60 18 35 24 10 28 10 27 11 37 18 81
internal_value=0.438388 284.767 -400.651 708.616 164.081 90.6864 555.239 1284.69 -152.575 494.587 214.165 -564.12 176.747 613.129 372.138 -3.30772 80.6504 -59.156 422.531 520.03 33.1627 861.662 106.223 -207.276 301.765 296.453 417.171 730.407 -440.222 751.889 -246.457 809.731 -607.323 205.657 -86.0082 -129.824 226.751 388.449 333.659 394.232 450.436 401.034 -627.85 376.443 45.5997 -98.9418 978.999 703.458 289.093 424.171 -0.805958 -208.767 4.82837 134.423 962.97 -497.181 341.985 107.299 83.647 365.473 -9.20778 -224.892
internal_weight=1620 948 672 210 738 604 166 44 267 134 261 405 38 77 21 343 137 206 116 64 117 50 113 229 52 148 29 48 105 23 173 36 300 57 56 123 89 41 57 38 30 59 253 41 83 102 32 24 53 31 106 131 56 36 25 76 21 39 21 48 44 113
internal_count=1620 948 672 210 738 604 166 44 267 134 261 405 38 77 21 343 137 206 116 64 117 50 113 229 52 148 29 48 105 23 173 36 300 57 56 123 89 41 57 38 30 59 253 41 83 102 32 24 53 31 106 131 56 36 25 76 21 39 21 48 44 113
is_linear=0
shrinkage=0.03


Tree=21
num_leaves=63
num_cat=0
split_feature=18 23 23 17 12 21 6 16 21 6 12 0 15 0 18 18 23 6 12 2 18 14 6 12 12 7 23 24 8 15 2 6 2 16 0 27 16 10 24 20 21 16 18 16 18 18 11 16 3 6 23 8 6 23 0 18 20 2 15 6 20 11
split_gain=1.9787e+11 4.95063e+10 2.82029e+10 2.27584e+10 1.93863e+10 8.67637e+09 5.6816e+09 4.99681e+09 4.17407e+09 3.60032e+09 3.14972e+09 2.39796e+09 2.07677e+09 1.79949e+09 1.70334e+09 1.405e+09 1.40295e+09 1.84843e+09 1.35891e+09 1.25562e+09 1.23119e+09 1.01654e+09 9.88168e+08 9.53011e+08 8.81994e+08 8.81733e+08 8.22254e+08 7.91948e+08 7.6374e+08 7.07623e+08 6.89202e+08 6.16709e+08 5.55926e+08 5.08316e+08 4.1778e+08 4.12877e+08 4.07893e+08 3.43623e+08 3.35678e+08 3.29535e+08 3.24023e+08 3.00454e+08 2.68757e+08 2.58344e+08 2.42809e+08 2.38597e+08 2.37181e+08 2.17723e+08 2.13662e+08 2.09729e+08 2.00294e+08 1.91786e+08 1.71359e+08 1.69639e+08 1.65195e+08 1.61282e+08 1.59749e+08 3.76864e+08 1.41227e+08 1.3455e+08 1.22167e+08 1.14489e+08
threshold=43515.05000000001 80540.469230769246 26535.988461538465 0.041245326282528236 1.0297193875575261 61770.23750000001 1.0000000180025095e-35 -1.0000000180025095e-35 61444.850000000006 1.0000000180025095e-35 1.1224489793650323 57604.375000000007 -6014.7750000000005 57366.875000000007 106497.85000000002 59514.000000000007 51540.996153846158 1.0000000180025095e-35 0.97168539304328594 46852.500000000007 33738.850000000006 0.25440806040471847 1.0000000180025095e-35 1.1814593759708412 1.0514285711807085 -0.24999999999999997 44678.207692307704 44240.945000000007 0.93301270189221952 -9899.6333333333296 51890.625000000007 1.0000000180025095e-35 51890.625000000007 0.0037543201186628354 43160.700000000004 1.0000000180025095e-35 0.0037543201186628354 -0.060268340127661524 42768.42500000001 34107.200000000004 69242.625000000015 0.0050505372572776661 26300.050000000007 0.0050251573518178558 57016.650000000001 38172.30000000001 0.94696969682937071 0.0049140049140049555 54281.875000000007 1.0000000180025095e-35 61477.526923076934 1.0000000180025095e-35 1.0000000180025095e-35 88931.030769230783 51643.150000000009 37631.55000000001 66693.750000000015 61250.000000000007 -1213.1200000000024 1.0000000180025095e-35 63299.650000000001 0.94323144084000765
decision_type=2 2 2 2 2 2 2 2 2 2 2 2 2 2 2 2 2 2 2 2 2 2 2 2 2 2 2 2 2 2 2 2 2 2 2 2 2 2 2 2 2 2 2 2 2 2 2 2 2 2 2 2 2 2 2 2 2 2 2 2 2 2
left_child=2 3 12 5 14 16 11 22 18 28 13 -6 29 -8 -3 -10 31 25 -5 50 42 -13 45 27 51 60 -24 -19 40 -1 -26 36 58 -27 59 38 -2 -15 -20 -33 41 -7 -9 47 -40 -4 53 55 -42 -31 -11 -21 -36 -23 -41 -22 57 -34 -17 -14 -18 -45
right_child=1 4 7 8 6 9 10 20 15 19 -12 21 34 37 -16 32 17 23 35 24 43 46 26 -25 30 33 -28 -29 -30 49 -32 39 56 -35 52 -37 -38 -39 44 54 48 -43 -44 61 -46 -47 -48 -49 -50 -51 -52 -53 -54 -55 -56 -57 -58 -59 -60 -61 -62 -63
leaf_value=-304.88966431150396 -39.583779597711789 1185.2480012376234 -110.79055664062497 670.77695498127582 22.526350996687604 129.28484316195363 583.00744730430074 -421.2395080498963 369.32834211594985 57.165769657111298 457.90662533967384 710.42559491459622 -659.11029832304382 881.58086359797335 1718.1772738742234 713.78597501547006 97.122459625699605 78.005018838418508 140.76480141884039 129.60591851387315 -222.24791607556745 576.79019937345277 92.056028095001849 57.773416839824826 270.80355564580896 -2.3169767020640775 438.64210825327274 382.33203697467673 -85.403470512095069 -535.06640027623371 437.32867385007017 -98.274402946396108 992.95788646941469 -150.03924079816363 -586.43350165584081 462.22656398747927 -209.86001018488514 1113.4228870330458 278.0729281773518 -9.2883254413693948 229.13447904040956 -31.433871073278581 -286.37943138780929 -346.19412786200479 452.83606977103955 83.285247005047182 307.60612363200539 -45.921650156873341 74.401324974266259 -441.00603983439368 219.42500952350204 270.6409987871163 -502.09283359028552 412.50041533580799 93.136462457002082 -148.91765912147136 708.45966970915845 740.13023050103311 532.41259552908423 -596.4361305758988 226.15789038327659 -201.7091410209037
leaf_weight=25 21 10.000000000000002 13.000000000000002 11.999999999999998 10.999999999999998 30 9.9999999999999982 18 9.9999999999999982 16.000000000000004 15.999999999999998 15.999999999999998 90 10.999999999999995 15.999999999999998 10.000000000000002 20.000000000000004 10.999999999999998 11.999999999999998 12.999999999999998 39 10.000000000000002 14.000000000000002 27 32 75 10.999999999999998 26 18 46 80 30 14.000000000000002 29 61 14.999999999999998 32 26.000000000000004 29 48 31 15.999999999999998 59 10.000000000000002 9.9999999999999982 9.9999999999999982 11.999999999999998 13.999999999999998 10.999999999999998 50 11.999999999999998 28 45 18 20 93 9.9999999999999982 11.999999999999998 9.9999999999999982 75 9.9999999999999982 10.999999999999998
leaf_count=25 21 10 13 12 11 30 10 18 10 16 16 16 90 11 16 10 20 11 12 13 39 10 14 27 32 75 11 26 18 46 80 30 14 29 61 15 32 26 29 48 31 16 59 10 10 10 12 14 11 50 12 28 45 18 20 93 10 12 10 75 10 11
internal_value=0.452364 283.869 -387.366 186.243 771.57 109.094 621.125 -164.087 526.672 231.253 825.778 427.746 -553.602 949.772 1518.53 702.399 8.59948 61.1136 377.271 312.541 -219.118 507.161 115.525 193.61 346.347 -2.26538 245.694 292.311 92.2858 -449.329 390.034 -60.2549 761.111 -43.6134 -599.977 322.972 -142.594 1047.06 281.19 -15.6247 128.687 73.4357 -318.411 -173.173 323.928 -26.4144 424.286 -158.806 188.882 -486.587 127.239 226.347 -551.136 473.019 20.9291 -170.735 834.12 879.551 626.199 -631.001 140.743 -271.826
internal_weight=1620 936 684 780 156 636 130 292 144 287 63 67 392 47 26 66 349 198 78 181 244 56 48 64 153 134 25 37 106 121 112 151 56 104 271 66 53 37 51 98 88 46 77 167 39 23 40 146 42 96 28 41 106 28 68 132 36 26 20 165 30 21
internal_count=1620 936 684 780 156 636 130 292 144 287 63 67 392 47 26 66 349 198 78 181 244 56 48 64 153 134 25 37 106 121 112 151 56 104 271 66 53 37 51 98 88 46 77 167 39 23 40 146 42 96 28 41 106 28 68 132 36 26 20 165 30 21
is_linear=0
shrinkage=0.03


Tree=22
num_leaves=63
num_cat=0
split_feature=18 23 18 5 11 21 18 16 21 6 18 18 6 18 23 6 2 6 4 18 15 2 16 16 7 27 2 18 18 6 9 2 16 7 23 18 21 16 6 22 20 2 20 21 14 13 16 18 18 3 23 13 0 20 2 23 20 18 2 21 16 18
split_gain=1.86218e+11 4.66004e+10 2.65604e+10 2.14257e+10 1.77334e+10 8.16467e+09 5.43101e+09 4.63061e+09 3.93006e+09 3.38799e+09 3.05898e+09 1.92245e+09 1.85976e+09 1.32257e+09 1.32038e+09 1.73956e+09 1.18133e+09 1.17791e+09 1.28083e+09 1.09398e+09 9.2629e+08 9.11278e+08 8.58521e+08 8.32769e+08 8.29963e+08 8.29713e+08 7.49467e+08 7.32407e+08 6.9632e+08 5.80391e+08 5.47291e+08 5.23136e+08 4.78377e+08 4.02588e+08 3.91685e+08 4.41787e+08 3.8674e+08 3.83851e+08 3.41022e+08 3.37359e+08 3.29672e+08 3.20501e+08 3.10132e+08 3.06224e+08 2.96134e+08 2.51044e+08 2.42451e+08 2.40577e+08 2.24615e+08 1.91012e+08 1.88561e+08 1.67516e+08 1.55477e+08 1.50241e+08 3.54652e+08 1.26149e+08 1.15044e+08 1.09147e+08 1.04754e+08 1.03359e+08 9.31183e+07 9.28344e+07
threshold=43515.05000000001 80540.469230769246 28020.850000000002 1.0000000180025095e-35 0.8718915436893222 61770.23750000001 90719.950000000012 -1.0000000180025095e-35 61444.850000000006 1.0000000180025095e-35 104210.00000000001 15226.050000000001 1.0000000180025095e-35 59514.000000000007 51540.996153846158 1.0000000180025095e-35 46852.500000000007 1.0000000180025095e-35 38408.750000000007 73508.35000000002 -5930.2083333333312 60701.875000000007 -1.0000000180025095e-35 0.05017507414820211 -0.24999999999999997 1.0000000180025095e-35 56840.000000000007 37061.05000000001 62314.950000000004 1.0000000180025095e-35 -0.35460488704253573 51890.625000000007 0.0037543201186628354 -0.93301270189221919 47531.580769230779 54543.700000000004 69242.625000000015 0.0037543201186628354 1.0000000180025095e-35 9635.9362825713306 80863.300000000017 62500.000000000007 34107.200000000004 21224.912500000002 0.20948616596859607 0.99859296457813607 0.0050505372572776661 21334.200000000001 38172.30000000001 54281.875000000007 61477.526923076934 1.0786516851508634 51643.150000000009 66693.750000000015 61250.000000000007 54725.273076923077 63299.650000000001 52055.200000000004 51256.875000000007 12041.5375 0.0050251573518178558 79169.450000000012
decision_type=2 2 2 2 2 2 2 2 2 2 2 2 2 2 2 2 2 2 2 2 2 2 2 2 2 2 2 2 2 2 2 2 2 2 2 2 2 2 2 2 2 2 2 2 2 2 2 2 2 2 2 2 2 2 2 2 2 2 2 2 2 2
left_child=2 3 11 5 10 14 19 17 20 30 -3 44 46 -10 29 24 50 48 -19 -6 -5 -14 47 27 56 26 -17 -9 -18 37 -7 45 -26 -30 57 55 39 -2 41 -32 -23 -21 -31 60 58 -15 -8 -13 -4 -38 -11 -27 -44 54 -33 -36 -16 -22 -1 -46 -24 -43
right_child=1 4 7 8 6 9 12 23 13 16 -12 22 21 31 15 25 28 18 -20 38 34 40 43 -25 32 51 -28 -29 33 42 36 53 -34 -35 35 -37 49 -39 -40 -41 -42 61 52 -45 59 -47 -48 -49 -50 -51 -52 -53 -54 -55 -56 -57 -58 -59 -60 -61 -62 -63
leaf_value=-560.63723486620506 -38.401894442481449 1024.7655210092903 -107.49221234736548 578.31466285958209 188.89308697616841 -92.26023847507156 660.54282642326712 -250.58940959408721 358.3581918123453 55.461448974609361 1687.6186602247806 -372.83207061068691 647.79974292652025 718.62587097772246 94.223282233850256 42.547351153509133 133.07212843874669 29.437576217651355 488.59933823766784 301.83014018750373 272.00149206283237 859.40159270671586 -487.06412997487291 -415.75820846273285 -2.2475596191975153 432.17976272431912 338.05367932008039 -141.49022963381327 261.23950478241824 -95.33596536224465 129.8225612919093 963.3804222074466 -145.55353366655171 384.46426922624516 348.79487672107041 477.75818103730364 217.92526951584858 -203.58382095123002 621.45872202280407 -26.301333115813019 1073.790156034185 419.30975866336615 -9.0102554958129364 -418.17243267606551 -636.13495635688105 490.5568898901609 443.86286515519424 -179.48275816221494 80.811429032429615 72.189394127098296 212.89665975271177 256.93209749788849 90.356268820691469 687.41631903620055 718.10983245092973 194.04233983408108 219.4403337716584 139.7325645401454 -471.16737477022059 -579.78592785298588 -559.07883413461536 562.27743243243242
leaf_weight=50 21 11.000000000000002 13.000000000000002 14.999999999999998 17 12.999999999999998 10.000000000000002 103 9.9999999999999982 16.000000000000004 17 13.000000000000002 10.999999999999998 10.000000000000002 20.000000000000004 33 13.999999999999998 10.000000000000002 11.999999999999998 12.999999999999998 14.000000000000002 15.999999999999998 54 15.999999999999998 75 10.000000000000002 9.9999999999999982 121 32 30 27 14.000000000000002 29 107 10.000000000000002 19 32 32 10.999999999999998 23 18 10.000000000000002 48 48 92 9.9999999999999982 10.999999999999998 10.999999999999998 9.9999999999999982 10.999999999999998 11.999999999999998 10.999999999999998 20 9.9999999999999982 11.999999999999998 9.9999999999999982 9.9999999999999982 9.9999999999999982 22 74 35 10.999999999999998
leaf_count=50 21 11 13 15 17 13 10 103 10 16 17 13 11 10 20 33 14 10 12 13 14 16 54 16 75 10 10 121 32 30 27 14 29 107 10 19 32 32 11 23 18 10 48 48 92 10 11 11 10 11 12 11 20 10 12 10 10 10 22 74 35 11
internal_value=0.459835 275.405 -375.766 180.687 748.576 105.831 598.122 -154.495 510.998 224.333 1431.79 -533.739 787.608 681.511 8.34515 59.2906 303.187 124.555 280.967 395.468 366.03 897.174 -452.913 -206.847 -2.1936 187.826 111.895 -191.746 335.978 -58.4525 89.5262 738.475 -42.3093 356.304 314.649 373.602 115.009 -138.33 472.915 58.0964 975.718 423.176 -15.1564 -482.042 -588.202 607.599 549.685 -285.326 -25.6255 180.898 123.451 342.036 20.3049 809.299 853.364 272.769 136.553 217.698 -533.991 -611.38 -515.98 496.508
internal_weight=1620 936 684 780 156 636 128 285 144 287 28 399 66 66 349 198 181 45 22 62 78 45 161 240 134 64 43 224 153 151 106 56 104 139 63 39 93 53 45 50 34 34 98 137 238 20 21 24 23 43 28 21 68 36 26 20 30 24 72 166 89 21
internal_count=1620 936 684 780 156 636 128 285 144 287 28 399 66 66 349 198 181 45 22 62 78 45 161 240 134 64 43 224 153 151 106 56 104 139 63 39 93 53 45 50 34 34 98 137 238 20 21 24 23 43 28 21 68 36 26 20 30 24 72 166 89 21
is_linear=0
shrinkage=0.03


Tree=23
num_leaves=63
num_cat=0
split_feature=18 21 21 14 17 18 16 18 16 16 18 18 16 16 18 18 14 22 2 18 18 21 15 20 22 16 4 16 18 16 18 18 18 14 16 16 18 17 18 21 16 16 18 16 18 14 0 20 21 24 9 15 18 20 16 18 11 23 20 20 18 13
split_gain=1.75264e+11 4.19523e+10 2.98243e+10 2.20609e+10 1.10993e+10 9.64356e+09 5.11625e+09 5.02306e+09 3.39157e+09 2.89172e+09 2.49457e+09 2.32869e+09 1.77185e+09 1.67612e+09 1.48966e+09 1.43626e+09 1.41221e+09 1.37045e+09 1.24183e+09 9.89712e+08 9.51987e+08 7.34769e+08 7.28318e+08 6.06194e+08 5.8863e+08 5.82651e+08 5.55314e+08 4.54677e+08 4.46963e+08 4.13363e+08 4.09774e+08 3.856e+08 3.70946e+08 3.29193e+08 3.10922e+08 2.61328e+08 2.58984e+08 2.5237e+08 2.51834e+08 2.36149e+08 2.23694e+08 2.0919e+08 1.27678e+08 1.43785e+08 1.15448e+08 1.09945e+08 1.07309e+08 9.38007e+07 7.52037e+07 6.72642e+07 6.64215e+07 6.5483e+07 6.52709e+07 6.2862e+07 6.06176e+07 6.67076e+07 4.68089e+07 3.63298e+07 3.45755e+07 3.35127e+07 2.91483e+07 2.63927e+07
threshold=46176.650000000009 95185.900000000023 30881.712500000005 0.21717973125094933 0.075411471307569006 69246.750000000015 -0.040941482945758438 68157.550000000017 0.0050505372572776661 0.05017507414820211 56701.80000000001 21334.200000000001 -1.0000000180025095e-35 -0.075399971249820216 96709.700000000012 77771.35000000002 0.2798053527463355 10834.934566728369 51256.875000000007 55728.200000000004 37061.05000000001 105242.65000000002 -6014.7750000000005 54050.250000000007 18374.23406570682 -1.0000000180025095e-35 53795.000000000007 0.086956521739130502 112238.65000000001 0.05017507414820211 50188.150000000009 73724.550000000017 64599.80000000001 0.24938271600328019 0.0050505372572776661 0.0037543201186628354 12077.150000000001 0.079999999983956085 58518.350000000006 44421.575000000004 -1.0000000180025095e-35 0.0037543201186628354 41667.000000000007 0.0049140049140049555 10854.200000000003 0.24087591236571201 59048.125000000007 58561.80000000001 52723.98750000001 43442.975000000006 0.17992617227144045 -9129.6999999999989 28020.850000000002 53237.600000000013 0.0049140049140049555 33738.850000000006 0.97465346515731721 46724.053846153853 72853.900000000009 47733.150000000009 45231.650000000001 0.92129629607756358
decision_type=2 2 2 2 2 2 2 2 2 2 2 2 2 2 2 2 2 2 2 2 2 2 2 2 2 2 2 2 2 2 2 2 2 2 2 2 2 2 2 2 2 2 2 2 2 2 2 2 2 2 2 2 2 2 2 2 2 2 2 2 2 2
left_child=2 3 11 7 16 9 18 13 15 10 12 22 56 19 29 35 21 -9 39 47 45 -3 44 33 40 -13 46 -16 -23 -10 -14 -31 -25 -12 42 53 -24 -21 59 50 -19 52 43 57 -1 61 -17 -2 -40 -38 -4 -46 -27 -7 55 -47 -5 -22 60 -11 -44 -8
right_child=1 4 6 5 -6 8 20 17 14 38 23 25 30 -15 27 26 -18 24 -20 37 34 28 36 32 -26 41 -28 -29 -30 31 -32 -33 -34 -35 -36 -37 49 -39 48 -41 -42 -43 58 -45 51 54 -48 -49 -50 -51 -52 -53 -54 -55 -56 -57 -58 -59 -60 -61 -62 -63
leaf_value=-558.81672326962814 423.98893661045776 628.655772169682 73.244122890756131 327.4059435530732 1558.8237221858637 318.23808360904138 -342.04016166460383 1096.422887941317 241.8079836868821 -255.41369537051352 386.00552545915565 -167.70941034994834 -31.004495634579175 103.48888952334066 462.355670230263 434.53488867954434 433.16077914529592 764.06564897896044 464.08285146581062 731.06581611570232 -177.91945404773622 747.6516764120729 -601.38959001852629 120.74998657226564 910.5634110278927 -372.23453444036352 749.42033551206691 223.79729697191075 979.19322469682822 -77.272564321470654 51.656650730902115 111.9530433645462 260.05507363159728 223.42014085036058 -248.64705192776668 205.30975608132101 -565.5776547877673 532.14556912251658 -31.107150351416983 186.95523307975012 566.28886039402164 -457.01501271802329 -110.06484782094343 -35.453674848197707 -402.96064756598599 -276.87547436242812 556.31291888297881 293.73577372077762 -121.13381184043683 -511.13015489991363 -31.021504546816988 -473.24362284757655 -273.22442015392943 380.11779747890165 -167.34868366647274 -209.73859252560891 236.39736715521693 -133.71169707088526 -35.20229261341661 -174.38487542229728 -65.392241939715475 -271.84326787978563
leaf_weight=11.999999999999998 10.000000000000002 17 12.000000000000002 12.000000000000002 19 28 10.000000000000002 12.999999999999998 17 10.000000000000002 17 11.999999999999998 104 11.999999999999998 17.000000000000004 19 11.999999999999998 9.9999999999999982 9.9999999999999982 12.000000000000002 38 15.999999999999998 134 80 11.999999999999998 25 9.9999999999999982 12.999999999999998 20 11.999999999999998 112 49 22 35 18 11.999999999999998 56 14.999999999999998 14.999999999999998 12.999999999999998 16.000000000000004 30 42 9.9999999999999982 25 26 13.999999999999998 12.999999999999998 19 65 9.9999999999999982 44 9.9999999999999982 51 13.999999999999998 33 11.999999999999998 34 9.9999999999999982 10.999999999999998 20 19
leaf_count=12 10 17 12 12 19 28 10 13 17 10 17 12 104 12 17 19 12 10 10 12 38 16 134 80 12 25 10 13 20 12 112 49 22 35 18 12 56 15 15 13 16 30 42 10 25 26 14 13 19 65 10 44 10 51 14 33 12 34 10 11 20 19
internal_value=0.468606 283.763 -343.192 217.045 921.329 153.446 -125.248 605.473 306.065 71.1389 99.5869 -511.46 39.0886 422.927 180.711 406.887 732.876 826.131 170.938 499.232 -173.936 799.793 -545.659 193.784 731.027 -361.713 550.181 360.067 878.642 111.355 11.8609 74.6627 151.021 277.212 -130.741 338.647 -570.952 622.926 -132.463 86.0983 644.993 -397.217 -116.808 -142.465 -465.426 -246.574 487.723 351.958 -81.624 -536.775 25.9246 -448.399 -344.805 358.616 -226.107 -239.743 283.071 -157.258 -87.4294 -213.998 -95.7829 -297.141
internal_weight=1620 888 732 804 84 691 319 113 242 449 394 413 240 62 108 134 65 51 45 50 274 53 336 154 38 77 43 30 36 78 216 61 102 52 172 91 255 27 55 35 26 65 154 82 81 102 33 23 34 121 22 69 35 79 73 59 24 72 72 21 62 29
internal_count=1620 888 732 804 84 691 319 113 242 449 394 413 240 62 108 134 65 51 45 50 274 53 336 154 38 77 43 30 36 78 216 61 102 52 172 91 255 27 55 35 26 65 154 82 81 102 33 23 34 121 22 69 35 79 73 59 24 72 72 21 62 29
is_linear=0
shrinkage=0.03


Tree=24
num_leaves=63
num_cat=0
split_feature=18 23 12 17 14 21 21 16 21 6 18 15 17 23 6 8 12 18 8 6 12 4 8 12 18 2 12 11 15 7 6 6 2 0 16 18 11 18 2 16 6 11 16 18 21 14 16 16 8 17 18 6 0 18 7 6 8 7 15 21 0 24
split_gain=1.64974e+11 4.14713e+10 2.3548e+10 1.90385e+10 1.6955e+10 7.89849e+09 4.54482e+09 4.02845e+09 3.54801e+09 2.21909e+09 2.1682e+09 2.1009e+09 1.79899e+09 1.70777e+09 2.13279e+09 1.45685e+09 1.17389e+09 1.16971e+09 1.14481e+09 1.03898e+09 1.02471e+09 1.01803e+09 8.86723e+08 8.47316e+08 7.90453e+08 7.84143e+08 9.20497e+08 7.28949e+08 7.10291e+08 6.00436e+08 5.36185e+08 5.21214e+08 4.49639e+08 3.99526e+08 3.92603e+08 3.94933e+08 3.40966e+08 3.48909e+08 3.40385e+08 3.31387e+08 2.88103e+08 2.54365e+08 2.04688e+08 2.00543e+08 1.92705e+08 1.90397e+08 1.80652e+08 1.97646e+08 1.71848e+08 1.56305e+08 2.77399e+08 1.53907e+08 1.45e+08 1.42574e+08 1.33071e+08 1.23294e+08 1.20257e+08 1.20148e+08 1.17433e+08 1.17411e+08 1.06066e+08 8.9847e+07
threshold=43515.05000000001 82097.876923076925 0.96339622623688459 0.041245326282528236 0.24296675187449793 65651.60000000002 95185.900000000023 -1.0000000180025095e-35 61444.850000000006 1.0000000180025095e-35 104210.00000000001 -6096.4249999999984 0.07545679011077143 51540.996153846158 1.0000000180025095e-35 0.6830127018922193 0.97168539304328594 59514.000000000007 0.93301270189221952 1.0000000180025095e-35 1.1814593759708412 38408.750000000007 0.93301270189221952 1.2022471907383376 33738.850000000006 48941.750000000007 1.0514285711807085 0.9438202245111641 -9899.6333333333296 -0.24999999999999997 1.0000000180025095e-35 1.0000000180025095e-35 51890.625000000007 43160.700000000004 0.0050505372572776661 66358.60000000002 0.80274509788022386 54543.700000000004 51890.625000000007 0.0037543201186628354 1.0000000180025095e-35 0.87254901943928254 -1.0000000180025095e-35 38172.30000000001 69519.050000000017 0.26717557247022694 0.0050251573518178558 0.0049140049140049555 1.0000000180025095e-35 0.079999999983956085 74518.60000000002 1.0000000180025095e-35 39701.55000000001 40574.200000000004 -0.6830127018922193 1.0000000180025095e-35 1.0000000180025095e-35 0.25000000000000011 -1213.1200000000024 30881.712500000005 49116.875000000007 52010.125000000007
decision_type=2 2 2 2 2 2 2 2 2 2 2 2 2 2 2 2 2 2 2 2 2 2 2 2 2 2 2 2 2 2 2 2 2 2 2 2 2 2 2 2 2 2 2 2 2 2 2 2 2 2 2 2 2 2 2 2 2 2 2 2 2 2
left_child=2 3 11 5 10 13 18 19 16 22 -3 28 -12 30 23 31 -5 -10 -6 43 27 -21 34 29 59 -11 48 -16 60 -15 39 -8 58 55 35 -7 -18 54 -28 -2 -30 57 -39 -4 -36 -43 47 53 -27 -34 -51 -35 -42 -26 -38 -13 -33 -32 -19 -9 -1 -22
right_child=1 4 7 8 6 9 15 24 17 25 12 33 -14 14 20 -17 36 32 -20 21 61 -23 -24 -25 46 26 38 -29 40 -31 41 56 49 51 44 -37 37 42 -40 -41 52 45 -44 -45 -46 -47 -48 -49 -50 50 -52 -53 -54 -55 -56 -57 -58 -59 -60 -61 -62 -63
leaf_value=-341.19425210782782 -35.909920514002792 959.92851271609049 -105.09180827919761 617.25149050878088 401.16032755643528 166.0860287791285 657.37587036941227 -353.59917140935426 337.1603102761448 156.53405138037667 1116.550652459777 -602.91470531874302 1673.8488896276594 139.38695026148142 185.07959148454546 465.94449776785706 130.90644294361076 650.96816096844032 63.470882271695729 28.743327470533909 13.956407127199578 430.99831595617394 -93.160101674060954 -247.28334195523647 -177.93172437548773 113.86456500570283 263.99627917547906 407.57301422574631 -491.85140222249169 -6.9439486547368352 -120.14307300049794 783.42851639851472 867.03278241131773 -533.53176060267856 -25.39403819773456 388.63402914217204 321.67655873932461 493.27055537332996 411.64850229140325 -187.60183102425941 -449.58554191930972 94.253978765151061 305.42888671874999 72.844329882329049 134.26640270884002 -14.955632235116331 -243.40446000184059 -37.073339921667227 255.30170967671404 618.79455235830733 832.36514885979739 -457.94359860414625 -340.52228597266878 -110.71796224713601 198.19275262129926 -543.58882802097196 957.38231803183226 -7.7602573078236681 485.57201790686878 -255.60812695854034 -215.58869712534525 116.66796264900648
leaf_weight=10.000000000000002 21 13.999999999999998 13.000000000000002 11.999999999999998 37 26 14.999999999999998 14.999999999999998 9.9999999999999982 26 10.000000000000002 90 13.999999999999998 32 40 15.999999999999998 9.9999999999999982 10.000000000000002 11.999999999999998 10.000000000000002 21 12.999999999999998 14.999999999999998 10.999999999999998 88 12.999999999999998 18 20 45 118 22 10.000000000000002 10.999999999999998 65 10.000000000000002 9.9999999999999982 15.999999999999995 13.000000000000002 79 34 20 22 9.9999999999999982 9.9999999999999982 21 41 19 13.999999999999998 20 16.000000000000004 10.999999999999998 51 31 43 17.000000000000004 75 15.999999999999998 13.999999999999998 9.9999999999999982 54 18 11.999999999999998
leaf_count=10 21 14 13 12 37 26 15 15 10 26 10 90 14 32 40 16 10 10 12 10 21 13 15 11 88 13 18 20 45 118 22 10 11 65 10 10 16 13 79 34 20 22 10 10 21 41 19 14 20 16 11 51 31 43 17 75 16 14 10 54 18 12
internal_value=0.47048 259.258 -353.646 174.06 727.405 104.096 531.627 -141.497 483.34 241.404 1270.69 -499.723 1447.24 23.9605 71.7413 713.74 344.503 641.855 318.759 114.868 186.037 256.987 114.858 5.64488 -192.137 307.806 337.916 259.799 -396.113 24.3454 -54.8422 809.072 693.717 -545.286 161.499 228.81 294.053 322.901 384.549 -129.853 -435.062 -13.0802 413.276 -27.7477 82.8469 23.2699 -156.121 -144.524 200.096 756.586 708.555 -500.722 -384.088 -155.97 258.855 -576.294 893.735 -76.5813 571.097 -277.391 -261.503 51.5458
internal_weight=1620 936 684 792 144 646 106 279 146 238 38 405 24 408 254 57 78 68 49 46 93 23 82 161 233 156 130 60 124 150 154 41 58 281 67 36 66 56 97 55 96 99 23 23 31 63 164 145 33 38 27 116 51 131 33 165 26 36 20 69 28 33
internal_count=1620 936 684 792 144 646 106 279 146 238 38 405 24 408 254 57 78 68 49 46 93 23 82 161 233 156 130 60 124 150 154 41 58 281 67 36 66 56 97 55 96 99 23 23 31 63 164 145 33 38 27 116 51 131 33 165 26 36 20 69 28 33
is_linear=0
shrinkage=0.03


Tree=25
num_leaves=63
num_cat=0
split_feature=21 23 21 5 12 21 8 16 21 21 8 23 8 8 23 2 23 9 12 17 8 7 2 14 23 19 7 14 12 21 22 23 7 22 14 7 23 21 14 2 8 9 7 0 21 8 23 17 8 0 23 7 9 8 16 9 23 16 22 21 12 22
split_gain=1.51703e+11 4.01128e+10 2.23641e+10 1.73696e+10 1.54389e+10 7.20768e+09 4.59905e+09 3.96907e+09 3.85909e+09 2.96026e+09 1.945e+09 1.83912e+09 1.56713e+09 1.48203e+09 1.26016e+09 1.04309e+09 9.59844e+08 9.01999e+08 8.70582e+08 8.25987e+08 7.83242e+08 8.03468e+08 7.5751e+08 7.1408e+08 6.76467e+08 6.38048e+08 6.00797e+08 4.77214e+08 4.28026e+08 4.06703e+08 4.02522e+08 3.96751e+08 3.90169e+08 3.81663e+08 4.46144e+08 4.31099e+08 3.06965e+08 3.03296e+08 2.39114e+08 2.28987e+08 2.04366e+08 1.98402e+08 1.94944e+08 1.88022e+08 1.87475e+08 1.82093e+08 1.78516e+08 1.66056e+08 1.97173e+08 1.33357e+08 1.32742e+08 1.30891e+08 1.10643e+08 2.16846e+08 1.1044e+08 1.10282e+08 9.53594e+07 9.49141e+07 9.37857e+07 8.41411e+07 7.78821e+07 7.27118e+07
threshold=44665.812500000007 80540.469230769246 30881.712500000005 1.0000000180025095e-35 1.0297193875575261 61770.23750000001 0.93301270189221952 -0.040941482945758438 61444.850000000006 95185.900000000023 0.93301270189221952 16901.850000000002 0.6830127018922193 0.93301270189221952 98090.592307692321 47258.250000000007 51227.934615384627 0.35460488704253579 0.97168539304328594 0.0010234886395476695 1.0000000180025095e-35 1.0000000180025095e-35 53831.875000000007 0.25440806040471847 65469.053846153845 106497.85000000002 0.93301270189221952 0.17388612090385749 1.0514285711807085 36710.037500000006 7766.9183557587348 61188.596153846163 -0.6830127018922193 24737.018531749356 0.2506329113478229 -0.6830127018922193 43869.192307692319 69923.362500000017 0.19526098129531513 45253.125000000007 0.93301270189221952 -0.35460488704253573 1.0000000180025095e-35 45253.125000000007 10946.112500000001 1.0000000180025095e-35 23002.84615384616 0.079999999984114015 1.0000000180025095e-35 56603.750000000007 59876.080769230779 0.25000000000000011 0.46472317204376884 0.93301270189221952 0.0051020740191197742 0.06026834012766185 12936.61153846154 0.0048899755501222728 12397.728458434989 50027.287500000013 1.1171428568801482 5617.2952447916568
decision_type=2 2 2 2 2 2 2 2 2 2 2 2 2 2 2 2 2 2 2 2 2 2 2 2 2 2 2 2 2 2 2 2 2 2 2 2 2 2 2 2 2 2 2 2 2 2 2 2 2 2 2 2 2 2 2 2 2 2 2 2 2 2
left_child=2 3 11 5 14 13 9 12 18 23 15 27 41 16 -3 39 43 24 -5 40 21 -17 37 -6 -18 -8 -19 56 -22 54 45 -15 36 34 -11 -36 -20 -10 59 -7 46 -4 -25 58 -29 55 -13 -24 -49 -45 -41 -47 53 57 -9 -31 -1 -32 -2 -34 -38 -21
right_child=1 4 7 8 6 10 25 29 22 33 -12 19 -14 31 -16 20 17 26 32 61 28 -23 47 42 -26 -27 -28 44 -30 30 52 -33 38 -35 35 -37 60 -39 -40 50 -42 -43 -44 49 -46 51 -48 48 -50 -51 -52 -53 -54 -55 -56 -57 -58 -59 -60 -61 -62 -63
leaf_value=-472.9359580428287 -101.00921060744363 1121.7480124343986 121.88544754406637 561.030622096706 695.49018680383665 5.0341015974856216 -7.8630635813120229 -214.19614199045699 404.62301901709941 859.0085542022515 -82.665908731489026 -444.46347805314332 462.90955284324855 -272.69340145410666 1569.9821958492366 256.33036046388344 102.59882973639975 -31.457273863748195 212.8891268467666 -286.57779692237045 208.74641403328658 83.794955588013579 832.4886426748144 486.81160372064915 362.97530969600865 314.46045938027873 163.60776377627721 -583.79825761490758 333.47114960319777 -89.78116682525372 -53.545476678527208 -78.492589347000518 206.21643216274745 921.03382450331128 788.2592366976354 525.3584017619678 477.79339263091197 606.88274102393621 123.55558595891581 62.125042591661497 -522.52827419420805 -46.656910288570487 350.44713405245074 13.59329190596509 -522.03015692518466 -100.72516885293493 -349.62571334696258 564.14194844395638 745.87452969784772 -90.40882718999336 205.87730915475399 48.583080800877937 -276.706136239035 -286.2654180743242 -323.36588030824566 -162.39598404329348 -374.8250556282722 -184.68621963954206 -3.6840322298616979 329.17480291193181 349.14205919322399 -186.40330737964527
leaf_weight=25 47 13.000000000000002 12 10.999999999999998 9.9999999999999982 18 11.000000000000002 67 15.000000000000002 15.999999999999998 20 51 10.999999999999998 19 12.999999999999998 60 83 84 10.000000000000002 20.000000000000004 35 41 9.9999999999999982 18 9.9999999999999982 10.999999999999998 17 77 91 35 10.000000000000002 19 10.000000000000002 14.999999999999998 10.999999999999996 14.000000000000004 11.000000000000002 13.999999999999998 17 10.000000000000002 19 13 24 52 159 11.000000000000002 32 12.000000000000002 14.999999999999998 13.999999999999998 13.999999999999998 9.9999999999999982 17 11.000000000000002 9.9999999999999982 42 19 9.9999999999999982 10.999999999999998 11.999999999999998 9.9999999999999982 10.999999999999998
leaf_count=25 47 13 12 11 10 18 11 67 15 16 20 51 11 19 13 60 83 84 10 20 35 41 10 18 10 11 17 77 91 35 10 19 10 15 11 14 11 14 17 10 19 13 24 52 159 11 32 12 15 14 14 10 17 11 10 42 19 10 11 12 10 11
internal_value=0.475474 244.888 -344.306 158.234 684.441 91.1286 550.189 -125.695 452.413 630.679 202.406 -481.337 166.258 0.762447 1351.02 223.624 21.9402 63.5969 313.022 -388.765 249.034 186.443 622.751 466.056 130.956 153.992 1.50478 -525.154 299.018 -172.88 -143.264 -176.054 273.304 782.44 729.617 643.715 353.056 504.016 209.172 86.0203 -430.121 34.4066 409.907 -43.2311 -542.422 -108.212 -408.364 714.204 667.484 -8.57112 146.487 -29.7326 -214.457 -179.54 -228.775 -129.549 -431.516 -119.709 -82.5891 274.471 418.476 -251.746
internal_weight=1620 948 672 792 156 645 130 259 147 108 289 413 36 356 26 269 318 194 81 133 227 101 66 52 93 22 101 280 126 223 146 38 70 56 41 25 31 29 39 42 102 25 42 124 236 98 83 37 27 66 24 21 48 31 77 77 44 20 58 22 21 31
internal_count=1620 948 672 792 156 645 130 259 147 108 289 413 36 356 26 269 318 194 81 133 227 101 66 52 93 22 101 280 126 223 146 38 70 56 41 25 31 29 39 42 102 25 42 124 236 98 83 37 27 66 24 21 48 31 77 77 44 20 58 22 21 31
is_linear=0
shrinkage=0.03


Tree=26
num_leaves=63
num_cat=0
split_feature=21 23 12 5 14 21 21 5 21 6 21 1 1 8 8 10 22 8 24 6 6 8 21 13 14 24 12 23 6 11 1 6 21 22 21 22 6 23 10 1 9 5 22 22 21 23 7 6 7 23 8 16 23 12 0 23 23 1 22 0 7 9
split_gain=1.4277e+11 3.78093e+10 2.10626e+10 1.6364e+10 1.51387e+10 7.3379e+09 4.03414e+09 3.8622e+09 3.68462e+09 2.80477e+09 1.86956e+09 1.6967e+09 1.67161e+09 1.39906e+09 1.28824e+09 1.27813e+09 1.03934e+09 1.013e+09 9.07181e+08 8.87027e+08 8.79778e+08 8.45501e+08 7.84624e+08 7.23602e+08 6.85011e+08 6.21886e+08 5.94598e+08 5.9411e+08 5.40571e+08 5.24868e+08 5.05846e+08 4.72524e+08 4.47861e+08 4.46949e+08 4.12798e+08 3.94707e+08 3.83192e+08 3.73424e+08 3.34058e+08 3.14902e+08 3.11851e+08 2.97881e+08 2.89316e+08 2.48075e+08 2.62421e+08 2.26679e+08 1.63259e+08 1.60626e+08 1.45489e+08 1.31791e+08 1.15566e+08 1.15483e+08 1.11258e+08 1.10171e+08 1.05821e+08 8.54287e+07 8.46477e+07 7.83129e+07 7.5762e+07 7.16459e+07 6.49157e+07 6.0122e+07
threshold=44665.812500000007 82097.876923076925 0.96107142840192339 1.0000000180025095e-35 0.24296675187449793 61770.23750000001 95185.900000000023 1.0000000180025095e-35 61444.850000000006 1.0000000180025095e-35 91752.362500000003 41020.000000000007 35620.000000000007 0.93301270189221952 0.6830127018922193 0.91023613416931248 8337.4081549669172 0.93301270189221952 59268.125000000007 1.0000000180025095e-35 1.0000000180025095e-35 0.93301270189221952 55523.762500000004 1.0370326112128696 0.20204603576131075 41358.375000000007 0.97476190453436795 68668.026923076934 1.0000000180025095e-35 0.86843797245217424 31500.000000000004 1.0000000180025095e-35 80744.462500000009 6275.0735145815543 72962.250000000015 17491.566866238962 1.0000000180025095e-35 61188.596153846163 -0.35460488704253562 35115.000000000007 0.06026834012766185 1.0000000180025095e-35 9635.9362825713306 11744.232523798535 72557.750000000015 53793.573076923079 -0.24999999999999997 1.0000000180025095e-35 -0.93301270189221919 46115.119230769233 1.0000000180025095e-35 0.0037543201186628354 74749.11923076924 1.0561797750459039 42661.350000000006 40678.834615384621 43869.192307692319 30529.000000000004 8270.8997994733418 39701.55000000001 -0.6830127018922193 0.06026834012766185
decision_type=2 2 2 2 2 2 2 2 2 2 2 2 2 2 2 2 2 2 2 2 2 2 2 2 2 2 2 2 2 2 2 2 2 2 2 2 2 2 2 2 2 2 2 2 2 2 2 2 2 2 2 2 2 2 2 2 2 2 2 2 2 2
left_child=2 3 11 5 10 13 17 20 19 21 -3 28 36 15 31 22 34 61 -12 38 25 32 40 29 60 -4 -21 35 57 43 -22 -8 42 -24 48 -18 -9 -15 -5 -17 -2 54 -7 -10 -45 56 55 -26 -11 -48 -33 -23 -36 -29 -30 -27 -28 -1 -51 -43 -13 -6
right_child=1 4 7 8 6 9 14 12 23 16 18 24 -14 37 -16 39 27 -19 -20 26 30 51 33 -25 47 46 45 53 41 -31 -32 50 -34 -35 52 -37 -38 -39 -40 -41 -42 59 -44 44 -46 -47 49 -49 -50 58 -52 -53 -54 -55 -56 -57 -58 -59 -60 -61 -62 -63
leaf_value=-584.84403805548334 14.768366039243599 909.49689079122345 -307.57981248144301 261.09508797133253 434.17170264790076 145.08764545821296 617.11897234581954 -85.614842680719974 711.6586644203245 215.53002765315591 1184.7557338763295 -179.58085238070095 483.59322031153312 -264.55542902282389 438.6599880355929 115.62276126672721 134.04807426646278 59.418985068266061 1597.2634715346535 578.98337358833544 -153.76793235804155 -19.227874463055578 157.69340751183 386.79899220364149 -447.90872791060292 -150.2285322193554 209.05351061021958 243.60988381064394 -513.36588937236286 822.04495750834928 26.794788341302979 735.56157642326707 279.74433017162568 25.993823634380568 406.74619737681758 306.60156156224133 136.15339936717456 -76.150140294579302 37.344516460324122 344.83707935175619 -61.914515229943134 -422.77975687966421 28.091763925465933 441.30184009308499 629.27568589868008 436.23041330384814 -232.4693009422451 -352.45338210353646 350.58022432909269 -139.43219034940404 903.29407438858686 -159.92426348695659 563.30382677134901 341.56877735023875 -446.74444329140078 -50.473703967944999 314.2543770260632 -529.59253354646978 -233.82896020266088 -325.04532621343083 -276.16063444190257 344.46760174889778
leaf_weight=48 82 13.999999999999998 42 12.000000000000002 12.999999999999998 45 14.999999999999998 13 12.999999999999998 9.9999999999999982 14.000000000000002 11.000000000000002 9.9999999999999982 19 15.999999999999998 10.000000000000002 59 11.999999999999998 9.9999999999999982 9.9999999999999982 30 11.000000000000002 36 11.999999999999998 48 27 10.999999999999998 18 71 12.999999999999998 26 10.000000000000002 13.999999999999998 65 10.000000000000002 14.999999999999998 15 19 11.999999999999998 11.999999999999998 114 20 33 14.000000000000002 15.999999999999998 11.999999999999998 46 28 33 37 15.999999999999998 9.9999999999999982 9.9999999999999982 30 43 10.999999999999998 24 104 9.9999999999999982 13.999999999999998 18 24
leaf_count=48 82 14 42 12 13 45 15 13 13 10 14 11 10 19 16 10 59 12 10 10 30 11 36 12 48 27 11 18 71 13 26 10 14 65 10 15 15 19 12 12 114 20 33 14 16 12 46 28 33 37 16 10 10 30 43 11 24 104 10 14 18 24
internal_value=0.478483 237.586 -333.998 157.359 685.099 92.7735 500.108 -127.078 441.025 202.65 1198.46 -470.348 152.721 1.0244 671.684 21.5396 274.56 299.558 1362.55 303.715 -173.553 84.7836 5.15978 603.899 -365.749 -207.002 368.129 223.116 -506.823 649.647 -70.0369 761.331 123.971 73.0458 373.67 169.392 33.2512 -170.8 149.839 241.644 -29.8417 -464.794 95.6888 595.741 543.312 322.132 -174.545 -413.25 319.746 -196.041 841.847 -86.6667 487.438 305.417 -488.65 -121.56 281.881 -547.413 -159.97 -383.607 -240.27 377.071
internal_weight=1620 948 672 804 144 655 106 267 149 298 38 405 38 357 57 319 185 49 24 81 229 113 297 68 105 173 57 122 300 56 56 41 92 101 63 74 28 38 24 22 196 148 78 43 30 47 131 76 43 93 26 21 20 48 114 38 35 152 47 34 29 37
internal_count=1620 948 672 804 144 655 106 267 149 298 38 405 38 357 57 319 185 49 24 81 229 113 297 68 105 173 57 122 300 56 56 41 92 101 63 74 28 38 24 22 196 148 78 43 30 47 131 76 43 93 26 21 20 48 114 38 35 152 47 34 29 37
is_linear=0
shrinkage=0.03


Tree=27
num_leaves=63
num_cat=0
split_feature=18 21 21 14 14 18 18 17 8 18 23 21 10 6 21 17 23 6 11 18 11 23 9 11 20 24 15 11 11 17 21 9 14 7 20 8 1 11 19 6 9 24 2 3 6 20 18 23 23 14 23 13 7 6 14 0 24 11 18 19 6 14
split_gain=1.37776e+11 3.29147e+10 2.33148e+10 1.73935e+10 8.9409e+09 7.67031e+09 4.09728e+09 3.81824e+09 1.9376e+09 1.85165e+09 1.69299e+09 1.60327e+09 1.44472e+09 1.29658e+09 1.16651e+09 1.13222e+09 1.1253e+09 7.9374e+08 7.64883e+08 7.28939e+08 6.96968e+08 6.31975e+08 6.31017e+08 7.61864e+08 6.21529e+08 6.17189e+08 5.69159e+08 5.56345e+08 4.99264e+08 4.23411e+08 3.77752e+08 3.44941e+08 3.06421e+08 2.71715e+08 3.0251e+08 2.70987e+08 2.31901e+08 2.27006e+08 2.26315e+08 2.29288e+08 2.72907e+08 2.13453e+08 2.00348e+08 4.70854e+08 1.27996e+08 1.19059e+08 1.16335e+08 1.12347e+08 1.06868e+08 9.82414e+07 9.57168e+07 9.43285e+07 1.01581e+08 9.14232e+07 8.86803e+07 6.1597e+07 5.61416e+07 5.21362e+07 5.03639e+07 4.70269e+07 4.56893e+07 4.39538e+07
threshold=46176.650000000009 95185.900000000023 30881.712500000005 0.21717973125094933 0.21717973125094933 69246.750000000015 68157.550000000017 0.041245326282528236 0.93301270189221952 21334.200000000001 71601.403846153858 57181.287500000006 0.91023613416931248 1.0000000180025095e-35 57903.36250000001 0.026182079485456766 82097.876923076925 1.0000000180025095e-35 1.059331346412409 37061.05000000001 1.0576610167746221 90862.826923076937 0.17992617227144045 0.94399170107185504 67572.300000000003 44240.945000000007 -6014.7750000000005 1.0593406591112766 0.9439252334639 0.075318066138101283 43035.075000000004 0.61559370248597556 0.24189526179629076 -0.24999999999999997 49130.400000000001 0.93301270189221952 30945.000000000004 0.81545454533099104 35938.650000000009 1.0000000180025095e-35 -0.61559370248597534 39701.55000000001 51890.625000000007 55386.875000000007 1.0000000180025095e-35 47899.700000000004 54769.950000000004 19802.973076923081 84721.634615384639 0.17713777378566078 112049.05384615385 0.92129629607756358 -0.24999999999999997 1.0000000180025095e-35 0.26550868481723294 39701.55000000001 51514.000000000007 1.0593406591054841 11357.950000000003 43711.450000000004 1.0000000180025095e-35 0.28179551115967477
decision_type=2 2 2 2 2 2 2 2 2 2 2 2 2 2 2 2 2 2 2 2 2 2 2 2 2 2 2 2 2 2 2 2 2 2 2 2 2 2 2 2 2 2 2 2 2 2 2 2 2 2 2 2 2 2 2 2 2 2 2 2 2 2
left_child=2 3 9 6 -3 11 14 19 10 26 18 15 30 31 37 25 42 24 20 51 -7 -15 23 -12 35 36 44 28 -19 47 49 -6 -27 34 -16 -13 -5 -2 -21 45 -41 60 -8 -44 58 61 -26 -11 -24 -9 54 -4 -53 -43 -23 -46 -31 -54 -1 -17 -28 -40
right_child=1 4 7 5 13 8 16 12 -10 29 22 17 -14 21 33 59 -18 27 -20 38 -22 50 48 -25 46 32 41 -29 -30 56 -32 -33 -34 -35 -36 -37 -38 -39 39 40 -42 53 43 -45 55 -47 -48 -49 -50 -51 -52 52 57 -55 -56 -57 -58 -59 -60 -61 -62 -63
leaf_value=-520.15638130414607 115.22176119662744 1430.3269695723682 -289.44865984581952 -219.78400496983292 362.26469468298023 221.67017318683139 547.70627808626034 -97.172811847346821 -83.510406077144708 -438.76651554188828 347.28341906396025 30.410594104308185 455.99333452583539 542.31682182085387 440.31278262298866 174.9438948406559 1026.4968535349628 155.30131386741408 25.983224953598114 -206.61900322133056 463.77090796100202 861.97064201732655 245.72737510439495 566.43721686894594 55.283405533310784 118.28481944840266 -556.21709915611814 41.537178240870929 311.07868683322317 -250.01123269260509 166.55632319368272 592.62064855677477 3.4953622994358629 381.66802656100907 685.71333810334158 -130.12503982369228 -63.34275312750097 293.38163246993611 -227.87509507360528 -87.022904158177155 93.258688433052299 -502.33036247022829 848.50682311545779 592.34345751649846 -410.15946770055967 -109.92890578960854 147.84681087381077 -335.11442079194461 346.84925494928007 29.617356553511183 927.79250541460397 -138.698677100466 -245.932772363531 -446.11476076697335 702.41123272856419 -326.15724333278791 -146.15315272567295 -190.71491141183034 -427.74053610543223 271.76373307936262 -507.15981212608199 -139.39620305731745
leaf_weight=9.9999999999999982 10.000000000000002 17 14.999999999999998 9.9999999999999982 12.000000000000002 101 11.999999999999998 10.000000000000002 12.999999999999998 13.999999999999998 32 34 9.9999999999999982 9.9999999999999982 10.000000000000002 10.000000000000002 9.9999999999999982 43 15.999999999999998 22 11.999999999999998 10.000000000000002 22 27 15.999999999999998 25 71 19 33 10.000000000000002 14.999999999999998 12.999999999999998 126 12.999999999999998 9.9999999999999982 12.999999999999998 56 19 12.000000000000002 30 9.9999999999999982 76 13.000000000000002 15.999999999999998 20 87 54 43 19 11.999999999999998 9.9999999999999982 17 39 59 11.999999999999998 19 9.9999999999999982 30 32 9.9999999999999982 49 9.9999999999999982
leaf_count=10 10 17 15 10 12 101 12 10 13 14 32 34 10 10 10 10 10 43 16 22 12 10 22 27 16 25 71 19 33 10 15 13 126 13 10 13 56 19 12 30 10 76 13 16 20 87 54 43 19 12 10 17 39 59 12 19 10 30 32 10 49 10
internal_value=0.483312 251.659 -304.215 192.563 816.392 136.092 537.463 -111.517 272.204 -452.991 292.425 62.6868 137.95 658.717 372.626 9.05996 736.733 122.605 220.301 -154.659 247.767 761.358 385.151 448.363 70.2045 -10.8873 -483.485 186.998 223.261 -319.472 50.9953 483.934 22.566 494.644 565.814 -14.1748 -87.3427 232.554 -116.796 -103.404 -41.8323 -505.846 663.733 709.697 -412.551 -125.94 126.799 -361.297 293.319 -28.1933 827.906 -218.585 -205.903 -478.11 778.511 -370.174 -199.068 -222.236 -450.928 224.465 -536.624 -188.47
internal_weight=1620 888 732 804 84 691 113 319 242 413 229 449 47 67 62 237 51 212 129 272 113 42 100 59 117 217 336 95 76 77 37 25 151 33 20 47 66 29 171 149 40 255 41 29 81 109 70 57 41 22 32 101 86 135 22 39 20 69 42 20 120 22
internal_count=1620 888 732 804 84 691 113 319 242 413 229 449 47 67 62 237 51 212 129 272 113 42 100 59 117 217 336 95 76 77 37 25 151 33 20 47 66 29 171 149 40 255 41 29 81 109 70 57 41 22 32 101 86 135 22 39 20 69 42 20 120 22
is_linear=0
shrinkage=0.03


Tree=28
num_leaves=63
num_cat=0
split_feature=21 21 12 17 5 21 21 24 5 6 20 20 6 15 12 8 8 10 15 6 22 1 14 22 6 21 2 24 15 16 19 1 12 9 22 20 21 9 1 21 9 9 21 6 22 11 9 16 11 27 20 20 6 1 19 2 6 12 2 22 20 14
split_gain=1.26475e+11 3.33331e+10 1.86759e+10 1.30427e+10 1.22485e+10 4.77113e+09 4.62151e+09 4.31738e+09 3.44296e+09 1.85281e+09 1.83704e+09 1.68067e+09 1.66313e+09 1.65077e+09 1.57052e+09 1.38848e+09 1.22124e+09 1.22245e+09 1.18306e+09 8.67228e+08 8.46271e+08 8.20351e+08 9.46913e+08 8.19746e+08 7.90062e+08 6.15437e+08 5.77185e+08 5.57394e+08 5.50506e+08 5.20249e+08 4.60606e+08 4.53899e+08 3.8493e+08 3.67648e+08 3.65695e+08 3.58352e+08 3.51954e+08 3.23746e+08 3.2297e+08 3.19716e+08 2.88506e+08 2.5284e+08 2.39482e+08 2.33328e+08 2.2065e+08 2.18226e+08 2.11017e+08 2.02779e+08 1.68167e+08 1.60751e+08 1.38185e+08 1.35933e+08 1.26818e+08 1.16186e+08 1.15923e+08 1.0389e+08 1.01823e+08 9.92135e+07 8.89964e+07 8.42302e+07 7.27171e+07 6.70458e+07
threshold=44665.812500000007 79102.900000000009 0.96107142840192339 0.075411471307569006 1.0000000180025095e-35 60559.200000000012 102112.97500000002 57604.375000000007 1.0000000180025095e-35 1.0000000180025095e-35 41771.700000000004 51897.150000000001 1.0000000180025095e-35 -6096.4249999999984 1.0658391177286974 0.93301270189221952 0.93301270189221952 0.91023613416931248 -2693.3333333333317 1.0000000180025095e-35 9635.9362825713306 42920.000000000007 0.25307125302469863 9473.5867969385836 1.0000000180025095e-35 55523.762500000004 47979.750000000007 41358.375000000007 -9899.6333333333296 -0.075467952801286139 73675.900000000009 31500.000000000004 1.0849056601679423 0.17992617227144045 6358.5703496292845 60379.850000000006 52075.262500000004 -0.35460488704253573 34707.000000000007 72962.250000000015 0.06026834012766185 -0.1799261722714405 56003.600000000006 1.0000000180025095e-35 19046.750971418423 0.94696969682763654 0.78574730703237894 0.0050761748317067487 0.81689655158605456 1.0000000180025095e-35 79061.150000000009 36318.750000000007 1.0000000180025095e-35 34707.000000000007 79061.150000000009 48941.750000000007 1.0000000180025095e-35 1.1224489793650323 62812.500000000007 17104.405842652679 67926.150000000009 0.28080043195663057
decision_type=2 2 2 2 2 2 2 2 2 2 2 2 2 2 2 2 2 2 2 2 2 2 2 2 2 2 2 2 2 2 2 2 2 2 2 2 2 2 2 2 2 2 2 2 2 2 2 2 2 2 2 2 2 2 2 2 2 2 2 2 2 2
left_child=2 4 13 6 5 16 15 59 24 26 51 37 20 28 29 21 17 25 -9 -8 30 47 -23 39 27 40 -6 -4 58 48 -7 -26 -16 44 -27 -22 -19 -10 56 55 -2 -18 -28 -30 -25 -21 -24 54 -12 61 -32 -11 -40 -45 -3 -14 -15 -49 -1 -5 -37 -29
right_child=1 3 8 7 9 12 19 18 11 10 14 -13 23 38 32 -17 41 36 -20 45 35 22 46 33 31 34 42 49 43 -31 50 -33 -34 -35 -36 60 -38 -39 52 -41 -42 -43 -44 53 -46 -47 -48 57 -50 -51 -52 -53 -54 -55 -56 -57 -58 -59 -60 -61 -62 -63
leaf_value=-305.23139677444294 14.815336055871775 406.95255120354716 -290.27863028410775 622.9950950168917 4.3031234771426359 96.676759833761182 503.77671184392267 1535.92343116554 133.98650802961743 183.60416049171036 485.56545656714087 476.45409907274905 196.2938815458694 -535.02266728374718 493.77883600224442 24.653745896520693 -232.03606329606038 116.08950816541612 1074.3778221849172 837.68184993003729 -132.77543472614695 668.18420106378221 410.5074483080553 118.6420347104097 -144.58687748804437 146.05120083708056 160.87541363706677 -191.3923565898809 -436.22850345586198 838.85213188812031 197.16218552048136 26.450543851304328 290.84729535019187 291.08165100417204 20.227145262529504 -3.6364461420385874 368.86373827641552 -69.844272514494833 -472.76492592525921 474.7006089495668 -58.941104923285067 -75.923281988177365 355.5812460521941 -397.91589697994402 271.32526473545789 653.7033572766012 248.7425076807607 144.72800685409666 672.89699007601348 -80.430661191571474 355.04723594136755 313.93131692960117 -404.41219896648727 -300.4160538710812 268.37079988668893 308.29839444571172 -481.40883194802763 271.83822014885982 -190.40249336369126 776.42950746441829 76.039885044968472 -137.1990022702561
leaf_weight=10.000000000000002 82 11.000000000000002 42 11.000000000000002 9.9999999999999982 36 18 11.000000000000002 13 13.000000000000002 10.000000000000002 9.9999999999999982 9.9999999999999982 90 18 11.999999999999998 21 10.000000000000002 11.999999999999998 20 13.999999999999998 12.999999999999998 34 58 30 33 10.000000000000002 84 45 12.999999999999998 11.000000000000002 26 17 19 56 18 9.9999999999999982 15 65 9.9999999999999982 114 17 13.999999999999998 20 9.9999999999999982 11.999999999999998 9.9999999999999982 12.000000000000002 10.999999999999998 18 9.9999999999999982 18 51 31 12.999999999999998 41 75 10.999999999999998 18 9.9999999999999982 24 29
leaf_count=10 82 11 42 11 10 36 18 11 13 13 10 10 10 90 18 12 21 10 12 20 14 13 34 58 30 33 10 84 45 13 11 26 17 19 56 18 10 15 65 10 114 17 14 20 10 12 10 12 11 18 10 18 51 31 13 41 75 11 18 10 24 29
internal_value=0.482754 223.649 -314.328 557.045 128.718 71.1213 434.854 1016.01 -119.484 388.088 453.153 144.692 167.753 -442.72 539.41 330.436 -2.43665 17.5622 1300.81 675.96 80.9825 365.661 442.449 233.905 -163.365 1.61417 195.953 -195.061 -350.879 685.113 162.251 -65.271 396.322 174.433 66.9926 -1.87865 243.683 24.9314 -483.109 318.3 -28.092 -162.579 275.458 -385.171 141.461 770.941 374.39 271.793 586.416 -164.336 273.672 260.044 -443.088 -339.355 333.313 286.764 -510.959 206.434 -232.353 699.393 41.9653 -177.618
internal_weight=1620 948 672 210 738 604 166 44 267 134 100 38 261 405 69 116 343 305 23 50 113 104 57 148 229 285 34 173 124 34 57 56 35 87 89 56 20 28 281 61 196 38 24 96 68 32 44 47 21 131 21 31 116 51 24 51 165 23 28 21 42 113
internal_count=1620 948 672 210 738 604 166 44 267 134 100 38 261 405 69 116 343 305 23 50 113 104 57 148 229 285 34 173 124 34 57 56 35 87 89 56 20 28 281 61 196 38 24 96 68 32 44 47 21 131 21 31 116 51 24 51 165 23 28 21 42 113
is_linear=0
shrinkage=0.03


Tree=29
num_leaves=63
num_cat=0
split_feature=18 23 12 14 5 18 14 2 18 6 16 23 16 18 18 0 15 13 8 18 18 24 18 15 6 16 14 16 0 18 16 10 0 18 22 18 6 18 16 16 22 15 8 22 16 18 23 6 0 10 12 6 0 18 8 6 4 0 14 23 22 12
split_gain=1.22126e+11 2.9146e+10 2.06294e+10 1.28936e+10 1.26985e+10 4.67508e+09 3.79649e+09 3.02554e+09 2.70172e+09 2.44804e+09 1.88722e+09 1.87276e+09 1.82595e+09 1.74044e+09 1.69335e+09 1.56678e+09 1.55273e+09 9.45285e+08 9.25381e+08 8.85327e+08 8.75165e+08 7.90186e+08 7.48813e+08 5.17842e+08 4.60766e+08 4.97303e+08 4.54567e+08 3.90971e+08 3.03839e+08 2.76829e+08 2.69001e+08 2.37738e+08 2.36941e+08 2.28157e+08 2.23476e+08 2.86739e+08 2.19475e+08 2.15955e+08 2.28691e+08 2.0921e+08 1.95009e+08 1.89371e+08 1.85507e+08 1.82958e+08 1.80615e+08 1.76609e+08 1.62036e+08 1.19312e+08 1.09394e+08 1.0753e+08 9.91069e+07 9.57963e+07 8.38289e+07 7.79564e+07 6.94595e+07 6.66591e+07 5.49506e+07 5.40984e+07 4.79651e+07 4.42078e+07 4.01213e+07 3.52836e+07
threshold=46176.650000000009 82097.876923076925 0.96107142840192339 0.24296675187449793 1.0000000180025095e-35 69246.750000000015 0.2061068701904871 60937.500000000007 58518.350000000006 1.0000000180025095e-35 0.0050505372572776661 49699.665384615393 0.05017507414820211 56701.80000000001 104210.00000000001 40666.870000000003 -6096.4249999999984 1.0472340423347435 0.93301270189221952 96709.700000000012 34717.450000000004 59268.125000000007 75914.050000000003 -9899.6333333333296 1.0000000180025095e-35 0.0037543201186628354 0.25440806040471847 0.0049140049140049555 43160.700000000004 54543.700000000004 -1.0000000180025095e-35 0.8542199457734333 42040.780000000006 50657.150000000001 8337.4081549669172 73724.550000000017 1.0000000180025095e-35 41414.350000000006 0.0050251573518178558 0.0050251573518178558 5182.1502896045195 -5526.9666666666699 1.0000000180025095e-35 17856.541177399289 0.0049751551641986644 58518.350000000006 75796.138461538474 1.0000000180025095e-35 39701.55000000001 0.78574730703237883 1.2142857140036487 1.0000000180025095e-35 49116.875000000007 31763.850000000002 -0.5 1.0000000180025095e-35 41370.000000000007 54695.42500000001 0.27364323328844098 43869.192307692319 17856.541177399289 1.0698924728262924
decision_type=2 2 2 2 2 2 2 2 2 2 2 2 2 2 2 2 2 2 2 2 2 2 2 2 2 2 2 2 2 2 2 2 2 2 2 2 2 2 2 2 2 2 2 2 2 2 2 2 2 2 2 2 2 2 2 2 2 2 2 2 2 2
left_child=2 4 16 14 5 12 15 18 29 26 22 -10 13 33 -3 41 23 32 60 34 53 -16 31 52 25 -15 -9 -26 51 49 -22 -7 -13 39 -12 -36 57 38 44 -2 -34 -4 -11 -21 -32 -14 -24 -30 -38 56 -35 -18 -1 61 -47 58 -6 -25 -39 -57 -5 -8
right_child=1 3 6 7 8 10 20 9 11 42 19 17 45 24 21 -17 28 -19 -20 43 30 -23 46 36 27 -27 -28 -29 47 -31 37 -33 40 50 35 -37 48 55 -40 -41 -42 -43 -44 -45 -46 54 -48 -49 -50 -51 -52 -53 -54 -55 -56 59 -58 -59 -60 -61 -62 -63
leaf_value=-296.16511912128698 1.2431278346941954 827.07682554853727 129.26773079080783 294.0189003583418 282.54402677358297 283.52225345762037 -215.91658094674099 559.51753918381212 136.8931991607364 670.62928797957898 212.75729816096842 471.51112198329207 -184.80575103904397 141.47704907096005 1091.5677559840424 504.09421693707452 -518.98979603825615 299.53084274443069 10.45431251462826 192.88819853911522 15.205005050009868 1475.7485040222773 373.1730438311688 -465.1161272737873 165.03770279916066 -43.524821308872156 356.42365556539949 331.76474669339359 -458.60376881120396 365.83625394505378 -146.01432440394299 130.84433518338795 760.21662561337814 62.713395775960784 -53.931739081578542 95.310502271823538 -386.03780841884321 -83.759619973308801 -271.52925716683882 -130.24154172786996 608.73380804995645 -41.084577914700638 860.79860814144729 359.73378199800533 -11.652009668869548 -22.423671069855384 510.012266456117 -392.30357521251221 -291.43255243920817 131.49951676652239 -26.343642806424437 -466.98580327792109 -184.72197679719869 -200.94168549974157 -109.65605537983907 -78.823041414450117 196.72894437749332 -387.8948136360807 -143.83700257418445 2.7258206094277875 386.87967135287744 -285.65993379667202
leaf_weight=10.000000000000002 109 13.999999999999998 13.999999999999998 12.000000000000002 16.000000000000004 43 11.999999999999998 15.999999999999998 9.9999999999999982 10.000000000000002 9.9999999999999982 9.9999999999999982 21 56 14.000000000000002 9.9999999999999982 90 9.9999999999999982 11.999999999999998 11.000000000000002 13.999999999999998 9.9999999999999982 23 20 51 17 29 17 65 14.999999999999998 92 11.999999999999998 11.999999999999998 81 14.999999999999998 50 20 43 11.999999999999998 11.999999999999998 43 10.000000000000002 17 13.999999999999998 9.9999999999999982 13.999999999999998 13.999999999999998 51 31 10.999999999999998 12.999999999999998 75 18 46 20 13.000000000000002 13.999999999999998 25 17 10.999999999999998 9.9999999999999982 23
leaf_count=10 109 14 14 12 16 43 12 16 10 10 10 10 21 56 14 10 90 10 12 11 14 10 23 20 51 17 29 17 65 15 92 12 12 81 15 50 20 43 12 12 43 10 17 14 10 14 14 51 31 11 13 75 18 46 20 13 14 25 17 11 10 23
internal_value=0.488635 236.969 -286.382 627.5 161.308 101.339 -109.093 456.784 417.518 566.896 223.516 524.15 44.2233 69.0813 1101.26 190.589 -429.465 575.534 222.628 133.095 -143.922 1257.1 321.547 -340.392 150.951 98.3938 429.715 207.145 -468.636 255.02 -111.781 250.509 617.47 15.3447 81.352 60.84 -373.652 -120.763 -147.687 -11.8934 643.104 58.4115 793.1 287.383 -132.866 -116.509 426.185 -429.818 -329.216 213.686 50.3821 -495.649 -225.436 -227.802 -73.908 -84.0901 243.284 -423.171 -100.993 -41.5901 337.788 -262.431
internal_weight=1620 888 732 144 744 603 327 106 141 72 192 85 411 356 38 34 405 75 34 100 293 24 92 124 141 73 45 68 281 56 212 55 65 215 75 65 96 198 114 121 55 24 27 25 102 55 37 116 51 41 94 165 28 81 34 84 30 45 60 24 22 35
internal_count=1620 888 732 144 744 603 327 106 141 72 192 85 411 356 38 34 405 75 34 100 293 24 92 124 141 73 45 68 281 56 212 55 65 215 75 65 96 198 114 121 55 24 27 25 102 55 37 116 51 41 94 165 28 81 34 84 30 45 60 24 22 35
is_linear=0
shrinkage=0.03


Tree=30
num_leaves=63
num_cat=0
split_feature=18 21 21 14 14 18 18 16 16 16 18 18 16 6 13 16 18 18 6 22 18 6 18 23 16 18 22 18 3 16 22 16 18 16 16 17 3 16 24 18 18 18 16 16 0 14 23 6 14 22 11 18 14 8 18 7 7 11 18 19 16 11
split_gain=1.14943e+11 2.77036e+10 1.90254e+10 1.46421e+10 7.59258e+09 6.49288e+09 3.47195e+09 3.4502e+09 2.40087e+09 1.99341e+09 1.75343e+09 1.55453e+09 1.23234e+09 1.15239e+09 1.40931e+09 1.14533e+09 1.13541e+09 1.09869e+09 1.09215e+09 1.07406e+09 6.79531e+08 5.7458e+08 5.71494e+08 5.33481e+08 4.96205e+08 4.72438e+08 4.69418e+08 4.25995e+08 4.20725e+08 4.10035e+08 3.48802e+08 3.28844e+08 3.01039e+08 2.35261e+08 2.14718e+08 1.97109e+08 1.94883e+08 1.89173e+08 1.87926e+08 1.66216e+08 1.56331e+08 1.54422e+08 1.45677e+08 9.86092e+07 9.27201e+07 9.21002e+07 8.91282e+07 8.37885e+07 7.83848e+07 7.00341e+07 8.38524e+07 7.66481e+07 6.9928e+07 6.53723e+07 6.43753e+07 6.0326e+07 5.63857e+07 4.51897e+07 4.46134e+07 4.43021e+07 4.24623e+07 4.0763e+07
threshold=46043.900000000009 95185.900000000023 30881.712500000005 0.21717973125094933 0.21717973125094933 69246.750000000015 68157.550000000017 -0.040941482945758438 0.0050505372572776661 0.05017507414820211 56701.80000000001 21334.200000000001 -0.075399971249820216 1.0000000180025095e-35 0.84923076904597206 -1.0000000180025095e-35 109487.05 77771.35000000002 1.0000000180025095e-35 10834.934566728369 55728.200000000004 1.0000000180025095e-35 37061.05000000001 90862.826923076937 0.0037543201186628354 12267.550000000001 18374.23406570682 83762.10000000002 56354.375000000007 -1.0000000180025095e-35 8337.4081549669172 0.0049751551641986644 50188.150000000009 -0.075365239294710326 0.0050505372572776661 0.079999999983956085 60070.625000000007 -1.0000000180025095e-35 54750.92500000001 58518.350000000006 94202.10000000002 38172.30000000001 0.0037543201186628354 0.0051282388444369173 59048.125000000007 0.2762836185209408 112049.05384615385 1.0000000180025095e-35 0.24087591236571201 1260.6318814501537 0.94395431788069428 40574.200000000004 0.26550868481723294 -0.5 18132.050000000003 1.0000000180025095e-35 -0.24999999999999997 1.0593406591054841 28020.850000000002 48013.30000000001 0.0049140049140049555 0.97465346515731721
decision_type=2 2 2 2 2 2 2 2 2 2 2 2 2 2 2 2 2 2 2 2 2 2 2 2 2 2 2 2 2 2 2 2 2 2 2 2 2 2 2 2 2 2 2 2 2 2 2 2 2 2 2 2 2 2 2 2 2 2 2 2 2 2
left_child=2 3 11 6 -3 9 12 13 17 10 15 25 20 41 -15 61 27 36 40 -8 55 24 48 -20 -12 47 37 30 44 -13 -10 -23 -17 -27 49 -22 45 -21 -29 -11 -6 -4 58 54 -19 -7 52 -1 -9 50 -24 -51 -25 -41 -35 -2 60 -58 -31 -55 -50 -5
right_child=1 4 7 5 18 8 19 22 16 39 21 29 -14 14 -16 32 -18 28 23 26 35 31 34 46 -26 33 -28 38 -30 42 -32 -33 -34 43 -36 -37 -38 -39 -40 53 -42 -43 -44 -45 -46 -47 -48 -49 56 51 -52 -53 -54 59 -56 -57 57 -59 -60 -61 -62 -63
leaf_value=-495.83974625340602 327.01670279699414 1312.2061122532893 -94.987171911291142 266.77822653021684 341.62563517655462 304.24631620835629 912.88214143010498 -242.79033590729702 206.43777821153694 -179.28785402704753 141.13827100096844 -128.67397265095357 65.610002996271305 80.174382487289762 553.29873148398826 -26.831950109830018 430.61907688450168 356.05124002985929 494.25509266164045 622.04604231126234 601.79522436725188 190.90095099237072 -98.121473420370506 784.95075301670772 -42.226711779142676 -315.8966443529564 749.81432705965915 140.91171197526671 631.61263517172029 -299.99814367529876 9.1069700025144655 368.76132706925671 43.00958750611219 -418.38716749092123 -207.58378935924549 427.94347048323675 158.89533549159026 444.0479205890914 283.32502005912158 -21.755733421812668 504.2504991463162 63.272146437361442 -370.81800599563951 -472.55083865052251 466.94431640624998 206.4174833720439 850.73835357363862 -442.74962061215757 -180.83805452913847 -140.95986578220274 -13.621528903894255 -88.369067301922527 641.59941147985535 -60.804475798654067 -354.12529862485854 222.53597066444925 -233.74631570807406 -174.54457109115447 -218.50691793007425 -150.90741225440905 -93.685401224570697 183.67538763881714
leaf_weight=110 13.000000000000002 17 11.000000000000002 12.000000000000002 10.000000000000002 68 12.999999999999998 29 9.9999999999999982 21 60 11.999999999999998 11.999999999999998 13.000000000000002 9.9999999999999982 110 10.999999999999998 19 9.9999999999999982 9.9999999999999982 12.000000000000002 66 28 10.000000000000002 17 24 11.999999999999998 36 9.9999999999999982 25 40 10.999999999999998 112 98 18 14.999999999999998 11.999999999999998 16.000000000000004 10.999999999999998 13.999999999999998 14.999999999999998 10.999999999999998 30 31 13.999999999999998 10.999999999999998 9.9999999999999982 51 11 45 17 58 11.999999999999998 10.000000000000002 22 9.9999999999999982 22 30 9.9999999999999982 9.9999999999999982 10 11.999999999999998
leaf_count=110 13 17 11 12 10 68 13 29 10 21 60 12 12 13 10 110 11 19 10 10 12 66 28 10 17 24 12 36 10 25 40 11 112 98 18 15 12 16 11 14 15 11 30 31 14 11 10 51 11 45 17 58 12 10 22 10 22 30 10 10 10 12
internal_value=0.487679 228.198 -279.909 174.365 746.482 122.967 491.003 -103.452 248.487 56.1674 79.4547 -413.583 339.277 139.392 287.385 29.7345 143.033 333.31 601.198 674.43 404.695 158.807 -144.264 695.387 100.653 -441.523 590.672 110.011 458.557 -291.251 48.9065 216.755 8.40691 -406.507 -109.807 507.147 273.689 514.63 174.773 -113.031 440.821 -15.9291 -321.022 -420.69 404.365 290.903 756.505 -479.308 -200.179 -97.7831 -66.3003 -111.46 710.016 -71.7024 -406.911 282.75 -182.943 -199.992 -277.404 -106.383 -139.978 226.161
internal_weight=1620 894 726 810 84 697 113 313 242 455 400 413 62 45 23 246 108 134 67 51 50 154 268 42 77 336 38 97 43 77 50 77 222 175 166 27 91 26 47 55 25 22 65 151 33 79 32 161 102 148 45 103 22 34 120 23 73 52 35 20 21 24
internal_count=1620 894 726 810 84 697 113 313 242 455 400 413 62 45 23 246 108 134 67 51 50 154 268 42 77 336 38 97 43 77 50 77 222 175 166 27 91 26 47 55 25 22 65 151 33 79 32 161 102 148 45 103 22 34 120 23 73 52 35 20 21 24
is_linear=0
shrinkage=0.03


Tree=31
num_leaves=63
num_cat=0
split_feature=18 23 25 14 5 18 14 2 16 18 6 23 18 0 15 17 16 18 18 13 8 18 18 15 14 16 0 16 18 6 0 18 6 20 16 23 6 20 6 23 16 15 6 16 0 8 23 20 15 18 6 18 9 0 20 6 18 18 17 0 0 18
split_gain=1.08177e+11 2.60968e+10 1.79193e+10 1.15788e+10 1.13552e+10 4.24742e+09 3.41879e+09 2.72235e+09 2.43718e+09 2.39504e+09 2.17924e+09 1.66448e+09 1.52281e+09 1.41105e+09 1.37966e+09 1.27323e+09 1.16991e+09 1.10486e+09 8.91162e+08 8.43794e+08 8.31499e+08 8.08843e+08 7.34e+08 4.55168e+08 4.1565e+08 3.2843e+08 2.73513e+08 2.48554e+08 2.44927e+08 2.26514e+08 2.14901e+08 2.04735e+08 2.04367e+08 4.29696e+08 2.72463e+08 2.03408e+08 1.98162e+08 1.80426e+08 1.76255e+08 3.9431e+08 3.90244e+08 1.7081e+08 1.69921e+08 3.15806e+08 1.86504e+08 1.63822e+08 1.49985e+08 1.44983e+08 1.12612e+08 1.09494e+08 1.07853e+08 1.03643e+08 1.02536e+08 9.89948e+07 9.43757e+07 8.48536e+07 7.65353e+07 7.034e+07 5.11984e+07 4.77757e+07 3.42999e+07 3.01234e+07
threshold=46043.900000000009 82097.876923076925 1.0000000180025095e-35 0.24296675187449793 1.0000000180025095e-35 65548.650000000009 0.2061068701904871 60937.500000000007 0.0050505372572776661 58518.350000000006 1.0000000180025095e-35 49699.665384615393 104210.00000000001 40666.870000000003 -6096.4249999999984 0.07545679011077143 0.05017507414820211 89710.050000000017 55071.80000000001 1.0472340423347435 0.93301270189221952 75914.050000000003 34717.450000000004 -9899.6333333333296 0.25440806040471847 0.088483499821170555 43160.700000000004 -1.0000000180025095e-35 54543.700000000004 1.0000000180025095e-35 42040.780000000006 106497.85000000002 1.0000000180025095e-35 60379.850000000006 0.0049140049140049555 63741.803846153853 1.0000000180025095e-35 52166.900000000009 1.0000000180025095e-35 55459.396153846166 0.0050505372572776661 -5526.9666666666699 1.0000000180025095e-35 0.0050505372572776661 42661.350000000006 1.0000000180025095e-35 75796.138461538474 74518.60000000002 2127.4949999999994 58054.450000000004 1.0000000180025095e-35 39029.200000000004 -0.40966402954315195 39701.55000000001 34107.200000000004 1.0000000180025095e-35 22902.900000000005 31763.850000000002 0.079999999982482542 54695.42500000001 51643.150000000009 81692.800000000017
decision_type=2 2 2 2 2 2 2 2 2 2 2 2 2 2 2 2 2 2 2 2 2 2 2 2 2 2 2 2 2 2 2 2 2 2 2 2 2 2 2 2 2 2 2 2 2 2 2 2 2 2 2 2 2 2 2 2 2 2 2 2 2 2
left_child=2 4 6 12 5 16 13 20 21 28 24 -11 -3 41 23 -14 18 25 38 30 61 29 57 56 -9 35 55 -24 52 -7 -13 48 33 -20 -34 -10 59 -31 40 -40 -2 -1 43 51 -44 -12 -23 -32 -19 -18 60 -29 58 -38 -46 -16 -4 -8 -6 -25 -28 -5
right_child=1 3 14 7 9 8 22 10 17 11 45 19 15 -15 26 -17 49 31 32 -21 -22 46 27 36 -26 -27 50 42 -30 37 47 -33 34 -35 -36 -37 53 -39 39 -41 -42 -43 44 -45 54 -47 -48 -49 -50 -51 -52 -53 -54 -55 -56 -57 -58 -59 -60 -61 -62 -63
leaf_value=121.86898998585153 2.1206967462889925 780.20069730718092 -279.988008392636 274.17289669552355 288.56451349431808 134.16567614103616 -247.16615237244173 528.47447399068324 20.305542297363282 128.15725900177907 632.08985515934387 442.53773959622521 910.55047648514824 477.52316941667311 -488.70782093247084 1378.1045329122339 -176.46800460587684 107.5449419639606 -97.440414445206926 280.94915474164605 6.2158507191051138 350.95447646103895 14.341587615317485 -437.88559293376863 334.39999204655282 -81.941219273617392 -448.7134398725596 -152.01562213463694 344.07463608495448 200.56119654050298 636.80194072194342 349.55181188602256 114.55973932590612 105.1142026806331 271.09656268636689 125.17897293877354 -363.22504168610067 299.70568264397599 8.7038893817835117 179.40923131677488 -177.79791031766527 -39.914208005395253 -125.02283385470692 -267.80842150099733 -63.50049573661866 810.92760005482455 482.31871176861699 510.63798537234044 237.53762058423908 -73.903971341802261 -368.70618680054429 -96.726176434198223 148.46406364400971 -273.34045286123393 57.628769267314198 -439.75805342876163 -173.59440374384926 -188.79625813184231 191.30277164874693 -365.27897659362549 -388.18603965559549 355.91420001055747
leaf_weight=13.999999999999998 105 13.999999999999998 10.000000000000002 11.000000000000002 12.000000000000002 17 35 15.999999999999998 39 9.9999999999999982 10.000000000000002 9.9999999999999982 10.000000000000002 9.9999999999999982 90 13.999999999999998 20 10.000000000000002 10.999999999999998 9.9999999999999982 11.999999999999998 23 13.999999999999998 20 29 17 46 50 14.999999999999998 30 41 9.9999999999999982 44 63 12.999999999999998 29 20 40 63 14.999999999999998 11.999999999999998 10.000000000000002 24 13.999999999999998 12.000000000000002 17 13.999999999999998 13.999999999999998 15.999999999999998 18 51 81 19 31 10.999999999999998 75 18 46 9.9999999999999982 25 19 10.999999999999998
leaf_count=14 105 14 10 11 12 17 35 16 39 10 10 10 10 10 90 14 20 10 11 10 12 23 14 20 29 17 46 50 15 30 41 10 44 63 13 29 20 40 63 15 12 10 24 14 12 17 14 14 16 18 51 81 19 31 11 75 18 46 10 25 19 11
internal_value=0.489382 221.397 -271.53 591.175 150.33 94.1279 -104.07 429.403 190.671 392.836 533.848 493.234 1040.12 180.006 -404.199 1187.88 29.1121 94.7688 47.4836 541.675 207.307 284.102 -137.775 -320.239 404.423 35.6693 -441.122 -107.599 239.839 233.632 581.293 233.824 107.968 74.9138 150.673 65.1492 -351.423 257.562 6.81614 41.7196 -16.4685 54.5733 -116.493 -132.575 -66.7033 747.268 401.826 605.673 188.144 -128.207 -404.315 -117.929 200.96 -309.231 -5.57029 -466.738 -212.453 -214.292 245.42 -398.448 -431.644 316.469
internal_weight=1620 894 726 144 750 609 321 106 245 141 72 85 38 34 405 24 364 121 326 75 34 124 287 124 45 85 281 206 56 87 65 36 131 74 57 68 96 70 195 78 117 24 192 145 47 27 37 55 26 38 116 131 41 51 23 165 28 81 22 45 65 22
internal_count=1620 894 726 144 750 609 321 106 245 141 72 85 38 34 405 24 364 121 326 75 34 124 287 124 45 85 281 206 56 87 65 36 131 74 57 68 96 70 195 78 117 24 192 145 47 27 37 55 26 38 116 131 41 51 23 165 28 81 22 45 65 22
is_linear=0
shrinkage=0.03


Tree=32
num_leaves=63
num_cat=0
split_feature=18 23 23 5 14 21 21 16 18 6 18 17 23 6 15 8 2 6 8 22 18 22 8 12 6 7 7 27 23 15 23 6 16 16 24 16 18 12 4 22 18 18 3 6 8 16 18 16 16 18 11 21 23 6 15 18 18 8 23 23 7 2
split_gain=1.01827e+11 2.58722e+10 1.44612e+10 1.17709e+10 1.09003e+10 4.8641e+09 2.81917e+09 2.60744e+09 2.2183e+09 1.48188e+09 1.43369e+09 1.19805e+09 1.11615e+09 1.38594e+09 1.06046e+09 9.7151e+08 9.37505e+08 7.19909e+08 6.99664e+08 6.42285e+08 6.40195e+08 6.37213e+08 6.13022e+08 5.98608e+08 5.78921e+08 5.8598e+08 4.99352e+08 4.21002e+08 3.94336e+08 3.35851e+08 3.3173e+08 3.17943e+08 3.09054e+08 2.84105e+08 2.82769e+08 2.8263e+08 2.79071e+08 2.76748e+08 2.68483e+08 2.64428e+08 2.3155e+08 2.17532e+08 2.11859e+08 2.04766e+08 1.80131e+08 1.6495e+08 1.55897e+08 1.55734e+08 1.46382e+08 1.43403e+08 1.23258e+08 1.20026e+08 1.18475e+08 1.17764e+08 1.13353e+08 9.88898e+07 8.90048e+07 8.65409e+07 7.78052e+07 6.96859e+07 5.124e+07 5.07943e+07
threshold=43515.05000000001 82097.876923076925 26535.988461538465 1.0000000180025095e-35 0.24296675187449793 65651.60000000002 95185.900000000023 -1.0000000180025095e-35 64146.500000000007 1.0000000180025095e-35 104210.00000000001 0.07545679011077143 56950.515384615392 1.0000000180025095e-35 -6014.7750000000005 0.6830127018922193 48941.750000000007 1.0000000180025095e-35 0.93301270189221952 1281.8781713507651 33738.850000000006 8337.4081549669172 0.93301270189221952 0.97168539304328594 1.0000000180025095e-35 -0.24999999999999997 -0.24999999999999997 1.0000000180025095e-35 50046.838461538471 -9899.6333333333296 68668.026923076934 1.0000000180025095e-35 0.0050505372572776661 0.0049140049140049555 48014.875000000007 0.0037543201186628354 65548.650000000009 1.1565945280765215 37758.000000000007 17856.541177399289 12077.150000000001 72035.650000000009 53201.875000000007 1.0000000180025095e-35 0.25000000000000017 0.0037543201186628354 26300.050000000007 0.0050251573518178558 0.0049140049140049555 38172.30000000001 0.87129070775178363 69519.050000000017 47649.769230769241 1.0000000180025095e-35 -6096.4249999999984 53142.55000000001 40574.200000000004 1.0000000180025095e-35 19802.973076923081 45358.334615384621 0.25000000000000011 64366.875000000007
decision_type=2 2 2 2 2 2 2 2 2 2 2 2 2 2 2 2 2 2 2 2 2 2 2 2 2 2 2 2 2 2 2 2 2 2 2 2 2 2 2 2 2 2 2 2 2 2 2 2 2 2 2 2 2 2 2 2 2 2 2 2 2 2
left_child=2 3 14 5 10 12 18 17 23 22 -3 -12 24 26 29 31 -10 49 -6 -19 46 33 32 -5 25 52 -14 38 50 -1 39 -8 36 41 -30 -27 -7 42 -25 -23 -16 -11 -15 -29 -18 -28 -9 48 56 -4 -26 -34 -2 61 -46 -40 -22 -33 -42 -49 -55 -31
right_child=1 4 7 8 6 9 15 20 16 21 11 -13 13 37 40 -17 44 19 -20 -21 47 30 -24 27 28 35 45 43 34 53 -32 57 51 -35 -36 -37 -38 -39 55 -41 58 -43 -44 -45 54 -47 -48 59 -50 -51 -52 -53 -54 60 -56 -57 -58 -59 -60 -61 -62 -63
leaf_value=-222.59509113934882 -56.302770973394729 756.96067590591758 -102.31653814184754 457.96041618184836 313.37678302939685 120.67401024756491 519.18103062913906 -307.35379985324579 314.92294257691185 179.93800254632617 883.50441367574228 1337.0546326462766 179.93731991799461 323.65279496503797 -458.98274523297675 358.00743327833845 502.51366691125691 380.27829430004141 49.383937100497164 70.209096170387525 -140.28709337844592 116.5316145504023 -87.070056831410383 77.996891570395604 -122.7937329766302 -42.284443420120894 14.539037012460053 259.95808034649326 13.082535355863197 -417.89746490858403 261.26864161484906 613.31490930538337 -30.398729467108684 464.55735310322524 150.39157455532026 -176.75154005152442 295.17685233778627 105.67221592181293 196.15402869057311 270.37958988102338 -408.97985903190471 333.05317109626202 176.13699434564913 440.6092498944256 551.83084952866739 -79.622724670120888 -204.86215965464635 -258.86302676361373 -20.914688870044465 48.197293713258041 -11.047666612385738 95.533779380762169 59.59818090265447 -337.33351240912953 695.36999999999978 310.17566802153715 -87.279944873287604 756.50992320943317 -323.73415121063925 -146.52252058699324 -266.88676432291663 -345.49200535562778
leaf_weight=25 11.999999999999998 13.999999999999998 13.000000000000002 13.999999999999998 37 23 14.999999999999998 18 15.999999999999998 11.999999999999998 10.000000000000002 13.999999999999998 14.999999999999998 18 134 15.999999999999998 18 10.000000000000002 11.999999999999998 14.999999999999998 89 45 14.999999999999998 13.999999999999998 9.9999999999999982 21 81 13 28 24 44 10.000000000000002 10.000000000000002 10.999999999999998 26 43 12.999999999999998 18 21 12.999999999999998 124 31 18 11 11.999999999999998 21 59 10.000000000000002 13.999999999999998 9.9999999999999982 74 21 23 33 16.000000000000004 10.999999999999998 43 15.999999999999998 12.999999999999998 10.999999999999998 17 22
leaf_count=25 12 14 13 14 37 23 15 18 16 12 10 14 15 18 134 16 18 10 12 15 89 45 15 14 10 21 81 13 28 24 44 10 10 11 26 43 13 18 21 13 124 31 18 11 12 21 59 10 14 10 74 21 23 33 16 11 43 16 13 11 17 22
internal_value=0.487343 203.801 -277.72 136.507 573.565 81.495 416.604 -117.837 379.695 189.247 1009.16 1152.53 18.6088 77.0018 -396.757 560.032 515.916 84.1459 248.958 195.258 -157.59 243.506 85.851 278.657 -23.5375 -78.8571 18.9251 242.194 16.1766 -322.241 199.016 637.809 124.637 327.02 79.3501 -132.764 184.332 202.567 188.32 151.421 -429.896 290.84 250.587 344.241 584.992 -4.90618 -229.189 -124.459 -113.321 -36.9503 -24.481 54.9432 19.8134 -347.931 636.036 236.193 -123.099 703.996 -401.133 -200.991 -313.962 -384.093
internal_weight=1620 936 684 792 144 646 106 292 146 238 38 24 408 171 392 57 62 48 49 25 244 156 82 84 237 99 117 70 138 121 102 41 67 54 54 64 36 54 46 58 271 43 36 24 46 102 77 167 146 23 84 31 35 96 28 32 132 26 137 21 50 46
internal_count=1620 936 684 792 144 646 106 292 146 238 38 24 408 171 392 57 62 48 49 25 244 156 82 84 237 99 117 70 138 121 102 41 67 54 54 64 36 54 46 58 271 43 36 24 46 102 77 167 146 23 84 31 35 96 28 32 132 26 137 21 50 46
is_linear=0
shrinkage=0.03


Tree=33
num_leaves=63
num_cat=0
split_feature=18 18 18 12 5 4 18 23 16 18 6 23 16 16 6 18 14 6 4 15 12 7 20 16 18 16 6 7 16 18 18 11 9 15 20 6 18 16 16 7 16 18 14 27 9 23 4 18 18 23 18 9 2 21 20 20 22 18 7 2 16 11
split_gain=9.58308e+10 2.43934e+10 1.36079e+10 9.48177e+09 9.12496e+09 3.59327e+09 3.49943e+09 3.06968e+09 2.38837e+09 2.30099e+09 2.25986e+09 2.04407e+09 1.40227e+09 1.26196e+09 1.03588e+09 1.00968e+09 8.64903e+08 8.19813e+08 8.73665e+08 7.65944e+08 6.41442e+08 5.44409e+08 7.69545e+08 4.71238e+08 4.69647e+08 7.99695e+08 4.68878e+08 5.57078e+08 4.54212e+08 3.78953e+08 3.76472e+08 3.30833e+08 3.18249e+08 3.11044e+08 3.10377e+08 3.03718e+08 2.87697e+08 2.78669e+08 2.70571e+08 2.54163e+08 2.34808e+08 2.04219e+08 2.00512e+08 1.75709e+08 1.59464e+08 1.43107e+08 1.36299e+08 1.34998e+08 1.21499e+08 1.11516e+08 1.03777e+08 9.75414e+07 8.6897e+07 8.20067e+07 7.83827e+07 7.63901e+07 7.02782e+07 6.55677e+07 6.37863e+07 6.33576e+07 5.98953e+07 5.5561e+07
threshold=43515.05000000001 76150.700000000012 28020.850000000002 1.0326530610178755 1.0000000180025095e-35 51456.875000000007 104210.00000000001 56950.515384615392 -1.0000000180025095e-35 108144.60000000002 1.0000000180025095e-35 60896.976923076923 0.05017507414820211 0.0050761748317067487 1.0000000180025095e-35 16098.500000000002 0.2506329113478229 1.0000000180025095e-35 38408.750000000007 -1906.1166666666684 1.1814593759708412 -0.6830127018922193 39895.950000000004 0.05017507414820211 54769.950000000004 0.0037543201186628354 1.0000000180025095e-35 -0.24999999999999997 -1.0000000180025095e-35 37061.05000000001 61968.600000000013 0.872549019440927 -0.060268340127661565 2050.4266666666667 34107.200000000004 1.0000000180025095e-35 98091.500000000015 -0.078707565751361327 0.0037543201186628354 -0.24999999999999997 0.0049751551641986644 68157.550000000017 0.20948616596859607 1.0000000180025095e-35 -0.78574730703237861 23002.84615384616 43215.625000000007 38172.30000000001 51612.650000000009 47649.769230769241 21334.200000000001 0.35460488704253579 51256.875000000007 13214.275000000001 35812.450000000004 59216.05000000001 934.24049763427956 46043.900000000009 -0.24999999999999997 61875.000000000007 0.0051282388444369173 0.87850467273699395
decision_type=2 2 2 2 2 2 2 2 2 2 2 2 2 2 2 2 2 2 2 2 2 2 2 2 2 2 2 2 2 2 2 2 2 2 2 2 2 2 2 2 2 2 2 2 2 2 2 2 2 2 2 2 2 2 2 2 2 2 2 2 2 2
left_child=2 4 15 6 7 13 -3 26 17 12 24 21 16 31 -13 42 -7 47 -19 -16 40 22 54 29 55 30 27 49 50 58 -26 -5 -27 -11 -28 -15 -37 48 57 -18 41 -12 52 46 -24 60 -36 -4 -23 -2 -17 -40 -1 -44 -6 -9 -31 -29 -10 -57 -30 -33
right_child=1 3 8 5 11 9 -8 10 23 33 20 14 -14 35 19 28 39 18 -20 -21 -22 37 44 -25 25 32 34 38 45 56 -32 61 -34 -35 43 36 -38 -39 51 -41 -42 -43 53 -45 -46 -47 -48 -49 -50 -51 -52 -53 -54 -55 -56 59 -58 -59 -60 -61 -62 -63
leaf_value=-400.22323552114517 -54.627647276318768 567.35477623980967 -99.270474956017395 514.5925508586015 133.90206721125418 692.34850190470047 1168.537665578358 -83.892045838006652 -138.80124947495125 769.30086346531402 170.59944684709822 292.89131191821804 167.02040379868751 21.182428725792079 795.91170325413236 -258.78096360612614 474.51429269488006 12.268565432104728 391.35850420486827 475.71472998903494 15.794899056617247 163.30050789320759 350.52417988087853 -305.73668860394014 89.421563351170533 -164.10143386085434 -76.229892719053339 -96.216303505472581 -341.19484998012473 -47.792958485867963 226.15058422616053 366.85012888691199 28.993189373551125 581.99007240590458 -2.0138717628180896 107.48449107671799 276.93346958705354 58.38471275167263 -250.1335252256651 339.94834616798312 346.69588981466092 254.18677280299093 -453.77264477899649 151.95919834854581 522.78890334452478 -293.61273469974765 77.383330990274004 46.765690857537905 307.59350808323018 57.817974029144679 -123.3823362154574 -145.23359692154642 -325.92013131069467 -405.77887964221014 252.34375560798267 21.152012182371173 -110.99554085906176 9.5692905900285066 -193.88330763707808 -44.00152556024203 -399.01946215304002 268.97952770162073
leaf_weight=50 11.999999999999998 15.999999999999998 13.000000000000002 9.9999999999999982 11.000000000000002 11.999999999999998 20 9.9999999999999982 27 19 51 13.999999999999998 19 14.999999999999998 11.999999999999998 10.000000000000002 27 10.000000000000002 11.999999999999998 17.000000000000004 13.999999999999998 12.000000000000002 10.000000000000002 15.999999999999998 44 9.9999999999999982 30 10.000000000000002 51 19 31 10.000000000000002 32 18 69 21 15.999999999999998 13.999999999999998 10.999999999999998 27 13.999999999999998 57 115 9.9999999999999982 11.999999999999998 42 27 9.9999999999999982 9.9999999999999982 23 10.999999999999998 32 25 62 9.9999999999999982 52 102 10.999999999999998 76 18 33 15.999999999999998
leaf_count=50 12 16 13 10 11 12 20 10 27 19 51 14 19 15 12 10 27 10 12 17 14 12 10 16 44 10 30 10 51 19 31 10 32 18 69 21 16 14 11 27 14 57 115 10 12 42 27 10 10 23 11 32 25 62 10 52 102 11 76 18 33 16
internal_value=0.488273 197.725 -269.404 454.16 106.248 376.71 903.657 55.659 -111.023 482.122 114.233 341.539 395.293 230.188 508.005 -382.478 460.656 89.3846 219.88 610.49 208.25 250.403 322.53 -148.621 49.2558 87.5323 -27.3554 -76.9874 -319.422 -137.267 146.162 366.569 -17.2622 679.991 8.80378 135.248 181.309 163.597 -129.548 407.984 230.304 214.909 -419.119 32.9191 446.427 -341.029 20.3738 -35.8488 229.983 19.2193 -188.779 -172.587 -375.923 -437.2 191.232 -6.76301 -101.119 -41.0219 -179.593 4.35933 -364.359 307.884
internal_weight=1620 936 684 246 690 210 36 568 285 122 333 122 85 88 43 399 66 45 22 29 136 79 43 240 197 117 235 99 147 224 75 36 42 37 136 52 37 36 64 54 122 108 252 106 22 126 96 23 22 35 21 43 75 177 21 80 121 21 103 70 84 26
internal_count=1620 936 684 246 690 210 36 568 285 122 333 122 85 88 43 399 66 45 22 29 136 79 43 240 197 117 235 99 147 224 75 36 42 37 136 52 37 36 64 54 122 108 252 106 22 126 96 23 22 35 21 43 75 177 21 80 121 21 103 70 84 26
is_linear=0
shrinkage=0.03


Tree=34
num_leaves=63
num_cat=0
split_feature=18 23 23 5 12 21 18 16 18 23 23 15 2 18 16 18 2 18 10 2 18 18 23 10 11 18 16 18 18 18 12 15 0 22 22 16 16 20 20 18 10 16 18 22 16 10 20 23 22 9 20 2 18 18 18 3 0 23 0 12 0 18
split_gain=9.01863e+10 2.30202e+10 1.28189e+10 1.03835e+10 9.70533e+09 4.32081e+09 2.50245e+09 2.31187e+09 1.96264e+09 1.43385e+09 9.83047e+08 9.39854e+08 8.57766e+08 7.53057e+08 6.70559e+08 8.39197e+08 6.35677e+08 5.71408e+08 5.43784e+08 5.90008e+08 4.9397e+08 4.89618e+08 4.36106e+08 4.33877e+08 4.10041e+08 4.0629e+08 3.57936e+08 3.57292e+08 3.40737e+08 3.33519e+08 3.00289e+08 2.71505e+08 2.34973e+08 2.2317e+08 2.62037e+08 2.06403e+08 2.05562e+08 1.74436e+08 1.74283e+08 1.62731e+08 1.4416e+08 1.41707e+08 1.38e+08 1.37956e+08 1.3554e+08 1.32696e+08 1.29995e+08 1.53603e+08 1.29032e+08 1.86364e+08 1.28604e+08 1.27143e+08 1.26976e+08 9.58581e+07 8.12115e+07 7.0487e+07 6.51664e+07 5.15248e+07 5.08098e+07 4.92763e+07 4.22384e+07 4.03567e+07
threshold=43515.05000000001 82097.876923076925 26535.988461538465 1.0000000180025095e-35 1.0326530610178755 65651.60000000002 90719.950000000012 -1.0000000180025095e-35 58518.350000000006 49699.665384615393 56950.515384615392 -6096.4249999999984 60701.875000000007 63299.650000000001 0.0050505372572776661 75914.050000000003 48941.750000000007 33738.850000000006 0.4647231720437684 46852.500000000007 55231.500000000007 112238.65000000001 98090.592307692321 0.8542199457734333 0.88636363622866321 73508.35000000002 0.0051282388444369173 50657.150000000001 62843.05000000001 96709.700000000012 1.1836734691412578 -9899.6333333333296 43160.700000000004 5182.1502896045195 19926.118460036058 0.0050251573518178558 0.0037543201186628354 87880.050000000003 59600.000000000007 54543.700000000004 0.98182534576205305 0.0050251573518178558 26300.050000000007 27294.740151761671 0.0049140049140049555 -0.85421994577343285 66439.000000000015 43869.192307692319 15935.217835209549 0.06026834012766185 62457.700000000004 46562.625000000007 48804.250000000007 10854.200000000003 40574.200000000004 58308.125000000007 44965.650000000009 21552.888461538463 38408.750000000007 1.0632911389765953 49116.875000000007 56701.80000000001
decision_type=2 2 2 2 2 2 2 2 2 2 2 2 2 2 2 2 2 2 2 2 2 2 2 2 2 2 2 2 2 2 2 2 2 2 2 2 2 2 2 2 2 2 2 2 2 2 2 2 2 2 2 2 2 2 2 2 2 2 2 2 2 2
left_child=2 3 11 5 22 10 25 18 39 -10 24 31 -8 61 15 23 -11 42 45 -20 40 37 -3 -15 36 -6 28 35 -22 51 -29 60 58 -18 -35 -26 -2 -14 -17 46 55 44 -9 -23 54 -4 47 -5 49 -27 -31 -16 -49 -33 -19 -12 -43 -34 -13 -38 -1 -7
right_child=1 4 7 8 6 13 12 17 9 16 20 32 21 14 29 38 33 41 19 -21 26 43 -24 -25 27 48 -28 30 -30 50 -32 53 57 34 -36 -37 59 -39 -40 -41 -42 56 -44 -45 -46 -47 -48 52 -50 -51 -52 -53 -54 -55 -56 -57 -58 -59 -60 -61 -62 -63
leaf_value=-259.50816425587863 -29.154590580624614 925.23647121965359 -95.937155229927257 135.77412498680323 145.3414332833195 21.493716232993386 324.32250799005681 -289.42440855921956 111.24298523553527 336.0847482518991 17.210551858029124 -446.73260753298831 618.11722042871884 223.92405269904353 4.7067264412544869 329.10547839406121 666.01953593104349 -132.14005948153408 26.082029304126692 344.07317805522194 101.52228965896332 635.91843144692643 1209.448207746899 12.3720493913405 -21.105703161011668 474.32061977877453 -18.028393178087601 108.93365712342829 237.41912882649089 294.35988437798176 -1.2733754700022186 -406.8818825865186 -375.3659462991871 468.64354392027246 651.36151937654699 -140.95459821428568 -109.15516162473762 456.75296241091002 484.08697671720296 312.91046946140312 106.3521801530554 -245.8390864789603 -192.99098921180376 814.64154045482678 -17.421172004862033 41.212040587308117 115.73436475797465 354.964370020498 255.47582655344573 303.35179742090446 152.43957331476986 118.75710138230096 206.20866894934787 -310.42167438954959 -81.521450912581798 -56.24635624361354 -137.35023582664695 -294.73585221998758 -407.36010677537018 -185.55749720449666 -175.79096715257657 85.682019822464639
leaf_weight=10.000000000000002 28 12.000000000000002 10.000000000000002 10.999999999999998 14.999999999999998 11.999999999999998 11.999999999999998 18 9.9999999999999982 18 53 79 12.000000000000002 69 10.999999999999998 24 11.999999999999998 89 10.000000000000002 10.999999999999998 50 12.000000000000002 12.999999999999998 9.9999999999999982 66 10.000000000000002 13.999999999999998 36 25 13.000000000000002 58 11.999999999999998 106 35 9.9999999999999982 15.999999999999998 20 17 9.9999999999999982 14.999999999999998 13.999999999999998 10.000000000000002 59 9.9999999999999982 13.999999999999998 17 12.999999999999998 10.000000000000002 14.999999999999998 15.999999999999998 10.999999999999998 44 11.999999999999998 74 43 14.999999999999998 10.999999999999998 9.9999999999999982 86 12.999999999999998 14.999999999999998 34
leaf_count=10 28 12 10 11 15 12 12 18 10 18 53 79 12 69 11 24 12 89 10 11 50 12 13 10 66 10 14 36 25 13 58 12 106 35 10 16 20 17 10 15 14 10 59 10 14 17 13 10 15 16 11 44 12 74 43 15 11 10 86 13 15 34
internal_value=0.486135 191.826 -261.337 128.35 540.615 76.6812 427.065 -110.806 356.756 449.984 17.4109 -373.411 556.838 178.237 204.354 251.272 494.942 -148.238 79.3847 193.49 72.2117 610.806 1077.26 197.195 -22.1426 280.338 121.114 1.10197 147.077 137.012 41.0045 -298.839 -402.751 544.431 510.602 -44.6341 -89.101 525.419 375.974 226.325 19.0515 -116.939 -215.88 720.475 -106.317 -9.75042 197.473 229.225 329.253 370.675 230.216 95.997 275.125 -324.338 -115.725 0.947978 -189.932 -368.675 -426.47 -139.723 -210.178 69.0203
internal_weight=1620 936 684 792 144 646 119 292 146 85 408 392 63 238 192 113 75 244 48 21 171 51 25 79 237 56 89 176 75 79 94 111 281 57 45 82 61 29 34 61 82 167 77 22 146 27 46 33 41 26 24 55 22 86 132 68 21 116 165 33 25 46
internal_count=1620 936 684 792 144 646 119 292 146 85 408 392 63 238 192 113 75 244 48 21 171 51 25 79 237 56 89 176 75 79 94 111 281 57 45 82 61 29 34 61 82 167 77 22 146 27 46 33 41 26 24 55 22 86 132 68 21 116 165 33 25 46
is_linear=0
shrinkage=0.03


Tree=35
num_leaves=63
num_cat=0
split_feature=21 23 21 17 14 21 21 21 17 20 6 12 6 27 21 2 9 8 20 6 8 8 22 7 22 21 17 20 0 20 14 15 6 11 6 23 19 10 11 21 14 21 8 15 20 2 11 23 14 21 19 23 22 19 8 11 7 9 0 12 23 9
split_gain=8.27663e+10 2.22772e+10 1.22288e+10 9.42104e+09 9.3225e+09 4.24754e+09 2.38361e+09 2.14606e+09 2.1218e+09 1.42942e+09 1.35091e+09 1.30513e+09 1.26832e+09 1.19289e+09 1.01654e+09 9.58989e+08 8.87342e+08 8.43314e+08 8.11295e+08 6.21568e+08 6.1332e+08 5.74198e+08 5.37855e+08 5.34188e+08 5.05089e+08 4.76294e+08 3.97358e+08 3.84497e+08 3.41668e+08 3.3695e+08 3.28392e+08 3.11217e+08 3.03932e+08 4.7247e+08 2.77175e+08 2.45782e+08 2.3786e+08 2.34087e+08 2.18917e+08 2.01623e+08 1.57458e+08 1.5699e+08 1.52046e+08 1.48922e+08 1.46907e+08 1.44928e+08 1.35261e+08 1.31968e+08 1.18176e+08 1.05952e+08 9.80909e+07 9.80689e+07 9.42556e+07 9.1262e+07 8.04606e+07 7.52068e+07 6.821e+07 6.58067e+07 6.07866e+07 5.86635e+07 5.00125e+07 4.92901e+07
threshold=44665.812500000007 82097.876923076925 30881.712500000005 0.041245326282528236 0.24296675187449793 65651.60000000002 95185.900000000023 61444.850000000006 0.041245326282528236 51897.150000000001 1.0000000180025095e-35 1.0267857140995378 1.0000000180025095e-35 1.0000000180025095e-35 17565.950000000004 57326.250000000007 -0.51639395938746191 0.6830127018922193 54267.600000000013 1.0000000180025095e-35 0.93301270189221952 0.93301270189221952 8337.4081549669172 -0.24999999999999997 5182.1502896045195 74733.062500000015 0.0010234886395476695 40493.500000000007 44240.945000000007 48746.700000000004 0.20184295528345614 -1162.5733333333299 1.0000000180025095e-35 0.87129070775178363 1.0000000180025095e-35 74459.973076923096 49464.000000000007 -0.35460488704253562 0.88793103432811982 80744.462500000009 0.2888888888444478 35954.912500000013 0.93301270189221952 -1036.9333333333304 35397.900000000001 51890.625000000007 1.0559999998335361 57565.511538461542 0.27364323328844098 13214.275000000001 75079.60000000002 35425.080769230779 10347.564272282862 60667.400000000009 1.0000000180025095e-35 0.84824242411030315 -0.24999999999999997 0.70581670320594825 49612.900000000009 1.0694444441443742 59876.080769230779 0.06026834012766185
decision_type=2 2 2 2 2 2 2 2 2 2 2 2 2 2 2 2 2 2 2 2 2 2 2 2 2 2 2 2 2 2 2 2 2 2 2 2 2 2 2 2 2 2 2 2 2 2 2 2 2 2 2 2 2 2 2 2 2 2 2 2 2 2
left_child=2 3 14 5 11 12 20 19 32 41 21 -3 18 15 30 44 -13 34 42 37 61 39 35 47 -9 43 55 -21 -15 60 45 -29 38 51 -8 46 -25 -5 59 52 -31 -10 57 53 -14 -1 -12 -20 -40 -32 -27 -34 -7 -26 -36 -16 -50 -2 -28 -4 -24 -6
right_child=1 4 8 7 6 10 17 24 9 -11 22 16 13 28 26 -17 -18 -19 23 27 -22 -23 29 36 25 50 58 31 -30 40 49 -33 33 -35 54 -37 -38 -39 48 -41 -42 -43 -44 -45 -46 -47 -48 -49 56 -51 -52 -53 -54 -55 -56 -57 -58 -59 -60 -61 -62 -63
leaf_value=-366.18714178280817 -40.294392280869815 1176.3573796069895 -171.44944753271898 194.34995464230366 335.73151672829198 119.83391301293081 473.22168990583606 638.11059917355374 -91.533301192179735 418.56352406416789 230.68998216438902 998.92029032939172 -53.869132569733154 113.43891338019971 -338.02855582180126 236.57668368682013 626.5104244930186 323.17913950286288 61.415873985448805 184.12628452214716 38.459989906500191 -81.611574739155003 50.945992275806177 -108.48870186027438 457.27139094172281 593.16358051394604 -222.80403873338216 443.93545425320258 300.0963948052177 233.9539425499579 -422.02968762915594 261.10670021576408 -203.12215934591089 28.569719092380478 559.64707205290824 420.80334113507229 -8.5497340469296841 7.2892178521274538 -68.102976260130433 214.25731351811834 113.90371711131955 54.709357953296276 -201.47624959534701 251.74722056363078 21.973449274381366 -271.72051851645904 356.12351166596284 183.37523570667611 -98.931758858816949 -376.16976118506028 447.88259765624997 -100.73123688296492 38.448721880157606 327.57277109697833 695.12066539693319 -280.64100678604018 -161.88421420926554 -122.34789343565807 -133.20869487667872 -235.23230341923698 133.10090410305344 257.08408438148336
leaf_weight=36 12.999999999999998 12.999999999999998 35 12.000000000000002 12.999999999999998 31 14.999999999999998 11.999999999999998 10.000000000000002 9.9999999999999982 31 11 31 14.999999999999998 55 18 14 15.999999999999998 24 22 11.999999999999998 17 14.000000000000002 26 11.000000000000002 12.000000000000002 18.000000000000004 15.999999999999998 22 63 136 19 13.999999999999998 25 10.000000000000002 11.999999999999998 120 11.999999999999998 26 13.999999999999998 11.999999999999998 19 18 10.999999999999998 88 28 10.999999999999998 11.999999999999998 23 87 9.9999999999999982 22 22 11.999999999999998 15.999999999999998 41 52 28 11.999999999999998 23 12.999999999999998 24
leaf_count=36 13 13 35 12 13 31 15 12 10 10 31 11 31 15 55 18 14 16 24 22 12 17 14 26 11 12 18 16 22 63 136 19 14 25 10 12 120 12 26 14 12 19 18 11 88 28 11 12 23 87 10 22 22 12 16 41 52 28 12 23 13 24
internal_value=0.485997 181.018 -254.182 119.436 524.525 70.4313 379.377 334.67 -92.5274 111.201 170.862 927.352 12.3239 74.0243 -355.511 33.1333 793.698 511.256 -32.2355 229.883 225.238 73.7458 223.074 -0.875411 458.969 419.512 -283.936 283.778 224.934 182.201 -386.825 345.712 -128.677 -71.5726 583.687 299.8 -26.4092 101.238 -150.526 113.228 214.923 4.1395 -128.808 347.031 2.18747 -325.346 264.31 102.464 -123.61 -404.315 529.452 -141.002 86.1875 391.314 645.359 -313.837 -142.736 -96.4923 -187.528 -197.104 90.8474 285.548
internal_weight=1620 948 672 804 144 655 106 149 259 39 240 38 415 174 413 137 25 57 241 81 49 84 156 182 68 56 126 57 37 102 287 35 220 61 41 54 146 24 159 67 75 29 59 34 119 64 42 36 101 223 22 36 53 23 26 96 75 41 30 58 27 37
internal_count=1620 948 672 804 144 655 106 149 259 39 240 38 415 174 413 137 25 57 241 81 49 84 156 182 68 56 126 57 37 102 287 35 220 61 41 54 146 24 159 67 75 29 59 34 119 64 42 36 101 223 22 36 53 23 26 96 75 41 30 58 27 37
is_linear=0
shrinkage=0.03


Tree=36
num_leaves=63
num_cat=0
split_feature=18 21 12 14 17 18 14 18 16 16 18 0 18 16 22 18 16 18 2 20 18 7 22 18 18 17 20 18 24 18 18 18 14 16 21 16 22 16 10 18 0 18 10 16 10 20 18 18 14 18 24 22 14 17 7 21 0 11 11 12 8 21
split_gain=7.99204e+10 1.93198e+10 1.32488e+10 1.02063e+10 5.47826e+09 4.59828e+09 2.63529e+09 2.5461e+09 1.6784e+09 1.5824e+09 1.47029e+09 1.20901e+09 9.59475e+08 9.41794e+08 8.70605e+08 7.85195e+08 7.84259e+08 7.38606e+08 7.32801e+08 6.11632e+08 5.41543e+08 5.15051e+08 3.63266e+08 3.39703e+08 3.06319e+08 2.82435e+08 2.79314e+08 2.7961e+08 2.37893e+08 2.37654e+08 2.23613e+08 2.19338e+08 1.89283e+08 1.76296e+08 1.63486e+08 1.58939e+08 1.38012e+08 1.37145e+08 1.29022e+08 1.20867e+08 1.10927e+08 1.05382e+08 9.56019e+07 6.67515e+07 6.64646e+07 6.08111e+07 5.68359e+07 5.57037e+07 5.18284e+07 5.10562e+07 4.97986e+07 4.51937e+07 4.01456e+07 3.72533e+07 4.17042e+07 3.54616e+07 3.34661e+07 2.49726e+07 2.44311e+07 2.24753e+07 2.23417e+07 2.1498e+07
threshold=46043.900000000009 95185.900000000023 0.96107142840192339 0.21717973125094933 0.075411471307569006 71103.950000000026 0.2061068701904871 68157.550000000017 0.05017507414820211 0.0050505372572776661 56701.80000000001 40666.870000000003 21334.200000000001 -0.075399971249820216 10834.934566728369 109487.05 -1.0000000180025095e-35 85153.35000000002 60701.875000000007 92289.10000000002 37631.55000000001 -0.6830127018922193 18374.23406570682 11812.000000000002 111700.15000000001 0.075456790109967767 54050.250000000007 64599.80000000001 54750.92500000001 76936.35000000002 56348.900000000009 50188.150000000009 0.24938271600328019 -0.075365239294710326 42282.762500000004 -1.0000000180025095e-35 15109.288661150951 0.0050505372572776661 0.78574730703237883 31763.850000000002 59048.125000000007 55231.500000000007 0.78574730703237883 0.0051282388444369173 0.98182534576205305 110861.50000000001 40304.150000000009 18132.050000000003 0.20948616596859607 112238.65000000001 50093.125000000007 1112.1659640303524 0.23809523804667135 0.011489240683537445 -0.24999999999999997 54377.125000000007 38721.05000000001 1.0593406591054841 0.88793103432966614 1.0698924728262924 0.93301270189221952 34587.625000000007
decision_type=2 2 2 2 2 2 2 2 2 2 2 2 2 2 2 2 2 2 2 2 2 2 2 2 2 2 2 2 2 2 2 2 2 2 2 2 2 2 2 2 2 2 2 2 2 2 2 2 2 2 2 2 2 2 2 2 2 2 2 2 2 2
left_child=2 3 12 7 18 8 11 13 10 17 16 34 23 21 -9 28 55 29 -3 49 39 -2 35 48 45 50 32 -28 36 38 -23 -18 -12 -25 -4 -16 -11 44 -7 59 -31 -10 58 47 46 -21 51 60 56 -20 -14 -22 -48 54 61 -5 -1 -56 -43 -8 -35 -41
right_child=1 4 6 5 -6 9 20 14 41 15 26 -13 25 -15 22 -17 31 -19 19 24 37 30 -24 33 -26 -27 27 -29 -30 40 -32 -33 -34 43 -36 -37 -38 -39 -40 53 -42 42 -44 -45 -46 -47 52 -49 -50 -51 -52 -53 -54 -55 57 -57 -58 -59 -60 -61 -62 -63
leaf_value=-387.24633871944189 460.49277333524213 250.9375179358756 -22.217087324426522 218.598523416722 1070.9361628763088 252.68965843703216 -176.51545058573572 780.96233435710883 -167.35337159819949 39.771530953119516 257.72160498681006 435.46420365437422 -320.28844464202422 40.791330727821546 522.51507561107678 368.44714942725926 -23.267390176749686 506.91332284708966 581.27525971720024 308.0127565168624 -50.389141591893569 189.86475650681967 631.21517045454539 -265.92147775233474 577.40532497292691 -141.41062186393947 78.877800615860735 180.66540968674877 205.07939668453994 288.67344771461921 355.30214679747138 36.348029285808636 148.27825420096707 -345.8429327620459 136.01074574083384 361.42721655425061 122.73610661302087 -166.201806670953 147.65033934248251 -148.98236173422026 404.25570829028925 -85.117586135233736 -156.22330103505956 -396.15158975582796 -6.0049882772146175 424.22631091429457 -12.00430089177312 -293.9366373550622 -414.94723970751022 699.15635496183211 -254.59067470734524 -123.41393795698116 -73.293220562015563 -91.08570458742652 -189.58645111421814 141.03935672571166 -310.28620561958542 -147.80588576730807 -31.778407399449414 -232.38576387479705 -402.88775760135132 -86.408423280458194
leaf_weight=27 19 9.9999999999999982 14.000000000000002 14.000000000000002 19 50 11.999999999999998 12.999999999999998 14.999999999999998 40 23 9.9999999999999982 20 11.999999999999998 9.9999999999999982 10.999999999999998 110 12.999999999999998 12.000000000000002 10.000000000000005 9.9999999999999982 18.000000000000004 11.999999999999998 26 9.9999999999999982 18 80 35 15.999999999999998 26 12.999999999999998 112 39 99 9.9999999999999982 16.000000000000004 33 15.999999999999998 13.999999999999998 10.000000000000002 11.999999999999998 11.999999999999998 9.9999999999999982 31 11.999999999999998 9.9999999999999982 10.999999999999998 22 110 12.999999999999998 31 35 79 9.9999999999999982 27 9.9999999999999982 9.9999999999999982 31 22 23 10.999999999999998 10.999999999999998
leaf_count=27 19 10 14 14 19 50 12 13 15 40 23 10 20 12 10 11 110 13 12 10 10 18 12 26 10 18 80 35 16 26 13 112 39 99 10 16 33 16 14 10 12 12 10 31 12 10 11 22 110 13 31 35 79 10 27 10 10 31 22 23 11 11
internal_value=0.487089 190.363 -233.322 145.408 623.177 102.496 -89.3296 409.768 51.0123 217.838 71.9219 160.077 -347.398 279.871 566.824 130.359 24.46 293.728 490.849 533.935 -118.922 337.054 491.708 -368.39 439.449 -244.792 137.835 109.987 100.552 266.087 260.161 6.81167 189.228 -341.1 44.0019 425.149 77.3927 -82.8941 229.979 -166.175 326.138 -98.7669 -75.0587 -352.921 -73.7197 367.941 -79.7299 -342.476 -403.222 645.115 -280.931 -107.334 -65.824 -147.232 -154.215 187.002 -367.339 -167.548 -50.7985 -213.788 -351.908 -116.771
internal_weight=1620 894 726 810 84 697 321 113 482 215 423 34 405 62 51 100 246 115 65 55 287 50 38 336 30 69 177 115 89 102 31 222 62 189 24 26 73 163 64 124 38 59 44 163 147 20 135 132 147 25 51 45 90 89 79 24 37 58 34 35 110 21
internal_count=1620 894 726 810 84 697 321 113 482 215 423 34 405 62 51 100 246 115 65 55 287 50 38 336 30 69 177 115 89 102 31 222 62 189 24 26 73 163 64 124 38 59 44 163 147 20 135 132 147 25 51 45 90 89 79 24 37 58 34 35 110 21
is_linear=0
shrinkage=0.03


Tree=37
num_leaves=63
num_cat=0
split_feature=18 18 23 5 14 24 18 23 16 6 18 23 6 18 13 6 22 16 16 6 18 7 20 8 21 18 6 6 7 11 14 7 16 16 23 16 23 16 22 16 22 16 18 18 14 10 23 11 16 16 16 18 23 18 18 20 23 19 10 18 20 18
split_gain=7.52328e+10 1.92782e+10 1.06839e+10 7.14906e+09 7.12872e+09 3.99013e+09 3.97986e+09 2.42751e+09 1.94043e+09 1.85689e+09 1.72567e+09 1.64389e+09 8.82559e+08 7.24687e+08 6.69467e+08 6.07655e+08 5.8459e+08 5.54488e+08 5.53058e+08 5.36508e+08 4.74224e+08 4.67509e+08 6.3321e+08 4.15498e+08 4.24083e+08 4.1174e+08 4.21931e+08 4.06519e+08 4.66165e+08 3.59324e+08 3.4619e+08 3.2191e+08 3.0869e+08 2.68961e+08 2.57343e+08 2.42197e+08 2.37323e+08 2.33707e+08 2.27476e+08 3.77177e+08 1.66007e+08 2.84673e+08 2.14371e+08 1.61472e+08 1.49334e+08 1.39003e+08 1.35532e+08 1.31303e+08 1.70634e+08 1.23178e+08 1.21314e+08 1.19107e+08 1.15097e+08 1.11924e+08 1.05565e+08 9.01184e+07 8.95282e+07 7.93088e+07 6.55121e+07 6.44266e+07 6.33097e+07 6.26099e+07
threshold=43515.05000000001 76150.700000000012 26535.988461538465 1.0000000180025095e-35 0.21717973125094933 52630.625000000007 104210.00000000001 56950.515384615392 -1.0000000180025095e-35 1.0000000180025095e-35 108144.60000000002 60896.976923076923 1.0000000180025095e-35 14856.300000000001 0.98290598274206187 1.0000000180025095e-35 1281.8781713507651 0.05017507414820211 -1.0000000180025095e-35 1.0000000180025095e-35 33738.850000000006 -0.6830127018922193 39895.950000000004 0.93301270189221952 71720.712500000009 87880.050000000003 1.0000000180025095e-35 1.0000000180025095e-35 -0.24999999999999997 1.0593406591112766 0.21012658222032701 1.0000000180025095e-35 0.05017507414820211 0.0037543201186628354 47362.076923076929 -0.078707565751361327 112049.05384615385 0.0037543201186628354 27294.740151761671 0.0037543201186628354 2839.1818280547309 0.0049140049140049555 68157.550000000017 98091.500000000015 0.20948616596859607 -0.61559370248597534 16901.850000000002 0.88799999985862599 0.0049140049140049555 0.0050251573518178558 0.0049140049140049555 26300.050000000007 78121.684615384627 38172.30000000001 51612.650000000009 35397.900000000001 47649.769230769241 20550.450000000004 0.78574730703237883 40574.200000000004 35812.450000000004 79169.450000000012
decision_type=2 2 2 2 2 2 2 2 2 2 2 2 2 2 2 2 2 2 2 2 2 2 2 2 2 2 2 2 2 2 2 2 2 2 2 2 2 2 2 2 2 2 2 2 2 2 2 2 2 2 2 2 2 2 2 2 2 2 2 2 2 2
left_child=2 3 13 7 6 19 18 27 15 23 17 21 -13 44 -14 53 -17 25 -3 -6 51 22 60 24 31 61 -27 28 56 40 46 -9 -21 -25 55 54 -8 -30 39 -12 41 -11 -42 -34 -1 -24 -15 -36 -49 50 59 -10 -26 -4 -23 -29 -2 -48 -39 -22 -5 -7
right_child=1 4 8 11 5 10 36 9 20 29 38 12 14 30 -16 16 -18 -19 -20 32 49 35 45 33 52 26 -28 34 37 -31 -32 -33 43 -35 47 -37 -38 58 -40 -41 42 -43 -44 -45 -46 -47 57 48 -50 -51 -52 -53 -54 -55 -56 -57 -58 -59 -60 -61 -62 -63
leaf_value=-337.04044724090193 -49.052948126674686 664.45251689189161 -95.958354072861965 116.76526631123306 4.1237695085039787 271.90821119225535 922.35607866646012 165.32960754015429 -265.42974026674722 178.04864219263976 665.88050652117749 253.13626755734708 719.05747982308878 -289.92364703702776 420.35459258497798 351.59360929734618 55.890997791416602 164.43405846461775 385.86266635827843 296.1617669951026 -120.63188461355088 140.01670874225201 470.65947733729325 4.588229990992053 122.16908562275896 359.1366416597682 593.98407288896271 -75.117043198097932 -36.709128741946834 29.427827491208539 -331.50745807686241 21.993094564942702 100.17729200434385 -171.797149839659 -22.165096982259882 42.115572808448306 1175.7269229579208 -133.71753620743354 709.41518129770998 423.75969670652432 131.46992265103864 362.55041057180841 223.49662697066805 216.25586024953355 -391.95560055238911 310.61513555847773 -150.98024552813226 32.091197521161035 142.00252558787221 -175.04745471249257 -13.032832511739528 -175.89516834239669 247.91637414913365 37.039340560459856 274.16779258199256 3.1912491518491271 51.69872314453125 -238.75548053878234 -215.79076630337545 -75.523270709044411 223.10177236424812 355.75626407771915
leaf_weight=71 11.999999999999998 11.000000000000002 13.000000000000002 11.000000000000002 15.999999999999998 15.999999999999998 10.000000000000002 15.999999999999998 18 17 12.000000000000002 13.999999999999998 12.000000000000002 31 17 10.000000000000002 14.999999999999998 11.999999999999998 17 20 89 12.000000000000002 12.000000000000002 26 20.000000000000004 15 14 31 21 11.999999999999998 89 114 24 10.999999999999998 21 13.999999999999998 9.9999999999999982 30 12.999999999999998 12.999999999999998 43 14.000000000000002 50 20 160 9.9999999999999982 15.999999999999998 43 18 21 13.999999999999998 59 9.9999999999999982 9.9999999999999982 9.9999999999999982 23 23 25 12.999999999999998 43 9.9999999999999982 23
leaf_count=71 12 11 13 11 16 16 10 16 18 17 12 14 12 31 17 10 15 12 17 20 89 12 12 26 20 15 14 31 21 12 89 114 24 11 21 14 10 30 13 13 43 14 50 20 160 10 16 43 18 21 14 59 10 10 10 23 23 25 13 43 10 23
internal_value=0.483032 175.242 -238.651 93.9199 403.209 323.4 731.067 49.1418 -101.226 101.23 434.253 302.184 451.459 -340.967 546.002 73.0165 175.102 354.351 497.284 159.554 -135.52 220.465 287.277 42.3317 63.2778 387.575 474.163 -24.6804 -70.8943 186.453 -291.605 39.7481 198.344 -48.1723 8.98803 140.087 1054.26 -118.975 601.096 542.168 201.613 262.27 181.134 153.311 -375.23 399.647 -241.889 42.4567 64.7034 -107.006 -97.1056 -197.142 164.769 -38.2231 201.959 -41.8192 17.1139 -204.952 -158.974 -106.006 168.219 322.141
internal_weight=1620 936 684 690 246 198 48 568 292 333 118 122 43 392 29 48 25 80 28 80 244 79 43 197 160 68 29 235 99 136 161 130 64 37 136 36 20 64 38 25 124 31 93 44 231 22 72 82 61 167 146 77 30 23 22 54 35 41 43 132 21 39
internal_count=1620 936 684 690 246 198 48 568 292 333 118 122 43 392 29 48 25 80 28 80 244 79 43 197 160 68 29 235 99 136 161 130 64 37 136 36 20 64 38 25 124 31 93 44 231 22 72 82 61 167 146 77 30 23 22 54 35 41 43 132 21 39
is_linear=0
shrinkage=0.03


Tree=38
num_leaves=63
num_cat=0
split_feature=18 23 21 14 5 21 16 21 18 23 6 18 10 18 17 13 6 13 14 13 16 10 16 2 18 7 18 16 18 7 6 18 3 21 18 0 18 16 0 16 14 23 3 16 24 10 24 19 18 20 16 16 13 7 6 18 18 19 18 4 0 23
split_gain=7.0805e+10 1.72557e+10 1.17492e+10 7.95188e+09 7.33422e+09 2.95048e+09 2.23088e+09 1.99787e+09 1.61387e+09 1.16516e+09 1.04331e+09 1.03498e+09 1.03483e+09 9.72357e+08 9.00876e+08 7.65968e+08 8.81179e+08 1.13843e+09 7.28729e+08 5.82487e+08 5.74912e+08 4.70138e+08 4.52769e+08 4.07256e+08 3.5018e+08 3.49919e+08 3.06663e+08 2.608e+08 2.55679e+08 2.44675e+08 2.25856e+08 2.20905e+08 2.20602e+08 2.08998e+08 2.021e+08 1.87132e+08 1.6876e+08 1.59712e+08 1.42313e+08 1.34715e+08 1.29296e+08 1.2037e+08 1.19475e+08 9.72114e+07 9.45966e+07 8.78649e+07 8.19013e+07 7.95029e+07 7.56031e+07 6.86778e+07 6.60655e+07 6.43638e+07 5.94292e+07 6.6987e+07 5.31999e+07 5.25059e+07 5.02716e+07 4.99229e+07 4.86236e+07 4.41233e+07 3.66157e+07 2.95324e+07
threshold=46043.900000000009 82097.876923076925 30881.712500000005 0.24296675187449793 1.0000000180025095e-35 65651.60000000002 -0.040941482945758438 95185.900000000023 58518.350000000006 49699.665384615393 1.0000000180025095e-35 104210.00000000001 0.91023613416931248 21334.200000000001 0.07545679011077143 0.93069306912077232 1.0000000180025095e-35 1.1261261259281683 0.2798053527463355 1.0472340423347435 0.0050505372572776661 0.91023613416931248 0.0037543201186628354 48941.750000000007 37061.05000000001 -0.93301270189221919 11812.000000000002 -1.0000000180025095e-35 65548.650000000009 0.68301270189221941 1.0000000180025095e-35 117409.10000000002 56820.000000000007 43035.075000000004 54148.900000000009 44240.945000000007 54543.700000000004 -0.075365239294710326 42040.780000000006 0.0050505372572776661 0.27088607590008235 68668.026923076934 55386.875000000007 0.0037543201186628354 39701.55000000001 0.78574730703237883 52010.125000000007 74708.200000000026 98091.500000000015 72853.900000000009 0.0049140049140049555 0.0051282388444369173 0.92129629607756358 -0.24999999999999997 1.0000000180025095e-35 58272.100000000013 18132.050000000003 68445.250000000015 40574.200000000004 41370.000000000007 40541.375000000007 85769.303846153853
decision_type=2 2 2 2 2 2 2 2 2 2 2 2 2 2 2 2 2 2 2 2 2 2 2 2 2 2 2 2 2 2 2 2 2 2 2 2 2 2 2 2 2 2 2 2 2 2 2 2 2 2 2 2 2 2 2 2 2 2 2 2 2 2
left_child=2 4 13 11 5 15 12 21 36 -10 22 -3 33 26 -13 30 20 35 31 38 34 61 28 57 52 41 54 -15 55 -24 -2 48 -27 60 -17 -18 45 -28 -11 49 -22 -25 -40 -29 -32 59 -19 -31 -9 50 58 56 -8 -54 -1 -7 -39 -12 -26 -6 -4 -5
right_child=1 3 6 7 8 10 24 18 9 19 23 14 -14 27 -16 16 17 46 -20 -21 40 -23 29 25 39 32 37 43 -30 47 44 -33 -34 -35 -36 -37 -38 51 42 -41 -42 -43 -44 -45 -46 -47 -48 -49 -50 -51 -52 -53 53 -55 -56 -57 -58 -59 -60 -61 -62 -63
leaf_value=-392.1418583136379 -181.79245188327812 637.75411423703463 14.121694843556615 301.3921467391304 219.90926099694286 38.260884646853867 -211.46795285811331 402.97926282728037 93.451721481474323 359.26420927444303 136.86596767279934 741.14906482054425 381.88270099299967 -98.2931347454481 1133.3530743018616 1.2262770766482216 104.86277907617834 1.4379436150988323 255.63858253163738 222.82459564511137 -66.291775680998228 70.692902475676917 -101.06579026242521 99.151710470208201 -113.10503976987602 283.56587165181094 -249.31568572647268 -216.11757299178686 250.99584144650524 -2.7036902523828923 -116.26211186589421 637.94240121384291 183.5096653008215 121.31047390767282 77.912325183264329 228.63079628873035 277.19063392487578 -330.82340799025036 537.34778773356959 -164.20939849684908 -182.9048023469783 225.27267007657795 439.51581425107759 -292.2063106052741 -10.970523932711536 84.854594066722981 65.007340396324494 102.33295179001829 513.86286766915305 -16.262189135772502 -28.656668369226285 -374.21383917805463 -92.953185671086885 -160.45230960034431 -345.93310335002337 122.76066419099504 -275.86173545319571 53.211019375633654 -73.824296705457897 144.16220120044463 -66.744374510510141 237.53736653645831
leaf_weight=107 14.999999999999998 13.999999999999998 10.000000000000002 15.999999999999998 16.000000000000004 11.000000000000002 15.999999999999998 10.999999999999998 9.9999999999999982 9.9999999999999982 13.000000000000002 10.000000000000002 9.9999999999999982 11.999999999999998 13.999999999999998 94 14.999999999999998 52 11.999999999999998 9.9999999999999982 30 15.999999999999998 13.999999999999998 22 54 69 26 35 12.999999999999998 12.000000000000002 10.999999999999998 11.999999999999998 29 14.999999999999998 46 44 14.999999999999998 110 29 18 11.999999999999998 9.9999999999999982 26 30 25 10.999999999999998 28 13.999999999999998 22 14.999999999999998 17 31 17 69 40 17 22 12.999999999999998 62 13.999999999999998 9.9999999999999982 17
leaf_count=107 15 14 10 16 16 11 16 11 10 10 13 10 10 12 14 94 15 52 12 10 30 16 14 22 54 69 26 35 13 12 11 12 29 15 46 44 15 110 29 18 12 10 26 30 25 11 28 14 22 15 17 31 17 69 40 17 22 13 62 14 10 17
internal_value=0.485345 179.206 -219.586 479.892 121.418 76.2494 -80.9177 345.846 316.314 398.721 158.955 851.922 114.353 -324.634 973.688 23.5296 40.6923 97.539 466.581 439.245 -2.7533 204.735 71.4809 204.299 -113.736 225.988 -346.729 -227.892 141.41 -0.370266 -84.3628 522.141 254.175 37.0456 26.4608 197.395 190.743 -320.811 472.147 -86.7626 -99.9652 139.144 491.982 -251.63 -43.376 158.519 23.7407 54.0298 478.231 -77.2388 -84.0985 -332.056 -157.506 -147.233 -379.812 89.8187 -321.879 95.4027 -92.1919 185.157 -26.4421 269.314
internal_weight=1620 894 726 144 750 609 313 106 141 85 237 38 45 413 24 372 321 139 57 75 182 49 81 156 268 130 336 77 41 40 51 45 98 35 140 59 56 189 65 166 42 32 55 65 36 41 80 26 33 148 133 163 102 86 147 28 132 26 116 30 20 33
internal_count=1620 894 726 144 750 609 313 106 141 85 237 38 45 413 24 372 321 139 57 75 182 49 81 156 268 130 336 77 41 40 51 45 98 35 140 59 56 189 65 166 42 32 55 65 36 41 80 26 33 148 133 163 102 86 147 28 132 26 116 30 20 33
is_linear=0
shrinkage=0.03


Tree=39
num_leaves=63
num_cat=0
split_feature=18 18 18 17 5 24 0 21 18 18 5 10 15 18 15 18 6 1 18 24 11 11 0 6 11 19 6 10 22 6 27 21 18 2 22 7 15 18 7 3 11 11 19 0 21 14 3 18 9 6 0 6 17 11 21 21 18 6 15 6 0 14
split_gain=6.66546e+10 1.71145e+10 9.47479e+09 6.37132e+09 6.33786e+09 3.74329e+09 3.17409e+09 1.98042e+09 1.45033e+09 1.2944e+09 1.20613e+09 8.37944e+08 7.0045e+08 6.92723e+08 6.0653e+08 5.77776e+08 5.6861e+08 5.22981e+08 4.56135e+08 5.99371e+08 4.55064e+08 4.03901e+08 3.9771e+08 3.91737e+08 6.249e+08 3.79093e+08 3.70398e+08 3.36467e+08 2.69699e+08 2.55323e+08 3.9104e+08 2.53691e+08 2.42316e+08 2.41175e+08 2.38049e+08 2.20924e+08 1.99713e+08 1.89896e+08 1.81032e+08 1.78931e+08 1.74288e+08 1.48819e+08 1.43548e+08 1.4129e+08 1.36575e+08 1.3608e+08 1.22127e+08 1.11939e+08 1.09302e+08 1.05438e+08 1.62061e+08 1.05069e+08 1.34812e+08 8.98603e+07 8.92757e+07 8.69968e+07 8.21192e+07 7.49609e+07 6.87742e+07 6.61304e+07 6.21265e+07 5.46211e+07
threshold=43515.05000000001 76150.700000000012 25887.350000000002 0.075411471307569006 1.0000000180025095e-35 57604.375000000007 57366.875000000007 60559.200000000012 108144.60000000002 68157.550000000017 1.0000000180025095e-35 0.95297903005573359 -1677.5166666666698 63299.650000000001 -2693.3333333333317 14856.300000000001 1.0000000180025095e-35 35115.000000000007 54543.700000000004 42488.510000000002 0.86516853913142167 0.87850467273699395 64201.875000000007 1.0000000180025095e-35 0.97749999979886348 32696.900000000005 1.0000000180025095e-35 0.78574730703237883 17104.405842652679 1.0000000180025095e-35 1.0000000180025095e-35 95185.900000000023 37631.55000000001 48941.750000000007 27294.740151761671 -0.24999999999999997 -9129.6999999999989 59333.55000000001 0.25000000000000011 58014.375000000007 0.9438202245111641 1.0559999998267067 47463.450000000004 58823.125000000007 19527.737500000007 0.20948616596859607 55939.375000000007 54769.950000000004 0.35460488704253579 1.0000000180025095e-35 42661.350000000006 1.0000000180025095e-35 0.079999999980952266 0.88793103432811982 56938.537500000006 63254.350000000013 50657.150000000001 1.0000000180025095e-35 2210.0000000000005 1.0000000180025095e-35 42661.350000000006 0.2506329113478229
decision_type=2 2 2 2 2 2 2 2 2 2 2 2 2 2 2 2 2 2 2 2 2 2 2 2 2 2 2 2 2 2 2 2 2 2 2 2 2 2 2 2 2 2 2 2 2 2 2 2 2 2 2 2 2 2 2 2 2 2 2 2 2 2
left_child=2 4 15 6 7 28 16 17 22 18 20 25 -11 47 -7 45 -3 29 51 -20 -4 -18 31 35 -25 -12 27 43 -5 30 48 39 -22 -28 61 42 -17 -21 60 -8 -23 -26 -19 -15 -38 -1 -35 -9 -2 53 -51 -6 -53 -34 -37 -39 -40 -27 -42 -33 -31 -10
right_child=1 3 10 5 9 14 8 13 34 12 11 -13 -14 26 -16 36 21 23 19 37 32 40 -24 24 41 57 33 -29 -30 38 -32 59 49 46 -36 54 44 55 56 -41 58 -43 -44 -45 -46 -47 -48 -49 -50 50 -52 52 -54 -55 -56 -57 -58 -59 -60 -61 -62 -63
leaf_value=-316.80245422105753 -244.84737275680692 2.2703822658372959 -247.34672843781121 369.10271565305578 106.19940550687019 1130.6964094172295 351.18269479120329 3.4835433767259736 557.75196526604714 616.61757937167545 -136.63154720908713 276.87693734046252 300.04083064307849 85.063458965717331 798.73283251549583 -201.7784640897068 322.91703713095643 -7.2209339137106943 103.05036086623734 270.44406127121272 -145.84491710525944 97.630320918292909 161.05306719805745 247.2756053830866 -42.184538705585815 -4.4524244073096737 103.86010663388379 -38.750406800481201 570.23960086633656 -100.31484047926109 -13.071531111542432 386.33468496541025 -178.48476654877533 258.67465174397142 669.86326842795802 -50.118420481232306 -324.55699079241072 483.35500154702953 6.9321339887848685 204.73237364073057 256.19520725980709 71.52082129164404 111.8895562064365 201.95382247121708 -260.22848371717663 -369.1554457419191 172.53708254759337 73.019882427014792 -124.13736646281106 -100.94752516726228 45.653631256336482 291.09594973120346 155.64154289354079 -86.792946241863447 16.622436024852341 351.76697911286158 104.60205652309739 95.361428427659817 157.41140750797649 503.83862237004945 -24.69896232165949 446.75275584446564
leaf_weight=71 9.9999999999999982 15.999999999999998 25 18.000000000000004 17 11.000000000000002 28 29 11.000000000000002 14.000000000000002 17 9.9999999999999982 11.999999999999998 21 11.999999999999998 27 18 15.999999999999998 10.999999999999998 14.999999999999998 103 24 10.999999999999998 17 14.999999999999998 14 20 12.999999999999998 9.9999999999999982 12.999999999999998 31 13 10.999999999999998 38 12.999999999999998 54 65 10.000000000000002 19 10.999999999999998 14.000000000000002 33 21 17 62 160 26 74 22 14.000000000000002 12.999999999999998 10.000000000000002 21 79 27 11.999999999999998 12.999999999999998 13 12.999999999999998 10 39 12.999999999999998
leaf_count=71 10 16 25 18 17 11 28 29 11 14 17 10 12 21 12 27 18 16 11 15 103 24 11 17 15 14 20 13 10 13 31 13 11 38 13 54 65 10 19 11 14 33 21 17 62 160 26 74 22 14 13 10 21 79 27 12 13 13 13 10 39 13
internal_value=0.481226 164.975 -224.607 379.769 88.3527 678.191 301.413 46.1916 407.783 284.445 -97.8613 30.4346 472.215 112.134 961.706 -322.99 163.439 -1.38638 233.153 298.666 -126.14 200.755 329.387 32.4546 91.5325 -26.0758 156.824 92.7714 442.711 -43.5084 -89.1113 358.946 -112.26 195.557 561.152 -0.138213 -277.463 356.388 -9.24091 310.506 157.091 35.974 60.5016 137.749 -293.382 -353.208 224.005 53.4641 -162.505 -82.5944 -30.4537 167.154 200.132 -98.1854 -27.8784 413.496 46.8129 43.7805 209.389 439.383 -43.7592 499.731
internal_weight=1620 936 684 246 690 51 195 568 110 122 299 54 26 238 23 385 85 330 96 48 245 69 73 183 65 44 135 51 28 147 63 62 220 84 37 118 154 37 84 39 51 48 37 38 127 231 64 103 32 117 27 48 31 90 81 22 32 27 27 23 52 24
internal_count=1620 936 684 246 690 51 195 568 110 122 299 54 26 238 23 385 85 330 96 48 245 69 73 183 65 44 135 51 28 147 63 62 220 84 37 118 154 37 84 39 51 48 37 38 127 231 64 103 32 117 27 48 31 90 81 22 32 27 27 23 52 24
is_linear=0
shrinkage=0.03


Tree=40
num_leaves=63
num_cat=0
split_feature=18 23 23 17 14 21 21 14 18 12 6 23 6 8 15 9 23 2 8 18 22 8 12 6 7 7 16 18 23 20 16 6 16 24 6 16 27 24 18 24 20 18 1 8 2 14 11 6 6 12 7 16 18 6 23 8 18 7 17 14 9 23
split_gain=6.27293e+10 1.61587e+10 8.92765e+09 7.1855e+09 7.12307e+09 3.02048e+09 1.76753e+09 1.66365e+09 1.3684e+09 1.13325e+09 9.51629e+08 6.99883e+08 9.11467e+08 6.77119e+08 6.63668e+08 6.38051e+08 6.32692e+08 5.88326e+08 4.66439e+08 4.33535e+08 4.21191e+08 4.20804e+08 4.11756e+08 3.99907e+08 3.96251e+08 3.56023e+08 2.99014e+08 3.13027e+08 2.71364e+08 2.66208e+08 2.53941e+08 2.34093e+08 2.24058e+08 2.18304e+08 2.14e+08 1.97634e+08 1.91365e+08 1.87358e+08 1.80626e+08 1.74557e+08 1.61529e+08 1.46828e+08 1.33608e+08 1.32914e+08 1.29561e+08 1.2723e+08 1.21341e+08 2.64256e+08 1.19658e+08 1.0959e+08 1.07525e+08 1.02605e+08 9.76942e+07 9.30097e+07 7.93689e+07 7.68872e+07 7.10159e+07 5.87136e+07 5.69977e+07 5.25483e+07 4.52041e+07 4.48449e+07
threshold=43515.05000000001 82097.876923076925 26535.988461538465 0.041245326282528236 0.24296675187449793 65651.60000000002 95185.900000000023 0.21804511274181596 64146.500000000007 1.0267857140995378 1.0000000180025095e-35 56950.515384615392 1.0000000180025095e-35 0.6830127018922193 -6096.4249999999984 -0.51639395938746191 46586.150000000009 48941.750000000007 0.93301270189221952 33738.850000000006 8337.4081549669172 0.93301270189221952 0.97168539304328594 1.0000000180025095e-35 -0.24999999999999997 -0.24999999999999997 -0.075399971249820216 54543.700000000004 50046.838461538471 48746.700000000004 0.0049140049140049555 1.0000000180025095e-35 0.0050505372572776661 48014.875000000007 1.0000000180025095e-35 0.0037543201186628354 1.0000000180025095e-35 39505.450000000004 65548.650000000009 54208.075000000004 67926.150000000009 72035.650000000009 34707.000000000007 1.0000000180025095e-35 60701.875000000007 0.2888888888444478 0.88793103432811982 1.0000000180025095e-35 1.0000000180025095e-35 1.1518987338781159 -0.93301270189221919 0.0049505253806327873 75155.450000000026 1.0000000180025095e-35 47649.769230769241 1.0000000180025095e-35 26300.050000000007 -0.6830127018922193 0.079999999984390516 0.27088607590008235 0.06026834012766185 59876.080769230779
decision_type=2 2 2 2 2 2 2 2 2 2 2 2 2 2 2 2 2 2 2 2 2 2 2 2 2 2 2 2 2 2 2 2 2 2 2 2 2 2 2 2 2 2 2 2 2 2 2 2 2 2 2 2 2 2 2 2 2 2 2 2 2 2
left_child=2 3 14 5 9 11 18 16 22 -3 21 23 25 34 31 -11 48 -10 60 56 30 32 -5 24 54 -13 27 57 50 61 41 -1 38 -30 -8 -26 39 -16 -7 -14 -27 -12 -33 -19 -45 -31 51 59 -4 -38 -25 -21 -34 -39 -2 -36 -9 -24 -44 -48 -6 -22
right_child=1 4 7 8 6 10 13 19 17 15 20 12 36 -15 37 -17 -18 43 -20 46 29 -23 26 28 35 40 -28 -29 33 45 -32 42 52 -35 55 -37 49 53 -40 -41 -42 -43 58 44 -46 -47 47 -49 -50 -51 -52 -53 -54 -55 -56 -57 -58 -59 -60 -61 -62 -63
leaf_value=-300.0451340440884 -46.17085117087877 1035.5062401598284 -66.684917487067139 366.13493984790557 292.67035596075857 97.694502999441951 406.98380025093127 -230.07352222782151 244.71249487456325 854.69383868243244 135.36108619374679 149.4399532009908 46.3087186585811 270.71074191454767 -366.55050050325917 538.64170514045873 270.22272035204674 374.34606382978723 29.838015156895658 -111.49826402452256 37.305331174160571 -77.293198230061307 201.4421988075658 -68.950137879206238 -33.689217475782641 -47.42286971414164 43.26815137708509 303.81107947716345 8.1667137558180229 202.30533130772707 389.52469343855574 -275.61894837336752 -6.5368375257629037 128.7992927709119 477.70721670018543 -146.12200688125361 269.29995772272895 -337.27270367036755 238.09196576067507 204.15632885017015 28.241681520770118 260.88626180667205 -204.22795874104546 554.78580917626095 422.20702303652729 94.529478374749175 -68.29646204743311 43.906584212932188 61.347231195106261 143.84599965688344 3.6298798053694683 -221.089888517172 101.11651500905744 -289.87595431514694 48.692328483284292 604.77449097437875 -162.030888951154 124.01024548886421 -128.85293398593333 -110.19389234687054 218.50225928342192 114.93204172381918
leaf_weight=47 11.999999999999998 12.999999999999998 11.000000000000002 13.999999999999998 12.999999999999998 23 14.999999999999998 19 15.999999999999998 11 11.999999999999998 14.999999999999998 17.000000000000004 15.999999999999998 114 14 11.999999999999998 13.999999999999998 11.999999999999998 35 14.000000000000002 14.999999999999998 16.999999999999996 27 21 47 10.999999999999998 22 28 63 10.999999999999998 20 18.000000000000004 26 10.000000000000002 43 16.000000000000004 88 12.999999999999998 9.9999999999999982 55 31 30 17 14.999999999999998 11.999999999999998 45 13.999999999999998 15.999999999999998 10.999999999999998 57 9.9999999999999982 12.999999999999998 79 23 15.999999999999998 60 20.000000000000004 13.999999999999998 70 24 12.999999999999998
leaf_count=47 12 13 11 14 13 23 15 19 16 11 12 15 17 16 114 14 12 14 12 35 14 15 17 27 21 47 11 22 28 63 11 20 18 26 10 43 16 88 13 10 55 31 30 17 15 12 45 14 16 11 57 10 13 79 23 16 60 20 14 70 24 13
internal_value=0.48257 160.06 -217.878 106.878 452.281 63.8966 325.415 -92.2546 296.883 804.385 148.807 14.3411 60.5806 438.978 -311.407 680.556 89.9535 403.87 192.687 -120.366 192.287 65.9553 217.53 -19.0329 -65.0109 13.4846 187.329 214.069 13.9744 156.13 260.169 -248.75 98.0933 66.3798 503.824 -109.34 162.408 -336.06 148.913 105.309 -6.63563 226.251 -210.671 458.578 494.148 185.21 -93.8098 -78.8976 9.13228 218.909 -19.7536 -136.288 38.788 -315.038 16.1288 557.92 -178.666 160.034 -180.592 -93.8729 245.28 74.9675
internal_weight=1620 936 684 792 144 646 106 292 146 38 238 408 171 57 392 25 39 62 49 253 156 82 84 237 99 117 70 59 138 102 54 111 67 54 41 64 54 281 36 27 102 43 64 46 32 75 174 129 27 27 84 45 31 167 35 26 79 37 44 115 37 27
internal_count=1620 936 684 792 144 646 106 292 146 38 238 408 171 57 392 25 39 62 49 253 156 82 84 237 99 117 70 59 138 102 54 111 67 54 41 64 54 281 36 27 102 43 64 46 32 75 174 129 27 27 84 45 31 167 35 26 79 37 44 115 37 27
is_linear=0
shrinkage=0.03


Tree=41
num_leaves=63
num_cat=0
split_feature=18 23 12 14 14 18 21 14 8 12 12 23 15 24 6 11 6 9 11 6 12 12 6 8 6 18 6 6 18 0 24 15 21 20 18 24 1 6 0 23 6 20 20 6 9 0 7 7 18 20 11 9 7 14 0 9 6 7 18 0 7 18
split_gain=5.90354e+10 1.5211e+10 8.40477e+09 6.70574e+09 6.48051e+09 2.90186e+09 1.6639e+09 1.56338e+09 1.42521e+09 1.08126e+09 1.06671e+09 1.0647e+09 7.57935e+08 6.88679e+08 6.7325e+08 6.43584e+08 6.27394e+08 6.0081e+08 4.76586e+08 5.56156e+08 6.32327e+08 4.88172e+08 4.41356e+08 4.39015e+08 4.35191e+08 3.25947e+08 3.18275e+08 3.06533e+08 2.40992e+08 2.24461e+08 1.76272e+08 1.70363e+08 1.4259e+08 1.30592e+08 1.17074e+08 1.16895e+08 1.16427e+08 2.57614e+08 1.09934e+08 1.0736e+08 9.07413e+07 9.00618e+07 1.4804e+08 8.75141e+07 7.64694e+07 6.91279e+07 6.26296e+07 5.9687e+07 5.52374e+07 4.99059e+07 4.30345e+07 4.25844e+07 4.1671e+07 3.88909e+07 3.72937e+07 3.4237e+07 3.01013e+07 2.93092e+07 2.63096e+07 2.04705e+07 1.90857e+07 1.5225e+07
threshold=43515.05000000001 82097.876923076925 0.96339622623688459 0.24296675187449793 0.21717973125094933 61968.600000000013 95185.900000000023 0.2061068701904871 0.93301270189221952 1.1814593759708412 1.0267857140995378 55729.565384615395 -6096.4249999999984 42040.780000000006 1.0000000180025095e-35 0.94696969682937071 1.0000000180025095e-35 -0.51639395938746191 0.87850467273048816 1.0000000180025095e-35 1.1565945280765215 1.2022471907383376 1.0000000180025095e-35 0.93301270189221952 1.0000000180025095e-35 34717.450000000004 1.0000000180025095e-35 1.0000000180025095e-35 55071.80000000001 42040.780000000006 39505.450000000004 -9991.1916666666639 61150.762500000004 80863.300000000017 75549.150000000009 37717.80000000001 30945.000000000004 1.0000000180025095e-35 42558.775000000009 48338.519230769241 1.0000000180025095e-35 63778.750000000007 51644.400000000009 1.0000000180025095e-35 -0.66312265824079519 39701.55000000001 0.25000000000000011 -0.24999999999999997 31199.500000000004 50331.950000000004 1.0594059403832208 0.06026834012766185 0.68301270189221941 0.27455919389576328 51643.150000000009 0.12053668025532312 1.0000000180025095e-35 -0.24999999999999997 46445.350000000006 61562.500000000007 0.25000000000000011 72743.500000000015
decision_type=2 2 2 2 2 2 2 2 2 2 2 2 2 2 2 2 2 2 2 2 2 2 2 2 2 2 2 2 2 2 2 2 2 2 2 2 2 2 2 2 2 2 2 2 2 2 2 2 2 2 2 2 2 2 2 2 2 2 2 2 2 2
left_child=2 4 12 10 11 18 23 14 9 13 -3 26 27 34 -4 24 -15 -12 35 21 32 28 -13 51 -8 47 -2 52 -20 -28 56 -29 -21 -26 -7 -6 44 49 -24 -22 -37 42 -40 54 -27 -33 61 -9 -49 -38 -51 -5 57 -23 -32 -45 -14 -1 -42 -53 -47 -11
right_child=1 3 7 6 5 8 15 25 -10 46 17 22 30 16 -16 -17 -18 -19 19 20 39 53 38 -25 33 36 29 31 -30 -31 43 45 -34 -35 -36 40 37 -39 41 -41 58 -43 -44 55 -46 60 -48 48 -50 50 -52 59 -54 -55 -56 -57 -58 -59 -60 -61 -62 -63
leaf_value=-261.97141504873139 50.257384290034231 1004.6782154252147 -42.725391687291264 283.95727188692751 -161.60854255298577 -38.566514589731923 357.88690130583274 -98.516623870616655 -180.69768454472882 -12.977056328801815 829.28403082770262 226.07322648986309 -370.87821331268634 102.76435116530673 243.42220411869513 204.47718401918317 215.99904295057038 522.59706948138285 -9.6619969699306623 208.1195228713533 -21.743462385200409 -82.780146898326279 337.32874287373306 28.95027217644305 484.0347121263585 -97.444537041846715 172.7329019753974 -109.35595793350882 64.140446839308368 340.21229317002621 -338.57214377374282 -267.39151644123132 80.846197196341848 630.17390867122924 88.303495872439314 -121.32457499736064 -108.29321592664952 42.594191749016979 402.98819947220886 52.734149342652167 -58.30731169829496 384.84896081785496 550.31082971418869 -294.15890635084986 -204.3042337943412 -214.4322159090909 -77.103554530379796 -208.61664544439932 -149.93516641248885 -53.472919858945176 -104.90050086940575 247.44409112004939 -247.29253078435428 -161.71688486951462 -284.18780564872378 -244.14912424096559 -332.99103901273884 -332.84311768550799 -0.70888449597714542 185.06344040890957 -166.46519220819536 37.961002057049718
leaf_weight=9.9999999999999982 9.9999999999999982 12.999999999999998 13.000000000000002 12.999999999999998 9.9999999999999982 13.000000000000002 19 12.999999999999998 11.999999999999998 10.000000000000005 11 11.999999999999998 67 59 17 9.9999999999999982 177 14 122 30 25 10.000000000000002 10.999999999999998 11.999999999999998 16.000000000000004 14.000000000000002 17.000000000000004 15.999999999999998 59 12.999999999999998 69 20 10.999999999999998 11.999999999999998 12.999999999999998 10.999999999999998 61 14.999999999999998 13.000000000000002 57 11.000000000000002 14.999999999999998 15.999999999999998 58 10.999999999999998 23 9.9999999999999982 23 45 45 22 10.000000000000002 14.999999999999998 13.999999999999998 19 21 47 25 20 13.999999999999998 14.999999999999998 10.999999999999998
leaf_count=10 10 13 13 13 10 13 19 13 12 10 11 12 67 59 17 10 177 14 122 30 25 10 11 12 16 14 17 16 59 13 69 20 11 12 13 11 61 15 13 57 11 15 16 58 11 23 10 23 45 45 22 10 15 14 19 21 47 25 20 14 15 11
internal_value=0.481324 155.289 -211.352 438.811 103.69 69.7488 315.718 -84.6081 138.654 151.791 780.445 320.713 -298.622 171.608 119.695 425.901 187.746 660.306 14.421 27.802 78.206 -2.46377 393.893 186.939 472.478 -109.261 197.459 -236.395 14.4173 246.197 -325.988 -197.061 174.253 548.686 24.9637 -69.8737 -85.3375 -74.7972 430.031 30.0287 -47.7 452.389 485.882 -305.599 -145.09 -221.026 -15.7057 -158.714 -170.061 -88.5765 -70.4908 237.963 -294.1 -129.307 -327.166 -281.191 -355.564 -313.398 -21.2689 211.974 -195.985 13.7581
internal_weight=1620 936 684 144 792 685 106 279 305 293 38 107 405 262 30 57 236 25 380 328 123 205 67 49 47 249 40 124 181 30 281 74 41 28 26 52 168 143 55 82 42 44 29 167 25 58 31 81 68 128 67 37 50 24 88 79 114 35 31 24 38 21
internal_count=1620 936 684 144 792 685 106 279 305 293 38 107 405 262 30 57 236 25 380 328 123 205 67 49 47 249 40 124 181 30 281 74 41 28 26 52 168 143 55 82 42 44 29 167 25 58 31 81 68 128 67 37 50 24 88 79 114 35 31 24 38 21
is_linear=0
shrinkage=0.03


Tree=42
num_leaves=63
num_cat=0
split_feature=18 18 23 16 5 18 16 23 14 23 18 17 10 8 18 18 16 18 1 2 18 7 20 16 17 14 18 9 16 14 20 18 2 18 10 18 3 10 18 9 16 0 8 20 16 20 18 10 18 18 18 8 0 0 20 8 8 21 9 19 0 19
split_gain=5.55594e+10 1.43676e+10 7.90976e+09 5.40968e+09 5.28183e+09 4.13998e+09 2.25189e+09 1.81338e+09 1.48046e+09 1.26419e+09 1.20833e+09 9.83594e+08 8.39776e+08 7.85341e+08 7.57519e+08 7.47399e+08 6.18011e+08 5.75499e+08 5.58209e+08 5.18122e+08 3.84671e+08 3.83295e+08 5.29171e+08 2.80061e+08 2.60938e+08 2.58967e+08 2.58287e+08 2.42658e+08 2.20777e+08 2.06352e+08 1.96655e+08 1.81913e+08 1.79957e+08 1.79342e+08 1.60646e+08 1.84521e+08 1.52139e+08 1.32522e+08 1.24295e+08 1.19802e+08 1.12082e+08 1.11016e+08 1.08812e+08 9.40976e+07 9.14068e+07 9.15252e+07 9.02918e+07 9.23088e+07 6.48292e+07 6.27116e+07 6.27093e+07 5.88555e+07 5.30829e+07 5.28373e+07 5.19702e+07 5.16333e+07 5.93548e+07 5.01679e+07 4.98811e+07 4.69363e+07 4.32206e+07 8.34712e+07
threshold=43515.05000000001 76150.700000000012 26535.988461538465 -1.0000000180025095e-35 1.0000000180025095e-35 112238.65000000001 0.05017507414820211 56950.515384615392 0.21804511274181596 60896.976923076923 96709.700000000012 0.075411471307569006 0.74851074817110097 0.93301270189221952 63299.650000000001 71103.950000000026 0.05017507414820211 95253.60000000002 41020.000000000007 60701.875000000007 33738.850000000006 -0.6830127018922193 39895.950000000004 0.0051282388444369173 0.079999999981325773 0.21012658223285954 50657.150000000001 0.17992617227144045 0.0037543201186628354 0.17388612090385749 63778.750000000007 52594.650000000009 62500.000000000007 73508.35000000002 0.78574730703237883 96709.700000000012 58014.375000000007 0.8542199457734333 57309.350000000006 -0.78574730703237861 0.0050251573518178558 38408.750000000007 1.0000000180025095e-35 68710.750000000015 0.0049140049140049555 72853.900000000009 55231.500000000007 0.61559370248597567 40457.05000000001 26300.050000000007 34717.450000000004 1.0000000180025095e-35 39701.55000000001 44965.650000000009 35812.450000000004 -0.68301270189221952 0.93301270189221952 52902.212500000009 0.40966402954315223 108144.60000000002 47312.200000000004 47780.100000000013
decision_type=2 2 2 2 2 2 2 2 2 2 2 2 2 2 2 2 2 2 2 2 2 2 2 2 2 2 2 2 2 2 2 2 2 2 2 2 2 2 2 2 2 2 2 2 2 2 2 2 2 2 2 2 2 2 2 2 2 2 2 2 2 2
left_child=2 4 18 10 7 6 17 23 12 21 -3 19 50 14 27 30 42 32 29 -7 49 22 54 26 -23 58 60 37 -15 52 -11 -29 43 46 35 -8 -34 -9 -28 -24 44 -31 -16 -5 45 48 -25 -48 -22 -10 -4 -19 -1 -42 -6 -43 -57 -26 -20 -21 61 -2
right_child=1 3 8 5 9 11 34 13 20 15 -12 -13 -14 28 16 -17 -18 51 25 59 40 24 39 33 57 -27 38 31 -30 41 -32 -33 36 -35 -36 -37 -38 -39 -40 -41 53 55 -44 -45 -46 -47 47 -49 -50 -51 -52 -53 -54 -55 -56 56 -58 -59 -60 -61 -62 -63
leaf_value=-281.12489306466858 -14.679622525402202 584.10092636234492 -53.112842885610206 280.23418621546494 93.175854261243643 300.57423028020577 75.732514855774525 87.8805459004423 -216.53275471792168 406.26158739861643 1041.2634096534653 830.03671178836646 320.68618344146427 4.5683264616166035 142.36515276783715 604.03528452280409 -41.974903138138863 361.27629834467808 -136.42771808353078 626.46817063737592 -109.89774243076974 -15.065127143482169 268.87987053295166 -144.27648029384326 127.74498721697471 -272.18634570687379 29.515756078480244 -17.964374756563334 -155.23688987113334 -353.90886266747873 251.17333015481836 62.825578958934884 408.58033636434175 44.527267610153352 9.1917436935727945 197.48303171400204 256.06702940244929 209.80551943939508 145.00216063244508 416.57578996642565 -203.44319505143864 -339.36974644020228 199.69972932324634 202.31809905884273 -6.157496883311171 -13.774478616917387 -38.268739026256441 -143.80449803720609 -63.573745835018848 -152.58611373698255 37.456503710667725 464.42205369636196 -212.08482023069371 -106.30975731102197 189.15257391901298 -289.56586903418764 -356.17135990877324 214.24364271009287 -205.45313895819697 512.56954246928672 -8.9436502361857482 -89.172630081018454
leaf_weight=28 31 12.000000000000002 11.000000000000002 37 11.000000000000002 9.9999999999999982 30 41 19 12.999999999999998 9.9999999999999982 9.9999999999999982 9.9999999999999982 26 54 10.999999999999998 12.999999999999998 10.000000000000002 21 10.000000000000002 84 9.9999999999999982 10.000000000000002 20 15.000000000000002 52 50 40 10.999999999999998 82 19 67 15.000000000000002 9.9999999999999982 14.999999999999998 18 10.999999999999998 9.9999999999999982 9.9999999999999982 11.999999999999998 10.000000000000002 45 71 25 13.999999999999998 13.999999999999998 29 9.9999999999999982 41 60 18 20 19 10.999999999999998 9.9999999999999982 110 15.999999999999998 10.999999999999998 19 12.999999999999998 51 24
leaf_count=28 31 12 11 37 11 10 30 41 19 13 10 10 10 26 54 11 13 10 21 10 84 10 10 20 15 52 50 40 11 82 19 67 15 10 15 18 11 10 10 12 10 45 71 25 14 14 29 10 41 60 18 20 19 11 10 110 16 11 19 13 51 24
internal_value=0.472291 150.653 -205.03 347.456 80.4484 303.099 239.996 41.9598 -86.7854 259.46 795.674 567.545 85.0982 86.9799 103.265 390.353 154.603 317.278 -293.066 485.734 -113.304 187.811 248.282 -21.8445 115.094 -227.836 -0.718579 58.3564 -43.2316 -312.987 315.247 32.6351 277.943 -72.5945 94.9729 121.705 345.284 112.151 48.9728 350.962 -88.2892 -323.892 175.065 249.193 -79.2706 -86.6248 -92.4875 -65.6278 -94.7665 -168.22 3.03805 431.355 -253.725 -153.309 139.559 -309.299 -298.299 165.021 -169.645 564.588 -28.8654 -47.2886
internal_weight=1620 936 684 246 690 224 181 568 292 122 22 43 39 333 296 43 138 118 392 33 253 79 43 235 36 92 166 158 37 300 32 107 88 69 63 48 26 51 60 22 174 253 125 62 153 139 59 39 125 79 29 30 47 21 21 171 126 26 40 23 106 55
internal_count=1620 936 684 246 690 224 181 568 292 122 22 43 39 333 296 43 138 118 392 33 253 79 43 235 36 92 166 158 37 300 32 107 88 69 63 48 26 51 60 22 174 253 125 62 153 139 59 39 125 79 29 30 47 21 21 171 126 26 40 23 106 55
is_linear=0
shrinkage=0.03


Tree=43
num_leaves=63
num_cat=0
split_feature=18 18 21 5 17 21 14 18 0 24 11 24 18 15 18 6 11 6 12 11 12 18 20 3 19 11 18 14 18 11 11 12 6 17 3 21 9 9 14 11 19 15 20 17 21 21 10 24 15 18 20 6 0 3 6 8 11 11 0 24 4 20
split_gain=5.22938e+10 1.26587e+10 8.87284e+09 5.31099e+09 4.01311e+09 2.98051e+09 1.65494e+09 1.64686e+09 1.64125e+09 1.33396e+09 1.0128e+09 1.00014e+09 7.22767e+08 6.85314e+08 6.13413e+08 5.94638e+08 5.905e+08 6.63901e+08 8.91805e+08 4.78597e+08 4.73333e+08 4.50673e+08 5.66167e+08 3.96197e+08 3.63412e+08 3.59111e+08 3.32146e+08 2.85605e+08 2.40159e+08 1.87959e+08 1.87737e+08 1.77592e+08 1.75906e+08 1.73493e+08 1.69463e+08 1.66674e+08 1.59403e+08 1.58442e+08 1.46271e+08 1.40889e+08 1.26913e+08 1.10638e+08 9.99518e+07 9.43929e+07 9.34669e+07 8.45432e+07 8.4084e+07 8.14924e+07 8.04615e+07 6.99077e+07 6.58134e+07 5.80812e+07 5.21631e+07 5.10318e+07 4.66741e+07 4.16023e+07 3.98255e+07 3.91592e+07 4.22197e+07 3.88487e+07 3.82042e+07 3.54513e+07
threshold=46176.650000000009 96709.700000000012 30881.712500000005 1.0000000180025095e-35 0.075411471307569006 65846.112500000017 0.1979434446864379 68157.550000000017 57366.875000000007 58759.375000000007 0.80274509788022386 58103.125000000007 21334.200000000001 1754.399999999998 79169.450000000012 1.0000000180025095e-35 0.87850467273048816 1.0000000180025095e-35 1.1814593759708412 0.86847236498567792 1.1814593759708412 54543.700000000004 41771.700000000004 56958.750000000007 69122.050000000017 0.88636363622589454 39280.900000000001 0.25440806039853125 12267.550000000001 1.0593220337169444 0.9438202245111641 1.1612903222715596 1.0000000180025095e-35 0.075318066138101283 56820.000000000007 42282.762500000004 -0.78574730703237861 -0.51639395938746191 0.27088607590008235 0.94696969682476662 35938.650000000009 -8922.904999999997 80863.300000000017 0.0027522199809777779 62516.562500000007 71720.712500000009 0.78574730703237883 39701.55000000001 -2311.0833333333353 64146.500000000007 90719.950000000012 1.0000000180025095e-35 56215.625000000007 54281.875000000007 1.0000000180025095e-35 1.0000000180025095e-35 0.84824242411030315 0.87136929442133659 40869.750000000007 43442.975000000006 41370.000000000007 48126.500000000007
decision_type=2 2 2 2 2 2 2 2 2 2 2 2 2 2 2 2 2 2 2 2 2 2 2 2 2 2 2 2 2 2 2 2 2 2 2 2 2 2 2 2 2 2 2 2 2 2 2 2 2 2 2 2 2 2 2 2 2 2 2 2 2 2
left_child=2 3 12 5 8 16 10 21 24 -6 35 15 28 19 34 27 32 20 30 45 29 46 -23 42 -3 -17 48 53 51 -18 -19 -27 -2 56 -13 -4 -25 44 -22 -16 -28 -30 -10 54 -24 -9 60 -34 57 -29 -36 -1 -20 -7 61 -56 -14 58 -8 -43 -5 -42
right_child=1 4 6 7 9 11 26 13 23 -11 -12 14 33 -15 39 25 17 18 52 -21 38 22 37 36 -26 31 40 49 41 -31 -32 -33 47 -35 50 -37 -38 -39 -40 -41 43 59 -44 -45 -46 -47 -48 -49 -50 -51 -52 -53 -54 -55 55 -57 -58 -59 -60 -61 -62 -63
leaf_value=-338.21047279461851 -160.21002758304013 295.33989548141881 -43.709074836893272 190.82149016765328 577.74577293882965 97.942544578932583 -144.98880609643365 321.69086082664688 455.99285779587751 1017.9402301782025 381.22939518390314 241.32344314974637 -251.13862091415226 190.09346699025372 384.31571526458902 274.64236678824238 10.338544737567528 128.4065094498126 26.629423855012735 613.92409844581118 -49.177809689170424 85.902911492970375 441.9738692989863 445.75616184543907 71.318670532984768 151.78270891924547 -160.44843779006808 -1.4439585257865282 -213.94274576822914 138.70393637167442 236.17863972453324 50.936519631480714 -104.75933476628484 -118.64999910952437 101.22416207484514 115.97789287302754 287.13759786402926 246.87827927747307 -180.27919682928854 265.69021114114332 -121.26148114178632 -305.67571884747571 580.94544824825311 20.75397336543001 305.563614634901 439.68696428571423 66.558597063253856 -6.4267184226641509 -106.29563406024343 -110.76956985322556 181.63717990092093 -295.78204869817148 -43.525870551031986 20.630041174558126 -52.108619340355709 22.596698831992562 -197.53103861032957 -129.21840963876917 -230.11559579981432 -270.36745169558361 120.76424811829912 -63.103261587276265
leaf_weight=110 14.999999999999998 11.000000000000002 14.000000000000002 16.000000000000004 14.000000000000002 34 13.000000000000002 11.000000000000002 14.000000000000002 11.999999999999998 9.9999999999999982 19 26 9.9999999999999982 18 18 137 41 68 13.999999999999998 17.000000000000004 11.999999999999998 11.000000000000002 11.000000000000002 15.999999999999998 64 9.9999999999999982 11.000000000000002 26 10.999999999999998 23 21 10.999999999999998 20 25 9.9999999999999982 13.999999999999998 14.999999999999998 13.999999999999998 21 10.999999999999998 54 15.999999999999998 14.999999999999998 9.9999999999999982 15.999999999999998 12.999999999999998 24 96 9.9999999999999982 14.999999999999998 51 10.999999999999998 9.9999999999999982 20 10.000000000000002 31 30 9.9999999999999982 95 13.999999999999998 70
leaf_count=110 15 11 14 16 14 34 13 11 14 12 10 19 26 10 18 18 137 41 68 14 17 12 11 11 16 64 10 11 26 11 23 21 11 20 25 10 14 15 14 21 11 54 16 15 10 16 13 24 96 10 15 51 11 10 20 10 31 30 10 95 14 70
internal_value=0.469168 155.214 -187.25 113.032 459.473 76.0762 -68.3747 278.905 355.734 784.034 129.193 152.737 -279.03 415.382 228.898 108.2 21.2331 36.1308 84.3016 469.734 -2.3777 202.045 265.268 449.714 163.34 153.007 -91.9813 37.0722 -298.079 19.9664 167.445 126.957 -74.5886 -195.627 167.39 23.0322 358.428 324.653 -108.774 321.283 -58.015 -273.175 524.343 -49.7646 378.773 392.979 131.019 -37.5418 -122.924 -53.7822 131.757 -324.962 16.8183 80.4582 -59.3042 -27.2144 -222.381 -152.787 -182.837 -283.36 158.638 -71.1411
internal_weight=1620 888 732 780 108 638 319 142 82 26 34 266 413 51 98 168 372 322 143 41 179 91 48 55 27 103 285 65 336 148 64 85 50 77 59 24 25 36 31 39 136 175 30 126 21 27 43 35 149 21 40 161 79 44 111 30 57 53 23 149 30 81
internal_count=1620 888 732 780 108 638 319 142 82 26 34 266 413 51 98 168 372 322 143 41 179 91 48 55 27 103 285 65 336 148 64 85 50 77 59 24 25 36 31 39 136 175 30 126 21 27 43 35 149 21 40 161 79 44 111 30 57 53 23 149 30 81
is_linear=0
shrinkage=0.03


Tree=44
num_leaves=63
num_cat=0
split_feature=18 23 21 14 5 21 16 10 18 21 12 10 23 8 18 11 12 9 8 15 18 16 18 8 14 2 18 18 7 16 18 21 16 11 11 18 16 16 16 7 16 16 20 16 18 8 14 11 7 16 12 14 18 12 18 1 11 20 20 8 18 9
split_gain=4.92178e+10 1.21128e+10 8.18118e+09 5.6715e+09 5.05279e+09 2.04411e+09 1.60362e+09 1.45671e+09 1.14283e+09 1.00401e+09 9.47476e+08 8.55161e+08 8.08772e+08 6.81211e+08 6.7992e+08 5.57459e+08 5.33132e+08 5.03833e+08 4.59967e+08 4.46774e+08 3.96576e+08 5.39385e+08 3.7258e+08 2.9359e+08 2.59477e+08 2.58708e+08 2.45861e+08 2.25948e+08 2.01161e+08 2.00337e+08 1.70593e+08 1.6454e+08 1.43817e+08 1.37798e+08 2.41935e+08 1.36995e+08 1.10227e+08 1.04627e+08 1.011e+08 9.44925e+07 7.1922e+07 5.74519e+07 5.6849e+07 5.16383e+07 4.79045e+07 4.3133e+07 4.21981e+07 4.2159e+07 3.97694e+07 3.69403e+07 3.55765e+07 3.45855e+07 3.29875e+07 3.28282e+07 3.08038e+07 2.97221e+07 2.47303e+07 2.01872e+07 2.05087e+07 1.95597e+07 1.65786e+07 1.41953e+07
threshold=46043.900000000009 82097.876923076925 30881.712500000005 0.24296675187449793 1.0000000180025095e-35 65651.60000000002 -0.040941482945758438 0.8542199457734333 55728.200000000004 97092.762500000012 1.0267857140995378 0.91023613416931248 47790.346153846156 0.93301270189221952 21334.200000000001 0.87850467273048816 1.1814593759708412 -0.51639395938746191 -0.68301270189221952 1697.1666666666681 63299.650000000001 0.0050505372572776661 77771.35000000002 0.93301270189221952 0.29584352073041303 60701.875000000007 37061.05000000001 12267.550000000001 1.0000000180025095e-35 -1.0000000180025095e-35 96709.700000000012 43035.075000000004 0.0037543201186628354 0.81689655158114804 0.86843797245217424 117409.10000000002 -0.075365239294710326 0.0049505253806327873 0.0050505372572776661 -0.24999999999999997 0.0037543201186628354 0.0051282388444369173 72853.900000000009 0.0049140049140049555 8936.3000000000011 1.0000000180025095e-35 0.24087591236571201 0.9701818180062981 -0.24999999999999997 0.0049140049140049555 1.0632911389765953 0.20184295528345614 18132.050000000003 1.1160714283701159 41210.450000000004 32868.000000000007 1.0593406591054841 69790.800000000017 55405.200000000004 0.93301270189221952 28020.850000000002 -0.12053668025532321
decision_type=2 2 2 2 2 2 2 2 2 2 2 2 2 2 2 2 2 2 2 2 2 2 2 2 2 2 2 2 2 2 2 2 2 2 2 2 2 2 2 2 2 2 2 2 2 2 2 2 2 2 2 2 2 2 2 2 2 2 2 2 2 2
left_child=2 4 14 10 5 15 11 9 39 53 -3 31 -10 20 27 32 18 -12 28 33 57 22 -22 -20 37 -9 46 44 -17 -16 -23 55 -2 -14 -35 45 -29 -18 42 47 60 52 43 54 -1 -11 -8 -6 49 -48 -34 -46 59 -5 -28 -4 -50 58 -7 -38 -31 -42
right_child=1 3 6 7 8 13 26 25 12 35 17 -13 19 -15 29 16 24 -19 23 -21 21 30 -24 -25 -26 -27 38 36 -30 40 -32 -33 50 34 -36 -37 41 -39 -40 -41 61 -43 -44 -45 51 -47 48 -49 56 -51 -52 -53 -54 -55 -56 -57 -58 -59 -60 -61 -62 -63
leaf_value=-345.54103019225062 -6.9047480254647606 926.62025737267425 8.2664774254525035 264.83164383977095 219.11093854919929 69.172423384382896 -162.91825898789864 -5.3054166045443694 67.409575195312499 359.3446311918218 757.29103568412154 341.44706020846223 492.59050517314193 -70.169571682544458 -76.324668215286636 64.949987236734586 21.118502612483276 476.51588856798531 124.84802489103488 223.5929594445353 175.83960232510492 72.525499125335173 308.75625711995764 -27.160301583559455 -164.4320277933555 187.40680288771949 -92.433927921725953 -203.18692431438015 -18.361683513114535 -193.9879675827938 169.09561492286775 102.76816280137623 -84.123320679989163 326.45546555887057 469.4391636743012 531.58493246063927 -266.8091924127412 -41.426979726526859 -139.60615479864464 86.844655470663653 -269.54722475165551 -313.39419362942118 -8.8496260707425751 -21.535913257264252 -263.12245160914176 442.93811570647017 -121.41817290434965 143.04280294853342 -158.20932519973132 -41.301746439414437 -149.53704921576812 -312.27803757252775 -227.39803750707011 202.3863760057136 -61.165589143784196 -64.622273204539084 -114.78068906055334 83.933037189933827 12.466611237328898 -319.35967260983909 -143.77880670830757 -219.67250413907286
leaf_weight=42 19 12.999999999999998 10.000000000000002 15.999999999999998 12.000000000000002 11.000000000000002 29 13.000000000000002 9.9999999999999982 13.999999999999998 11 9.9999999999999982 10.999999999999998 13.999999999999998 11.999999999999998 46 58 14 93 19 82 53 25 12.999999999999998 9.9999999999999982 11.999999999999998 61 24 60 25 24 14.999999999999998 19 38 15.999999999999998 12.999999999999998 88 41 18 18 15.000000000000002 31 14.999999999999998 17 20 18 11 17 22 10 12.999999999999998 99 22 20 55 9.9999999999999982 30 15.999999999999998 11.999999999999998 9.9999999999999982 9.9999999999999982 14.999999999999998
leaf_count=42 19 13 10 16 12 11 29 13 10 14 11 10 11 14 12 46 58 14 93 19 82 53 25 13 10 12 61 24 60 25 24 15 19 38 16 13 88 41 18 18 15 31 15 17 20 18 11 17 22 10 13 99 22 20 55 10 30 16 12 10 10 15
internal_value=0.466033 149.472 -183.016 401.396 101.055 63.5648 -67.3032 288.196 262.823 349.932 715.578 98.2533 323.222 132.405 -270.673 19.6834 34.3251 602.582 62.0377 353.559 145.148 163.566 207.154 106.197 -19.5823 87.5744 -95.1282 -289.149 17.8195 -189.78 102.806 27.9945 -72.3596 391.147 369.61 444.517 -264.993 -4.79981 -72.5269 141.596 -210.576 -274.676 -64.2798 -70.52 -315.225 407.599 -131.804 175.164 -119.237 -83.6442 -111.081 -304.244 -264.421 230.797 -77.6739 -28.3179 -133.423 58.056 39.769 -272.492 -180.093 -245.423
internal_weight=1620 894 726 144 750 609 313 106 141 81 38 45 94 237 413 372 321 25 212 84 223 184 107 106 109 25 268 336 106 77 77 35 51 65 54 45 175 99 166 47 65 151 148 133 161 32 102 29 73 21 32 119 120 36 116 20 52 39 23 98 35 30
internal_count=1620 894 726 144 750 609 313 106 141 81 38 45 94 237 413 372 321 25 212 84 223 184 107 106 109 25 268 336 106 77 77 35 51 65 54 45 175 99 166 47 65 151 148 133 161 32 102 29 73 21 32 119 120 36 116 20 52 39 23 98 35 30
is_linear=0
shrinkage=0.03


Tree=45
num_leaves=63
num_cat=0
split_feature=18 23 12 5 12 21 6 17 12 23 6 2 6 18 15 6 27 16 2 2 16 23 9 6 18 20 18 1 6 23 11 18 7 7 12 17 1 23 15 23 11 16 2 6 18 19 1 6 18 16 19 23 7 1 1 16 7 7 1 20 19 18
split_gain=4.63337e+10 1.20011e+10 6.5959e+09 5.30906e+09 5.27375e+09 2.22659e+09 1.6688e+09 1.20109e+09 1.0638e+09 1.03265e+09 8.67938e+08 7.63524e+08 7.29773e+08 6.68607e+08 5.9762e+08 5.57819e+08 8.17141e+08 6.49104e+08 6.17199e+08 3.47816e+08 3.33569e+08 3.15771e+08 2.97593e+08 2.57497e+08 2.37673e+08 2.36078e+08 2.34851e+08 2.30666e+08 2.14509e+08 2.37769e+08 1.91867e+08 1.91019e+08 1.81993e+08 1.73291e+08 1.63342e+08 1.50764e+08 1.42945e+08 1.41855e+08 1.32977e+08 1.31451e+08 1.23715e+08 1.04905e+08 1.00687e+08 1.00015e+08 8.64319e+07 8.40536e+07 8.36163e+07 1.78682e+08 8.26781e+07 8.22113e+07 6.87072e+07 6.3218e+07 6.26539e+07 5.78289e+07 5.63342e+07 5.35438e+07 4.86232e+07 3.5964e+07 3.55319e+07 3.49836e+07 3.12475e+07 2.8551e+07
threshold=43515.05000000001 82097.876923076925 0.96339622623688459 1.0000000180025095e-35 1.0326530610178755 65651.60000000002 1.0000000180025095e-35 0.061650782740210804 1.1224489793650323 55729.565384615395 1.0000000180025095e-35 60937.500000000007 1.0000000180025095e-35 58518.350000000006 -6096.4249999999984 1.0000000180025095e-35 1.0000000180025095e-35 0.0050505372572776661 57326.250000000007 65670.000000000015 0.0037543201186628354 66742.703846153861 -0.66312265824079519 1.0000000180025095e-35 50055.350000000013 80863.300000000017 36237.30000000001 33323.000000000007 1.0000000180025095e-35 43869.192307692319 0.9439252334639 63299.650000000001 0.68301270189221941 0.68301270189221941 1.0889795916093725 0.075479115460650545 30529.000000000004 73745.661538461558 -9991.1916666666639 47362.076923076929 0.87850467273699395 -0.078707565751361327 53560.625000000007 1.0000000180025095e-35 55231.500000000007 73675.900000000009 30945.000000000004 1.0000000180025095e-35 38172.30000000001 0.086956521739130502 74708.200000000026 74749.11923076924 -0.24999999999999997 31500.000000000004 34707.000000000007 0.0050251573518178558 -0.6830127018922193 0.68301270189221941 41020.000000000007 54050.250000000007 86836.700000000012 69246.750000000015
decision_type=2 2 2 2 2 2 2 2 2 2 2 2 2 2 2 2 2 2 2 2 2 2 2 2 2 2 2 2 2 2 2 2 2 2 2 2 2 2 2 2 2 2 2 2 2 2 2 2 2 2 2 2 2 2 2 2 2 2 2 2 2 2
left_child=2 3 14 5 19 15 11 26 25 28 48 -6 20 -11 23 17 18 24 39 -3 31 22 45 57 59 -8 52 -18 -5 -30 40 60 -13 -22 -31 -15 -16 41 -25 -17 -23 -37 -26 58 -19 -14 56 55 -9 -46 -35 -32 -4 -54 -40 -48 -28 -1 -38 -2 -7 -29
right_child=1 4 7 9 6 12 8 10 -10 13 -12 32 21 35 36 16 27 44 -20 -21 33 30 -24 38 42 -27 46 61 29 34 51 -33 -34 50 -36 37 43 -39 54 -41 -42 -43 -44 -45 49 -47 47 -49 -50 -51 -52 -53 53 -55 -56 -57 -58 -59 -60 -61 -62 -63
leaf_value=-279.93679520566241 -72.472837616432727 899.03385637822032 -84.966120113352829 51.584663333735193 26.02425340083607 86.093560222596594 420.53853136660445 -92.699461434051258 204.1471425360875 165.32463078114208 238.96268681040979 215.82625981596325 113.29286658598997 485.18572845761139 -323.99664200774339 -39.515710271630574 84.426875409511538 -146.46818430933456 183.83362463176576 655.05634265237609 -91.569014606881652 246.40034872972325 223.96787282364141 -95.768523906447115 6.2285762051892757 570.73172935520358 -82.426821915910025 277.72077399829811 94.468950626539126 302.71585389254381 225.60929360506216 184.31021277302844 344.13693699048906 -13.698081468314175 175.6792131845194 349.44106232040235 -302.82372740584725 429.05771138635475 -236.20290942747198 20.772915001595916 137.83450866534702 229.6873393022895 73.411306940455546 -250.26966774113831 -36.840292927529575 35.861747960095151 -70.806275630410767 35.950275775016621 21.667983951379757 -135.28091743658399 83.868346418015506 313.53893375775283 -181.74494455792299 -127.78673431119554 -171.8600227223794 -144.06908725247524 -172.86956087679476 -218.98323015831951 -252.18276356961709 -18.380175927844256 15.487428452897779 202.2913241703254
leaf_weight=35 12.999999999999998 13.000000000000002 19 11.999999999999998 17 13.000000000000002 20 13.000000000000002 14.999999999999998 18 17 29 32 9.9999999999999982 79 53 14.999999999999998 26 18 11.999999999999998 13.999999999999998 12.999999999999998 18 15.999999999999998 34 22 11.000000000000002 10.000000000000002 15.999999999999998 17 22 19 15.999999999999998 12.000000000000002 21 25.999999999999996 93 15.999999999999998 20 84 37 10.000000000000002 49 90 21 21 91 13.999999999999998 9.9999999999999982 11.999999999999998 13.999999999999998 12.999999999999998 28 55 38 9.9999999999999982 10.999999999999998 14.999999999999998 19 61 9.9999999999999982 11.999999999999998
leaf_count=35 13 13 19 12 17 13 20 13 15 18 17 29 32 10 79 53 15 26 18 12 14 13 18 16 34 22 11 10 16 17 22 19 16 12 21 26 93 16 20 84 37 10 49 90 21 21 91 14 10 12 14 13 28 55 38 10 11 15 19 61 10 12
internal_value=0.457652 137.604 -187.209 91.7721 389.44 54.8265 305.75 -74.9288 422.918 255.094 77.076 197.523 127.729 327.601 -264.52 12.279 49.4725 -20.7894 19.1883 785.001 55.1797 165.804 118.807 -209.266 11.1042 500.38 -100.391 175.945 166.844 192.315 204.875 114.123 262.11 -6.84105 233.157 374.371 -288.819 352.171 -173.245 -2.56221 166.497 316.905 45.9313 -274.908 -105.534 82.738 -74.6349 -64.2802 -43.0958 -72.9375 38.9576 259.069 -134.877 -146.186 -194.416 -78.1954 -128.226 -262.124 -294.466 -27.968 55.5953 237.679
internal_weight=1620 936 684 792 144 646 119 279 57 146 40 62 238 80 405 408 192 216 155 25 82 156 71 124 157 42 239 37 66 54 85 42 45 40 38 62 281 52 74 137 50 36 83 202 59 53 137 115 23 33 26 35 102 83 58 101 22 50 112 74 23 22
internal_count=1620 936 684 792 144 646 119 279 57 146 40 62 238 80 405 408 192 216 155 25 82 156 71 124 157 42 239 37 66 54 85 42 45 40 38 62 281 52 74 137 50 36 83 202 59 53 137 115 23 33 26 35 102 83 58 101 22 50 112 74 23 22
is_linear=0
shrinkage=0.03


Tree=46
num_leaves=63
num_cat=0
split_feature=18 18 12 12 5 18 24 21 17 18 18 6 16 15 15 18 16 16 18 12 16 12 27 6 6 16 16 18 15 6 10 11 6 6 6 24 15 18 6 3 12 20 20 6 16 12 13 1 18 10 18 6 12 18 6 7 1 0 6 19 11 16
split_gain=4.36054e+10 1.1314e+10 6.20667e+09 4.3917e+09 4.14698e+09 2.21726e+09 2.21293e+09 1.27409e+09 1.1304e+09 9.77013e+08 9.06962e+08 8.16948e+08 7.30468e+08 5.6212e+08 5.49417e+08 4.66907e+08 4.1345e+08 3.93278e+08 4.50076e+08 3.85006e+08 3.70847e+08 3.27982e+08 3.07219e+08 2.42332e+08 2.34594e+08 4.05057e+08 2.38729e+08 2.21455e+08 1.82049e+08 1.75636e+08 1.72769e+08 1.61622e+08 1.55215e+08 1.50035e+08 1.38872e+08 1.36874e+08 1.25126e+08 1.07724e+08 1.01057e+08 9.68721e+07 1.05872e+08 9.23726e+07 9.05886e+07 8.44083e+07 1.48915e+08 1.14651e+08 8.04711e+07 7.84928e+07 7.78307e+07 7.6153e+07 8.45982e+07 6.9833e+07 6.95006e+07 6.39751e+07 6.03996e+07 5.97167e+07 5.99063e+07 5.30436e+07 4.3478e+07 4.11559e+07 3.62563e+07 3.58473e+07
threshold=43515.05000000001 76150.700000000012 0.96339622623688459 1.0297193875575261 1.0000000180025095e-35 104210.00000000001 52630.625000000007 60559.200000000012 0.061650782740210804 108144.60000000002 68157.550000000017 1.0000000180025095e-35 0.0050761748317067487 -6096.4249999999984 -1677.5166666666698 63299.650000000001 0.05017507414820211 0.05017507414820211 55728.200000000004 0.97168539304328594 0.05017507414820211 1.1132075469576492 1.0000000180025095e-35 1.0000000180025095e-35 1.0000000180025095e-35 0.0037543201186628354 0.0049140049140049555 37061.05000000001 2050.4266666666667 1.0000000180025095e-35 0.70581670320594814 0.872549019440927 1.0000000180025095e-35 1.0000000180025095e-35 1.0000000180025095e-35 39505.450000000004 -9991.1916666666639 49464.000000000007 1.0000000180025095e-35 52530.000000000007 1.1612903222684685 36095.900000000009 63299.650000000001 1.0000000180025095e-35 0.0050505372572776661 1.1428571425916694 1.1282051280103234 31944.000000000004 38172.30000000001 -1.722546424198833e-16 55950.500000000007 1.0000000180025095e-35 1.2202531642433307 57692.600000000006 1.0000000180025095e-35 -0.24999999999999997 31500.000000000004 39701.55000000001 1.0000000180025095e-35 55728.200000000004 0.87850467273699395 0.0049140049140049555
decision_type=2 2 2 2 2 2 2 2 2 2 2 2 2 2 2 2 2 2 2 2 2 2 2 2 2 2 2 2 2 2 2 2 2 2 2 2 2 2 2 2 2 2 2 2 2 2 2 2 2 2 2 2 2 2 2 2 2 2 2 2 2 2
left_child=2 4 13 5 7 -3 12 17 27 16 19 48 31 23 -12 46 21 18 37 -6 24 -8 30 -1 25 -17 -26 55 -11 -24 41 -5 -14 -23 49 -15 -25 54 42 40 -34 -21 -20 44 -29 -45 53 -36 -10 50 -19 -37 -39 -9 -2 61 -57 -38 -55 -40 -33 -4
right_child=1 3 8 6 10 -7 9 15 11 28 14 -13 32 35 -16 20 -18 34 38 22 -22 33 29 36 26 -27 -28 43 -30 -31 -32 60 39 -35 47 51 57 52 59 -41 -42 -43 -44 45 -46 -47 -48 -49 -50 -51 -52 -53 -54 58 -56 56 -58 -59 -60 -61 -62 -63
leaf_value=-254.29052155454715 -40.740712181124913 356.93238746895696 -119.19776177093271 355.0429149070946 321.24582348177887 854.13544857130512 456.30954109633268 18.845839810950732 -89.939706995432587 538.12424779123035 514.65782205784558 231.83572522615128 -0.3748907987329344 -306.19027668129655 234.9685755100723 165.29189113573094 120.33697755923941 -139.22815792272581 -15.465573500831523 79.459168365730733 -39.947170542124155 237.56380605645768 159.33277946309838 -92.913312793044554 150.38788227583385 -14.072268321478543 296.33367671745867 -71.006418029224562 396.67817810395798 309.17003071968128 24.958250635025347 253.18719668548874 184.10141731941258 334.5662485751223 -91.589659197212455 -281.42186045686725 -229.15207716301302 30.569988572841506 106.37306724386009 42.17179777654983 69.524906079000687 181.70204571241399 99.361463740567984 -73.806592970368584 -193.01416673112627 45.516128025527834 -22.281683331420087 8.070178964701924 21.024380307339207 -167.74041631020788 -23.269526727108552 -240.52105301462746 -49.498373429581932 49.760561162020863 2.430035020264627 -176.31200059340941 -122.29712219542949 -166.71775448296012 103.74463809514972 187.8017707930461 169.49988545185812 -45.098116257126264
leaf_weight=50 68 14.999999999999998 13 10.999999999999998 15.999999999999998 18 11.999999999999998 32 13.000000000000002 19 14.000000000000002 17 14.999999999999998 114 11.999999999999998 26 11.999999999999998 10.000000000000002 10.000000000000002 11.999999999999998 10.999999999999998 33 14 15.999999999999998 66 20 11.999999999999998 87 18 15 13.999999999999998 10.000000000000002 19.000000000000004 28 9.9999999999999982 88 20 81 14.000000000000002 12.999999999999998 11.999999999999998 25 15.999999999999998 18.000000000000004 9.9999999999999982 11.999999999999998 14.999999999999998 24 9.9999999999999982 11.999999999999998 12.999999999999998 79 10.999999999999998 33 51 28 60 38 23 9.9999999999999982 10.999999999999998 11
leaf_count=50 68 15 13 11 16 18 12 32 13 19 14 17 15 114 12 26 12 10 10 12 11 33 14 16 66 20 12 87 18 15 14 10 19 28 10 88 20 81 14 13 12 25 16 18 10 12 15 24 10 12 13 79 11 33 51 28 60 38 23 10 11 11
internal_value=0.452786 133.5 -181.605 308.142 71.2008 629.895 258.02 37.0967 -72.6881 341.525 229.82 74.7762 145.818 -256.6 386.965 89.9883 284.866 -1.065 15.7783 186.901 126.677 311.71 159.665 -203.012 141.479 87.446 173.192 -97.3893 470.567 237.631 114.953 261.047 82.9845 282.564 -64.7072 -280.166 -168.068 -3.41294 96.6103 111.339 140.115 148.846 55.3071 -70.1751 -83.7704 -26.0848 41.8242 -21.4241 -41.8122 -106.573 -74.0709 -262.229 20.9532 52.7643 -22.2524 -128.158 -139.664 -188.604 72.0781 140.94 210.362 -85.5636
internal_weight=1620 936 684 246 690 33 213 568 279 122 122 40 91 405 26 238 85 330 261 96 135 73 80 124 124 46 78 239 37 29 51 32 59 61 69 281 74 211 50 44 31 37 26 127 97 30 103 34 23 35 23 167 92 88 119 112 88 58 56 24 21 24
internal_count=1620 936 684 246 690 33 213 568 279 122 122 40 91 405 26 238 85 330 261 96 135 73 80 124 124 46 78 239 37 29 51 32 59 61 69 281 74 211 50 44 31 37 26 127 97 30 103 34 23 35 23 167 92 88 119 112 88 58 56 24 21 24
is_linear=0
shrinkage=0.03


Tree=47
num_leaves=63
num_cat=0
split_feature=21 23 12 12 5 21 8 16 21 1 22 8 8 1 10 23 8 21 22 0 12 8 10 20 16 21 10 9 20 13 22 1 8 11 22 12 8 15 0 9 15 7 7 21 11 20 7 8 8 16 24 0 23 9 24 19 23 10 23 0 8 0
split_gain=3.9955e+10 1.09754e+10 5.94163e+09 4.81788e+09 4.56865e+09 1.92189e+09 1.63641e+09 1.18538e+09 1.0419e+09 1.03407e+09 7.43539e+08 6.46941e+08 5.59006e+08 5.2964e+08 4.83143e+08 4.21824e+08 3.84057e+08 3.7441e+08 3.58889e+08 3.40037e+08 2.76972e+08 2.74411e+08 3.57249e+08 2.68182e+08 2.60075e+08 2.52109e+08 1.97841e+08 1.97502e+08 1.95742e+08 1.94083e+08 1.89578e+08 1.8541e+08 2.01922e+08 1.73087e+08 1.69891e+08 1.59287e+08 1.59063e+08 1.51485e+08 1.47425e+08 1.37375e+08 1.09793e+08 1.08344e+08 9.19001e+07 9.09442e+07 8.60602e+07 8.4329e+07 8.2651e+07 7.80647e+07 7.76207e+07 7.57621e+07 6.98293e+07 6.96407e+07 5.8182e+07 5.79316e+07 4.43673e+07 3.33405e+07 3.27705e+07 3.13979e+07 3.0394e+07 3.02283e+07 3.00038e+07 2.59701e+07
threshold=44665.812500000007 81305.669230769257 0.96107142840192339 1.0326530610178755 1.0000000180025095e-35 65651.60000000002 0.93301270189221952 -0.040941482945758438 61444.850000000006 35620.000000000007 22600.91594536461 0.93301270189221952 0.93301270189221952 41020.000000000007 0.91023613416931248 98090.592307692321 1.0000000180025095e-35 57181.287500000006 5182.1502896045195 57267.500000000007 0.97168539304328594 1.0000000180025095e-35 0.5163939593874618 80863.300000000017 0.0037543201186628354 77810.900000000009 0.70581670320594814 0.06026834012766185 68445.250000000015 0.89599999985519108 7848.4249602901964 30945.000000000004 -0.68301270189221952 1.0593220337169444 6023.5058879775906 1.1160714283721289 0.93301270189221952 -8922.904999999997 59776.875000000007 0.17992617227144045 -1036.9333333333304 -0.5 -0.5 57475.950000000004 0.88636363622729286 48746.700000000004 1.0000000180025095e-35 -0.68301270189221952 0.93301270189221952 1.0000000180025095e-35 58470.625000000007 39341.225000000006 50046.838461538471 0.40966402954315223 38124.125000000007 60667.400000000009 40678.834615384621 -0.060268340127661524 69593.784615384633 39701.55000000001 0.6830127018922193 52583.125000000007
decision_type=2 2 2 2 2 2 2 2 2 2 2 2 2 2 2 2 2 2 2 2 2 2 2 2 2 2 2 2 2 2 2 2 2 2 2 2 2 2 2 2 2 2 2 2 2 2 2 2 2 2 2 2 2 2 2 2 2 2 2 2 2 2
left_child=2 4 13 19 5 11 10 9 20 42 15 14 21 37 17 27 -17 39 -10 -3 -6 33 34 -8 58 40 43 35 -16 53 -19 41 46 44 -23 -5 49 59 -24 -2 55 57 -4 45 -7 -22 56 -39 54 60 -12 -43 -48 -15 -49 -20 -33 -9 -13 -1 -34 -31
right_child=1 3 7 6 8 12 23 31 18 -11 50 24 -14 29 28 16 -18 30 25 -21 26 22 38 -25 -26 -27 -28 -29 -30 61 -32 32 36 -35 -36 -37 -38 47 -40 -41 -42 51 -44 -45 -46 -47 52 48 -50 -51 -52 -53 -54 -55 -56 -57 -58 -59 -60 -61 -62 -63
leaf_value=-240.68563784950655 13.775070671734104 852.93248634862516 60.414265994510117 368.21657383110676 298.08908486855995 151.02601179793075 -54.900443181218314 -114.12513149292998 467.97642352143589 349.78519983877044 556.3410183323017 -85.17802759300352 -55.200179420613352 -105.99554822649273 44.549650667398268 274.34022803644206 489.28998978166391 94.671883093176021 315.06920555320931 613.46191672585223 174.99994212550243 277.8184634606547 87.00621735320513 153.74561612515836 -236.00925249458538 374.6564490449116 49.912934101589471 168.73302178154162 216.21723782570945 -178.64518623288996 19.359113096597557 -76.859166147154625 -44.771221742021275 199.86394597233951 170.67041338215242 221.12380790659924 -114.2339018917872 -305.47862836234179 193.50780460989236 -33.075452011229096 156.23111136771536 -127.82911744141492 -51.787226746363665 231.49393918950506 60.81121087111012 81.43503607567321 -125.25101098594121 -280.4521751033825 -319.48369902424793 81.336818448812664 430.79853418775821 -203.54822009980361 -52.555192883704322 -180.15207836485743 -246.11945423870463 238.62822204185636 -15.298531461148647 -45.016980701793329 -25.443635258565418 -181.49876462287301 23.003156170231275 -232.25712096133475
leaf_weight=17 106 13.000000000000002 11.000000000000002 13.000000000000002 10.999999999999998 10.999999999999998 11.000000000000002 12.000000000000002 11.999999999999998 9.9999999999999982 10.000000000000002 19 15.999999999999998 23 10.000000000000002 16.000000000000004 14.999999999999998 56 11.000000000000002 11.999999999999998 24 22 54 10.999999999999998 9.9999999999999982 19 18 22 14.999999999999998 11.999999999999998 65 27 14 10.999999999999998 36 14.999999999999998 11.999999999999998 71 14.999999999999998 120 10.999999999999998 28 15.999999999999998 13.999999999999998 70 13.999999999999998 63 63 24 9.9999999999999982 11.999999999999998 19 11.999999999999998 17 106 14.999999999999998 10.999999999999998 11.999999999999998 12.999999999999998 19 10 53
leaf_count=17 106 13 11 13 11 11 11 12 12 10 10 19 16 23 10 16 15 56 11 12 24 22 54 11 10 19 18 22 15 12 65 27 14 11 36 15 12 71 15 120 11 28 16 14 70 14 63 63 24 10 12 19 12 17 106 15 11 12 13 19 10 53
internal_value=0.447804 125.881 -176.495 361.239 81.6009 47.1892 284.778 -66.5944 231.356 90.8263 334.903 8.28657 115.691 -248.913 20.896 292.192 379.587 11.6985 317.962 740.889 158.348 128.196 156.806 49.6461 -103.181 285.039 135.995 237.358 148.001 -190.519 54.264 -91.9471 -73.8632 88.5749 211.721 290.484 -20.8171 -269.281 110.405 -11.1049 238.133 -132.284 -6.02114 165.639 73.2338 140.833 -95.4197 -277.277 -266.75 12.3918 490.123 -158.806 -113.705 -137.883 -259.076 272.052 -59.126 -79.9014 -61.0659 -210.038 -16.5535 -222.649
internal_weight=1620 948 672 150 798 649 125 267 149 37 103 414 235 405 372 81 31 347 68 25 81 219 127 22 42 56 70 50 25 105 121 230 159 92 58 28 46 300 69 226 37 71 27 52 81 38 113 264 193 34 22 47 75 40 169 26 38 24 32 36 24 65
internal_count=1620 948 672 150 798 649 125 267 149 37 103 414 235 405 372 81 31 347 68 25 81 219 127 22 42 56 70 50 25 105 121 230 159 92 58 28 46 300 69 226 37 71 27 52 81 38 113 264 193 34 22 47 75 40 169 26 38 24 32 36 24 65
is_linear=0
shrinkage=0.03


Tree=48
num_leaves=63
num_cat=0
split_feature=18 18 21 17 12 18 16 18 14 16 11 16 18 23 18 18 16 18 2 11 6 16 6 18 12 16 15 16 6 20 16 6 18 21 20 2 1 6 16 19 10 11 1 6 9 16 14 27 20 16 15 1 16 18 6 15 15 18 11 2 16 18
split_gain=3.86663e+10 9.5908e+09 6.39899e+09 4.08696e+09 3.33399e+09 2.70197e+09 1.3969e+09 1.31737e+09 1.28214e+09 9.13216e+08 9.07788e+08 7.7256e+08 7.36907e+08 5.84374e+08 5.56902e+08 5.42221e+08 3.94616e+08 5.33163e+08 2.97421e+08 2.6824e+08 2.46184e+08 2.88155e+08 2.38356e+08 2.22456e+08 2.06089e+08 2.00216e+08 1.97498e+08 1.77202e+08 1.70651e+08 2.93957e+08 2.26347e+08 1.62607e+08 1.49454e+08 1.45806e+08 1.13968e+08 1.13332e+08 1.01645e+08 1.41192e+08 9.99977e+07 9.70219e+07 9.5738e+07 8.72067e+07 8.62053e+07 8.24392e+07 1.2006e+08 7.95266e+07 7.302e+07 7.22682e+07 7.13711e+07 6.8304e+07 6.56359e+07 6.15676e+07 6.12024e+07 5.92462e+07 5.81349e+07 6.64481e+07 4.50261e+07 3.95234e+07 3.13616e+07 3.39201e+07 2.78112e+07 2.90578e+07
threshold=46043.900000000009 104210.00000000001 30881.712500000005 0.041245326282528236 1.0297193875575261 71103.950000000026 0.05017507414820211 68157.550000000017 0.1979434446864379 0.086956521739130502 0.80274509788022386 0.05017507414820211 56701.80000000001 73745.661538461558 84370.60000000002 20015.050000000007 -0.075399971249820216 58518.350000000006 60937.500000000007 0.94399170107185504 1.0000000180025095e-35 0.0037543201186628354 1.0000000180025095e-35 39280.900000000001 1.1160714283680615 0.0049751551641986644 1629.1666666666681 -1.0000000180025095e-35 1.0000000180025095e-35 89710.050000000017 1.0000000180025095e-35 1.0000000180025095e-35 84370.60000000002 42282.762500000004 56078.450000000004 51890.625000000007 35115.000000000007 1.0000000180025095e-35 0.0037543201186628354 35938.650000000009 0.8542199457734333 0.94117647039992347 34707.000000000007 1.0000000180025095e-35 -0.85421994577343319 -1.0000000180025095e-35 0.25440806040471847 1.0000000180025095e-35 48393.850000000006 0.0050251573518178558 -2311.0833333333353 31944.000000000004 0.0037543201186628354 117409.10000000002 1.0000000180025095e-35 5813.7500000000009 -6096.4249999999984 95253.60000000002 0.87136929442133659 46989.750000000007 1.0000000180025095e-35 33738.850000000006
decision_type=2 2 2 2 2 2 2 2 2 2 2 2 2 2 2 2 2 2 2 2 2 2 2 2 2 2 2 2 2 2 2 2 2 2 2 2 2 2 2 2 2 2 2 2 2 2 2 2 2 2 2 2 2 2 2 2 2 2 2 2 2 2
left_child=2 3 15 5 -3 11 14 16 10 19 33 12 36 26 28 31 17 40 -15 -6 21 -14 46 50 53 -22 45 -17 29 -7 -30 42 48 -4 -19 -33 38 -38 -2 -25 47 -34 -1 49 -45 -9 -16 -5 -8 -41 58 -13 -29 -21 55 -53 -37 -43 59 -10 61 -52
right_child=1 4 8 7 9 6 32 13 23 -11 -12 51 20 18 22 27 -18 34 -20 24 25 -23 -24 39 -26 -27 -28 52 30 -31 -32 35 41 -35 -36 56 37 -39 -40 43 -42 57 -44 44 -46 -47 -48 -49 -50 -51 60 54 -54 -55 -56 -57 -58 -59 -60 -61 -62 -63
leaf_value=-296.45310288344473 -1.7083141827482715 807.69818677701994 -49.00420208870095 137.48327936231473 250.63123796217511 34.796925284402406 50.06392249065896 388.97849345439187 -126.03858655623803 79.050841215530241 352.45752308458384 -122.55915619465132 87.827032541128304 568.69244602814865 311.95485272381745 -71.384824309603871 30.766043946727223 383.13206579287174 343.22432322284959 425.57943784808151 109.93886694628684 -38.65400307564714 428.42403941761359 -141.70890960995516 349.32432533559211 252.7294098081683 175.29604677815081 -166.76908319814021 185.35022597259675 199.40290064427757 340.65314607827969 -254.60252446510236 28.334780332841945 100.33546352877477 246.74856566373964 -153.18024511112188 4.6184788880903129 70.97003073058859 -84.520991553845604 -50.13590981281979 60.66566064211402 85.322732357308851 -253.12214790867554 -45.49808471968953 76.386222814611486 271.99826514790072 195.01431877513923 224.08574651121182 -36.761910717368778 -133.28331074025371 -127.11805480164365 -37.759073029574964 -221.8796756894364 544.20542742768589 -8.0815581062269501 -132.61948901972494 -216.07554732248147 163.66088729984503 -111.97691829440599 -202.19249332843438 -54.409816492684875 -86.511692679650722
leaf_weight=100 71 18 14.000000000000002 29 9.9999999999999982 17 15.999999999999998 10.999999999999998 13.000000000000002 9.9999999999999982 9.9999999999999982 15.999999999999998 61 13.000000000000002 11.000000000000002 12.999999999999998 14.999999999999998 12.000000000000002 9.9999999999999982 10.000000000000002 76 22 11.999999999999998 9.9999999999999982 18 9.9999999999999982 11.999999999999998 43 59 23 9.9999999999999982 86 12.999999999999998 9.9999999999999982 11.999999999999998 15.999999999999998 97 41 15.999999999999998 78 9.9999999999999982 12.000000000000002 83 21 10.999999999999998 13.000000000000002 9.9999999999999982 12.999999999999998 18 9.9999999999999982 23 15.000000000000002 35 11.999999999999998 15.999999999999998 11.999999999999998 37 11.999999999999998 30 9.9999999999999982 15.999999999999998 57
leaf_count=100 71 18 14 29 10 17 16 11 13 10 10 16 61 13 11 13 15 12 10 10 76 22 12 10 18 10 12 43 59 23 10 86 13 10 12 16 97 41 16 78 10 12 83 21 11 13 10 13 18 10 23 15 35 12 16 12 37 12 30 10 16 57
internal_value=0.443313 132.515 -162.186 102.103 450.13 70.2187 158.315 243.528 -59.8497 341.694 113.849 28.7702 43.9329 353.949 212.613 -239.71 171.626 199.351 472.573 393.96 91.2531 54.2957 320.734 -81.0504 429.078 126.817 277.062 -174.653 179.615 129.707 208.318 -258.036 49.5715 13.3787 316.247 -232.954 8.36548 24.3688 -17.0178 -52.3072 144.895 91.2101 -276.949 -44.7452 -3.49282 327.006 257.457 164.757 4.12421 -59.7251 -106.077 -72.3889 -191.751 492.454 -53.4797 -80.2532 -197.413 125.008 -133.028 -159.881 -91.0744 -98.3302
internal_weight=1620 894 726 816 78 666 213 150 313 60 34 453 394 59 142 413 91 76 23 50 169 83 33 279 40 86 36 91 109 40 69 322 71 24 24 139 225 138 87 130 52 37 183 120 32 24 21 42 34 88 149 59 78 22 43 27 53 24 53 23 96 80
internal_count=1620 894 726 816 78 666 213 150 313 60 34 453 394 59 142 413 91 76 23 50 169 83 33 279 40 86 36 91 109 40 69 322 71 24 24 139 225 138 87 130 52 37 183 120 32 24 21 42 34 88 149 59 78 22 43 27 53 24 53 23 96 80
is_linear=0
shrinkage=0.03


Tree=49
num_leaves=63
num_cat=0
split_feature=18 18 25 17 17 18 14 16 18 0 0 16 22 18 18 15 16 18 22 16 15 16 18 6 16 6 6 16 6 20 16 18 0 21 20 15 16 23 8 17 20 8 6 16 16 22 6 14 20 16 11 3 18 15 0 8 0 21 0 15 23 14
split_gain=3.63898e+10 9.02806e+09 6.02207e+09 3.84758e+09 3.09352e+09 2.54339e+09 1.32873e+09 1.31474e+09 1.24026e+09 9.60791e+08 7.97173e+08 7.27138e+08 7.00455e+08 6.93484e+08 5.24481e+08 4.76274e+08 3.71455e+08 5.0198e+08 3.2627e+08 2.90209e+08 2.73401e+08 2.52171e+08 2.51651e+08 2.31706e+08 2.71167e+08 2.2436e+08 2.13407e+08 1.88577e+08 1.60587e+08 2.76652e+08 2.13234e+08 1.40692e+08 1.1964e+08 1.12642e+08 1.07287e+08 1.02531e+08 1.02324e+08 9.12087e+07 8.92896e+07 8.99688e+07 8.83444e+07 1.57468e+08 8.43185e+07 1.59965e+08 8.7942e+07 8.31963e+07 7.99664e+07 6.87357e+07 6.71777e+07 6.0739e+07 5.79468e+07 5.72838e+07 5.34117e+07 4.91342e+07 4.38853e+07 3.31778e+07 2.94762e+07 2.85295e+07 2.52278e+07 2.0474e+07 2.47486e+07 1.9441e+07
threshold=46043.900000000009 104210.00000000001 1.0000000180025095e-35 0.041245326282528236 0.075411471307569006 71103.950000000026 0.19866036904789269 0.05017507414820211 68157.550000000017 57366.875000000007 40541.375000000007 0.05017507414820211 11124.983996477047 56701.80000000001 84370.60000000002 -6096.4249999999984 -0.075399971249820216 58518.350000000006 27294.740151761671 -1.0000000180025095e-35 -2719.9999999999995 0.0037543201186628354 37061.05000000001 1.0000000180025095e-35 0.0037543201186628354 1.0000000180025095e-35 1.0000000180025095e-35 0.0049751551641986644 1.0000000180025095e-35 89710.050000000017 1.0000000180025095e-35 84370.60000000002 38408.750000000007 42282.762500000004 56078.450000000004 -9991.1916666666639 -1.0000000180025095e-35 59215.411538461543 0.6830127018922193 0.079999999982022368 72611.500000000015 0.6830127018922193 1.0000000180025095e-35 0.0050505372572776661 1.0000000180025095e-35 15109.288661150951 1.0000000180025095e-35 0.25440806040471847 48393.850000000006 0.0050251573518178558 0.87241379295598065 47613.750000000007 31763.850000000002 5736.083333333333 39701.55000000001 0.93301270189221952 51643.150000000009 20954.825000000008 51514.000000000007 -2311.0833333333353 39917.442307692319 0.21410579339192487
decision_type=2 2 2 2 2 2 2 2 2 2 2 2 2 2 2 2 2 2 2 2 2 2 2 2 2 2 2 2 2 2 2 2 2 2 2 2 2 2 2 2 2 2 2 2 2 2 2 2 2 2 2 2 2 2 2 2 2 2 2 2 2 2
left_child=2 3 6 5 9 11 10 14 16 -3 33 13 -10 40 28 26 17 38 21 -14 -6 -11 52 24 -15 47 55 -25 29 -7 -30 48 -17 -1 -19 -28 -24 -21 39 -5 49 -42 43 -38 -44 -33 56 -16 -9 -2 -13 53 -8 -52 -37 57 61 -4 -48 -54 -61 -34
right_child=1 4 15 8 20 7 22 31 12 18 -12 50 19 23 25 32 -18 34 -20 37 -22 -23 36 27 -26 -27 35 -29 30 -31 -32 45 46 -35 -36 54 42 -39 -40 -41 41 -43 44 -45 -46 -47 58 -49 -50 -51 51 -53 59 -55 -56 -57 -58 -59 -60 60 -62 -63
leaf_value=-36.004244321866786 4.9941699766197418 93.578406847305885 -236.25247856052439 234.24557009862471 857.88807960304041 33.759122624982865 -146.12175014398036 48.571334224724616 506.26153560169951 434.39994990458001 341.98849256458846 -118.90521932282061 372.50139048793858 85.196533575416964 302.68052576013497 -288.05483834248577 29.849174264061528 371.73309239411145 515.79755546278625 137.46772356996439 619.03525758044543 257.43491503636477 35.164805303894646 106.64503514766068 -37.499629002221567 415.67753325154956 -84.116623729919041 245.22259465887993 179.7991274017489 193.44671025263796 330.53473352413363 30.5346484375 -245.5358093603972 97.355203386061262 239.40728814243283 -207.60900346898316 -64.235254493955239 257.00558373861759 80.83334287276179 132.28290703611253 14.654096705356491 150.58003671778312 -58.393910774152296 -175.69623281697281 30.876813342365999 123.49208621532884 -227.85765586237599 189.22181570525217 -35.665145858848952 -51.531666163099999 10.073618158252032 -101.52550102071559 -122.52541327534196 -67.869876825860203 -150.8382392270546 -279.59576914385332 -222.42575967359289 -175.61193246384295 -176.53637961647726 -49.261032945787591 -100.40083845169526 -279.78722434086029
leaf_weight=13.000000000000002 164 12.999999999999998 26 11.999999999999998 11.000000000000002 17 35 15.999999999999998 17 13.000000000000002 9.9999999999999982 15.999999999999998 17 61 11.000000000000002 79 14.999999999999998 12.000000000000002 12.999999999999998 10.000000000000002 9.9999999999999982 18 9.9999999999999982 76 22 11.999999999999998 15.999999999999998 9.9999999999999982 59 23 9.9999999999999982 13.999999999999998 32 9.9999999999999982 11.999999999999998 20 104 14.999999999999998 15.999999999999998 24 32 9.9999999999999982 29 12.999999999999998 14.999999999999998 23 78 9.9999999999999982 18 19 15.000000000000002 13.999999999999998 28 13.999999999999998 38 11.999999999999998 19 11.999999999999998 11.999999999999998 10.999999999999998 43 61
leaf_count=13 164 13 26 12 11 17 35 16 17 13 10 16 17 61 11 79 15 12 13 10 10 18 10 76 22 12 16 10 59 23 10 14 32 10 12 20 104 15 16 24 32 10 29 13 15 23 78 10 18 19 15 14 28 14 38 12 19 12 12 11 43 61
internal_value=0.439536 128.564 -157.329 99.0579 436.72 68.1215 -60.2509 153.593 236.279 321.069 119.81 27.9078 343.419 42.618 206.271 -234.239 166.513 193.412 387.918 276.461 747.622 332.804 -80.9174 88.5228 52.6686 311.196 -184.918 123.025 174.248 125.833 202.092 48.0966 -255.93 22.1484 306.838 -152.148 -57.6643 209.929 140.572 166.825 8.11438 47.2983 -63.4484 -76.7593 -27.9596 88.4962 -243.23 249.806 4.00165 -0.899555 -70.2325 -51.8878 -114.824 -27.6581 -170.738 -233.018 -260.705 -217.614 -221.218 -101.304 -90.0938 -268.278
internal_weight=1620 894 726 816 78 666 321 213 150 57 33 453 59 394 142 405 91 76 44 42 21 31 288 169 83 33 124 86 109 40 69 71 281 23 24 74 171 25 52 36 225 42 161 117 44 37 202 21 34 183 59 43 117 29 58 50 112 38 90 82 54 93
internal_count=1620 894 726 816 78 666 321 213 150 57 33 453 59 394 142 405 91 76 44 42 21 31 288 169 83 33 124 86 109 40 69 71 281 23 24 74 171 25 52 36 225 42 161 117 44 37 202 21 34 183 59 43 117 29 58 50 112 38 90 82 54 93
is_linear=0
shrinkage=0.03


Tree=50
num_leaves=63
num_cat=0
split_feature=18 18 18 5 12 18 16 16 18 16 16 2 18 18 18 13 11 16 18 11 6 16 16 6 18 16 18 18 6 16 16 18 18 16 10 12 1 6 16 16 7 16 17 14 11 16 18 16 18 6 16 16 6 16 6 1 8 18 14 11 14 18
split_gain=3.42499e+10 8.45147e+09 5.78503e+09 3.58364e+09 2.97302e+09 2.36229e+09 1.32014e+09 1.23748e+09 1.16735e+09 8.23403e+08 6.93715e+08 6.93396e+08 6.35163e+08 5.34014e+08 4.93947e+08 4.7973e+08 5.64152e+08 3.4966e+08 4.72616e+08 2.40709e+08 2.1808e+08 2.55181e+08 2.15337e+08 2.11185e+08 1.93554e+08 1.77615e+08 1.65425e+08 1.52861e+08 1.51117e+08 2.45113e+08 2.00881e+08 1.32666e+08 1.06013e+08 1.02926e+08 1.00785e+08 9.97024e+07 9.31663e+07 1.28269e+08 9.32443e+07 8.5889e+07 8.10697e+07 8.0262e+07 6.50118e+07 6.47027e+07 5.85304e+07 5.64015e+07 6.03687e+07 5.35328e+07 5.13631e+07 4.71905e+07 8.30475e+07 4.95268e+07 4.42004e+07 4.28592e+07 3.27517e+07 2.93867e+07 2.53541e+07 2.16664e+07 2.12667e+07 1.90119e+07 1.76179e+07 1.75292e+07
threshold=46176.650000000009 104210.00000000001 31199.500000000004 1.0000000180025095e-35 1.0297193875575261 71103.950000000026 -1.0000000180025095e-35 0.05017507414820211 68157.550000000017 0.086956521739130502 0.05017507414820211 50621.875000000007 56701.80000000001 21334.200000000001 84370.60000000002 1.0370326112128696 0.86847236498567792 -0.075399971249820216 58054.450000000004 0.94399170107185504 1.0000000180025095e-35 0.0037543201186628354 0.05017507414820211 1.0000000180025095e-35 112238.65000000001 0.0049751551641986644 12267.550000000001 37631.55000000001 1.0000000180025095e-35 0.0037543201186628354 1.0000000180025095e-35 89710.050000000017 40304.150000000009 -1.0000000180025095e-35 0.78574730703237883 1.1146394876659442 35115.000000000007 1.0000000180025095e-35 0.0037543201186628354 -1.0000000180025095e-35 -0.6830127018922193 -0.075365239294710326 0.079999999981520867 0.25440806040471847 0.94392523346930191 0.086956521739130502 55950.500000000007 0.05017507414820211 74039.35000000002 1.0000000180025095e-35 1.0000000180025095e-35 0.0050251573518178558 1.0000000180025095e-35 0.0051282388444369173 1.0000000180025095e-35 30529.000000000004 0.93301270189221952 40827.950000000004 0.28080043195663057 0.94117647040730834 0.20451705158070699 18132.050000000003
decision_type=2 2 2 2 2 2 2 2 2 2 2 2 2 2 2 2 2 2 2 2 2 2 2 2 2 2 2 2 2 2 2 2 2 2 2 2 2 2 2 2 2 2 2 2 2 2 2 2 2 2 2 2 2 2 2 2 2 2 2 2 2 2
left_child=2 3 13 5 -3 10 11 14 17 19 12 32 36 26 28 16 39 18 34 -6 21 -14 27 43 -21 -22 52 58 29 -7 -30 48 -4 -15 42 -26 38 -38 -2 -10 -20 -28 -5 -16 -33 46 -12 -35 -9 51 -51 57 55 56 -50 -1 61 -29 -8 -48 -54 -43
right_child=1 4 6 8 9 7 22 31 15 -11 45 -13 20 33 23 -17 -18 -19 40 24 25 -23 -24 -25 35 -27 41 49 30 -31 -32 44 -34 47 -36 -37 37 -39 -40 -41 -42 53 -44 -45 -46 -47 59 -49 54 50 -52 -53 60 -55 -56 -57 -58 -59 -60 -61 -62 -63
leaf_value=-294.92057940634953 -0.91647916608884961 761.37722386481346 -14.657481961075547 215.88403440365119 235.2382044303063 185.72151018415175 -108.22883738771361 -43.504004770411122 356.83450438104285 71.976428792216993 -107.25373957453547 315.55104550201111 82.644820571874433 -86.854216355981293 293.68191274282083 170.37075925870704 546.87504588352806 28.959629844008692 347.96873419608767 309.55485081449467 103.44988798164039 -36.379731105873482 -185.44398097826084 403.31027392174582 503.4567041925464 237.93875338412747 -167.8163810457728 -74.078278115822442 174.41428016933693 35.382324229457922 320.71687064897895 57.365476502862577 89.909286064953534 -157.44401998918607 53.764784215978679 370.17594059405934 4.5368604456392445 68.182826663386194 -81.09672988228175 254.06409818333501 234.07046043711259 -221.74954051681328 130.98197233912782 183.6013665106745 149.77749531895662 -110.64679157356939 -53.595179057475939 -223.40056252586919 -7.3852757376678726 -56.79444355758195 29.956645669495032 -124.36400898701436 -206.08766931394865 -262.01573782279945 53.217250212673328 -259.41609955365988 -269.80148495513612 -45.478947182669849 -69.433148337417506 -4.3667764001143601 -251.04947352190098 -187.76842048748583
leaf_weight=47 69 18 19 11.999999999999998 9.9999999999999982 23 80 9.9999999999999982 17.999999999999996 9.9999999999999982 10.999999999999998 9.9999999999999982 61 15.999999999999998 11.000000000000002 12.999999999999998 12.999999999999998 14.999999999999998 13.000000000000002 13.999999999999998 76 22 15.999999999999998 11.999999999999998 16.000000000000004 9.9999999999999982 24 41 59 17 9.9999999999999982 13.000000000000002 15.999999999999998 53 10.999999999999998 9.9999999999999982 93 41 15.999999999999998 15.000000000000002 11.999999999999998 88 28 9.9999999999999982 11.999999999999998 19 12.000000000000002 14.999999999999998 11.999999999999998 29 14.999999999999998 10.999999999999998 14.999999999999998 31 24 63 9.9999999999999982 59 15.999999999999998 17 36 22
leaf_count=47 69 18 19 12 10 23 80 10 18 10 11 10 61 16 11 13 13 15 13 14 76 22 16 12 16 10 24 41 59 17 10 13 16 53 11 10 93 41 16 15 12 88 28 10 12 19 12 15 12 29 15 11 15 31 24 63 10 59 16 17 36 22
internal_value=0.434443 125.668 -151.485 96.9174 423.726 66.8144 -53.6086 149.011 229.237 321.332 27.6224 96.5554 42.198 -224.162 200.117 333.181 378.723 161.554 187.651 370.959 85.8742 51.0903 -78.9439 301.943 404.218 119.346 -241.115 -72.0838 169.041 122.075 196.051 46.6607 33.2643 -156.147 134.826 453.81 8.46968 24.047 -16.0868 311.029 294.448 -220.468 156.928 242.381 102.143 -68.1396 -47.7231 -172.3 16.3509 -53.5992 -27.2193 -64.0222 -263.406 -228.719 33.0518 -274.84 -219.907 -57.267 -101.842 -24.8514 -238.255 -215.13
internal_weight=1620 888 732 810 78 660 312 213 150 60 447 45 388 420 142 59 46 91 76 50 169 83 267 33 40 86 336 251 109 40 69 71 35 84 51 26 219 134 85 33 25 175 40 21 25 59 40 68 46 155 44 111 161 151 36 110 120 100 96 29 51 110
internal_count=1620 888 732 810 78 660 312 213 150 60 447 45 388 420 142 59 46 91 76 50 169 83 267 33 40 86 336 251 109 40 69 71 35 84 51 26 219 134 85 33 25 175 40 21 25 59 40 68 46 155 44 111 161 151 36 110 120 100 96 29 51 110
is_linear=0
shrinkage=0.03


Tree=51
num_leaves=63
num_cat=0
split_feature=18 18 18 5 17 21 16 18 0 24 24 2 22 18 18 11 6 13 8 16 16 18 16 22 16 16 18 16 13 18 8 20 4 18 8 6 11 18 20 16 13 10 16 14 27 2 6 9 16 24 20 16 6 16 21 1 9 8 14 2 10 9
split_gain=3.22356e+10 8.00016e+09 5.33331e+09 3.3639e+09 2.59846e+09 2.07955e+09 1.26e+09 1.105e+09 9.38185e+08 8.14354e+08 6.57123e+08 6.52832e+08 6.26311e+08 5.02481e+08 4.93527e+08 4.05535e+08 4.63924e+08 5.51376e+08 3.94427e+08 3.49231e+08 3.29136e+08 4.45149e+08 2.81635e+08 2.79962e+08 2.61765e+08 2.52161e+08 2.11179e+08 1.97237e+08 1.66063e+08 1.55646e+08 1.47986e+08 1.42248e+08 1.38465e+08 1.32127e+08 1.31971e+08 1.26492e+08 1.18666e+08 9.97854e+07 9.72279e+07 9.6844e+07 8.2618e+07 8.21033e+07 7.55116e+07 6.69034e+07 6.46265e+07 6.04179e+07 5.3022e+07 9.14339e+07 5.04277e+07 5.01586e+07 4.51355e+07 4.23312e+07 4.15548e+07 4.03439e+07 3.32006e+07 2.76623e+07 2.40507e+07 2.39301e+07 1.99997e+07 1.74957e+07 1.66153e+07 1.84212e+07
threshold=46043.900000000009 100615.55 31199.500000000004 1.0000000180025095e-35 0.075411471307569006 65846.112500000017 -1.0000000180025095e-35 68157.550000000017 57366.875000000007 57604.375000000007 58759.375000000007 50621.875000000007 11124.983996477047 21334.200000000001 79169.450000000012 0.87850467273048816 1.0000000180025095e-35 1.0843802342401301 0.93301270189221952 0.0050505372572776661 -0.075399971249820216 58518.350000000006 -1.0000000180025095e-35 27294.740151761671 0.0049505253806327873 0.0037543201186628354 72932.700000000026 0.05017507414820211 1.1261261259201294 12267.550000000001 -0.68301270189221952 66693.750000000015 54354.375000000007 37631.55000000001 0.93301270189221952 1.0000000180025095e-35 0.91458823513009757 40304.150000000009 56078.450000000004 -1.0000000180025095e-35 1.1421826437851139 0.8542199457734333 -0.075365239294710326 0.27088607590008235 1.0000000180025095e-35 57130.000000000007 1.0000000180025095e-35 -0.61559370248597534 0.05017507414820211 39701.55000000001 76360.200000000012 0.0050251573518178558 1.0000000180025095e-35 0.0051282388444369173 68207.050000000003 30529.000000000004 -0.2393156642875576 0.93301270189221952 0.28080043195663057 48941.750000000007 0.5163939593874618 0.06026834012766185
decision_type=2 2 2 2 2 2 2 2 2 2 2 2 2 2 2 2 2 2 2 2 2 2 2 2 2 2 2 2 2 2 2 2 2 2 2 2 2 2 2 2 2 2 2 2 2 2 2 2 2 2 2 2 2 2 2 2 2 2 2 2 2 2
left_child=2 3 13 5 8 15 11 20 31 18 -6 37 -9 29 32 35 19 36 24 34 21 41 -14 25 26 -10 -7 33 30 52 -16 -3 -11 58 -17 -2 -18 -4 -23 -15 -19 44 -31 -21 -5 -26 51 -48 60 -37 -34 56 55 57 -24 -1 -35 -44 -8 -54 61 -41
right_child=1 4 6 7 10 9 27 12 23 14 -12 -13 22 39 28 16 17 40 -20 43 -22 38 54 -25 45 -27 -28 -29 -30 42 -32 -33 50 46 -36 49 -38 -39 -40 48 -42 -43 53 -45 -46 -47 47 -49 -50 -51 -52 -53 59 -55 -56 -57 -58 -59 -60 -61 -62 -63
leaf_value=-286.09175246317676 -135.38727444478218 200.44866065903457 -14.220060204311189 124.94644470844072 488.34702174831062 96.053434308983512 -104.98602586610488 479.02080095257674 407.15072016935164 198.63072812704513 819.6180952995868 306.17824711865717 349.40937602796043 -84.264774878247181 210.85498337204385 29.697892354591605 104.77698752742242 57.785329813808502 -53.291395552785772 -54.731535838434461 28.096593927042374 350.60286899535112 144.82235892630908 487.25712130248093 71.05403041957392 240.32344844206915 189.93568728807733 -179.91521757327249 181.32797520986992 -162.80277917125906 351.93167575209884 40.324544006951967 68.930082812557856 -90.831056036698186 -61.525841083408146 -84.878329443029457 204.3184213296469 87.228760468856152 224.7555626129907 -105.94845879632074 2.9718998580902753 54.330184501421336 -208.68731742006557 -138.68928246868543 206.73665542253099 7.6842650718119598 -49.465064975703953 53.695002598526457 -216.74293111030627 -8.2065914181409116 132.51899629052002 -120.66670047244511 -241.35772831105828 -254.18054200788788 224.09430190284652 -251.64595079425021 -51.241883234370228 -261.78758005878711 -67.363090431734634 -192.11639199746622 -179.80312609180896 -154.7539189902119
leaf_weight=47 14.999999999999998 10.000000000000002 19 29 11.000000000000002 60 80 17 15.999999999999998 19 11.999999999999998 9.9999999999999982 17 15.999999999999998 11.000000000000002 126 21 48 17 30 14.999999999999998 12.000000000000002 11.000000000000002 12.999999999999998 42 18 34 15.999999999999998 15.999999999999998 24 20 9.9999999999999982 21 17 15.999999999999998 10.999999999999998 23 15.999999999999998 11.999999999999998 10.999999999999998 51 9.9999999999999982 110 11.999999999999998 12.999999999999998 20 33 9.9999999999999982 14.999999999999998 25 20 10.999999999999998 40 31 9.9999999999999982 63 78 9.9999999999999982 15.999999999999998 10.999999999999998 15.999999999999998 26
leaf_count=47 15 10 19 29 11 60 80 17 16 19 12 10 17 16 11 126 21 48 17 30 15 12 11 13 42 18 34 16 16 24 20 10 21 17 16 11 23 16 12 11 51 10 110 12 13 20 33 10 15 25 20 11 40 31 10 63 78 10 16 11 16 26
internal_value=0.428204 121.018 -148.063 90.9639 389.1 62.0392 -52.7768 221.192 293.888 123.991 663.984 93.6847 327.351 -217.456 189.035 16.1285 28.4031 68.9161 83.6752 -3.10279 156.74 182.06 258.42 367.05 98.6256 319.794 130.177 -78.055 261.862 -233.9 302.711 120.986 131.646 -71.3322 19.3831 -62.4753 157.155 32.2728 288.873 -151.48 29.5796 132.302 -213.873 -78.992 150.693 50.6575 -53.5854 -25.4054 -167.148 -31.8044 100.196 -64.9822 -255.523 -221.877 183.454 -266.61 -58.4144 -213.327 -98.7922 -231.134 -152.73 -140.569
internal_weight=1620 894 726 804 90 658 306 146 67 280 23 45 55 420 107 378 327 143 173 184 91 76 38 47 156 34 94 261 47 336 31 20 60 245 142 51 44 35 24 84 99 52 175 42 42 62 149 43 68 36 41 106 161 151 21 110 95 120 96 51 53 37
internal_count=1620 894 726 804 90 658 306 146 67 280 23 45 55 420 107 378 327 143 173 184 91 76 38 47 156 34 94 261 47 336 31 20 60 245 142 51 44 35 24 84 99 52 175 42 42 62 149 43 68 36 41 106 161 151 21 110 95 120 96 51 53 37
is_linear=0
shrinkage=0.03


Tree=52
num_leaves=63
num_cat=0
split_feature=18 23 23 12 5 21 8 14 0 18 0 18 23 8 11 13 13 15 8 11 18 16 18 18 14 22 16 14 14 24 11 8 21 11 0 16 13 18 16 15 16 7 18 8 21 16 14 7 18 2 7 12 7 8 14 18 7 8 8 18 21 7
split_gain=3.0338e+10 7.54262e+09 5.01936e+09 3.99809e+09 3.13315e+09 1.29126e+09 1.16612e+09 1.1273e+09 8.18308e+08 7.97781e+08 6.8283e+08 6.18933e+08 5.4028e+08 4.83042e+08 3.85377e+08 3.67546e+08 3.3451e+08 3.28007e+08 2.70501e+08 2.80995e+08 2.67372e+08 3.57596e+08 2.63416e+08 2.56886e+08 2.24918e+08 2.15936e+08 2.29208e+08 1.92902e+08 1.886e+08 1.7165e+08 1.35228e+08 1.21693e+08 1.14857e+08 1.1144e+08 1.01117e+08 9.68193e+07 8.82946e+07 8.50661e+07 9.59138e+07 8.00958e+07 7.85423e+07 7.81303e+07 5.2504e+07 4.86335e+07 5.42556e+07 4.71344e+07 4.37349e+07 4.25565e+07 3.60235e+07 3.35391e+07 3.16265e+07 3.02193e+07 2.99306e+07 2.7681e+07 2.64445e+07 2.40362e+07 2.1197e+07 1.63568e+07 2.27603e+07 1.60075e+07 1.55198e+07 1.53609e+07
threshold=46043.900000000009 82963.484615384616 26535.988461538465 1.0326530610178755 1.0000000180025095e-35 65846.112500000017 0.93301270189221952 0.19866036904789269 41565.725000000006 55728.200000000004 57267.500000000007 98091.500000000015 47790.346153846156 0.93301270189221952 0.87850467273048816 1.1261261259281683 1.0472340423347435 -6096.4249999999984 -0.68301270189221952 0.94382022450806058 63299.650000000001 0.0050505372572776661 33738.850000000006 77771.35000000002 0.25440806040471847 25878.681180325369 0.0049505253806327873 0.29755679683290337 0.26184538647473282 59048.125000000007 0.81689655158114804 1.0000000180025095e-35 42282.762500000004 0.86843797245217424 43160.700000000004 0.0037543201186628354 1.1262135920186143 41210.450000000004 0.0050251573518178558 -9991.1916666666639 0.0049751551641986644 -0.24999999999999997 10854.200000000003 1.0000000180025095e-35 45644.375000000007 0.0049505253806327873 0.21012658222621433 1.0000000180025095e-35 25887.350000000002 48340.250000000007 0.25000000000000011 0.93506493482205955 -0.24999999999999997 1.0000000180025095e-35 0.23037974677836118 58054.450000000004 -0.24999999999999997 0.93301270189221952 1.0000000180025095e-35 31199.500000000004 34587.625000000007 -0.24999999999999997
decision_type=2 2 2 2 2 2 2 2 2 2 2 2 2 2 2 2 2 2 2 2 2 2 2 2 2 2 2 2 2 2 2 2 2 2 2 2 2 2 2 2 2 2 2 2 2 2 2 2 2 2 2 2 2 2 2 2 2 2 2 2 2 2
left_child=2 4 17 10 5 14 11 8 32 41 -3 24 -11 20 35 18 30 39 28 -20 -7 23 48 -22 -5 26 -13 36 -16 -8 -14 -23 -4 -32 51 -2 -17 38 40 -1 60 49 -41 45 -45 -39 -36 -26 -9 -6 52 -19 -44 -52 -37 -56 -50 58 -53 -58 -24 -48
right_child=1 3 7 6 9 13 29 22 -10 12 -12 25 16 -15 15 27 -18 34 19 -21 21 31 37 -25 47 -27 -28 -29 -30 -31 33 -33 -34 -35 46 54 -38 43 -40 42 -42 -43 50 44 -46 -47 61 -49 56 -51 53 57 -54 -55 55 -57 59 -59 -60 -61 -62 -63
leaf_value=-113.31666165515202 -6.9020759199052568 855.02767525337811 -38.637480355019882 312.09276942777313 160.42964173321943 42.513643606962219 -43.481127872278179 -164.77024467136545 329.39366248404627 46.702300605396232 517.16930934433105 407.72815601014247 398.80976304235537 -65.032739920108867 -8.441168559470503 -77.439133361311988 131.72225376097623 -268.62658410067314 56.115117838976253 166.95416490063224 139.09368378168776 34.986319704209109 -110.81727553565904 246.24875571162934 222.46335611173421 477.29518189408395 248.38650438810646 -137.18254677347616 84.948081171802912 127.55494675095017 252.5519152675931 112.35341631413561 90.425795197439669 338.95754470627026 -177.80715316929766 -53.950161924619934 8.0555774684446533 -40.106259579506649 -152.7778700873688 -243.83525112183625 9.326219564901816 58.098287773731492 -176.52078882444596 46.480395936708177 -36.92346145230438 -109.05574482685812 -207.53766501867022 145.38271917420812 -79.655492576436799 90.777200970035977 -191.36412214949323 -246.97580019975919 -236.53843459670608 -131.14153098366478 -146.0813645043703 -80.296616606841212 -152.38781071087786 -277.21680962680784 -213.54461174772217 -111.85048446120598 -70.948405290935099 -236.88813317123726
leaf_weight=18 19 11.000000000000002 16.000000000000004 14.999999999999998 19.000000000000004 37 10.000000000000002 15.999999999999998 9.9999999999999982 9.9999999999999982 11.999999999999998 17 11.999999999999998 13.999999999999998 69 11.999999999999998 11.999999999999998 57 71 29 82 31 9.9999999999999982 27 9.9999999999999982 12.999999999999998 17 9.9999999999999982 27 10.999999999999998 39 45 9.9999999999999982 23 29 10.999999999999998 107 47 12.999999999999998 11.999999999999998 10.999999999999998 19 36 11.000000000000002 19 10.999999999999998 43 22 13.999999999999998 9.9999999999999982 10.999999999999998 57 10.999999999999998 23 10.000000000000002 10.999999999999998 12.999999999999998 11.999999999999998 39 37 96 44
leaf_count=18 19 11 16 15 19 37 10 16 10 10 12 17 12 14 69 12 12 57 71 29 82 31 10 27 10 13 17 10 27 11 39 45 10 23 29 11 107 47 13 12 11 19 36 11 19 11 43 22 14 10 11 57 11 23 10 11 13 12 39 37 96 44
internal_value=0.421673 117.408 -143.632 321.288 80.1545 50.5117 248.664 -58.1499 100.225 206.014 681.756 293.779 255.94 105.5 15.9791 28.0134 280.188 -216.434 53.8856 88.3931 116.278 131 -77.3096 165.838 215.975 370.958 329.019 -11.3076 17.8856 46.289 304.053 80.8833 11.1584 285.1 -233.763 -60.6145 -0.623494 -60.1747 -75.5978 -172.394 -66.899 105.837 -183.694 -37.3307 -6.28913 -53.3481 -211.592 170.089 -123.869 136.806 -174.494 -249.212 -191.04 -151.129 -92.3853 -112.167 -113.402 -238.726 -233.631 -122.673 -74.8105 -222.637
internal_weight=1620 894 726 138 756 612 115 334 36 144 23 94 96 236 376 325 86 392 196 100 222 185 298 109 47 47 34 129 96 21 74 76 26 62 281 51 119 218 130 111 117 48 93 88 30 58 116 32 80 29 81 165 47 34 32 21 64 108 96 50 106 87
internal_count=1620 894 726 138 756 612 115 334 36 144 23 94 96 236 376 325 86 392 196 100 222 185 298 109 47 47 34 129 96 21 74 76 26 62 281 51 119 218 130 111 117 48 93 88 30 58 116 32 80 29 81 165 47 34 32 21 64 108 96 50 106 87
is_linear=0
shrinkage=0.03


Tree=53
num_leaves=63
num_cat=0
split_feature=18 18 18 5 12 18 16 16 18 16 10 16 22 18 18 18 10 22 22 16 18 23 16 18 1 16 18 18 17 8 16 14 7 11 10 15 16 12 10 7 16 16 18 9 7 18 17 18 22 17 15 4 8 19 14 7 7 18 10 14 18 19
split_gain=2.85535e+10 7.08491e+09 4.83267e+09 2.98146e+09 2.51497e+09 1.97918e+09 1.09938e+09 1.0451e+09 9.7551e+08 7.0608e+08 5.87576e+08 5.82709e+08 5.79645e+08 5.32502e+08 4.88009e+08 4.1011e+08 3.02039e+08 2.47423e+08 2.30398e+08 2.75914e+08 2.01569e+08 2.06076e+08 1.7179e+08 1.31946e+08 1.28829e+08 1.22013e+08 1.16836e+08 1.15712e+08 1.05479e+08 1.05063e+08 9.63557e+07 8.65545e+07 8.37134e+07 7.8602e+07 7.72439e+07 7.17505e+07 7.1032e+07 6.82618e+07 6.24571e+07 6.16806e+07 5.24891e+07 5.1868e+07 5.14557e+07 4.91569e+07 4.74573e+07 4.54524e+07 3.55574e+07 3.22079e+07 3.1488e+07 2.94604e+07 2.73645e+07 2.50308e+07 2.03382e+07 4.758e+07 2.03158e+07 2.01838e+07 1.86617e+07 1.80786e+07 1.74105e+07 1.58784e+07 1.5028e+07 1.48269e+07
threshold=46176.650000000009 104210.00000000001 31763.850000000002 1.0000000180025095e-35 1.0297193875575261 71103.950000000026 -1.0000000180025095e-35 0.05017507414820211 68157.550000000017 0.086956521739130502 0.98182534576205305 0.05017507414820211 11124.983996477047 55728.200000000004 20550.450000000004 84370.60000000002 0.78574730703237883 18374.23406570682 27294.740151761671 0.0049505253806327873 52594.650000000009 52666.215384615396 0.05017507414820211 63299.650000000001 34707.000000000007 -1.0000000180025095e-35 84370.60000000002 39280.900000000001 0.079999999981887865 0.93301270189221952 0.05017507414820211 0.20204603575485572 -0.24999999999999997 0.94117647039992347 0.98182534576205305 -2474.9999999999995 0.0050505372572776661 0.98388888862225077 0.29696027566504685 0.93301270189221952 0.086956521739130502 -1.0000000180025095e-35 55950.500000000007 -0.78574730703237861 -0.6830127018922193 9454.9000000000015 0.07542285723351326 95253.60000000002 856.41023406129 0.079999999981887865 -2311.0833333333353 41370.000000000007 1.0000000180025095e-35 48164.600000000006 0.27364323328844098 -0.24999999999999997 -0.24999999999999997 18132.050000000003 -0.70581670320594803 0.26913580242534424 26300.050000000007 39280.900000000001
decision_type=2 2 2 2 2 2 2 2 2 2 2 2 2 2 2 2 2 2 2 2 2 2 2 2 2 2 2 2 2 2 2 2 2 2 2 2 2 2 2 2 2 2 2 2 2 2 2 2 2 2 2 2 2 2 2 2 2 2 2 2 2 2
left_child=2 3 14 5 -3 11 10 15 16 18 37 13 -10 34 24 29 20 25 19 -6 51 -22 27 39 45 -14 44 50 -23 38 41 49 -17 -28 36 -25 -2 -4 -7 -15 42 -16 -13 -27 -9 -1 -47 -35 -29 -26 56 -5 58 -54 -52 -56 -8 -33 -50 -44 -43 -58
right_child=1 4 6 8 9 7 22 26 12 -11 -12 40 17 23 30 32 -18 -19 -20 -21 21 28 -24 35 31 43 33 48 -30 -31 -32 57 -34 47 -36 -37 -38 -39 -40 -41 -42 60 59 -45 -46 46 -48 -49 52 -51 54 -53 53 -55 55 -57 61 -59 -60 -61 -62 -63
leaf_value=-259.49120249282907 5.3338775537902015 698.20182824909352 65.738081236722167 135.96051649080994 385.75275767543854 145.89787593528268 -82.028525425336937 41.718421756163345 452.22362484580583 62.6281325266621 268.53163935385459 -97.938073994404562 285.36657671333529 46.540595528536791 -80.378721705845408 333.30558531416222 32.991801115337168 365.89405247043914 444.4158984375 216.92914632587528 114.90332977294922 336.35965858988237 -169.10809822537252 52.048055170962684 -111.41702703302555 200.33942303631747 19.351583876282202 2.2087007137960639 215.43099980557122 66.137749848236908 -205.43383676578858 -215.74752894023564 232.19060022803498 75.256820946054987 66.294068236769292 122.71276094720575 -60.561470071543816 -20.375436043117354 196.70223310983079 118.56283107726043 -103.65735792549491 -153.45186857076058 -37.908293598834121 106.39212941386913 -29.449246944407516 -233.26214545725477 -186.53186013292907 145.92765047940341 -42.913045282492419 -177.791630859375 -42.288124288596855 77.809932414047594 21.602081562763935 -53.540510134558453 -47.845957541429364 -90.519979203296032 -146.25702543904956 -178.81074167493952 -72.09145228348379 8.6781243080667938 -120.89763111033996 -97.724680828647763
leaf_weight=62 172 18 17 15.000000000000002 17 62 21 14.999999999999998 17 9.9999999999999982 11.999999999999998 10.999999999999998 10.000000000000002 97 15.999999999999998 13.999999999999998 17 10.999999999999998 13.999999999999998 19 13.999999999999998 9.9999999999999982 14.999999999999998 17 12.000000000000002 11.000000000000002 12.999999999999998 11.999999999999998 22 10.999999999999998 19 93 19 12.000000000000002 17 57 15.999999999999998 15.999999999999998 36 11.999999999999998 19 40 19.000000000000004 9.9999999999999982 19 110 20 11.999999999999998 37 13.999999999999998 14.999999999999998 12.999999999999998 10.999999999999998 24 12.999999999999998 49 12.000000000000002 18 38 9.9999999999999982 23 12.999999999999998
leaf_count=62 172 18 17 15 17 62 21 15 17 10 12 11 10 97 16 14 17 11 14 19 14 10 15 17 12 11 13 12 22 11 19 93 19 12 17 57 16 16 36 12 19 40 19 10 19 110 20 12 37 14 15 13 11 24 13 49 12 18 38 10 23 13
internal_value=0.412263 114.758 -138.299 88.4345 387.657 60.977 -47.0711 136.214 209.126 293.486 89.6964 25.1036 304.145 38.4622 -203.436 183.179 147.254 243.277 339.441 297.499 173.424 212.113 -70.7678 75.6452 -220.977 198.731 42.1563 -64.6804 254.151 154.861 -144.384 -198.232 275.965 78.9715 5.2489 106.571 -0.303436 24.0506 164.742 54.5711 -62.6628 -129.46 -42.9803 156.319 1.97843 -237.095 -226.222 111.051 -43.9195 -147.702 -85.22 109.335 -48.9492 -29.9299 -74.058 -81.6637 -103.703 -209.924 -57.7731 -21.8693 -141.777 -121.51
internal_weight=1620 888 732 810 78 660 305 213 150 60 45 447 59 388 427 142 91 42 50 36 74 46 260 183 329 31 71 245 32 109 98 137 33 37 205 74 188 33 98 109 59 79 40 21 34 192 130 24 122 26 123 28 110 35 77 62 46 111 75 29 63 25
internal_count=1620 888 732 810 78 660 305 213 150 60 45 447 59 388 427 142 91 42 50 36 74 46 260 183 329 31 71 245 32 109 98 137 33 37 205 74 188 33 98 109 59 79 40 21 34 192 130 24 122 26 123 28 110 35 77 62 46 111 75 29 63 25
is_linear=0
shrinkage=0.03


Tree=54
num_leaves=63
num_cat=0
split_feature=18 23 18 14 5 18 16 12 2 16 18 6 2 23 18 9 18 16 13 18 8 18 16 16 17 16 18 6 8 18 18 8 14 18 2 16 6 15 16 9 10 16 21 23 16 4 17 6 9 16 15 18 9 9 21 14 15 14 18 6 10 9
split_gain=2.68738e+10 6.72329e+09 4.45531e+09 3.59176e+09 2.77026e+09 1.14153e+09 1.07228e+09 1.0673e+09 8.63355e+08 7.15778e+08 7.05293e+08 6.7747e+08 5.86262e+08 4.86291e+08 4.17079e+08 3.8286e+08 3.28876e+08 3.1999e+08 3.03281e+08 2.79954e+08 2.74486e+08 2.28599e+08 2.96878e+08 1.86749e+08 1.80133e+08 1.6741e+08 1.29798e+08 1.26597e+08 1.1592e+08 1.14026e+08 1.10278e+08 1.06228e+08 1.01147e+08 9.28296e+07 8.63261e+07 8.48577e+07 7.57839e+07 7.46464e+07 7.26658e+07 7.2957e+07 7.02068e+07 6.98674e+07 6.66071e+07 5.90551e+07 5.22716e+07 4.73384e+07 4.60276e+07 4.59348e+07 8.37894e+07 3.68618e+07 3.51369e+07 3.48308e+07 2.93692e+07 2.22648e+07 2.21887e+07 1.79091e+07 1.76846e+07 1.69551e+07 1.60699e+07 1.28941e+07 1.28874e+07 1.13757e+07
threshold=46043.900000000009 82963.484615384616 31199.500000000004 0.24296675187449793 1.0000000180025095e-35 65548.650000000009 -1.0000000180025095e-35 1.0267857140995378 60937.500000000007 0.0050505372572776661 55728.200000000004 1.0000000180025095e-35 50621.875000000007 47790.346153846156 20550.450000000004 -0.51639395938746191 84370.60000000002 0.05017507414820211 1.0472340423347435 77771.35000000002 0.93301270189221952 50657.150000000001 0.0051020740191197742 0.0050505372572776661 0.07547911546421833 0.05017507414820211 63603.500000000007 1.0000000180025095e-35 0.6830127018922193 106497.85000000002 37631.55000000001 1.0000000180025095e-35 0.25440806040471847 40304.150000000009 51890.625000000007 0.05017507414820211 1.0000000180025095e-35 2127.4949999999994 0.0048899755501222728 -0.46472317204376817 0.78574730703237883 0.0050251573518178558 13214.275000000001 46993.715384615389 -1.0000000180025095e-35 41370.000000000007 0.0014919387178839571 1.0000000180025095e-35 -0.61559370248597534 0.0050251573518178558 -6096.4249999999984 58054.450000000004 -0.82298386589365657 -0.2393156642875576 91752.362500000003 0.16675568845983602 2037.3583333333338 0.28080043195663057 8546.9000000000015 1.0000000180025095e-35 -0.70581670320594803 0.12053668025532312
decision_type=2 2 2 2 2 2 2 2 2 2 2 2 2 2 2 2 2 2 2 2 2 2 2 2 2 2 2 2 2 2 2 2 2 2 2 2 2 2 2 2 2 2 2 2 2 2 2 2 2 2 2 2 2 2 2 2 2 2 2 2 2 2
left_child=2 4 14 7 5 17 12 -3 20 19 40 32 33 -12 27 -9 28 21 24 38 -5 41 23 -23 -15 30 -26 42 36 37 57 -13 -10 -4 55 44 -11 -18 39 -7 45 46 58 51 -16 56 -2 49 -49 53 -36 -19 -21 -32 -34 -29 -6 59 -1 -8 -46 -52
right_child=1 3 6 8 10 9 25 15 11 16 13 31 -14 18 35 -17 29 43 -20 52 -22 22 -24 -25 26 -27 -28 34 -30 -31 47 -33 54 -35 50 -37 -38 -39 -40 -41 -42 -43 -44 -45 60 -47 -48 48 -50 -51 61 -53 -54 -55 -56 -57 -58 -59 -60 -61 -62 -63
leaf_value=-271.12502312320402 -8.6243319330687012 811.07832981418926 -15.997540772123486 151.48716285534758 180.56270587581213 87.411677439393799 -101.65173333195443 592.90007232363848 259.10678835282414 -7.1524853853876849 42.145434799949719 305.59283174118178 288.39254351625345 384.87751953124996 -77.9823360485764 343.94818110039887 28.376229112637752 -127.62729071434507 122.31178517239154 191.12377066115695 -29.618250687023824 41.815022956378741 181.37343569690034 -75.702118073674555 193.18724145372926 -165.24487520016496 292.04812086816634 -178.06097439595405 -73.182156449987531 194.81222762608292 -84.647921977796045 437.67070929276309 183.36343072880689 81.843492298955496 -127.03950690337963 -200.20332182320439 61.996157868525884 113.86036161177385 199.91283205542234 142.23984517745794 36.260985971245887 -76.768957414863522 -208.92631364536655 -19.475965926799368 -114.26452375197253 81.102030302249119 46.065586338398617 -45.806185987766412 52.94256502963529 -111.55896088471283 -190.13958007812496 -53.555188520072718 258.90081266983691 -46.584935456958533 124.30409384548075 -218.68470085493243 120.53814807854077 -61.371338224233305 -238.85898627755088 -68.821171485413899 -149.19743131587737 -147.77035074064048
leaf_weight=26 99 10.999999999999998 19 20 10.000000000000002 46 66 10 15.999999999999998 33 9.9999999999999982 10.000000000000002 9.9999999999999982 13.999999999999998 15.999999999999998 14 14.999999999999998 14.000000000000002 11.999999999999998 12.000000000000002 11.999999999999998 173 12.999999999999998 12.999999999999998 18 15.999999999999998 42 14.999999999999998 13.999999999999998 9.9999999999999982 17 17 18.000000000000004 15.999999999999998 18 18 25 24 9.9999999999999982 43 11.999999999999998 11.999999999999998 78 13.999999999999998 14.999999999999998 15.999999999999998 15.999999999999998 33 9.9999999999999982 10.999999999999998 29 9.9999999999999982 15.999999999999998 78 9.9999999999999982 72 9.9999999999999982 15.999999999999998 81 13.999999999999998 42 9.9999999999999982
leaf_count=26 99 11 19 20 10 46 66 10 16 33 10 10 10 14 16 14 15 14 12 12 12 173 13 13 18 16 42 15 14 10 17 17 18 16 18 18 25 24 10 43 12 12 78 14 15 16 16 33 10 11 29 10 16 78 10 72 10 16 81 14 42 10
internal_value=0.405541 110.51 -135.175 302.998 75.3383 47.465 -48.0847 565.269 213.416 97.0893 193.685 271.683 87.0264 240.628 -198.6 449.708 44.8192 13.6377 263.631 146.815 83.6918 23.2461 43.3073 33.5652 286.352 -71.4042 262.761 -214.36 3.98727 104.687 -65.2109 390.061 198.321 28.8354 -192.789 -141.447 22.7083 81.1386 122.9 114.032 99.4933 -8.19764 -231.037 -68.637 -126.705 120.412 -0.981862 -48.9976 -22.7717 -59.6048 -163.309 -97.1143 230.637 -53.4781 162.788 -211.893 151.3 -90.2981 -246.945 -95.9995 -140.221 -179.681
internal_weight=1620 894 726 138 756 612 306 35 103 248 144 71 45 96 420 24 121 364 86 127 32 326 199 186 74 261 60 329 72 49 245 27 44 35 144 91 58 39 99 89 48 127 185 38 73 36 115 149 43 106 57 24 28 95 28 87 20 96 107 80 57 39
internal_count=1620 894 726 138 756 612 306 35 103 248 144 71 45 96 420 24 121 364 86 127 32 326 199 186 74 261 60 329 72 49 245 27 44 35 144 91 58 39 99 89 48 127 185 38 73 36 115 149 43 106 57 24 28 95 28 87 20 96 107 80 57 39
is_linear=0
shrinkage=0.03


Tree=55
num_leaves=63
num_cat=0
split_feature=18 18 12 18 16 1 23 18 16 23 16 6 6 18 0 9 13 18 6 10 18 16 7 16 18 13 11 12 16 16 16 7 20 6 16 1 0 6 20 18 11 16 6 18 18 9 21 18 21 16 8 21 10 19 1 20 1 19 20 7 13 10
split_gain=2.52963e+10 6.74163e+09 3.82278e+09 3.59759e+09 2.25935e+09 1.58661e+09 1.28157e+09 7.37866e+08 6.95457e+08 6.59417e+08 5.77219e+08 5.47955e+08 5.46705e+08 4.67854e+08 4.57821e+08 3.86044e+08 2.87997e+08 2.40906e+08 2.31123e+08 3.05012e+08 2.16179e+08 2.48013e+08 2.08147e+08 2.33804e+08 2.2126e+08 1.90283e+08 1.58292e+08 1.4632e+08 2.4364e+08 1.39923e+08 1.3816e+08 1.36606e+08 1.31824e+08 1.29728e+08 1.08667e+08 1.01318e+08 1.24763e+08 1.00236e+08 1.21579e+08 1.0804e+08 9.63602e+07 9.03901e+07 8.00302e+07 7.90137e+07 7.72313e+07 7.05799e+07 7.06268e+07 6.58327e+07 5.78611e+07 4.29918e+07 4.2703e+07 7.26047e+07 4.15388e+07 3.93629e+07 3.90846e+07 3.46753e+07 3.26768e+07 3.24989e+07 2.95808e+07 2.9189e+07 2.90721e+07 2.90285e+07
threshold=43515.05000000001 73508.35000000002 1.0326530610178755 25887.350000000002 -1.0000000180025095e-35 42920.000000000007 82963.484615384616 108144.60000000002 -0.040941482945758438 56950.515384615392 0.0050761748317067487 1.0000000180025095e-35 1.0000000180025095e-35 58054.450000000004 57267.500000000007 -0.51639395938746191 1.1261261259281683 16098.500000000002 1.0000000180025095e-35 0.78574730703237883 79169.450000000012 0.0050505372572776661 -0.24999999999999997 0.0037543201186628354 58518.350000000006 0.92708333314018987 0.87850467273699395 1.1814593759708412 0.0049751551641986644 -0.075467952801286139 0.0050251573518178558 -0.93301270189221919 60379.850000000006 1.0000000180025095e-35 -1.0000000180025095e-35 34262.000000000007 56935.625000000007 1.0000000180025095e-35 73147.500000000015 88851.200000000012 0.94399999985264305 0.0050251573518178558 1.0000000180025095e-35 55231.500000000007 63299.650000000001 0.17992617227144045 62516.562500000007 46043.900000000009 42282.762500000004 0.05017507414820211 0.6830127018922193 56003.600000000006 0.5163939593874618 69122.050000000017 30529.000000000004 50331.950000000004 30529.000000000004 72962.300000000017 51897.150000000001 -0.24999999999999997 0.93069306912624761 -0.060268340127661524
decision_type=2 2 2 2 2 2 2 2 2 2 2 2 2 2 2 2 2 2 2 2 2 2 2 2 2 2 2 2 2 2 2 2 2 2 2 2 2 2 2 2 2 2 2 2 2 2 2 2 2 2 2 2 2 2 2 2 2 2 2 2 2 2
left_child=3 4 6 17 13 10 -3 16 11 18 26 48 22 29 -8 -13 20 42 19 30 -7 -22 -11 24 -24 41 60 28 44 50 47 -20 -25 55 -19 -33 -37 38 -12 -39 -9 52 54 -32 -14 46 -15 -6 -5 -36 51 -2 61 -41 -1 59 -44 -28 -57 -27 -4 -10
right_child=1 2 5 8 9 7 14 40 25 12 37 15 27 45 -16 -17 -18 34 31 -21 21 -23 23 32 -26 33 57 -29 -30 -31 43 35 -34 -35 49 36 -38 39 -40 53 -42 -43 56 -45 -46 -47 -48 -49 -50 -51 -52 -53 -54 -55 -56 58 -58 -59 -60 -61 -62 -63
leaf_value=-254.21562891843166 74.782522694102482 297.37233695046939 193.81265862542222 -89.916388815377488 -58.894031331716498 141.94499080133662 786.96518317145251 417.00868320528309 -89.390034747009935 122.13050052761288 -82.788284918058011 33.345892862943131 51.185568563757656 346.89998820389837 501.04809514226145 296.6745152720838 68.036222526613358 -98.611756762759214 -40.642911951482461 -179.85373098170501 287.87901897454719 142.3901018637799 2.8882020113285582 -149.03936446086016 89.142567610853291 -49.134543356824274 153.30854448219043 4.0617255748401995 230.82255634226698 197.36915980958099 -113.96700362931435 -0.15180457667300573 -22.504380872308996 33.546156418196119 -166.17648180745911 89.430353951999507 -22.877666091288415 22.65863760920481 61.060957394161747 147.6378250611283 313.2794518691457 -156.87925175853317 -218.44291407829346 -22.793679296228269 113.95557226208672 186.53676190350504 242.96130066876631 21.181120980109096 5.8543316748590755 -211.1599114967712 56.232055604354194 167.69513609541221 -126.42617620064509 76.447766304726926 -219.08304793112725 -6.9443977948653801 -180.8541100445776 88.059990234374993 -59.160232758602852 -92.448381895876196 266.3568219972567 -34.709816036739866
leaf_weight=48 17.000000000000004 17 11.000000000000002 13.000000000000002 11.999999999999998 21 11.000000000000002 18 46 15.999999999999998 10.000000000000002 10.000000000000002 25 10.000000000000002 10.999999999999998 9.9999999999999982 11.999999999999998 19 36 13.999999999999998 47 13.999999999999998 90 9.9999999999999982 38 20 21 11.999999999999998 13.999999999999998 17 20 55 28 12.999999999999998 87 34 11.999999999999998 24 10.999999999999998 13.000000000000002 19 27 37 14.999999999999998 62 10.999999999999998 19 39 9.9999999999999982 27 15.999999999999998 13.999999999999998 24 15.999999999999998 103 11.999999999999998 64 10.999999999999998 53 50 12.999999999999998 10.999999999999998
leaf_count=48 17 17 11 13 12 21 11 18 46 16 10 10 25 10 11 10 12 19 36 14 47 14 90 10 38 20 21 12 14 17 20 55 28 13 87 34 12 24 11 13 19 27 37 15 62 11 19 39 10 27 16 14 24 16 103 12 64 11 53 50 13 11
internal_value=0.399556 101.736 218.941 -138.265 46.4246 177.411 495.704 251.08 -60.1648 21.4099 103.04 51.379 51.3397 174.241 646.921 165.831 206.005 -198.889 -15.8504 -50.5025 226.088 254.776 19.1389 9.1444 28.5446 -78.9134 175.631 103.14 114.896 123.614 -29.2609 9.46151 -56.1069 -56.7539 -165.89 27.3431 60.1465 47.9428 -7.50626 69.8859 364.73 -109.2 -216.233 -75.0691 95.9977 254.734 279.871 2.26147 -48.4317 -177.006 96.5738 117.147 -93.1324 108.758 -230.412 -65.4679 -194.827 131.224 -49.5459 -80.1608 234.05 -78.917
internal_weight=1620 936 300 684 636 261 39 131 299 532 130 43 295 104 22 20 94 385 237 100 82 61 182 166 128 256 56 113 101 64 86 137 38 148 133 101 46 74 21 53 37 108 252 35 87 40 29 51 23 114 47 31 81 29 151 135 101 32 65 70 24 57
internal_count=1620 936 300 684 636 261 39 131 299 532 130 43 295 104 22 20 94 385 237 100 82 61 182 166 128 256 56 113 101 64 86 137 38 148 133 101 46 74 21 53 37 108 252 35 87 40 29 51 23 114 47 31 81 29 151 135 101 32 65 70 24 57
is_linear=0
shrinkage=0.03


Tree=56
num_leaves=63
num_cat=0
split_feature=21 21 21 6 17 5 0 0 16 6 12 13 17 20 10 21 12 7 12 0 7 21 16 6 8 1 16 3 6 13 19 9 20 17 21 24 6 15 10 16 3 20 15 20 19 7 16 19 8 16 22 20 20 21 12 20 20 9 12 24 0 21
split_gain=2.31891e+10 5.84358e+09 4.24384e+09 2.52873e+09 2.3997e+09 1.71187e+09 1.06993e+09 8.88393e+08 8.67032e+08 7.37419e+08 6.45345e+08 6.36571e+08 6.31782e+08 6.21149e+08 5.91531e+08 3.02489e+08 2.96617e+08 2.87667e+08 3.11163e+08 2.231e+08 2.23062e+08 2.41043e+08 2.17335e+08 1.98093e+08 1.62233e+08 1.58838e+08 1.4189e+08 1.40441e+08 1.31885e+08 1.42577e+08 1.31779e+08 1.29106e+08 1.28966e+08 1.27439e+08 1.24013e+08 1.19607e+08 1.06711e+08 8.60743e+07 7.72374e+07 7.27119e+07 6.80421e+07 6.77061e+07 6.73379e+07 6.69114e+07 6.68357e+07 6.59575e+07 5.7471e+07 5.47762e+07 5.39688e+07 5.24663e+07 5.14528e+07 5.13278e+07 4.96078e+07 4.8202e+07 4.37967e+07 3.9815e+07 3.96097e+07 3.73681e+07 5.41256e+07 3.70172e+07 3.66355e+07 3.49892e+07
threshold=47440.36250000001 84388.487500000003 30881.712500000005 1.0000000180025095e-35 0.075411471307569006 1.0000000180025095e-35 54574.05000000001 57366.875000000007 -1.0000000180025095e-35 1.0000000180025095e-35 1.1814593759708412 0.92888820113139203 0.07542285723351326 56519.30000000001 0.95297903005573359 16835.637500000004 1.0889795916093725 -0.93301270189221919 1.1789083555783397 42040.780000000006 -0.24999999999999997 64918.36250000001 0.0037543201186628354 1.0000000180025095e-35 0.93301270189221952 44070.000000000007 0.0050505372572776661 55386.875000000007 1.0000000180025095e-35 0.9212962960882336 52191.000000000007 -0.2393156642875576 72853.900000000009 0.0010234886395476695 42861.975000000013 41009.805000000008 1.0000000180025095e-35 -1213.1200000000024 0.61559370248597567 0.0051020740191197742 48720.000000000007 51897.150000000001 -2719.9999999999995 35397.900000000001 72962.300000000017 -0.24999999999999997 0.0037543201186628354 35545.650000000009 0.93301270189221952 1.0000000180025095e-35 17647.85286592336 36095.900000000009 27572.150000000005 95185.900000000023 1.1372222219125194 69122.050000000017 46176.650000000009 0.51639395938746258 0.87962115946635133 38478.575000000004 58601.875000000007 21787.125000000004
decision_type=2 2 2 2 2 2 2 2 2 2 2 2 2 2 2 2 2 2 2 2 2 2 2 2 2 2 2 2 2 2 2 2 2 2 2 2 2 2 2 2 2 2 2 2 2 2 2 2 2 2 2 2 2 2 2 2 2 2 2 2 2 2
left_child=2 3 15 13 7 10 -6 23 14 31 11 -5 -7 22 34 36 19 41 -19 37 30 26 54 -3 -24 -11 38 -21 35 52 -15 -9 46 48 51 -10 59 -14 -22 -27 -38 -13 -8 -12 -34 -37 -23 -47 61 -31 -25 -4 -30 -33 -2 -28 -49 58 -35 -1 -32 -17
right_child=1 4 8 5 6 12 42 9 28 25 43 17 16 20 -16 33 -18 18 -20 27 21 32 24 50 -26 39 55 -29 29 49 60 53 44 57 -36 45 40 -39 -40 -41 -42 -43 -44 -45 -46 47 -48 56 -50 -51 -52 -53 -54 -55 -56 -57 -58 -59 -60 -61 -62 -63
leaf_value=-245.66149063871882 20.03328855034049 -31.384616537566234 19.036310176282818 -27.472941280801354 267.78231623469162 450.21380221225246 707.28437190594036 86.659756321262662 -133.16613326554446 419.13078334628602 -52.843018896670742 25.526352371618568 90.970716075330643 39.19713352583031 245.46194997539956 -175.04947884167859 120.96275023501575 135.0225586076312 307.8931193920173 327.27371806404801 16.983020908736744 44.312841266614818 -77.767442150115969 84.084759385290212 -219.00987885782533 345.60229589098276 -116.07003388775279 214.04844004206629 -119.83313274793389 -12.571942912374787 104.49192902517787 166.80845783494271 28.887523334831588 -121.54265287358707 80.933896016871685 -34.451006617330883 -199.57784285640608 211.47029962713066 -43.701000654924947 231.50883697207607 -147.06527200003649 106.12606657116619 565.64060063428212 21.378037053510752 103.62106378247975 -121.11398994273188 -27.794912873157482 -98.842301464148676 -225.28497049534573 64.003971537440279 175.08812958588473 -71.063231247763596 -47.174980657518525 242.5985049170778 -49.849676392180086 -34.685671750814606 -56.494207415359433 -151.98753872408724 -32.363891618058481 -212.17902457559916 187.88601707534033 -136.63095039799526
leaf_weight=54 12.999999999999998 9.9999999999999982 10.000000000000002 27 11.000000000000002 9.9999999999999982 10.000000000000002 10.999999999999998 29 19 12.999999999999998 25 10.000000000000002 21 12.999999999999998 61 30 145 9.9999999999999982 23 87 22 19 12.000000000000002 12.000000000000002 13 12.000000000000002 19 11.999999999999998 24 10.000000000000002 15.999999999999998 14.999999999999998 14.000000000000002 13.999999999999998 42 87 11.999999999999998 24 10 32 14.999999999999998 9.9999999999999982 66 39 22 18 28 13.999999999999998 11.999999999999998 10.999999999999998 12.999999999999998 29 17 21 9.9999999999999982 71 9.9999999999999982 10.999999999999998 93 9.9999999999999982 37
leaf_count=54 13 10 10 27 11 10 10 11 29 19 13 25 10 21 13 61 30 145 10 23 87 22 19 12 12 13 12 19 12 24 10 16 15 14 14 42 87 12 24 10 32 15 10 66 39 22 18 28 14 12 11 13 29 17 21 10 71 10 11 93 10 37
internal_value=0.394208 103.441 -124.61 68.7247 274.083 119.07 508.969 212.518 -42.3993 263.264 82.7667 108.961 223.959 7.47695 72.2168 -188.084 199.436 127.856 146.367 235.974 27.6589 16.0073 -75.6494 79.8767 -132.97 353.231 -9.98309 276.683 -63.7223 -30.4969 91.9728 176.78 52.7525 -153.291 10.8492 -77.0243 -207.246 157.357 3.8346 297.214 -185.592 55.9406 639.629 9.11304 82.9536 -66.9603 11.8759 -78.2067 -168.966 13.0599 128.178 -31.9766 -68.6807 206.467 -23.1492 -79.4016 -68.5591 -102.794 -82.5894 -224.637 146.916 -160.699
internal_weight=1620 888 732 738 150 405 31 119 319 86 301 222 104 333 50 413 94 195 155 64 268 227 65 33 31 42 133 42 269 77 41 44 94 147 37 192 266 22 111 23 119 40 20 79 54 163 40 121 112 36 23 23 41 33 34 22 99 35 25 147 20 98
internal_count=1620 888 732 738 150 405 31 119 319 86 301 222 104 333 50 413 94 195 155 64 268 227 65 33 31 42 133 42 269 77 41 44 94 147 37 192 266 22 111 23 119 40 20 79 54 163 40 121 112 36 23 23 41 33 34 22 99 35 25 147 20 98
is_linear=0
shrinkage=0.03


Tree=57
num_leaves=63
num_cat=0
split_feature=18 18 12 18 5 24 11 12 18 18 17 20 11 8 6 24 14 20 17 6 18 12 6 13 13 18 17 27 18 24 18 6 14 20 22 20 6 14 14 7 0 11 6 10 11 17 7 20 14 18 0 14 2 7 2 20 0 13 24 20 14 0
split_gain=2.24241e+10 5.98174e+09 3.41124e+09 3.18274e+09 1.60054e+09 1.28569e+09 9.02817e+08 7.5171e+08 7.31799e+08 5.36036e+08 4.54419e+08 5.96617e+08 4.19521e+08 4.00556e+08 3.27258e+08 3.15857e+08 2.97636e+08 2.91938e+08 2.4152e+08 2.24691e+08 2.13525e+08 1.65761e+08 1.8329e+08 1.61961e+08 1.56307e+08 1.55483e+08 1.51349e+08 1.38029e+08 1.27183e+08 1.24333e+08 1.24301e+08 1.12938e+08 1.84414e+08 1.18745e+08 1.0583e+08 8.63225e+07 8.17875e+07 8.14433e+07 7.31411e+07 7.24504e+07 6.54365e+07 6.41631e+07 5.50102e+07 5.45838e+07 6.26898e+07 5.34615e+07 5.26162e+07 4.67678e+07 4.05707e+07 3.97702e+07 3.6139e+07 3.52814e+07 3.41769e+07 3.2814e+07 3.229e+07 3.13596e+07 3.08347e+07 3.07721e+07 2.9007e+07 2.78559e+07 2.75553e+07 2.70314e+07
threshold=43515.05000000001 73508.35000000002 1.0326530610178755 25887.350000000002 1.0000000180025095e-35 52630.625000000007 0.86847236498567792 1.0267857140995378 108144.60000000002 55728.200000000004 0.061650782740210804 51897.150000000001 0.87850467273699395 0.93301270189221952 1.0000000180025095e-35 42488.510000000002 0.24565756818860149 40922.250000000007 0.07547911546421833 1.0000000180025095e-35 16098.500000000002 1.1814593759708412 1.0000000180025095e-35 1.1261261259281683 0.92708333314018987 85153.35000000002 0.0799999999828752 1.0000000180025095e-35 55071.80000000001 45088.135000000002 37927.400000000009 1.0000000180025095e-35 0.25307125301684774 52166.900000000009 28292.719272132705 73147.500000000015 1.0000000180025095e-35 0.22250639380619752 0.20948616596859607 -0.24999999999999997 45782.500000000007 0.84848484835818938 1.0000000180025095e-35 1.0000000180025095e-35 0.87254901943760521 0.0010234886395476695 -0.93301270189221919 36095.900000000009 0.2506329113478229 61129.650000000009 39701.55000000001 0.24938271599550557 49444.625000000007 0.93301270189221952 51256.875000000007 50331.950000000004 41009.805000000008 0.92708333313624813 39578.750000000007 51897.150000000001 0.25185208217922356 39341.225000000006
decision_type=2 2 2 2 2 2 2 2 2 2 2 2 2 2 2 2 2 2 2 2 2 2 2 2 2 2 2 2 2 2 2 2 2 2 2 2 2 2 2 2 2 2 2 2 2 2 2 2 2 2 2 2 2 2 2 2 2 2 2 2 2 2
left_child=3 4 6 20 9 12 -3 -8 16 29 24 30 37 15 26 57 -7 47 -19 35 38 22 -17 25 41 -18 -6 51 -20 43 52 33 -33 -31 48 -14 55 -4 54 -35 -29 -5 56 44 -2 53 -34 -16 -10 -23 -47 -21 -12 -22 -1 -26 61 -11 -40 -57 -45 -43
right_child=1 2 5 10 14 8 7 -9 34 13 11 -13 19 -15 17 21 23 18 28 27 45 49 -24 -25 36 -27 -28 40 -30 31 -32 32 46 39 -36 -37 -38 -39 58 -41 -42 42 -44 60 -46 50 -48 -49 -50 -51 -52 -53 -54 -55 -56 59 -58 -59 -60 -61 -62 -63
leaf_value=-192.27282647595433 -125.23782622466216 271.79622778060588 248.70979902194645 -163.12948304521274 -27.975323255384279 311.12544870136588 778.68401802289577 436.27341204207465 358.50741949957762 -66.247787244642097 -31.119322379903583 208.05950423406173 -87.451261814230719 -109.49108368618798 48.994208705681409 52.997402475835443 140.1009941362542 349.04018039816674 100.14802098802298 77.939963015490804 -173.10873877657639 41.610090694942976 112.05119403127503 62.901713123163901 -75.636337909780124 227.46257388973501 112.90926354508372 57.698121842488213 214.61801348824784 -110.79371040570855 49.301398517829334 154.45584046316617 -32.814973178888792 45.305533402732053 430.67991065903465 36.633522550375154 14.417619271785654 148.09464283052725 -228.32708323024517 -15.244365635106645 147.10503705908687 -109.84311148459078 -58.707962889756168 14.148016200818512 -41.522778081798869 -168.01744643409648 32.904173806587657 130.21209529795547 274.74784924240583 -35.57094595173843 -97.487259816535826 13.134416790535434 -96.515237913826439 -118.07238450736054 -148.37688496015934 -5.1992215016262593 -87.207428537066122 -4.9533083476416122 -201.93244146786279 -55.85516058840993 -38.978299331243527 -173.2861674272896
leaf_weight=50 10.999999999999998 13.999999999999998 13.000000000000002 13.999999999999998 11.000000000000002 14.999999999999998 10.000000000000002 14.999999999999998 11.000000000000002 10.999999999999998 14.000000000000002 11.999999999999998 10.000000000000002 12.999999999999998 12.000000000000002 92 39 9.9999999999999982 11.999999999999998 13.000000000000002 90 11.000000000000002 98 11.999999999999998 70 36 18 9.9999999999999982 35 9.9999999999999982 11.999999999999998 9.9999999999999982 14.999999999999998 22 9.9999999999999982 9.9999999999999982 13.999999999999998 18 82 91 30 18.000000000000004 28 17 30 10.000000000000002 40 13.999999999999998 15.999999999999998 12.999999999999998 21 18 14.999999999999998 11.999999999999998 25 11.999999999999998 27 22 95 53 18 9.9999999999999982
leaf_count=50 11 14 13 14 11 15 10 15 11 11 14 12 10 13 12 92 39 10 12 13 90 11 98 12 70 36 18 10 35 10 12 10 15 22 10 10 14 18 82 91 30 18 28 17 30 10 40 14 16 13 21 18 15 12 25 12 27 22 95 53 18 10
internal_value=0.388373 95.7983 206.2 -130.167 43.6976 166.97 467.641 575.794 229.34 21.6827 -56.7076 22.936 95.7799 52.2492 146.585 60.8027 187.546 176.884 214.89 63.1845 -187.189 74.1204 83.4997 165.907 -73.8689 182.282 59.5577 88.1768 185.666 -8.4291 -31.6208 4.66468 36.6199 -12.2382 343.74 -25.5351 -54.5113 190.952 -203.517 -3.42623 124.953 -103.517 -93.2777 -40.7826 -64.2331 -156.121 14.9537 93.0584 310.069 -0.170306 -120.706 40.4743 -65.1603 -166.756 -177.858 -61.6649 -110.738 -25.5233 -214.283 -46.5257 -13.2072 -133.037
internal_weight=1620 936 300 684 636 261 39 25 139 524 299 53 122 260 112 247 102 83 57 91 385 214 190 87 246 75 29 71 47 264 41 188 65 123 37 20 149 31 252 113 40 97 83 76 41 133 55 26 27 24 31 31 29 102 75 135 55 33 177 65 35 28
internal_count=1620 936 300 684 636 261 39 25 139 524 299 53 122 260 112 247 102 83 57 91 385 214 190 87 246 75 29 71 47 264 41 188 65 123 37 20 149 31 252 113 40 97 83 76 41 133 55 26 27 24 31 31 29 102 75 135 55 33 177 65 35 28
is_linear=0
shrinkage=0.03


Tree=58
num_leaves=63
num_cat=0
split_feature=23 6 23 25 15 14 1 27 23 22 6 8 23 1 16 23 5 14 11 4 22 11 7 22 11 7 23 6 10 1 15 6 17 8 15 23 22 7 23 11 7 23 15 19 15 14 1 7 7 14 22 16 9 23 7 23 14 14 23 11 1 7
split_gain=2.05979e+10 5.97857e+09 4.97976e+09 3.10428e+09 2.04646e+09 2.03568e+09 1.41734e+09 7.24307e+08 5.73612e+08 5.38577e+08 4.86315e+08 4.78345e+08 3.83179e+08 2.9181e+08 2.63789e+08 2.61961e+08 2.58323e+08 2.31728e+08 2.14522e+08 1.9339e+08 1.88561e+08 1.78675e+08 2.02549e+08 2.31873e+08 1.67062e+08 1.51017e+08 1.46618e+08 1.45182e+08 1.35065e+08 1.34764e+08 1.30472e+08 1.23636e+08 1.2315e+08 1.16953e+08 1.00004e+08 9.97347e+07 9.78076e+07 8.18368e+07 1.40985e+08 7.91513e+07 7.0751e+07 6.17564e+07 5.92503e+07 5.737e+07 5.47536e+07 5.45819e+07 4.95731e+07 5.00812e+07 4.86921e+07 4.7938e+07 4.74063e+07 4.1739e+07 3.84835e+07 3.70893e+07 3.63389e+07 3.53297e+07 3.42889e+07 2.97489e+07 2.72052e+07 2.48973e+07 2.47269e+07 2.36025e+07
threshold=46586.150000000009 1.0000000180025095e-35 83682.400000000009 1.0000000180025095e-35 -2562.4999999999995 0.21850899737433024 42920.000000000007 1.0000000180025095e-35 61188.596153846163 1644.4962698710331 1.0000000180025095e-35 0.93301270189221952 86813.665384615393 41020.000000000007 0.0037543201186628354 57199.780769230776 1.0000000180025095e-35 0.24938271598645248 0.88714733527913558 55470.625000000007 19630.93091376514 0.9438202245111641 -0.93301270189221919 5019.7633581603322 0.88636363622589454 1.0000000180025095e-35 52462.246153846158 1.0000000180025095e-35 -0.51639395938746235 30945.000000000004 2356.6666666666683 1.0000000180025095e-35 0.07542285723351326 0.25000000000000017 1697.1666666666681 61995.976923076931 12297.767492873811 0.68301270189221941 85769.303846153853 1.0559999998318796 1.0000000180025095e-35 69833.950000000012 6829.583333333333 60667.400000000009 -8922.904999999997 0.23425692689183655 31500.000000000004 -0.93301270189221919 -0.24999999999999997 0.22580645156888937 7641.0798420496303 0.0050251573518178558 0.17992617227144045 42346.392307692317 -0.93301270189221919 41269.757692307692 0.2133517592883212 0.2342569268975227 54725.273076923077 0.86899563299611826 31500.000000000004 0.68301270189221941
decision_type=2 2 2 2 2 2 2 2 2 2 2 2 2 2 2 2 2 2 2 2 2 2 2 2 2 2 2 2 2 2 2 2 2 2 2 2 2 2 2 2 2 2 2 2 2 2 2 2 2 2 2 2 2 2 2 2 2 2 2 2 2 2
left_child=3 6 5 10 -4 9 11 19 17 -3 29 15 -6 31 35 25 46 34 57 42 26 24 -23 -24 50 -2 -11 61 -19 59 33 56 -18 -14 -7 -13 -28 38 -9 -30 55 -16 -8 52 -33 -42 -12 -48 -21 -29 -10 58 -20 -49 -26 -31 -5 -17 -27 -1 -34 -15
right_child=1 2 4 13 12 8 7 37 21 20 16 14 30 27 41 18 32 28 43 48 -22 22 23 -25 54 51 36 49 39 40 -32 44 60 -35 -36 -37 -38 -39 -40 -41 45 -43 -44 -45 -46 -47 47 53 -50 -51 -52 -53 -54 -55 -56 -57 -58 -59 -60 -61 -62 -63
leaf_value=-107.34472376872583 50.670393261825829 465.91992651608905 673.93449305075967 -193.48080836572018 143.0268839408256 56.326769949228975 102.21064792561752 244.72160011085302 222.81421991027216 103.19108794863862 -58.573455170691908 -93.337903678255714 318.42472074468077 -184.43275300002162 -213.5104826156965 126.17064609594507 155.54157233965279 103.3279038290453 30.715723059625908 43.236330985031508 351.79633286277846 72.323493566680369 292.59184977752477 155.97554873121015 25.55990641678914 -41.299074801527297 276.98253551136361 -75.919120936883928 -20.095730026277721 -53.548398068541495 265.79086415392288 -131.89085116564988 -5.3028200340270981 451.32297665195603 146.54988281249996 -12.245801532529912 191.18558249259758 236.71851930852517 115.11079361265872 35.80534957252889 -22.87723075866699 -112.26042654509592 23.835238385161091 27.027521787149652 -181.97180572832048 -96.431216529944905 -50.239833685943431 -14.315953689490888 -34.35330507168824 -135.66782714843748 131.72212543582128 -74.719611676084256 -37.288979770621069 53.545697452765857 87.792895965313534 2.4905530179257429 -224.76666552681931 64.983268670234978 8.1841063343394893 -154.51893006441884 55.468872827062548 -138.82987398917211
leaf_weight=29 17 9.9999999999999982 18 59 10.999999999999998 19 32 10.999999999999998 10.000000000000002 9.9999999999999982 33 25 14 36 13.000000000000002 17.000000000000004 9.9999999999999982 19 9.9999999999999982 9.9999999999999982 9.9999999999999982 17 14.999999999999998 46 9.9999999999999982 59 23 32 35 31 13.999999999999998 25 10.000000000000002 13 27 30 28 17 25 65 10.999999999999998 9.9999999999999982 11.999999999999998 59 123 54 18 18.000000000000004 26 20 11.999999999999998 31 29 11.999999999999998 58 14.999999999999998 93 12.999999999999998 11.999999999999998 17 14.999999999999998 17
leaf_count=29 17 10 18 59 11 19 32 11 10 10 33 25 14 36 13 17 10 19 10 10 10 17 15 46 10 59 23 32 35 31 14 25 10 13 27 30 28 17 25 65 11 10 12 59 123 54 18 18 26 20 12 31 29 12 58 15 93 13 12 17 15 17
internal_value=0.381949 91.132 164.64 -125.699 398.511 125.01 13.4316 95.8905 92.1496 259.825 -47.488 -20.3323 302.061 -178.395 -85.0475 0.130259 -0.898767 52.3712 29.9083 38.8194 230.183 131.163 164.473 189.994 102.144 -31.8981 209.703 -135.071 30.2194 -81.8881 344.277 -193.508 67.0938 383.842 109.487 -49.2084 230.345 181.8 155.282 16.2394 -63.8939 -170.165 80.9381 8.38375 -173.607 -84.0379 -30.3248 -10.8224 -12.7405 -99.1157 173.949 -45.6957 -19.8178 12.9163 78.692 -35.309 -212.758 99.9602 -32.9359 -125.076 31.2358 -170.094
internal_weight=1620 942 484 678 70 414 458 133 333 81 273 325 52 405 78 247 116 165 128 80 71 168 78 61 90 119 61 105 119 157 41 300 35 27 46 55 51 53 36 100 111 23 44 98 148 65 81 48 36 52 22 102 39 30 68 46 152 30 71 46 25 53
internal_count=1620 942 484 678 70 414 458 133 333 81 273 325 52 405 78 247 116 165 128 80 71 168 78 61 90 119 61 105 119 157 41 300 35 27 46 55 51 53 36 100 111 23 44 98 148 65 81 48 36 52 22 102 39 30 68 46 152 30 71 46 25 53
is_linear=0
shrinkage=0.03


Tree=59
num_leaves=63
num_cat=0
split_feature=18 18 12 23 16 1 23 6 23 17 23 8 16 6 0 18 19 1 6 7 7 16 18 9 17 11 3 11 22 16 16 6 7 22 20 6 12 17 6 6 8 9 19 22 18 23 18 16 15 8 23 13 4 8 23 22 18 7 19 18 16 1
split_gain=1.98449e+10 5.31269e+09 3.02392e+09 2.83057e+09 1.79494e+09 1.27556e+09 1.03539e+09 5.93468e+08 7.82098e+08 5.78848e+08 5.25829e+08 5.16305e+08 4.68726e+08 4.20822e+08 3.93781e+08 3.73194e+08 2.51499e+08 2.23781e+08 1.87222e+08 2.03535e+08 1.75711e+08 1.99486e+08 1.86326e+08 1.59562e+08 1.44005e+08 1.42573e+08 1.31511e+08 1.30677e+08 1.27897e+08 1.87891e+08 1.21181e+08 1.1634e+08 1.1552e+08 1.2066e+08 1.08487e+08 1.0494e+08 1.0311e+08 9.49218e+07 9.48427e+07 9.22546e+07 9.01882e+07 8.9891e+07 8.84399e+07 8.30953e+07 9.48112e+07 6.11766e+07 5.54836e+07 5.53239e+07 5.14919e+07 4.83668e+07 5.31001e+07 4.62421e+07 4.60132e+07 4.15864e+07 4.14011e+07 4.04237e+07 4.01037e+07 3.9072e+07 3.6067e+07 3.39083e+07 3.00122e+07 2.99463e+07
threshold=43515.05000000001 73508.35000000002 1.0326530610178755 26535.988461538465 -1.0000000180025095e-35 42920.000000000007 82963.484615384616 1.0000000180025095e-35 78473.150000000009 0.061650782740210804 56950.515384615392 0.6830127018922193 0.0050761748317067487 1.0000000180025095e-35 57267.500000000007 58054.450000000004 86836.700000000012 41020.000000000007 1.0000000180025095e-35 -0.24999999999999997 -0.24999999999999997 0.0037543201186628354 59967.100000000006 -0.2393156642875576 0.075434243158852596 0.87129070775178363 57426.875000000007 0.87850467273699395 4561.9533300010216 0.0049140049140049555 0.0037543201186628354 1.0000000180025095e-35 -0.93301270189221919 2093.8876452736126 60379.850000000006 1.0000000180025095e-35 1.1814593759708412 0.079999999981887865 1.0000000180025095e-35 1.0000000180025095e-35 -0.68301270189221952 0.35460488704253579 102926.25000000001 15109.288661150951 84370.60000000002 98090.592307692321 63299.650000000001 0.088483499821170555 -8922.904999999997 0.6830127018922193 47531.580769230779 0.89830508459426428 45715.625000000007 0.93301270189221952 48003.311538461545 15476.735992566928 34717.450000000004 0.25000000000000011 59333.55000000001 47020.000000000007 0.0050251573518178558 34262.000000000007
decision_type=2 2 2 2 2 2 2 2 2 2 2 2 2 2 2 2 2 2 2 2 2 2 2 2 2 2 2 2 2 2 2 2 2 2 2 2 2 2 2 2 2 2 2 2 2 2 2 2 2 2 2 2 2 2 2 2 2 2 2 2 2 2
left_child=3 4 6 17 15 12 -3 23 26 25 18 40 27 20 -8 24 -10 31 19 54 -12 22 -22 -7 -2 39 -9 -4 29 -15 59 -1 -20 -34 -23 56 46 -17 -19 53 -11 -32 57 47 -45 -18 -30 -14 -33 50 -26 -40 -46 -5 -6 -29 -27 -25 -39 -21 -58 -35
right_child=1 2 5 9 10 7 14 8 16 11 13 -13 43 28 -16 37 45 38 32 30 21 34 -24 42 49 35 -28 55 36 -31 41 48 33 61 -36 -37 -38 58 51 -41 -42 -43 -44 44 52 -47 -48 -49 -50 -51 -52 -53 -54 -55 -56 -57 60 -59 -60 -61 -62 -63
leaf_value=-206.38353429910936 203.23593380762523 262.11695327491088 209.03247781460709 -115.41403420888703 -25.57622652743725 46.016353974213473 705.74334512246594 230.37337901013956 494.22661935334156 -77.320901835673567 111.83799157184103 237.53548806369892 32.825102816495026 79.360462704653244 441.52220823545707 308.21928498220916 250.60998975092824 -161.88291518525449 -37.830267887881583 -52.610413218096255 6.3255889584823297 -136.55251602626083 92.684290437993297 180.33388269372881 57.985881126345568 -86.991987270700392 105.24972497772751 138.42662261824802 46.954563341576034 229.42347555611872 -175.02025298063421 -127.94989010753859 94.873766425538449 -5.2711033566412091 -21.754766487040129 18.331640394696535 -14.222072143554685 247.10441415918925 -80.938272742121157 -64.893403656918352 27.49391105323895 -78.41846681256159 223.55503801435697 -9.770686041199335 122.98099489126628 346.32717651873702 103.31769463994699 -48.671731913798567 -176.51708685297777 44.027645657936233 134.4963950892857 -153.11846191406249 43.612359878993267 -184.96891588365708 41.496213882218541 64.665092123805891 -48.147641603044619 104.24695680833021 173.51834767811332 21.887951904901183 -100.21732600031673 31.507243984256984
leaf_weight=152 11.999999999999998 17 24 30 13.999999999999998 10.999999999999998 11.000000000000002 14.000000000000002 9.9999999999999982 10.999999999999998 15.999999999999998 9.9999999999999982 23 18 10.999999999999998 9.9999999999999982 9.9999999999999982 50 36 12.000000000000002 99 9.9999999999999982 29 11.000000000000002 12.999999999999998 43 17 22 24 13.000000000000002 11.999999999999998 25 18 50 28 15.999999999999998 10.999999999999998 10.000000000000002 31 30 22 32 19 9.9999999999999982 20.000000000000004 24 47 10.999999999999998 123 15.999999999999998 23 10.999999999999998 9.9999999999999982 10.999999999999998 20 9.9999999999999982 108 14.999999999999998 20 9.9999999999999982 10.999999999999998 33
leaf_count=152 12 17 24 30 14 11 11 14 10 11 16 10 23 18 11 10 10 50 36 12 99 10 29 11 13 43 17 22 24 13 12 25 18 50 28 16 11 10 31 30 22 32 19 10 20 24 47 11 123 16 23 11 10 11 20 10 108 15 20 10 11 33
internal_value=0.376867 90.1322 194.177 -122.441 41.0317 157.241 440.329 223.295 278.527 -51.7061 18.7357 49.8483 90.5593 45.4624 576.229 154.957 359.849 -175.106 -14.5369 -45.7248 17.2108 8.02821 25.9483 148.958 109.742 -69.2566 162.316 155.972 90.9096 142.826 -76.4069 -187.71 8.24469 24.6887 -52.2439 -54.8646 71.1328 226.845 -133.845 -105.21 -7.57231 -105.102 173.963 40.9139 70.1676 318.993 84.3582 6.39298 -168.405 87.8183 107.105 -100.161 96.7577 -134.48 13.884 115.649 -62.1008 137.005 198.787 -18.8016 -53.0409 9.3719
internal_weight=1620 936 300 684 636 261 39 131 75 292 532 43 130 295 22 104 44 392 237 100 182 166 128 56 64 249 31 56 113 31 66 300 137 101 38 178 82 40 92 71 33 44 45 74 40 34 71 34 148 52 36 42 30 41 34 32 162 26 30 22 119 83
internal_count=1620 936 300 684 636 261 39 131 75 292 532 43 130 295 22 104 44 392 237 100 182 166 128 56 64 249 31 56 113 31 66 300 137 101 38 178 82 40 92 71 33 44 45 74 40 34 71 34 148 52 36 42 30 41 34 32 162 26 30 22 119 83
is_linear=0
shrinkage=0.03


Tree=60
num_leaves=63
num_cat=0
split_feature=18 18 12 23 16 1 23 14 18 18 7 16 16 18 0 8 14 14 18 13 23 11 16 16 16 14 17 11 16 22 16 17 8 11 14 18 0 16 22 18 9 8 22 22 20 10 23 1 8 13 7 13 20 7 10 22 7 3 18 7 3 14
split_gain=1.86791e+10 5.33566e+09 2.84685e+09 2.23816e+09 1.76627e+09 1.20079e+09 9.74908e+08 6.27791e+08 5.67047e+08 5.46286e+08 4.86151e+08 4.86107e+08 4.41153e+08 3.75999e+08 3.70715e+08 3.69715e+08 2.85035e+08 2.14188e+08 1.80399e+08 1.51829e+08 1.4185e+08 1.22973e+08 1.18844e+08 1.17792e+08 1.51048e+08 1.17503e+08 1.13817e+08 1.02265e+08 1.01639e+08 9.40161e+07 1.20925e+08 8.93978e+07 8.67024e+07 7.88157e+07 7.8415e+07 7.59118e+07 6.43375e+07 5.77275e+07 5.26532e+07 5.02168e+07 4.16235e+07 4.07725e+07 3.879e+07 3.80337e+07 3.60587e+07 3.49823e+07 5.18815e+07 2.89055e+07 2.6453e+07 2.22032e+07 2.07388e+07 2.01752e+07 1.82293e+07 1.77263e+07 1.7604e+07 1.75735e+07 1.66642e+07 1.65616e+07 1.64925e+07 1.62134e+07 1.60067e+07 1.5955e+07
threshold=41667.000000000007 73508.35000000002 1.0326530610178755 26535.988461538465 -1.0000000180025095e-35 42920.000000000007 82963.484615384616 0.19866036904789269 55071.80000000001 108144.60000000002 0.25000000000000011 0.05017507414820211 0.0050761748317067487 58054.450000000004 57267.500000000007 0.93301270189221952 0.24938271600328019 0.20948616596859607 63299.650000000001 1.1261261259281683 15753.146153846155 0.87850467273699395 0.05017507414820211 0.0051020740191197742 0.0050505372572776661 0.26184538648778616 0.075434243158852596 0.87129070775178363 0.0049140049140049555 28292.719272132705 0.0050761748317067487 0.079999999981887865 0.93301270189221952 1.0559999998335361 0.276283618527008 88851.200000000012 44801.625000000007 0.088483499821170555 18141.490044905473 38442.000000000007 0.17992617227144045 -0.68301270189221952 2926.6672130974471 15476.735992566928 73147.500000000015 0.8542199457734333 47531.580769230779 30529.000000000004 0.93301270189221952 0.93069306912624761 -0.24999999999999997 1.0714220765348184 51021.950000000004 -0.6830127018922193 0.91023613416931248 2042.1757296883375 -0.24999999999999997 46005.625000000007 63299.650000000001 0.68301270189221941 45107.500000000007 0.145767166759142
decision_type=2 2 2 2 2 2 2 2 2 2 2 2 2 2 2 2 2 2 2 2 2 2 2 2 2 2 2 2 2 2 2 2 2 2 2 2 2 2 2 2 2 2 2 2 2 2 2 2 2 2 2 2 2 2 2 2 2 2 2 2 2 2
left_child=3 4 6 17 13 12 -3 10 22 16 -5 15 21 26 -8 18 -7 20 42 25 47 49 23 24 28 -18 -2 32 -6 30 -11 -15 41 -20 35 44 50 57 -37 56 55 -9 -10 51 -14 46 -28 -1 -38 -4 -19 -23 -33 -48 -22 -41 -29 58 -13 -52 -58 -49
right_child=1 2 5 7 8 9 14 27 11 29 -12 37 34 31 -16 -17 19 36 33 -21 54 43 -24 -25 -26 -27 45 39 -30 -31 -32 52 -34 -35 -36 38 48 -39 -40 40 -42 -43 -44 -45 -46 -47 53 61 -50 -51 59 -53 -54 -55 -56 -57 60 -59 -60 -61 -62 -63
leaf_value=-192.40902187743126 180.55279730614194 254.2994291446083 167.68140796558271 -34.8748074094405 -15.335371102476488 293.30884868740287 684.76179687499985 -119.0719845145089 76.838077535382922 340.44246190759509 211.40802324105763 -39.021514366829734 -3.8041439252124398 299.06425810256803 428.3958765968116 -114.54149573599938 124.22690026469924 -186.9727897491664 89.515882296587549 55.086935584958923 -109.07154476029855 100.87287626663053 -91.514647752192971 85.758916056864976 -117.53259987571022 206.20938310277739 50.706228947923677 -47.291375292737335 49.561543883011048 396.13674272896043 208.57682736231274 221.71230267473751 -179.4698389991554 168.6000687134721 -21.442346142901489 57.888543790647482 -160.98208355944138 -104.66168030389466 140.72465648754221 25.221065214553672 -57.432419527713385 -67.77397106900689 35.782515399154363 62.744347120228383 66.328466573280863 36.235816188502952 148.51682112764726 -114.51896687422649 -207.81529899434838 230.98570401956107 -221.03599355929558 161.07832569973527 169.63741793448463 98.981036976596712 -63.588083024733137 -27.444366751517958 -64.154359772430951 -50.085823559050866 10.516994200447536 -185.05281249999999 -92.236864704635906 -158.59652064121335
leaf_weight=24 13.999999999999998 17 11.000000000000002 16.000000000000004 220 15.999999999999998 11.000000000000002 23 27 15.000000000000002 12.999999999999998 10.000000000000002 19.000000000000004 9.9999999999999982 10.999999999999998 9.9999999999999982 28 73 94 11.999999999999998 42 10.000000000000002 17 10.999999999999998 11.999999999999998 38 14.999999999999998 21 24 9.9999999999999982 11.999999999999998 13.000000000000002 10.999999999999998 12.999999999999998 14.999999999999998 19.000000000000004 87 9.9999999999999982 10.999999999999998 10.000000000000002 32 37 90 9.9999999999999982 9.9999999999999982 10.999999999999998 11.999999999999995 9.9999999999999982 13.999999999999998 12.999999999999998 55 11.999999999999998 17 17.000000000000007 9.9999999999999982 12.999999999999998 39 13.999999999999998 14.999999999999998 20 37 57
leaf_count=24 14 17 11 16 220 16 11 23 27 15 13 10 19 10 11 10 28 73 94 12 42 10 17 11 12 38 15 21 24 10 12 13 11 13 15 19 87 10 11 10 32 37 90 10 10 11 12 10 14 13 55 12 17 17 10 13 39 14 15 20 37 57
internal_value=0.373197 83.1188 188.391 -125.023 36.3793 152.553 427.227 -55.2392 15.1066 216.641 75.8748 45.1535 87.8552 146.921 559.097 63.1421 177.855 -169.859 71.122 153.827 -140.347 151.315 -14.8399 -9.92549 -14.0688 171.67 104.245 -72.3162 -8.93437 314.433 282.822 220.094 -102.069 99.2727 39.6922 55.2449 -186.745 -40.7048 88.6285 -58.3606 -35.3606 -87.6037 45.3144 112.199 20.5242 84.5285 96.492 -163.003 -167.673 202.788 -199.638 134.293 192.865 119.919 -100.464 -4.53617 -71.352 -24.0798 -9.37481 -211.7 -77.9294 -152.198
internal_weight=1620 976 300 644 676 261 39 252 567 131 29 283 130 109 22 234 94 392 224 78 143 56 284 267 256 66 69 223 244 37 27 40 71 107 74 59 249 49 30 152 55 60 117 32 29 55 44 91 101 24 148 22 30 29 52 23 97 39 25 75 76 67
internal_count=1620 976 300 644 676 261 39 252 567 131 29 283 130 109 22 234 94 392 224 78 143 56 284 267 256 66 69 223 244 37 27 40 71 107 74 59 249 49 30 152 55 60 117 32 29 55 44 91 101 24 148 22 30 29 52 23 97 39 25 75 76 67
is_linear=0
shrinkage=0.03


Tree=61
num_leaves=63
num_cat=0
split_feature=18 18 12 14 18 17 16 14 23 22 3 23 16 18 18 18 3 7 17 18 16 14 22 16 21 22 16 14 18 7 18 22 17 10 18 7 18 12 7 16 20 7 15 16 14 22 16 22 3 9 3 12 9 15 7 18 3 23 20 7 10 12
split_gain=1.75901e+10 4.37915e+09 3.0407e+09 2.12381e+09 1.28292e+09 1.23645e+09 7.58722e+08 7.26496e+08 6.55121e+08 6.48592e+08 4.4355e+08 4.13031e+08 3.93354e+08 3.47204e+08 3.45859e+08 2.74183e+08 2.43617e+08 1.68787e+08 1.50099e+08 1.45163e+08 1.43842e+08 1.16609e+08 1.15869e+08 1.12006e+08 1.0451e+08 9.98061e+07 8.72884e+07 8.49444e+07 8.23333e+07 8.08878e+07 7.89616e+07 7.64099e+07 6.73877e+07 6.5069e+07 6.01414e+07 5.92893e+07 5.76186e+07 5.05741e+07 4.6984e+07 4.61385e+07 4.53572e+07 4.43273e+07 5.09236e+07 4.78216e+07 4.56467e+07 4.19792e+07 7.6132e+07 3.53855e+07 3.39664e+07 2.99057e+07 2.87147e+07 2.60244e+07 2.38738e+07 2.29603e+07 2.18771e+07 2.16112e+07 1.979e+07 1.87026e+07 1.81941e+07 1.52163e+07 1.38392e+07 1.37093e+07
threshold=46445.350000000006 108144.60000000002 0.96107142840192339 0.21717973125094933 71103.950000000026 0.075411471307569006 0.05017507414820211 0.19866036904789269 82963.484615384616 1112.1659640303524 53868.125000000007 52462.246153846158 0.05017507414820211 85153.35000000002 55728.200000000004 55071.80000000001 57280.625000000007 -0.5 0.07547911546421833 40304.150000000009 -1.0000000180025095e-35 0.21012658223285954 28292.719272132705 -0.075306091902409764 42282.762500000004 15109.288661150951 0.0037543201186628354 0.20948616596859607 61631.000000000007 -0.24999999999999997 87880.050000000003 15009.18042005097 0.0027522199809777779 -0.70581670320594803 50188.150000000009 0.68301270189221941 74296.250000000015 1.1160714283701159 -0.24999999999999997 0.086956521739130502 86836.700000000012 -0.24999999999999997 -2233.0416666666674 0.0049140049140049555 0.23341523337310963 2777.0393656196543 0.0049505253806327873 5495.3724834246013 48326.250000000007 -0.82298386589365657 42271.500000000007 1.0698924728262924 0.40966402954315223 2334.0833333333326 -0.24999999999999997 55950.500000000007 50741.250000000007 12581.007692307694 21100.000000000004 0.68301270189221941 0.17992617227144031 0.87533980565611846
decision_type=2 2 2 2 2 2 2 2 2 2 2 2 2 2 2 2 2 2 2 2 2 2 2 2 2 2 2 2 2 2 2 2 2 2 2 2 2 2 2 2 2 2 2 2 2 2 2 2 2 2 2 2 2 2 2 2 2 2 2 2 2 2
left_child=2 3 16 8 12 10 13 9 11 -4 -3 23 14 31 20 -13 27 -15 -17 41 50 52 26 -2 -11 29 -12 48 47 49 -27 37 45 -30 -22 -19 -20 -6 57 55 -33 43 44 -9 -43 53 -47 -16 -1 -8 -5 -46 58 -21 -23 -14 -44 -29 -18 -40 -32 -50
right_child=1 5 7 4 6 -7 25 19 -10 24 22 15 39 17 28 18 21 35 36 32 34 54 -24 -25 -26 30 -28 38 33 -31 60 40 -34 -35 -36 -37 -38 -39 59 -41 -42 42 56 -45 51 46 -48 -49 61 -51 -52 -53 -54 -55 -56 -57 -58 -59 -60 -61 -62 -63
leaf_value=-170.0463080122592 120.78850429566435 77.124454494167026 279.03877956905876 43.046078252509069 173.47567816372575 537.5275510941816 -1.1840075683593749 -68.171104588811119 424.08068260268408 -61.172811236420927 322.07506117639451 86.338338396691341 -68.173915435488865 321.324201034672 63.681205647532778 321.60008632514308 -86.659320406000646 123.88827659984622 181.74250035081789 -31.789286495375919 -15.683741819688757 -128.77921882819447 384.37030843904705 -11.38542597590266 66.291820357039171 0.9026316214896537 209.37348191419184 -186.81089937615525 144.82706624038349 -54.85179723979622 118.97669923738667 61.60086634750683 29.147806000362166 72.808401081586112 17.288061079672715 220.66616683050498 251.91196814716901 122.29545014976848 -211.92276342464402 -87.404029368455497 137.99095832447014 -47.791142034247365 -59.992187265000794 -3.5738082299643006 -102.52409093202259 -38.792744609200376 -124.95916807432432 25.759794613786799 -112.98318384939462 64.361560957813964 112.42867642489347 -155.58306431894084 -110.28598239119762 15.049850309258265 -166.50707536714168 -17.120787322054202 -100.85676850995945 -159.04060636376653 -33.242577780544167 -179.91283621651783 73.766119981139681 -148.50117171284015
leaf_weight=57 12.000000000000002 10.999999999999998 10.999999999999998 10.000000000000002 26 18 11.999999999999998 33 9.9999999999999982 12.000000000000002 12.000000000000002 14.999999999999998 9.9999999999999982 11.999999999999998 40 12.999999999999998 14.000000000000002 10.000000000000002 34 25 101 28 9.9999999999999982 10.999999999999998 10.999999999999998 10.999999999999998 14.999999999999998 54 12.999999999999998 14.999999999999998 13.000000000000002 24 14.999999999999998 89 98 14.999999999999998 17 59 71 19 9.9999999999999982 9.9999999999999982 66 14.999999999999998 27 56 10.999999999999998 50 19 13.000000000000002 11.999999999999998 12.999999999999998 19 14.999999999999998 34 29 12.999999999999998 49 9.9999999999999982 23 12.999999999999998 27
leaf_count=57 12 11 11 10 26 18 12 33 10 12 12 15 10 12 40 13 14 10 34 25 101 28 10 11 11 11 15 54 13 15 13 24 15 89 98 15 17 59 71 19 10 10 66 15 27 56 11 50 19 13 12 13 19 15 34 29 13 49 10 23 13 27
internal_value=0.367725 90.7888 -107.694 71.7543 52.4336 325.66 109.998 -40.5201 193.043 90.7032 245.257 170 23.9396 148.014 34.2148 202.551 -162.902 228.339 229.611 -55.4672 8.61822 -123.318 294.9 57.7991 -0.18826 32.8859 260.467 -176.711 63.6578 0.0135117 68.3277 122.869 -30.2526 82.1201 0.554141 182.603 205.58 138.136 -188.428 -49.16 84.4074 -72.8198 -81.9981 -48.0339 -105.773 -38.5993 -53.1047 42.6658 -154.142 33.0202 81.2288 -120.113 -85.0143 -14.2308 -149.704 -30.3523 -66.8358 -173.767 -64.6328 -204.29 96.7408 -134.108
internal_weight=1620 882 738 816 704 66 233 333 112 34 48 102 471 156 413 79 405 37 64 299 221 105 37 23 23 77 27 300 192 40 37 119 122 102 199 25 51 85 197 58 34 177 129 48 50 107 67 90 103 25 22 40 43 40 62 39 79 103 24 94 26 46
internal_count=1620 882 738 816 704 66 233 333 112 34 48 102 471 156 413 79 405 37 64 299 221 105 37 23 23 77 27 300 192 40 37 119 122 102 199 25 51 85 197 58 34 177 129 48 50 107 67 90 103 25 22 40 43 40 62 39 79 103 24 94 26 46
is_linear=0
shrinkage=0.03


Tree=62
num_leaves=63
num_cat=0
split_feature=18 18 12 12 16 1 15 6 20 12 6 27 18 8 16 16 18 3 1 0 9 16 16 8 1 17 16 6 11 6 18 17 19 14 18 15 11 18 21 16 16 15 8 13 16 21 10 0 19 14 17 13 0 7 7 9 28 21 1 14 10 20
split_gain=1.65577e+10 4.43095e+09 2.52496e+09 2.3596e+09 1.50579e+09 1.07013e+09 9.21369e+08 5.82202e+08 7.7077e+08 5.61661e+08 5.1991e+08 4.98898e+08 4.30227e+08 4.64622e+08 3.9082e+08 3.84374e+08 3.14857e+08 2.45496e+08 2.31107e+08 1.76578e+08 1.47065e+08 1.46422e+08 2.25467e+08 1.43977e+08 1.32149e+08 1.26883e+08 1.18362e+08 1.15161e+08 1.08398e+08 1.00428e+08 8.40475e+07 8.27646e+07 7.57635e+07 7.24812e+07 6.9349e+07 6.19195e+07 5.65e+07 5.48913e+07 5.14106e+07 1.27398e+08 4.67152e+07 4.38303e+07 4.30926e+07 4.26275e+07 3.88126e+07 3.81525e+07 3.58621e+07 3.54395e+07 3.50684e+07 2.7756e+07 2.74755e+07 2.63378e+07 2.22316e+07 2.00957e+07 1.99873e+07 1.97896e+07 2.19436e+07 1.94024e+07 1.89292e+07 1.85083e+07 1.83034e+07 2.52021e+07
threshold=43515.05000000001 73508.35000000002 1.0326530610178755 0.96693877531482231 -1.0000000180025095e-35 42920.000000000007 -6333.3333333333312 1.0000000180025095e-35 49785.650000000009 1.0267857140995378 1.0000000180025095e-35 1.0000000180025095e-35 55728.200000000004 0.93301270189221952 0.0050761748317067487 0.05017507414820211 58054.450000000004 57426.875000000007 38830.000000000007 62812.500000000007 -0.2393156642875576 0.0051020740191197742 0.0050505372572776661 0.25000000000000017 30945.000000000004 0.075434243158852596 0.05017507414820211 1.0000000180025095e-35 0.87850467273699395 1.0000000180025095e-35 50188.150000000009 0.079999999981887865 102926.25000000001 0.276283618527008 100615.55 -5377.54 0.88799999985862599 37927.400000000009 54979.475000000006 0.0049140049140049555 0.0049140049140049555 -8922.904999999997 0.6830127018922193 0.89830508459426428 0.0037543201186628354 56938.537500000006 -0.85421994577343285 41670.725000000006 59333.55000000001 0.2133517592883212 0.079999999984492962 1.0714220765348184 39341.225000000006 -0.24999999999999997 0.68301270189221941 0.17992617227144045 1.0000000180025095e-35 74993.050000000017 30529.000000000004 0.17083023276520834 -0.98182534576205283 44100.350000000006
decision_type=2 2 2 2 2 2 2 2 2 2 2 2 2 2 2 2 2 2 2 2 2 2 2 2 2 2 2 2 2 2 2 2 2 2 2 2 2 2 2 2 2 2 2 2 2 2 2 2 2 2 2 2 2 2 2 2 2 2 2 2 2 2
left_child=3 4 6 18 16 14 -3 24 35 -8 20 17 26 15 28 21 25 19 29 -12 -7 22 -14 -13 52 -2 30 54 57 49 60 -18 46 34 36 -9 -16 53 39 -32 -37 -31 45 59 -40 -27 -22 -39 -33 -1 -50 -30 -5 -26 -20 56 -17 -4 -43 -29 -6 -62
right_child=1 2 5 7 12 10 9 8 -10 -11 11 23 13 -15 33 55 31 -19 27 -21 32 -23 -24 -25 37 42 -28 43 51 41 38 48 -34 -35 -36 40 -38 47 44 -41 -42 58 -44 -45 -46 -47 -48 -49 50 -51 -52 -53 -54 -55 -56 -57 -58 -59 -60 -61 61 -63
leaf_value=-171.45099656468116 188.06502025005244 181.49497025166659 224.68017631304136 -92.511120930461132 17.724363353832349 35.829367020065717 653.54710566244819 51.622772686932542 279.23331654161507 372.56238923938065 341.42929136370657 279.58128734968091 72.408842739815384 -124.05957415641622 -24.41512572417388 12.782964028870031 283.79544042001851 95.378636581688596 -163.20121222729952 171.35067305470241 165.8020076607369 163.15748415683177 -44.829335308193414 406.63221643293861 -42.303443464312636 74.165668386484114 -84.322934071240496 -47.358893231694005 75.67185524391023 -116.19915822063308 11.289217411164312 229.04022499613234 204.43652982222468 -21.565262358204418 113.1146789923515 -53.070412462163269 53.328311292860242 11.795516674969646 8.9036172356897474 128.38390314875423 21.386273622255064 -177.74987716571002 38.450179553298476 -139.95176665434965 -56.294272291731133 139.14376308295564 93.09573161346232 -45.493294312445357 192.93991873259586 -199.54950199508261 119.57307230430075 131.30056619209154 -137.02202818913244 -79.091052797238603 -121.61166238349779 -50.768719515975228 -44.356826921217504 164.82762913480718 -151.42179664042749 -89.222585507579041 -3.7872693888346349 -31.495887876610116
leaf_weight=59 11.999999999999998 11.999999999999998 10.000000000000002 23 10.999999999999998 10.999999999999998 12.000000000000002 10.999999999999998 9.9999999999999982 14.999999999999998 10.000000000000002 19 182 13.999999999999998 10.999999999999998 15 9.9999999999999982 17 37 12.999999999999998 10.999999999999998 13.999999999999998 15.999999999999998 15.999999999999998 17 23 18 15.999999999999998 14.999999999999998 25 34 10.000000000000002 19 14.999999999999998 12.999999999999998 24 35 10.999999999999998 44 10.999999999999998 10.999999999999998 44 15.999999999999998 10.999999999999998 9.9999999999999982 12.999999999999998 15.000000000000002 81 10.000000000000002 93 9.9999999999999982 17 20 70 17 19 10 13.999999999999998 79 25 44 90
leaf_count=59 12 12 10 23 11 11 12 11 10 15 10 19 182 14 11 15 10 17 37 13 11 14 16 16 17 23 18 16 15 25 34 10 19 15 13 24 35 11 44 11 11 44 16 11 10 13 15 81 10 93 10 17 20 70 17 19 10 14 79 25 44 90
internal_value=0.361248 82.3464 177.366 -111.825 37.5051 143.614 402.294 -44.4651 41.9191 499.395 204.115 255.804 17.0838 43.6524 82.5382 52.869 141.851 182.646 -157.925 246.456 134.556 69.6106 62.9172 338.655 -66.2648 100.322 -10.3022 -119.602 142.268 -171.422 -4.8093 207.881 158.556 37.2062 52.1594 -10.1647 34.7248 -54.8646 16.4894 40.1336 -29.6754 -153.497 79.7517 -87.4364 -3.25175 97.9505 124.374 -38.6381 181.717 -188.763 157.034 105.542 -113.484 -71.9595 -150.357 -27.7702 -10.1585 190.595 -160.977 -73.0406 -19.3526 -22.4072
internal_weight=1620 936 300 684 636 261 39 278 56 27 131 75 532 270 130 256 104 40 406 23 56 212 198 35 222 64 262 106 56 300 244 40 45 74 59 46 46 179 99 45 35 148 52 52 54 36 26 92 30 152 20 32 43 87 54 44 25 24 123 41 145 134
internal_count=1620 936 300 684 636 261 39 278 56 27 131 75 532 270 130 256 104 40 406 23 56 212 198 35 222 64 262 106 56 300 244 40 45 74 59 46 46 179 99 45 35 148 52 52 54 36 26 92 30 152 20 32 43 87 54 44 25 24 123 41 145 134
is_linear=0
shrinkage=0.03


Tree=63
num_leaves=63
num_cat=0
split_feature=23 6 23 12 12 14 1 10 12 23 12 11 8 6 16 17 15 12 17 7 22 1 1 21 4 20 6 17 1 3 21 7 7 7 23 1 16 11 7 23 21 20 14 10 16 23 7 6 16 7 22 21 16 3 23 24 21 21 8 20 13 1
split_gain=1.52999e+10 4.66831e+09 3.70395e+09 2.26324e+09 1.60322e+09 1.55639e+09 1.05378e+09 5.07546e+08 4.63313e+08 4.58871e+08 4.23987e+08 4.18272e+08 3.90928e+08 3.6588e+08 2.33704e+08 2.24296e+08 2.15474e+08 2.15019e+08 1.92729e+08 1.77012e+08 1.82158e+08 1.71195e+08 1.93716e+08 1.6166e+08 1.50111e+08 1.19026e+08 1.10088e+08 1.08022e+08 1.0413e+08 9.76666e+07 9.33598e+07 1.01481e+08 8.43092e+07 1.21448e+08 8.07484e+07 6.55964e+07 6.09251e+07 5.87341e+07 5.53914e+07 5.20585e+07 4.65358e+07 4.57755e+07 4.35136e+07 4.30191e+07 6.62724e+07 4.18375e+07 4.10499e+07 4.07126e+07 4.07073e+07 4.04078e+07 6.00647e+07 3.434e+07 3.00917e+07 2.8719e+07 2.79227e+07 2.59461e+07 2.51932e+07 2.50088e+07 2.33061e+07 2.26998e+07 2.22763e+07 2.14235e+07
threshold=46586.150000000009 1.0000000180025095e-35 83682.400000000009 0.97168539304328594 1.0326530610178755 0.21850899737433024 42920.000000000007 0.95297903005573359 1.1814593759708412 80540.469230769246 1.1224489793650323 0.9438202245111641 0.93301270189221952 1.0000000180025095e-35 0.0037543201186628354 0.075479115460650545 -6096.4249999999984 1.1612903222620974 0.075282020246646417 -0.93301270189221919 5119.9498018840004 35115.000000000007 38830.000000000007 69923.362500000017 55470.625000000007 80863.300000000017 1.0000000180025095e-35 0.07542285723351326 30945.000000000004 55386.875000000007 69242.625000000015 1.0000000180025095e-35 -0.24999999999999997 0.68301270189221941 57761.180769230778 30529.000000000004 0.0050505372572776661 0.88793103432654175 1.0000000180025095e-35 55459.396153846166 65303.350000000013 18491.000000000004 0.23425692689183655 0.5163939593874618 0.0049140049140049555 65313.965384615389 -0.24999999999999997 1.0000000180025095e-35 1.0000000180025095e-35 -0.93301270189221919 1244.5142190205249 91752.362500000003 0.0050251573518178558 48960.000000000007 41269.757692307692 47138.750000000007 50027.287500000013 109413.48750000003 0.93301270189221952 50502.200000000004 1.1261261259201294 31500.000000000004
decision_type=2 2 2 2 2 2 2 2 2 2 2 2 2 2 2 2 2 2 2 2 2 2 2 2 2 2 2 2 2 2 2 2 2 2 2 2 2 2 2 2 2 2 2 2 2 2 2 2 2 2 2 2 2 2 2 2 2 2 2 2 2 2
left_child=3 6 5 16 -4 7 12 15 11 24 25 21 17 28 34 -3 26 30 49 -13 -21 39 -23 53 45 -6 58 -20 -5 -25 31 55 -11 51 -14 -18 -33 -32 54 -7 -16 -28 -40 44 -10 -8 -26 -37 -27 -15 -51 -34 59 -17 -30 -2 -52 -35 -1 -19 -47 -29
right_child=1 2 4 13 10 8 9 -9 43 32 -12 19 14 18 40 23 35 52 27 20 -22 22 -24 29 46 48 41 61 38 -31 37 36 33 57 -36 47 -38 -39 42 -41 -42 -43 -44 -45 -46 60 -48 -49 -50 50 56 -53 -54 -55 -56 -57 -58 -59 -60 -61 -62 -63
leaf_value=-142.17511791799947 95.817828659208658 328.71144395884897 588.97177669630526 -109.32461268890447 249.61802461908667 -5.4726184882040423 124.8889971621674 416.49391258445945 10.056055269885292 221.49227311842509 110.37420648123472 57.416507023516751 -88.363403287171238 -59.10430960564198 -202.79520257073472 144.65390448605197 -191.53384897726374 -70.156386924214885 140.44109151405863 227.96230468263661 133.58233539294284 138.33474349100393 50.782672450178751 262.03957424790104 37.744309826841445 311.27598870354717 -112.54035725513316 -9.9093177750087005 -46.473015911924108 148.10727441736171 114.76079820617171 4.7055580144987541 110.58084038699481 146.62664540883654 -14.211113686921731 -170.94539212773893 -51.202443941556488 33.472005941937077 -18.780187633617501 58.933934926828627 -115.25637433012655 -61.078171814757503 -84.433984409409831 -12.090311435319219 90.575924650002975 87.440221710205051 -33.50156473883267 -142.94797932852387 407.9955520962252 53.683531222201815 -41.222013966540196 43.439394828177782 -70.412743831650346 80.31082312253443 3.339522478722579 35.381384000830884 6.7404740483710111 216.42064775825725 -192.61355549457645 -19.967954653560973 30.216685914223234 46.618745322069593
leaf_weight=38 10.000000000000002 9.9999999999999982 18 46 18 30 9.9999999999999982 10.999999999999998 31 9.9999999999999982 12.999999999999998 19 22 24 11.000000000000002 19.000000000000004 79 9.9999999999999982 9.9999999999999982 25 73 40 53 20.000000000000004 9.9999999999999982 11.000000000000002 51 10.000000000000002 31 10.999999999999998 11.999999999999998 85 19.000000000000004 11.000000000000002 33 112 22 24 10.999999999999998 18 11.999999999999998 23 54 31 12.999999999999998 10.000000000000002 26 90 9.9999999999999982 9.9999999999999982 33 10.999999999999998 24 9.9999999999999982 14.999999999999998 18 13.999999999999998 9.9999999999999982 11.999999999999998 42 15.999999999999998 14.999999999999998
leaf_count=38 10 10 18 46 18 30 10 11 31 10 13 19 22 24 11 19 79 10 10 25 73 40 53 20 10 11 51 10 31 11 12 85 19 11 33 112 22 24 11 18 12 23 54 31 13 10 26 90 10 10 33 11 24 10 15 18 14 10 12 42 16 15
internal_value=0.356882 78.5699 143.526 -108.306 345.226 109.347 9.91025 227.227 80.6137 81.0113 259.883 99.6868 -19.2025 -41.5247 -77.7062 196.933 -153.301 -0.703595 -1.11368 141.617 157.867 64.8176 88.5476 174.46 29.6511 309.31 -120.139 57.6158 -71.3628 222.218 17.9563 6.49175 141.485 125.395 -43.9786 -167.887 -6.82659 60.8112 -55.5466 18.7521 -157.82 -96.6494 -73.3693 14.9571 33.9975 72.8814 -13.6612 -158.548 359.048 -26.5304 -12.7355 86.1885 -42.6568 122.819 -30.2577 57.2301 -26.9513 180.73 -154.641 -29.7358 52.4765 24.058
internal_weight=1620 942 484 678 70 414 458 81 333 133 52 258 325 273 78 70 405 247 116 117 98 141 93 60 72 39 124 35 157 31 171 135 61 51 55 281 107 36 111 48 23 74 65 75 44 36 36 202 21 81 57 30 76 29 46 28 47 21 50 52 26 25
internal_count=1620 942 484 678 70 414 458 81 333 133 52 258 325 273 78 70 405 247 116 117 98 141 93 60 72 39 124 35 157 31 171 135 61 51 55 281 107 36 111 48 23 74 65 75 44 36 36 202 21 81 57 30 76 29 46 28 47 21 50 52 26 25
is_linear=0
shrinkage=0.03


Tree=64
num_leaves=63
num_cat=0
split_feature=18 23 12 6 12 14 6 14 22 1 23 1 9 11 6 16 19 1 20 20 14 19 7 22 12 18 18 17 6 14 6 1 20 12 18 17 18 11 7 17 18 18 10 10 24 14 6 0 22 16 14 3 14 3 23 20 22 7 23 14 9 3
split_gain=1.4671e+10 3.65647e+09 2.53136e+09 1.77209e+09 1.4791e+09 1.45349e+09 7.55594e+08 6.2864e+08 5.91636e+08 5.76432e+08 4.97829e+08 3.49135e+08 3.08292e+08 2.87e+08 2.86991e+08 2.31572e+08 2.17029e+08 2.07622e+08 1.75636e+08 1.58923e+08 1.43292e+08 1.33698e+08 1.31259e+08 1.71427e+08 1.26906e+08 1.21264e+08 1.2076e+08 1.14469e+08 1.03152e+08 9.59179e+07 8.99866e+07 8.86555e+07 7.9967e+07 7.44248e+07 7.13355e+07 6.88649e+07 7.37106e+07 5.95697e+07 5.95481e+07 5.76283e+07 5.5382e+07 4.9266e+07 4.53841e+07 4.21877e+07 4.16272e+07 4.08193e+07 3.88568e+07 6.01164e+07 3.79911e+07 6.57515e+07 3.75016e+07 2.63802e+07 2.57595e+07 2.54037e+07 2.39384e+07 2.11613e+07 2.06366e+07 1.96945e+07 1.90696e+07 1.894e+07 1.66799e+07 1.50653e+07
threshold=46445.350000000006 78473.150000000009 0.96107142840192339 1.0000000180025095e-35 1.0297193875575261 0.21717973125094933 1.0000000180025095e-35 0.19866036904789269 1112.1659640303524 42920.000000000007 61188.596153846163 42920.000000000007 -0.46472317204376817 0.97457627102449618 1.0000000180025095e-35 0.0050505372572776661 87880.050000000003 41020.000000000007 45985.850000000013 37700.900000000009 0.24938271599550557 74708.200000000026 -0.93301270189221919 2673.6846364669877 1.0658391177286974 40304.150000000009 54543.700000000004 0.0799999999828752 1.0000000180025095e-35 0.27088607590008235 1.0000000180025095e-35 41970.000000000007 95253.60000000002 1.0561797750387101 40304.150000000009 0.075479115460650545 68579.150000000009 0.88793103432966614 0.68301270189221941 0.0027522199809777779 55231.500000000007 65548.650000000009 -0.98182534576205283 0.12053668025532312 40666.870000000003 0.15669176380189678 1.0000000180025095e-35 41358.375000000007 2777.0393656196543 0.0049505253806327873 0.17083023276520834 48720.000000000007 0.2133517592883212 51632.500000000007 68668.026923076934 58561.80000000001 2992.5807065258396 0.68301270189221941 44678.207692307704 0.285359801434595 -0.70581670320594825 50741.250000000007
decision_type=2 2 2 2 2 2 2 2 2 2 2 2 2 2 2 2 2 2 2 2 2 2 2 2 2 2 2 2 2 2 2 2 2 2 2 2 2 2 2 2 2 2 2 2 2 2 2 2 2 2 2 2 2 2 2 2 2 2 2 2 2 2
left_child=2 5 17 11 -5 14 12 8 -4 53 19 -3 -7 16 27 26 -11 30 -16 44 37 40 54 -24 35 46 42 -2 57 32 52 -22 -13 -25 -10 -20 -37 -21 -34 48 -17 -28 -14 -18 -8 -32 47 -9 55 -50 -30 -47 -1 -6 -12 58 -48 -19 -27 -46 -52 -49
right_child=1 3 7 4 9 6 10 25 34 13 22 29 15 -15 18 21 43 28 24 20 31 -23 23 33 -26 39 41 -29 50 -31 45 -33 38 -35 -36 36 -38 -39 -40 -41 -42 -43 -44 -45 59 51 56 61 49 -51 60 -53 -54 -55 -56 -57 -58 -59 -60 -61 -62 -63
leaf_value=-161.23838056690198 -12.165059355178679 -32.240735233388044 264.89552754170188 527.0773861648787 138.74050847233949 -164.45465983324715 -64.124976178159812 -107.26832315037392 -52.160094145467447 451.80106629022276 32.040209016845118 219.52820890237356 45.637635912225953 147.2994670180519 106.45631339347797 -93.077886746781957 237.56901909946401 -154.67637721011511 312.20608640160884 41.242365391508059 19.658378746999681 44.731901835258434 205.36429132240249 62.70380508151343 144.40957522903358 -18.147382874882904 41.790829577886029 127.66404082427155 -43.262957585494711 72.065071464672414 -84.543414898862935 113.66039874690594 93.120357864969989 120.30128006843638 53.148744011956296 148.21761956847536 250.22459475585063 115.47386020625825 176.63608633487783 27.026237282658254 -35.346504477725667 107.83415140924374 -8.4492323153842932 319.23790870050465 13.923686282166049 -159.99136935235234 0.72580222252571913 -57.710597746085931 -36.121004032400201 -116.19842852618243 -120.80053385416664 -132.08458864263034 -188.23429819666353 72.994850917506866 88.533080921739639 -36.474685788655144 -53.520117867453052 -113.44149251302082 37.697309259093629 -31.036685382739918 -78.706029052734365 -89.44252045625484
leaf_weight=59 10.000000000000002 13.999999999999998 10.999999999999998 20 11.000000000000002 9.9999999999999982 9.9999999999999982 35 12.000000000000002 9.9999999999999982 21.000000000000004 12.999999999999998 17 9.9999999999999982 19 22 12.000000000000002 36 9.9999999999999982 13.999999999999998 86 14.999999999999998 18 28 18 12.000000000000002 66 10.999999999999998 15.999999999999998 17 9.9999999999999982 9.9999999999999982 18 76 10.999999999999998 10.000000000000002 21 33 13.999999999999998 14.999999999999998 47 11.999999999999998 76 15.999999999999998 35 82 10.000000000000002 99 56 10.999999999999998 17 56 93 10.999999999999998 9.9999999999999982 18 17 17 9.9999999999999982 10.999999999999998 19 15.999999999999998
leaf_count=59 10 14 11 20 11 10 10 35 12 10 21 13 17 10 19 22 12 36 10 14 86 15 18 28 18 12 66 11 16 17 10 10 18 76 11 10 21 33 14 15 47 12 76 16 35 82 10 99 56 11 17 56 93 11 10 18 17 17 10 11 19 16
internal_value=0.352294 82.9305 -98.3366 209.749 299.775 53.5032 36.3673 -37.0463 85.0192 234.173 65.1663 102.886 -1.89662 292.417 160.155 4.54016 330.118 -148.709 186.647 33.8564 50.6238 -36.2234 105.841 119.853 212.248 -50.9504 24.5739 61.3365 -112.171 133.401 -161.456 29.5584 156.361 104.869 -1.78282 241.606 217.902 93.4969 130.095 -27.9044 -53.8617 52.0764 1.47598 285.207 -8.97412 -144.491 -66.8105 -72.7799 -35.6231 -49.4217 -81.8717 -148.771 -177.869 106.347 50.4899 -12.4447 -33.5004 -141.689 7.29215 3.12823 -98.8636 -62.1994
internal_weight=1620 882 738 166 90 716 617 333 34 70 352 76 265 48 99 255 38 405 78 199 143 84 153 122 59 299 171 21 105 62 300 96 45 104 23 41 31 47 32 122 69 78 93 28 56 148 177 150 107 67 52 138 152 22 31 40 27 53 22 46 36 115
internal_count=1620 882 738 166 90 716 617 333 34 70 352 76 265 48 99 255 38 405 78 199 143 84 153 122 59 299 171 21 105 62 300 96 45 104 23 41 31 47 32 122 69 78 93 28 56 148 177 150 107 67 52 138 152 22 31 40 27 53 22 46 36 115
is_linear=0
shrinkage=0.03


Tree=65
num_leaves=63
num_cat=0
split_feature=18 18 12 12 17 1 15 12 6 20 6 27 18 11 8 6 2 12 24 1 27 6 0 10 8 1 7 14 27 6 19 24 6 12 6 15 20 20 18 7 1 14 11 12 8 19 18 10 11 14 10 13 0 24 2 1 0 21 10 14 7 19
split_gain=1.38084e+10 3.69675e+09 2.09597e+09 1.96575e+09 9.91285e+08 9.17667e+08 8.22496e+08 5.08788e+08 4.97948e+08 6.89494e+08 4.43926e+08 4.05733e+08 3.29114e+08 2.70071e+08 2.64429e+08 2.36677e+08 2.20799e+08 2.08728e+08 2.04394e+08 1.96343e+08 1.87641e+08 1.60137e+08 1.55852e+08 1.25295e+08 1.24887e+08 1.11534e+08 1.11504e+08 1.10535e+08 1.00777e+08 9.64357e+07 9.33184e+07 8.68017e+07 8.46642e+07 8.40346e+07 8.16094e+07 1.50202e+08 9.09464e+07 7.28489e+07 5.60746e+07 5.21855e+07 5.10813e+07 5.03121e+07 4.8842e+07 6.21705e+07 4.73273e+07 4.60734e+07 4.58233e+07 4.20032e+07 4.71984e+07 3.83821e+07 3.77672e+07 3.7643e+07 3.12929e+07 2.57954e+07 2.48185e+07 2.31158e+07 1.97146e+07 1.96253e+07 1.96159e+07 1.94831e+07 1.80862e+07 1.82825e+07
threshold=43515.05000000001 73508.35000000002 1.0326530610178755 0.96693877531482231 0.041245326282528236 42920.000000000007 -6333.3333333333312 1.0267857140995378 1.0000000180025095e-35 49785.650000000009 1.0000000180025095e-35 1.0000000180025095e-35 55728.200000000004 0.87850467273699395 0.93301270189221952 1.0000000180025095e-35 61250.000000000007 0.97476190452628286 42488.510000000002 38830.000000000007 1.0000000180025095e-35 1.0000000180025095e-35 62812.500000000007 -0.12053668025532321 0.25000000000000017 30945.000000000004 0.93301270189221952 0.27088607590008235 1.0000000180025095e-35 1.0000000180025095e-35 59967.100000000006 45088.135000000002 1.0000000180025095e-35 1.1814593759708412 1.0000000180025095e-35 5764.9166666666688 54050.250000000007 73147.500000000015 77461.900000000009 -0.24999999999999997 31500.000000000004 0.22250639380619752 0.97151999984218873 1.1226329111137654 1.0000000180025095e-35 69790.800000000017 37927.400000000009 1.0000000180025095e-35 0.87254901943760521 0.15669176380189678 0.12053668025532312 0.89830508459426428 41670.725000000006 38478.575000000004 51890.625000000007 31944.000000000004 39341.225000000006 51503.762500000004 -0.2393156642875576 0.25672371631726904 -0.24999999999999997 35545.650000000009
decision_type=2 2 2 2 2 2 2 2 2 2 2 2 2 2 2 2 2 2 2 2 2 2 2 2 2 2 2 2 2 2 2 2 2 2 2 2 2 2 2 2 2 2 2 2 2 2 2 2 2 2 2 2 2 2 2 2 2 2 2 2 2 2
left_child=3 4 6 19 12 13 -3 -8 25 40 27 16 31 41 18 23 22 -17 55 32 42 37 -12 -6 -13 56 33 38 45 -21 -28 47 53 -20 36 -36 -33 -15 -7 -38 -10 -4 -19 -44 -30 -23 60 48 -2 -34 -37 -31 -48 -1 -51 -14 -5 -50 -40 -49 -27 -62
right_child=1 2 5 8 15 10 7 -9 9 -11 11 24 14 21 -16 17 -18 20 26 29 -22 28 -24 -25 -26 46 30 -29 44 51 -32 34 49 -35 35 50 39 -39 58 -41 -42 -43 43 -45 -46 -47 52 59 57 54 -52 -53 -54 -55 -56 -57 -58 -59 -60 -61 61 -63
leaf_value=-189.84046173151089 -107.19110133815457 158.49260867032137 193.32692164644283 -84.447913120814732 86.349771195656317 81.302506574498551 605.19518482050603 338.19433075052223 -31.954366567188515 263.72110201693994 318.75324470142311 254.84760022547854 -54.634919211647727 -81.659609731541977 -90.525346866054392 242.26358201184809 86.321298870956682 42.820690875137061 57.360605923762144 -137.00381194222214 190.32156194764562 53.024938928404836 159.01794106519858 -44.396004058535738 373.00619953416145 -37.823191442656935 63.409967118932826 41.862586473196998 45.355899277363932 -65.915297063006093 177.89176473318051 -84.811234326544621 -82.032224556195857 -7.6533098454261888 104.87376817323884 -23.12251734444709 41.234398153585275 29.733704207136824 142.54397916423741 -11.235177055641458 35.304750226001865 115.8851919032987 152.60428773271272 64.111118245409031 114.91718850942758 -25.582837476069383 11.90257049354347 5.6662208094933213 -54.291417801156207 -155.19747423587853 30.561018438958502 -128.75272408150337 -41.924829042201857 -162.54404058517315 -128.12911418078417 -2.5637722517980781 -126.30019108558766 -4.7734683873830752 192.06074849879482 -42.380428021405194 -94.796089794604796 -61.694320527094938
leaf_weight=55 10.999999999999998 11.999999999999998 13.999999999999998 23 19.000000000000004 9.9999999999999982 12.000000000000002 14.999999999999998 31 9.9999999999999982 10.000000000000002 19 11.999999999999998 10.000000000000002 12.999999999999998 14.999999999999998 17 17 168 54 22 20.000000000000004 12.999999999999998 9.9999999999999982 15.999999999999998 17 14.000000000000002 11.999999999999998 11.999999999999998 41 11.999999999999998 12.999999999999998 9.9999999999999982 20 18 24 21 10.999999999999998 19.999999999999996 89 14.999999999999998 18 14.000000000000002 14.999999999999998 35 9.9999999999999982 10.999999999999998 24 18.000000000000004 82 23 10.999999999999998 81 97 56 21 20 11.999999999999998 14.000000000000002 10.999999999999998 23 47
leaf_count=55 11 12 14 23 19 10 12 15 31 10 10 19 12 10 13 15 17 17 168 54 22 20 13 10 16 17 14 12 12 41 12 13 10 20 18 24 21 11 20 89 15 18 14 15 35 10 11 24 18 82 23 11 81 97 56 21 20 12 14 11 23 47
internal_value=0.346793 75.2168 162.007 -102.103 34.2587 131.257 366.94 458.657 -40.6215 39.2675 187.281 235.042 16.9333 74.7005 40.8842 115.229 169.043 140.991 47.8344 -144.181 118.328 49.8991 229.547 41.2673 309.772 -60.7823 58.5477 123.011 69.9068 -108.861 116.727 -6.66127 -156.62 50.4438 4.27902 31.4427 -10.0896 -23.4462 144.997 -1.18988 -9.99297 150.263 83.5583 107.21 97.2909 26.8243 -50.3091 -33.6942 -54.2643 -140.164 3.15719 -79.4295 -35.483 -172.539 -144.314 -21.6067 -104.162 -34.566 163.437 -9.51179 -65.9285 -72.6904
internal_weight=1620 936 300 684 636 261 39 27 278 56 131 75 524 130 260 112 40 83 247 406 68 98 23 29 35 222 214 56 77 106 26 264 300 188 188 65 123 21 44 110 46 32 46 29 47 30 179 76 41 148 47 52 92 152 138 33 43 30 34 35 87 70
internal_count=1620 936 300 684 636 261 39 27 278 56 131 75 524 130 260 112 40 83 247 406 68 98 23 29 35 222 214 56 77 106 26 264 300 188 188 65 123 21 44 110 46 32 46 29 47 30 179 76 41 148 47 52 92 152 138 33 43 30 34 35 87 70
is_linear=0
shrinkage=0.03


Tree=66
num_leaves=63
num_cat=0
split_feature=23 14 23 12 23 8 8 21 12 2 0 14 20 20 5 14 14 27 9 16 1 11 11 8 3 23 16 14 16 21 8 20 14 23 1 23 8 14 3 16 3 16 12 9 8 23 23 20 15 16 8 20 9 1 9 8 9 9 9 20 16 23
split_gain=1.27814e+10 3.50191e+09 2.09627e+09 1.87579e+09 1.78734e+09 7.73755e+08 7.12966e+08 4.30603e+08 4.08764e+08 3.68267e+08 3.59365e+08 3.51851e+08 3.22086e+08 3.30821e+08 2.83285e+08 2.52233e+08 3.66174e+08 2.1777e+08 2.14994e+08 1.83961e+08 1.83675e+08 1.74309e+08 2.15399e+08 2.14367e+08 1.4533e+08 1.42366e+08 1.31231e+08 1.23711e+08 1.28105e+08 1.18821e+08 1.15144e+08 1.04016e+08 9.08261e+07 8.18227e+07 8.1196e+07 7.37307e+07 7.03041e+07 6.74599e+07 5.63156e+07 5.62573e+07 5.58309e+07 5.41405e+07 5.18793e+07 4.56931e+07 4.30093e+07 4.19071e+07 3.93454e+07 3.80621e+07 3.73139e+07 3.44953e+07 3.03432e+07 3.17794e+07 3.11723e+07 3.02218e+07 2.91318e+07 2.52797e+07 2.34257e+07 1.92731e+07 1.83257e+07 1.73544e+07 1.65806e+07 1.64386e+07
threshold=46586.150000000009 0.21717973125094933 74897.723076923096 0.97168539304328594 82963.484615384616 0.93301270189221952 0.93301270189221952 57181.287500000006 1.0267857140995378 59885.000000000007 41929.825000000004 0.17184265006430002 58561.80000000001 51897.150000000001 1.0000000180025095e-35 0.2506329113478229 0.26550868481723294 1.0000000180025095e-35 0.17992617227144045 0.0037543201186628354 41020.000000000007 1.059331346412409 1.0559999998335361 1.0000000180025095e-35 57105.000000000007 65834.053846153853 0.0037543201186628354 0.24189526179629076 0.0049140049140049555 42282.762500000004 1.0000000180025095e-35 66207.60000000002 0.21012658223285954 108381.55384615385 30945.000000000004 86813.665384615393 -0.9330127018922193 0.20948616596859607 46663.750000000007 0.0048899755501222728 52530.000000000007 0.0050505372572776661 1.1226329111038198 -0.51639395938746191 0.25000000000000017 55729.565384615395 57761.180769230778 36095.900000000009 -2193.7083333333353 -0.075411471321695719 -0.68301270189221952 35397.900000000001 0.46472317204376884 30529.000000000004 -0.51639395938746191 -0.5 0.8542199457734333 0.29696027566504674 0.40966402954315223 20513.200000000004 0.0037543201186628354 41748.776923076926
decision_type=2 2 2 2 2 2 2 2 2 2 2 2 2 2 2 2 2 2 2 2 2 2 2 2 2 2 2 2 2 2 2 2 2 2 2 2 2 2 2 2 2 2 2 2 2 2 2 2 2 2 2 2 2 2 2 2 2 2 2 2 2 2
left_child=3 4 6 20 10 9 7 18 -6 31 17 -12 13 45 34 24 44 -2 27 35 37 22 23 -9 -11 -14 46 42 -29 47 41 -4 58 -18 43 -7 -36 53 -32 -24 -33 -20 -3 -5 -17 -13 -8 -16 -27 -31 52 -52 61 -1 -39 -53 60 -23 59 -22 -45 -38
right_child=1 2 5 14 8 19 26 21 -10 15 11 12 25 -15 29 16 33 -19 30 -21 32 57 39 -25 -26 48 -28 28 -30 49 38 40 -34 -35 36 -37 50 54 -40 -41 -42 -43 -44 56 -46 -47 -48 -49 -50 -51 51 55 -54 -55 -56 -57 -58 -59 -60 -61 -62 -63
leaf_value=-162.05290468587913 -35.639203144795175 57.261233784443611 177.49374828441719 -47.112161520908678 583.67584881756727 6.8340955744562901 -78.172827489771549 27.912847581546256 329.60328894695249 332.63260622258764 359.98628442141091 119.30219332553368 31.611785150893191 362.3629082192665 16.194561567589783 136.69944614721567 212.54548528303172 137.27223214285712 -26.688130758485904 -86.097691458079439 -77.332958532435271 8.4314473461610149 109.99450667828741 83.627281834344842 184.91960369450032 114.7780855188291 -146.62708849415273 -2.9346047034843425 85.560573484506165 35.493132527985175 39.972270888163543 104.31376216148261 -128.85222856751963 321.69837112014358 -80.06478261279139 119.16174127862004 -40.191077301494303 -147.49390220053732 -21.522332343882564 197.71015194732362 27.587581944749846 -82.053623652671703 152.28333237449723 -94.454417657042754 71.327875643431696 202.30253927027925 -23.365144521002399 -62.772872076113366 193.54541767842053 101.50188737476145 -36.540231887115823 47.445828869508027 -73.181001080698309 -122.47341954285518 -172.1739030457835 -11.807946459733319 -54.778708598826199 -39.349382200498837 -93.906444123752451 -25.877168166701857 -141.19474836594989 1.3239120019960009
leaf_weight=24 11.000000000000002 11.000000000000002 10.999999999999998 27 11.000000000000002 11.000000000000002 21 128 12.999999999999998 17.000000000000004 9.9999999999999982 10.000000000000002 13.999999999999998 11.999999999999998 10.000000000000002 33 17.000000000000004 15.999999999999998 77 11.999999999999998 13.000000000000002 24 21.000000000000004 121 9.9999999999999982 11.999999999999998 15.999999999999998 55 20 16.000000000000004 34 20 62 10.999999999999998 31 9.9999999999999982 30 79 22 9.9999999999999982 14.999999999999998 20 9.9999999999999982 27 12.999999999999998 13.999999999999998 27 11.999999999999998 11.000000000000002 12.999999999999998 26 10.000000000000002 21 79 118 18 9.9999999999999982 10.999999999999998 19 10.999999999999998 9.9999999999999982 11.999999999999998
leaf_count=24 11 11 11 27 11 11 21 128 13 17 10 10 14 12 10 33 17 16 77 12 13 24 21 121 10 12 16 55 20 16 34 20 62 11 31 10 30 79 22 10 15 20 10 27 13 14 27 12 11 13 26 10 21 79 118 18 10 11 19 11 10 12
internal_value=0.34141 71.828 48.258 -98.9766 213.81 138.486 22.3785 33.1489 447.992 167.938 162.355 193.271 169.972 233.851 -38.1793 200.002 170.911 66.9552 3.66201 7.17855 -139.939 56.449 64.3365 55.0096 278.808 107.356 -72.4391 38.8318 20.7466 25.5407 -18.4162 97.2552 -105.572 256.419 -52.8226 60.6348 -39.9466 -151.928 15.8183 138.835 71.6035 -38.1765 103.017 -78.4858 118.42 168.358 -47.4562 -26.9676 153.124 65.3305 -29.2577 -12.7213 -43.3891 -131.844 -162.357 9.44755 -96.3705 -6.65462 -71.7846 -53.9544 -107.434 -28.3546
internal_weight=1620 942 808 678 134 180 628 564 24 147 110 83 73 36 273 101 74 27 249 33 405 315 280 249 27 37 64 96 75 51 153 46 105 28 222 21 148 300 56 31 35 97 21 74 46 24 48 22 23 29 117 54 63 103 197 28 47 35 43 24 37 42
internal_count=1620 942 808 678 134 180 628 564 24 147 110 83 73 36 273 101 74 27 249 33 405 315 280 249 27 37 64 96 75 51 153 46 105 28 222 21 148 300 56 31 35 97 21 74 46 24 48 22 23 29 117 54 63 103 197 28 47 35 43 24 37 42
is_linear=0
shrinkage=0.03


Tree=67
num_leaves=63
num_cat=0
split_feature=18 18 12 12 5 15 24 6 20 12 18 23 6 6 6 23 14 17 15 11 7 17 15 7 24 24 27 20 12 6 7 7 15 7 11 6 20 0 0 0 6 20 15 18 19 0 19 18 20 7 14 20 0 23 9 20 0 19 8 18 0 0
split_gain=1.22168e+10 3.27935e+09 1.8586e+09 1.74602e+09 8.74886e+08 7.49795e+08 7.33644e+08 4.52526e+08 6.32471e+08 4.50359e+08 3.8945e+08 3.85886e+08 3.3473e+08 2.46721e+08 2.23134e+08 2.52886e+08 2.12582e+08 1.98272e+08 1.73757e+08 1.66174e+08 1.29629e+08 1.16573e+08 1.14391e+08 1.13977e+08 1.07409e+08 9.93207e+07 9.5662e+07 9.25402e+07 8.99049e+07 8.84028e+07 1.30505e+08 7.71444e+07 7.65546e+07 7.30472e+07 7.85427e+07 7.09459e+07 6.63944e+07 6.62732e+07 8.24702e+07 5.96679e+07 4.70086e+07 4.64542e+07 4.59251e+07 4.46112e+07 4.34442e+07 4.19036e+07 4.17856e+07 3.99378e+07 3.96074e+07 4.2469e+07 3.38374e+07 3.17111e+07 2.8635e+07 2.85196e+07 2.75653e+07 2.68962e+07 2.62138e+07 2.11679e+07 2.08421e+07 2.02002e+07 1.91947e+07 1.78278e+07
threshold=43515.05000000001 73508.35000000002 1.0326530610178755 0.96693877531482231 1.0000000180025095e-35 -6333.3333333333312 52630.625000000007 1.0000000180025095e-35 49785.650000000009 1.0267857140995378 108144.60000000002 56950.515384615392 1.0000000180025095e-35 1.0000000180025095e-35 1.0000000180025095e-35 52462.246153846158 0.24296675187449793 0.079999999981325773 -6165.5250000000005 0.87850467273699395 -0.24999999999999997 0.0799999999828752 6846.2500000000009 0.68301270189221941 57267.500000000007 41009.805000000008 1.0000000180025095e-35 63121.400000000009 1.1814593759708412 1.0000000180025095e-35 -0.24999999999999997 -0.93301270189221919 2050.4266666666667 -0.93301270189221919 0.9438202245111641 1.0000000180025095e-35 73147.500000000015 47312.200000000004 56935.625000000007 38408.750000000007 1.0000000180025095e-35 18491.000000000004 -5377.54 62654.05000000001 69790.800000000017 45782.500000000007 75704.650000000009 37927.400000000009 54050.250000000007 0.68301270189221941 0.2264631042752803 36095.900000000009 41670.725000000006 48003.311538461545 0.70581670320594825 50055.350000000013 42661.350000000006 49464.000000000007 1.0000000180025095e-35 11357.950000000003 51514.000000000007 39341.225000000006
decision_type=2 2 2 2 2 2 2 2 2 2 2 2 2 2 2 2 2 2 2 2 2 2 2 2 2 2 2 2 2 2 2 2 2 2 2 2 2 2 2 2 2 2 2 2 2 2 2 2 2 2 2 2 2 2 2 2 2 2 2 2 2 2
left_child=3 4 5 18 11 -3 13 25 42 -7 16 29 20 36 21 51 -8 -17 35 50 -13 -6 24 27 -18 61 44 -22 33 30 53 57 -12 55 -35 59 -4 -33 -39 -20 -41 -37 -9 -19 -21 -28 -25 -27 49 -32 -15 -16 -49 -2 -50 -14 -44 -31 -42 -1 -60 -5
right_child=1 2 6 7 14 9 10 8 -10 -11 32 12 28 19 15 17 22 43 39 26 23 -23 -24 46 -26 47 45 -29 -30 31 48 37 -34 34 -36 41 -38 38 -40 40 58 -43 56 -45 -46 -47 -48 52 54 -51 -52 -53 -54 -55 -56 -57 -58 -59 60 -61 -62 -63
leaf_value=-171.25619856126238 -20.436196652676195 146.52253729702028 -72.909754011824305 -79.503274306260138 -40.261956690195426 570.92712406379121 264.61309939822632 44.10570375184755 253.04459378384126 319.68591508877984 297.25208212328204 94.04572290645622 18.504051061120826 186.81568952021701 32.931223293335968 290.56648041596281 45.4985888671875 109.73922027419283 -170.5747045991032 49.653144953578561 -60.246835325627629 83.299698779701529 38.156776859504127 18.036823797168843 151.2618765408948 -62.003588655561586 41.755004402387257 3.531546843732575 0.0067116628599560952 -69.909936457453554 -126.22366565034586 -7.1079244631516705 207.21277782124045 77.982191116310162 140.39634465325739 -98.988486647893382 30.891124102618239 68.665495106349468 -23.355814944180576 -152.61558767865796 -142.91294642260948 -42.13654514713182 -42.282187795905003 178.04729971026845 -26.067336993831219 113.22033448685046 67.630503768057835 11.747281725084457 -61.921653910931482 -53.758704440468229 119.52709903314246 93.007543554029013 -39.741025741614777 35.234363878164714 -7.5252315819342401 81.191293745890704 15.033525445390454 -19.33162846552861 -121.92204854370863 -121.15940673170063 -80.772163761220085 -119.28382291423739
leaf_weight=9.9999999999999982 13.999999999999998 11.999999999999998 11.000000000000002 23 11.000000000000002 12.000000000000002 10.999999999999998 10.999999999999998 9.9999999999999982 14.999999999999998 19 15.999999999999998 16.000000000000004 13.000000000000002 11.999999999999998 10.999999999999998 9.9999999999999982 18 79 21.000000000000004 30 18 11.999999999999998 50 69 87 9.9999999999999982 64 11.999999999999998 10.999999999999998 13.000000000000002 49 18 50 29 48 10.999999999999998 32 11.999999999999998 116 35 18 25 18 9.9999999999999982 30 22 10.999999999999998 19 17 15.999999999999998 24 81 20 14.999999999999998 9.9999999999999982 9.9999999999999982 23 49 37 13.999999999999998 20
leaf_count=10 14 12 11 23 11 12 11 11 10 15 19 16 16 13 12 11 10 18 79 21 30 18 12 50 69 87 10 64 12 11 13 49 18 50 29 48 11 32 12 116 35 18 25 18 10 30 22 11 19 17 16 24 81 20 15 10 10 23 49 37 14 20
internal_value=0.336685 70.7598 152.504 -96.028 32.1832 345.483 123.547 -38.0847 38.0728 433.043 170.659 15.9068 38.2342 69.7734 108.252 133.263 140.163 179.071 -135.684 89.7676 12.7697 36.4541 124.846 4.88395 137.949 -57.3041 64.8954 -16.8656 77.8009 -13.7677 -35.1589 2.75362 254.126 86.6831 101.042 -103.879 -21.1042 16.891 43.5727 -147.911 -139.468 -83.5707 -9.1077 144.292 25.2218 95.5028 33.2633 -47.4211 -60.3611 -85.4753 150.229 73.1289 -33.5787 12.3184 -38.0158 42.8333 -25.91 -35.8523 -123.767 -132.159 -112.92 -98.2398
internal_weight=1620 936 300 684 636 39 261 278 56 27 139 524 299 122 112 83 102 47 406 100 182 29 91 166 79 222 71 94 117 225 98 127 37 105 79 113 22 93 44 293 214 66 46 36 31 40 72 179 64 30 29 36 92 34 34 26 35 34 98 47 63 43
internal_count=1620 936 300 684 636 39 261 278 56 27 139 524 299 122 112 83 102 47 406 100 182 29 91 166 79 222 71 94 117 225 98 127 37 105 79 113 22 93 44 293 214 66 46 36 31 40 72 179 64 30 29 36 92 34 34 26 35 34 98 47 63 43
is_linear=0
shrinkage=0.03


Tree=68
num_leaves=63
num_cat=0
split_feature=18 18 12 12 16 15 24 6 23 12 18 23 16 6 18 3 13 18 8 24 7 16 18 17 22 16 6 7 24 6 20 10 6 15 6 12 17 16 11 18 7 15 18 18 15 22 13 10 16 23 22 23 19 24 18 20 7 23 7 19 3 21
split_gain=1.14971e+10 3.08663e+09 1.74978e+09 1.6431e+09 1.07641e+09 7.05798e+08 6.90438e+08 4.25951e+08 5.95717e+08 4.24017e+08 3.66608e+08 3.1978e+08 3.11506e+08 2.64806e+08 2.2699e+08 1.63725e+08 1.46863e+08 1.64671e+08 1.54154e+08 1.34103e+08 1.22016e+08 1.61555e+08 1.25534e+08 1.10729e+08 1.01299e+08 1.4927e+08 9.92126e+07 1.05184e+08 9.34977e+07 8.35326e+07 8.1082e+07 7.60218e+07 7.30602e+07 7.20502e+07 7.12236e+07 6.61781e+07 6.3657e+07 5.90774e+07 5.76661e+07 5.48948e+07 4.48889e+07 4.32469e+07 4.10988e+07 3.75808e+07 3.28472e+07 3.28451e+07 3.24539e+07 3.17698e+07 3.08349e+07 3.03138e+07 2.95052e+07 2.68436e+07 2.60858e+07 2.39872e+07 2.39849e+07 2.32128e+07 1.83713e+07 1.79375e+07 1.61569e+07 1.72052e+07 1.55597e+07 1.52935e+07
threshold=43515.05000000001 73508.35000000002 1.0326530610178755 0.96693877531482231 -1.0000000180025095e-35 -6333.3333333333312 52630.625000000007 1.0000000180025095e-35 46586.150000000009 1.0267857140995378 108144.60000000002 56950.515384615392 0.0051282388444369173 1.0000000180025095e-35 58518.350000000006 57280.625000000007 1.1261261259281683 79169.450000000012 1.0000000180025095e-35 37090.350000000006 -0.24999999999999997 0.0037543201186628354 59967.100000000006 0.075434243158852596 4561.9533300010216 0.0049140049140049555 1.0000000180025095e-35 -0.24999999999999997 41009.805000000008 1.0000000180025095e-35 60379.850000000006 -0.70581670320594803 1.0000000180025095e-35 2050.4266666666667 1.0000000180025095e-35 1.1814593759708412 0.079999999981887865 0.0037543201186628354 0.87850467273699395 88851.200000000012 -0.93301270189221919 -5377.54 63299.650000000001 37927.400000000009 -5921.0250000000005 18141.490044905473 0.89830508459426428 0.8542199457734333 0.0049140049140049555 47531.580769230779 14149.358141485291 48003.311538461545 59514.000000000007 38478.575000000004 80288.900000000009 42647.200000000004 0.68301270189221941 82963.484615384616 -0.24999999999999997 34184.000000000007 42805.500000000007 29674.587500000005
decision_type=2 2 2 2 2 2 2 2 2 2 2 2 2 2 2 2 2 2 2 2 2 2 2 2 2 2 2 2 2 2 2 2 2 2 2 2 2 2 2 2 2 2 2 2 2 2 2 2 2 2 2 2 2 2 2 2 2 2 2 2 2 2
left_child=3 4 5 15 14 -3 12 28 41 -7 16 19 38 20 23 34 17 57 -19 -6 -13 22 -22 -2 25 -15 27 51 60 56 -23 -28 -14 -12 53 42 -16 -29 54 -34 -33 -9 -26 58 -36 -41 61 49 -43 -25 -40 -21 -38 -1 -4 -45 -17 -8 -30 -60 -5 -31
right_child=1 2 6 7 11 9 10 8 -10 -11 33 13 32 24 36 29 -18 18 -20 26 21 30 -24 47 35 -27 31 37 43 46 -32 40 39 -35 44 -37 52 -39 50 45 -42 48 -44 55 -46 -47 -48 -49 -50 -51 -52 -53 -54 -55 -56 -57 -58 -59 59 -61 -62 -63
leaf_value=-174.05658555821802 166.96061901392028 142.16318877921617 187.24744159261684 -76.932665595835687 -113.79769577438768 553.94086010136857 58.699835716453741 42.79445332295186 245.57712129196318 310.15885530383377 288.3812061825098 91.241875549695493 -24.566587966160217 60.540524344259858 242.84434033686568 -138.18367261891876 37.02153193828488 135.32022866664786 232.67343484111211 -19.827458723352311 4.7598082608050705 -122.39532765605662 75.643640386837035 40.545987276117856 31.740119295872095 194.17143539778141 85.051888415362399 -14.449577434764187 -33.607603139040755 -47.28563229904961 -23.123008332710672 -26.146954028333734 11.209226650697065 201.03074043400377 -107.40550817067037 -15.080372924804687 190.52926018792223 -75.981918723552724 118.80345678104374 47.793305059290674 14.522536311132983 -42.909156349484185 80.172672274401222 -75.562920186259973 -138.0756159063217 113.2504895349451 -117.68517498944257 17.657110961309751 19.236151156283839 94.722960861835276 52.327556273205452 34.182592577578419 129.27793595287679 -147.93948764812691 123.91547185124578 -27.243809415675543 -98.674933353892527 108.32955338451742 -91.993792502893271 -57.560451348537207 -114.09910185176612 -87.926816567665298
leaf_weight=55 11.999999999999998 11.999999999999998 13.000000000000002 22 10.999999999999998 12.000000000000002 11.000000000000002 10.999999999999998 9.9999999999999982 14.999999999999998 19 15.999999999999998 18 18 9.9999999999999982 36 11.999999999999998 35 26 13.999999999999998 99 9.9999999999999982 29 13.999999999999998 24 13.000000000000002 10.999999999999998 22 17 29 28 34 24 18 50 10.999999999999998 11.000000000000002 39 16.000000000000004 19.000000000000004 86 25 47 9.9999999999999982 98 10.999999999999998 10.999999999999998 9.9999999999999982 9.9999999999999982 29 9.9999999999999982 20 18 98 10.999999999999998 82 17 18 18 52 21 11.999999999999998
leaf_count=55 12 12 13 22 11 12 11 11 10 15 19 16 18 18 10 36 12 35 26 14 99 10 29 14 24 13 11 22 17 29 28 34 24 18 50 11 11 39 16 19 86 25 47 10 98 11 11 10 10 29 10 20 18 98 11 82 17 18 18 52 21 12
internal_value=0.33078 68.6478 147.954 -93.1521 31.222 335.199 119.857 -36.9424 36.945 420.151 165.561 13.9561 67.6911 34.7987 119.445 -131.622 135.973 149.111 177.128 -11.9908 12.3886 4.73796 20.866 84.8956 70.8498 117.024 -6.98749 -30.3126 -55.5889 -99.1629 -49.5001 9.93787 27.6758 246.543 -142.908 53.2726 176.663 -53.8499 125.143 45.1032 2.98731 -8.84404 63.8688 -46 -127.794 72.0909 -71.9048 66.0354 -25.1491 77.219 93.5344 11.9501 153.086 -157.436 158.855 -32.5723 -125.721 89.771 -60.1456 -66.5334 -95.3064 -59.3657
internal_weight=1620 936 300 684 636 39 261 278 56 27 139 532 122 295 104 406 102 90 61 237 182 166 128 65 113 31 226 95 222 105 38 131 72 37 301 82 39 61 50 54 120 46 71 179 148 30 52 53 35 43 26 34 29 153 24 92 53 29 87 70 43 41
internal_count=1620 936 300 684 636 39 261 278 56 27 139 532 122 295 104 406 102 90 61 237 182 166 128 65 113 31 226 95 222 105 38 131 72 37 301 82 39 61 50 54 120 46 71 179 148 30 52 53 35 43 26 34 29 153 24 92 53 29 87 70 43 41
is_linear=0
shrinkage=0.03


Tree=69
num_leaves=63
num_cat=0
split_feature=18 18 12 12 16 1 15 14 12 6 23 0 23 16 6 18 1 24 7 16 18 14 17 18 22 16 14 6 7 2 20 11 15 18 7 22 12 17 14 16 18 11 18 22 6 18 7 16 15 6 6 8 23 14 22 8 24 23 0 20 12 20
split_gain=1.08201e+10 2.90532e+09 1.64728e+09 1.54618e+09 1.01327e+09 7.28662e+08 6.64382e+08 4.02892e+08 3.99216e+08 3.82249e+08 4.59464e+08 3.78597e+08 3.00951e+08 2.68187e+08 2.49234e+08 2.13712e+08 1.59323e+08 1.26253e+08 1.14854e+08 1.52066e+08 1.18142e+08 1.11962e+08 1.04255e+08 1.02573e+08 9.5377e+07 1.40523e+08 9.39705e+07 9.33686e+07 9.89852e+07 8.58216e+07 7.63438e+07 7.47235e+07 7.00664e+07 6.86917e+07 6.26997e+07 9.16534e+07 6.22813e+07 5.99501e+07 5.75398e+07 5.55931e+07 4.88165e+07 5.14257e+07 4.75521e+07 6.49974e+07 4.08907e+07 3.86717e+07 3.40706e+07 4.08369e+07 3.55871e+07 3.36709e+07 3.31298e+07 3.00538e+07 3.29851e+07 2.86274e+07 2.85629e+07 2.71294e+07 2.54833e+07 2.52662e+07 2.44146e+07 2.0063e+07 1.77803e+07 1.68524e+07
threshold=43515.05000000001 73508.35000000002 1.0326530610178755 0.96693877531482231 -1.0000000180025095e-35 42920.000000000007 -6333.3333333333312 0.19866036904789269 1.0267857140995378 1.0000000180025095e-35 78473.150000000009 40006.30000000001 56950.515384615392 0.0050761748317067487 1.0000000180025095e-35 58518.350000000006 34707.000000000007 37090.350000000006 -0.24999999999999997 0.0037543201186628354 59967.100000000006 0.21012658222621433 0.075434243158852596 100615.55 4561.9533300010216 0.0049140049140049555 0.27088607590008235 1.0000000180025095e-35 -0.24999999999999997 61250.000000000007 60379.850000000006 0.87850467273699395 2356.6666666666683 40304.150000000009 -0.93301270189221919 2093.8876452736126 1.1814593759708412 0.079999999981887865 0.276283618527008 0.0037543201186628354 100615.55 0.88799999985862599 77461.900000000009 11390.201640744677 1.0000000180025095e-35 63299.650000000001 -0.24999999999999997 0.0049140049140049555 -2233.0416666666674 1.0000000180025095e-35 1.0000000180025095e-35 0.6830127018922193 47531.580769230779 0.23341523337310963 15476.735992566928 0.93301270189221952 54446.875000000007 48003.311538461545 56051.250000000007 48546.80000000001 1.0698924728262924 56519.30000000001
decision_type=2 2 2 2 2 2 2 2 2 2 2 2 2 2 2 2 2 2 2 2 2 2 2 2 2 2 2 2 2 2 2 2 2 2 2 2 2 2 2 2 2 2 2 2 2 2 2 2 2 2 2 2 2 2 2 2 2 2 2 2 2 2
left_child=3 4 6 16 15 13 -3 11 -8 26 29 -5 17 31 18 22 49 -6 -14 20 -20 50 -2 -12 25 -16 42 28 57 -11 -21 -4 -25 46 -29 -36 45 -17 40 -30 41 -15 -7 -44 59 -26 47 -9 53 -1 -18 52 -24 -48 -33 58 -52 -19 -23 -35 -55 -39
right_child=1 2 5 7 12 9 8 33 -10 10 23 -13 14 38 24 37 21 27 19 30 -22 55 51 32 36 -27 -28 34 39 -31 -32 54 -34 44 35 -37 -38 61 -40 -41 -42 -43 43 -45 -46 -47 48 -49 -50 -51 56 -53 -54 60 -56 -57 -58 -59 -60 -61 -62 -63
leaf_value=-159.60935467185183 161.99320056001017 137.93353901004002 155.47326859723481 -10.527149233739017 -110.41452316696579 68.332280726668856 537.4599684433108 -54.932572449283654 300.91570894557117 176.38031701919874 359.50633054223385 218.90918326349541 88.521619763107765 -29.344302302180111 58.734342637878754 235.63114296488243 -110.67018324577943 -19.236853884433177 4.6171581877661287 -118.75982314308092 73.382129604693532 -126.84094472513985 40.928597780183985 274.7472538940936 30.791866664649042 188.39075773049851 31.848629410956519 -25.364845919734922 -14.018052082665903 75.458199334395559 -22.431786572873804 103.99180247932536 176.20466700185642 -66.309720022769383 82.819514519707269 7.9633101350227298 -14.632037699931375 171.58380979020069 -24.005764984737166 -73.708290565276073 92.798093736954314 44.796734590122838 116.15839359520874 208.40277962561879 27.0593431166972 77.772598138675562 -39.979396815536049 4.7083073817815215 -53.399643912562532 -133.86814137359522 -79.139232838624594 30.933092208326904 101.15227428089487 -82.775821132307996 42.249510679339416 -163.50966856839361 -28.081322433884079 33.162216480312061 -81.740226864414353 -24.302843789241418 -126.58249254532444 122.78050843583777
leaf_weight=101 11.999999999999998 11.999999999999998 24 18.000000000000004 10.999999999999998 9.9999999999999982 12.000000000000002 33 14.999999999999998 14.000000000000002 9.9999999999999982 9.9999999999999982 15.999999999999998 10.999999999999998 18 9.9999999999999982 26 13.999999999999998 99 9.9999999999999982 29 96 12.999999999999998 24 24 13.000000000000002 11.999999999999998 34 22 17 28 22 9.9999999999999982 12.999999999999998 18 79 10.999999999999998 15.000000000000002 14.999999999999998 39 12.999999999999998 35 24 9.9999999999999982 11.999999999999998 47 9.9999999999999982 14.999999999999998 79 95 47 17 23 27 9.9999999999999982 17 10.999999999999998 20 12.999999999999998 48 12.999999999999998 13.999999999999998
leaf_count=101 12 12 24 18 11 10 12 33 15 14 10 10 16 11 18 10 26 14 99 10 29 96 13 24 24 13 12 34 22 17 28 22 10 13 18 79 11 15 15 39 13 35 24 10 12 47 10 15 79 95 47 17 23 27 10 17 11 20 13 48 13 14
internal_value=0.32562 66.6007 143.542 -90.3631 30.2907 116.281 325.22 -35.8364 407.642 166.203 210.511 71.9017 13.5389 65.8852 33.7586 115.887 -127.681 -11.6326 12.0174 4.59464 20.2419 -109.395 82.3635 272.837 68.7336 113.537 106.592 -6.7779 -29.4056 121.457 -48.0265 115.363 246.366 -47.927 9.64142 21.9252 51.6779 171.407 28.3375 -52.2389 41.6633 27.0421 126.858 143.821 -23.3954 61.9575 -58.0256 -36.3237 -66.0664 -147.207 -82.3741 64.063 79.5785 -85.9332 84.8892 -127.329 -69.5209 11.5929 -121.542 -33.3491 -97.2932 148.527
internal_weight=1620 936 300 684 636 261 39 278 27 131 75 28 532 130 295 104 406 237 182 166 128 210 65 44 113 31 56 226 95 31 38 56 34 250 131 97 82 39 74 61 59 46 44 34 73 71 177 48 129 196 84 53 36 50 32 126 58 34 109 61 40 29
internal_count=1620 936 300 684 636 261 39 278 27 131 75 28 532 130 295 104 406 237 182 166 128 210 65 44 113 31 56 226 95 31 38 56 34 250 131 97 82 39 74 61 59 46 44 34 73 71 177 48 129 196 84 53 36 50 32 126 58 34 109 61 40 29
is_linear=0
shrinkage=0.03


Tree=70
num_leaves=63
num_cat=0
split_feature=23 6 23 12 12 19 1 5 23 27 12 9 6 23 23 11 1 5 12 0 4 22 0 14 27 20 8 20 17 9 24 1 20 20 20 20 19 24 1 14 9 0 14 20 22 6 6 3 23 12 27 22 22 13 8 21 24 23 0 24 9 9
split_gain=1.00406e+10 3.23453e+09 2.48033e+09 1.46605e+09 1.15908e+09 1.11146e+09 6.84352e+08 6.26453e+08 3.66559e+08 3.31875e+08 3.06144e+08 2.94772e+08 2.38186e+08 1.81476e+08 1.55581e+08 1.53723e+08 1.49226e+08 1.35591e+08 1.351e+08 1.27878e+08 1.15217e+08 1.13827e+08 1.11044e+08 1.05679e+08 9.71547e+07 9.51742e+07 9.49668e+07 1.30964e+08 8.62185e+07 7.86033e+07 7.75178e+07 7.26595e+07 7.03347e+07 6.52885e+07 6.19693e+07 5.86557e+07 5.70023e+07 5.6183e+07 4.63986e+07 4.27715e+07 3.88339e+07 3.84912e+07 3.66976e+07 3.5604e+07 3.50598e+07 3.16822e+07 3.08799e+07 3.03423e+07 2.95895e+07 2.87449e+07 4.62504e+07 2.74739e+07 2.63603e+07 2.57868e+07 2.55565e+07 2.53841e+07 2.39746e+07 2.33003e+07 2.2955e+07 2.13046e+07 2.03182e+07 1.74831e+07
threshold=46586.150000000009 1.0000000180025095e-35 83682.400000000009 0.97168539304328594 1.0326530610178755 33738.850000000006 42920.000000000007 1.0000000180025095e-35 61188.596153846163 1.0000000180025095e-35 1.1224489793650323 -0.35460488704253573 1.0000000180025095e-35 57199.780769230776 60896.976923076923 0.87850467273699395 34707.000000000007 1.0000000180025095e-35 1.0561797750387101 46081.525000000009 55470.625000000007 13129.28028695893 49116.875000000007 0.21012658222621433 1.0000000180025095e-35 81692.800000000017 0.6830127018922193 43561.200000000004 0.07542285723351326 -0.61559370248597534 45715.625000000007 30945.000000000004 95253.60000000002 117473.20000000001 60379.850000000006 47348.400000000009 108144.60000000002 54494.375000000007 34262.000000000007 0.27980535273976231 0.06026834012766185 64201.875000000007 0.23425692689183655 72853.900000000009 17104.405842652679 1.0000000180025095e-35 1.0000000180025095e-35 58014.375000000007 55459.396153846166 1.1612903222653153 1.0000000180025095e-35 2777.0393656196543 11744.232523798535 0.93069306912263394 0.93301270189221952 64918.36250000001 54446.875000000007 41269.757692307692 56051.250000000007 60070.625000000007 -0.91023613416931226 0.8542199457734333
decision_type=2 2 2 2 2 2 2 2 2 2 2 2 2 2 2 2 2 2 2 2 2 2 2 2 2 2 2 2 2 2 2 2 2 2 2 2 2 2 2 2 2 2 2 2 2 2 2 2 2 2 2 2 2 2 2 2 2 2 2 2 2 2
left_child=3 6 5 16 -4 -3 11 8 24 20 25 30 31 35 26 53 45 51 37 -20 41 22 -16 46 38 -6 27 -9 -19 -26 -2 -5 -11 47 -17 -13 -27 -10 -7 -32 57 43 -42 -8 -23 -1 -18 -34 -22 50 -37 60 -53 -15 58 -36 -48 -33 -25 -50 -14 -51
right_child=1 2 4 12 10 7 9 14 18 32 -12 13 17 15 21 34 23 28 19 -21 48 44 -24 54 29 36 -28 -29 -30 -31 39 40 33 -35 55 49 -38 -39 -40 -41 42 -43 -44 -45 -46 -47 56 -49 59 61 -52 52 -54 -55 -56 -57 -58 -59 -60 -61 -62 -63
leaf_value=-154.82581054687503 -171.30918234947885 400.73148077332149 490.01001478332182 -89.739482607231224 201.91938977625978 -15.331535950908512 106.4377075877693 90.293410164349439 5.4585126323600086 182.80655362893606 83.355053002743333 -77.383000156868633 -21.211942488180615 50.564259132265413 163.18103563969674 -48.603455244818726 -107.71242152483813 121.89808798610574 40.747508883023151 120.80145140695998 29.07081640564569 116.22539882726831 304.48758439347546 -123.03967572739174 33.260223278674772 351.95162950572387 51.546607098495748 209.33786278257975 17.945414835409338 131.33801011266786 -34.631280275301158 -39.809287388630402 101.31003510056878 160.32474046439179 -4.0121638759864764 -23.596142106531609 242.77791529287202 76.607225942024115 25.703480208030733 -117.32199057701791 -11.923333055650865 11.762966186113594 -72.78390086786662 42.798055153130001 186.91808481577277 -129.85631973025926 -76.770095566670605 36.941704142802472 -65.54950481754716 -45.718675783394303 44.945703341901798 -45.984316827044637 -2.5924353284466988 105.84219061232704 -158.63306409333879 25.878055703444385 -27.246473256703968 2.964101842244466 -79.306738970807501 -9.8247321183340866 37.599876346399284 -12.365686180911844
leaf_weight=101 9.9999999999999982 9.9999999999999982 18 46 19 38 15.999999999999998 21 19 12.999999999999998 12.999999999999998 22 11.000000000000002 19 10.000000000000002 20 25 9.9999999999999982 22 101 9.9999999999999982 17.000000000000004 10.999999999999998 96 19.000000000000004 10.000000000000002 17 13.999999999999998 25 11.999999999999998 13.000000000000002 35 17.000000000000004 11.999999999999998 59 33 9.9999999999999982 21 71 9.9999999999999982 10.999999999999998 11.999999999999998 48 15.999999999999998 10.999999999999998 95 47 10.999999999999998 10.000000000000002 49 11.999999999999998 42 18 12.999999999999998 17 45 10.999999999999998 17 12.999999999999998 15.999999999999998 9.9999999999999982 20
leaf_count=101 10 10 18 46 19 38 16 21 19 13 13 22 11 19 10 20 25 10 22 101 10 17 11 96 19 10 17 14 25 12 13 35 17 12 59 33 10 21 71 10 11 12 48 16 11 95 47 11 10 49 12 42 18 13 17 45 11 17 13 16 10 20
internal_value=0.321167 63.6811 117.75 -87.7063 282.804 89.7802 6.53 81.9861 60.383 63.8285 210.276 -16.9307 -33.9576 -7.31028 146.672 14.7685 -123.92 -1.35188 90.9517 106.528 25.1987 185.136 238.291 -106.158 24.7527 252.262 110.14 138.372 47.9089 71.5261 -101.778 -58.0323 121.98 101.805 -0.378308 -32.6282 298.844 42.9096 11.3967 -70.9361 -44.8234 57.7105 -61.4764 74.8504 144.564 -142.796 -79.6859 76.244 -14.5876 -23.931 -5.25912 -22.6703 -32.9928 73.2808 -123.518 8.93351 -67.4408 -25.8468 -117.901 -31.4265 6.83901 -36.0831
internal_weight=1620 942 484 678 70 414 458 404 303 133 52 325 273 292 101 156 405 116 163 123 80 49 21 209 140 39 52 35 35 31 33 157 53 40 124 136 20 40 109 23 111 44 59 32 28 196 83 28 36 114 45 81 60 32 126 104 58 52 109 26 21 69
internal_count=1620 942 484 678 70 414 458 404 303 133 52 325 273 292 101 156 405 116 163 123 80 49 21 209 140 39 52 35 35 31 33 157 53 40 124 136 20 40 109 23 111 44 59 32 28 196 83 28 36 114 45 81 60 32 126 104 58 52 109 26 21 69
is_linear=0
shrinkage=0.03


Tree=71
num_leaves=63
num_cat=0
split_feature=18 18 12 14 21 14 14 24 18 22 6 16 8 6 22 14 16 11 12 15 22 13 8 22 12 10 13 7 14 7 22 9 2 3 6 18 0 18 20 6 11 16 18 16 18 18 18 7 8 7 8 18 2 0 8 16 0 18 14 24 2 0
split_gain=9.57063e+09 2.39821e+09 1.66194e+09 1.2246e+09 7.66537e+08 5.83906e+08 5.00181e+08 3.82638e+08 3.66273e+08 4.37314e+08 2.81741e+08 2.58134e+08 2.36128e+08 2.18168e+08 3.03731e+08 2.16814e+08 1.90913e+08 1.73805e+08 2.85159e+08 1.4152e+08 1.41005e+08 1.37286e+08 1.29928e+08 1.22056e+08 1.19986e+08 1.07165e+08 9.94681e+07 9.75671e+07 9.55475e+07 8.99863e+07 8.92673e+07 7.51701e+07 7.10593e+07 6.52205e+07 5.65953e+07 5.47308e+07 5.04149e+07 4.42514e+07 3.98374e+07 3.79989e+07 3.38866e+07 3.21855e+07 4.90573e+07 3.15969e+07 3.07215e+07 3.06682e+07 2.9519e+07 2.57015e+07 2.53811e+07 2.44045e+07 1.77564e+07 1.63911e+07 1.6075e+07 1.54121e+07 1.53523e+07 1.3752e+07 1.34435e+07 1.32858e+07 1.24409e+07 1.16349e+07 8.31872e+06 8.12221e+06
threshold=46445.350000000006 111700.15000000001 0.96107142840192339 0.21717973125094933 69923.362500000017 0.21717973125094933 0.1634562465166825 56820.000000000007 72035.650000000009 10834.934566728369 1.0000000180025095e-35 -0.075399971249820216 0.93301270189221952 1.0000000180025095e-35 764.90113071877727 0.24938271600328019 0.0050505372572776661 0.8785046727287783 1.1814593759708412 -6165.5250000000005 18374.23406570682 1.1261261259281683 0.93301270189221952 27294.740151761671 1.0510204079529759 0.61559370248597567 0.92708333314018987 -0.93301270189221919 0.26184538648778616 -0.6830127018922193 13227.450487089251 -0.1799261722714405 51890.625000000007 41953.500000000007 1.0000000180025095e-35 53662.900000000009 38408.750000000007 57016.650000000001 18491.000000000004 1.0000000180025095e-35 1.0593406591030845 0.086956521739130502 55231.500000000007 0.0050251573518178558 50493.250000000007 40304.150000000009 40827.950000000004 0.68301270189221941 1.0000000180025095e-35 -0.24999999999999997 1.0000000180025095e-35 11357.950000000003 52349.375000000007 51514.000000000007 0.93301270189221952 0.0037543201186628354 47699.125000000007 38172.30000000001 0.23809523804667135 40666.870000000003 65340.000000000007 49116.875000000007
decision_type=2 2 2 2 2 2 2 2 2 2 2 2 2 2 2 2 2 2 2 2 2 2 2 2 2 2 2 2 2 2 2 2 2 2 2 2 2 2 2 2 2 2 2 2 2 2 2 2 2 2 2 2 2 2 2 2 2 2 2 2 2 2
left_child=2 3 19 8 10 -3 -4 12 11 -10 16 29 24 26 -15 -9 22 44 27 34 56 28 35 25 -6 -7 47 -19 -17 30 -2 -24 -26 -16 51 -5 -21 -31 59 54 -20 42 -18 46 -12 57 52 49 -47 -8 -41 -1 -28 -52 61 -51 -11 -35 -48 -36 -53 -38
right_child=1 5 6 4 7 23 13 15 9 20 17 -13 -14 14 33 21 41 18 40 36 -22 -23 31 -25 32 -27 43 -29 -30 37 -32 -33 -34 45 38 -37 39 -39 -40 50 -42 -43 -44 -45 -46 48 58 -49 -50 55 53 60 -54 -55 -56 -57 -58 -59 -60 -61 -62 -63
leaf_value=-152.04760311919864 233.10867550684392 419.53302546823261 178.1913036754344 3.4271949038250229 -14.606196501358692 208.20884236923112 -52.095772354450638 218.26414581804642 368.7423269628099 132.11774508334614 4.9917319088087551 -22.545771161544419 -68.599152078831452 161.89524556074994 51.061966556858373 82.096044471241584 -74.047669422662068 10.543257210380151 -40.337758563333303 -152.01135967500593 245.71831591313426 32.211579954037489 -117.02374181766318 269.85450434258644 36.908066792710919 80.358788869121298 -36.984570006841345 87.737828764902702 150.09074378752138 65.924633928794222 113.05390024546031 -3.6375715266047299 91.410684675282056 -33.4588946225184 -111.16352663730054 41.63057812666208 -134.99272514312375 132.20701799802129 -34.996259507658728 -126.97115789429752 14.030462555361543 -86.038276295158425 -14.1870613939517 -78.85577549410182 -51.134516622978346 -30.910501898961346 8.3182882201216604 -41.769220957654596 28.848961511560386 -87.641527654474416 -107.43421460308998 -91.1231023394337 -65.983864710423859 -70.606004703602906 -160.52628716767722 -126.28277864314309 80.914402290570862 -76.584011527396541 -24.37160072455972 -77.599325745881814 -121.99646241583216 -112.00564486266259
leaf_weight=9.9999999999999982 12.000000000000002 14.999999999999998 9.9999999999999982 69 15.999999999999998 15.000000000000002 13.999999999999998 18 11.999999999999998 10.000000000000005 18 11.999999999999998 13.999999999999998 9.9999999999999982 10.999999999999998 32 20 17 11.999999999999998 79 9.9999999999999982 19 10.000000000000002 13.999999999999998 32 9.9999999999999982 71 112 46 18 10.999999999999998 10.999999999999998 67 16.000000000000004 13.999999999999998 66 74 19 18 35 70 15.999999999999998 32 14.999999999999998 17 15.000000000000002 12.999999999999998 13.999999999999998 10.999999999999998 34 49 18 23 13.999999999999998 20 11.999999999999998 9.9999999999999982 10.999999999999998 53 34 18 22
leaf_count=10 12 15 10 69 16 15 14 18 12 10 18 12 14 10 11 32 20 17 12 79 10 19 10 14 32 10 71 112 46 18 11 11 67 16 14 66 74 19 18 35 70 16 32 15 17 15 13 14 11 34 49 18 23 14 20 12 10 11 53 34 18 22
internal_value=0.316419 67.0133 -79.3928 54.3618 39.7713 260.545 -29.7312 82.9017 145.629 216.037 17.3674 104.315 47.3741 -36.2216 8.99637 122.679 -6.97323 39.525 49.7923 -120.208 153.933 104.734 11.3151 198.479 61.5399 157.593 -49.6581 77.581 122.336 129.682 176.429 -57.9299 73.8487 -15.1093 -91.3482 22.1214 -131.205 100.226 -73.328 -123.457 6.03466 -48.8838 -37.3084 -37.2914 -22.3375 -28.9133 -33.3479 -78.8138 -5.61387 -87.3736 -109.35 -116.988 -44.1428 -99.3751 -135.27 -97.974 107.046 -51.2463 -17.9298 -87.5997 -106.855 -129.847
internal_weight=1620 882 738 828 714 54 333 244 114 42 470 72 129 323 74 115 224 246 211 405 30 97 156 39 115 25 249 129 78 60 23 21 99 64 112 135 293 37 66 214 82 68 52 175 35 53 160 74 26 60 98 46 94 63 116 46 20 27 66 48 36 96
internal_count=1620 882 738 828 714 54 333 244 114 42 470 72 129 323 74 115 224 246 211 405 30 97 156 39 115 25 249 129 78 60 23 21 99 64 112 135 293 37 66 214 82 68 52 175 35 53 160 74 26 60 98 46 94 63 116 46 20 27 66 48 36 96
is_linear=0
shrinkage=0.03


Tree=72
num_leaves=63
num_cat=0
split_feature=18 23 12 6 12 14 6 14 1 23 8 2 11 6 22 6 19 23 15 20 20 7 22 14 13 17 18 17 23 7 19 10 3 7 7 12 8 6 13 18 1 23 20 6 18 18 23 19 19 14 7 8 7 20 20 3 8 14 19 17 8 18
split_gain=9.00701e+09 2.28308e+09 1.56403e+09 1.20197e+09 9.90497e+08 8.96955e+08 4.92024e+08 4.70877e+08 3.98432e+08 3.2121e+08 2.23207e+08 2.19538e+08 2.11626e+08 2.05347e+08 2.8595e+08 1.94749e+08 1.89331e+08 1.46185e+08 1.33107e+08 1.14809e+08 1.12293e+08 1.07449e+08 1.3794e+08 9.52191e+07 9.36317e+07 9.20147e+07 9.64422e+07 8.76824e+07 8.28313e+07 7.81716e+07 9.51736e+07 6.8643e+07 6.13978e+07 5.78502e+07 9.92927e+07 5.65649e+07 5.58547e+07 5.3285e+07 5.00304e+07 4.93219e+07 4.74201e+07 3.95296e+07 3.74918e+07 3.57565e+07 2.96347e+07 2.88713e+07 3.29808e+07 2.86006e+07 2.57059e+07 2.49444e+07 2.41873e+07 2.38926e+07 2.29649e+07 2.28569e+07 2.37996e+07 2.08533e+07 2.07168e+07 1.9335e+07 1.83682e+07 1.71205e+07 1.67099e+07 1.54429e+07
threshold=46445.350000000006 78473.150000000009 0.96107142840192339 1.0000000180025095e-35 1.0297193875575261 0.21717973125094933 1.0000000180025095e-35 0.1634562465166825 42920.000000000007 61188.596153846163 0.93301270189221952 60937.500000000007 0.97457627102449618 1.0000000180025095e-35 764.90113071877727 1.0000000180025095e-35 87880.050000000003 70608.661538461558 -6165.5250000000005 45985.850000000013 37700.900000000009 -0.93301270189221919 2673.6846364669877 0.24938271599550557 0.92708333314018987 0.075479115460650545 74296.250000000015 0.0799999999828752 52666.215384615396 1.0000000180025095e-35 59333.55000000001 -0.61559370248597534 41953.500000000007 -0.24999999999999997 0.68301270189221941 1.0561797750387101 0.25000000000000017 1.0000000180025095e-35 1.0370326112128696 71510.450000000026 30529.000000000004 57761.180769230778 18491.000000000004 1.0000000180025095e-35 63603.500000000007 40304.150000000009 39452.942307692319 90719.950000000012 39280.900000000001 0.219342946937647 0.68301270189221941 1.0000000180025095e-35 -0.24999999999999997 50188.150000000009 51897.150000000001 51632.500000000007 -0.24999999999999997 0.28080043195663057 41203.700000000004 0.079999999983198497 1.0000000180025095e-35 11357.950000000003
decision_type=2 2 2 2 2 2 2 2 2 2 2 2 2 2 2 2 2 2 2 2 2 2 2 2 2 2 2 2 2 2 2 2 2 2 2 2 2 2 2 2 2 2 2 2 2 2 2 2 2 2 2 2 2 2 2 2 2 2 2 2 2 2
left_child=2 5 18 11 59 15 10 -4 55 20 28 39 16 24 -15 27 -10 -12 37 -17 48 -11 -23 38 50 -21 44 -2 58 41 -31 -25 -16 -13 47 -24 -18 61 -22 -3 -20 -30 -39 -42 -27 46 -34 -35 -8 -26 52 -47 -9 57 -55 -6 -50 -51 -7 -5 -45 -1
right_child=1 3 7 4 8 6 9 13 12 21 17 33 -14 14 32 19 36 -19 40 25 23 22 35 31 49 26 -28 -29 29 30 -32 -33 45 34 -36 -37 -38 42 -40 -41 43 -43 -44 60 -46 51 -48 -49 56 53 -52 -53 -54 54 -56 -57 -58 -59 -60 -61 -62 -63
leaf_value=-147.53133900255258 -20.066003632498251 38.200499343241532 172.89849786588462 463.91084255105181 108.68323679331183 -66.639090225672959 -52.950427234007584 -50.543983569855392 379.44223323406555 34.190045007540093 -144.68072539272686 175.02543261235303 109.78714908486546 157.08646746644879 49.543907367603204 82.562189289512432 188.40487473872662 -16.305430637158842 -147.45678535625396 242.8056451365573 40.703445197372076 173.5287979648653 46.757490337005287 79.83665627615791 9.7446196406902654 78.896783686235892 208.52781265164009 102.24241107837574 34.372357423460329 -24.514853496041525 24.04220634623249 11.921165131593913 -24.044827764745335 23.599454154022464 151.18818847656246 96.903177186061143 279.05458086993247 -84.983487023177105 103.21656091448904 -51.597663519830995 -131.22262504794494 103.57112717087205 -33.952171765743699 -123.17287606002935 140.4169088888917 -29.989326611702008 -92.700118470144758 85.910254741946588 37.884162769884171 -63.606482064528365 -40.52503085521942 27.991289557379641 -95.048688827150542 7.3623198781114949 -35.24054215095304 49.564563417176942 -10.72173710528503 -32.918250895348663 -19.7436528643738 382.56898645382114 -96.402294876412995 -103.66710659544883
leaf_weight=9.9999999999999982 10.000000000000002 12.000000000000002 9.9999999999999982 10.000000000000002 11.000000000000002 9.9999999999999982 9.9999999999999982 13.999999999999998 9.9999999999999982 31 14.999999999999998 9.9999999999999982 9.9999999999999982 9.9999999999999982 10.999999999999998 19 17.000000000000004 17 79 11.999999999999998 21 18 28 15.999999999999998 9.9999999999999982 12.000000000000002 15.999999999999998 10.999999999999998 23 56 103 80 17.000000000000004 12.000000000000002 17 76 10.999999999999998 48 26 9.9999999999999982 116 10.999999999999998 18 35 19 15.000000000000002 9.9999999999999982 14.999999999999998 9.9999999999999982 45 13.999999999999998 10.999999999999998 46 13.999999999999998 74 10.999999999999998 36 32 30 9.9999999999999982 63 36
leaf_count=10 10 12 10 10 11 10 10 14 10 31 15 10 10 10 11 19 17 17 79 12 21 18 28 16 10 12 16 11 23 56 103 80 17 12 17 76 11 48 26 10 116 11 18 35 19 15 10 15 10 45 14 11 46 14 74 11 36 32 30 10 63 36
internal_value=0.308686 65.0119 -77.0179 165.222 239.361 41.7589 28.2977 -28.8413 185.692 51.5372 -2.57916 77.227 234.105 -35.1387 8.73056 125.54 266.446 -76.7447 -116.613 147.36 26.3879 84.2091 96.8804 40.4826 -48.1744 168.052 148.491 44.1811 7.63521 15.78 6.93567 23.3117 -14.6589 109.721 94.5152 83.4603 224.884 -88.6235 75.431 -2.66549 -127.278 56.9984 -71.1383 -119.763 116.933 -28.0523 -49.7211 58.4059 -9.61184 -36.176 -76.4619 -5.44569 -84.7657 -38.9633 -28.4621 79.4821 -0.0959147 -50.9122 -31.6045 425.346 -106.079 -113.502
internal_weight=1620 882 738 166 90 716 617 333 70 352 265 76 48 323 74 99 38 32 405 78 199 153 122 143 249 59 47 21 233 193 159 96 64 54 44 104 28 112 47 22 293 34 66 214 31 53 27 27 56 175 74 26 60 165 88 22 46 77 40 20 98 46
internal_count=1620 882 738 166 90 716 617 333 70 352 265 76 48 323 74 99 38 32 405 78 199 153 122 143 249 59 47 21 233 193 159 96 64 54 44 104 28 112 47 22 293 34 66 214 31 53 27 27 56 175 74 26 60 165 88 22 46 77 40 20 98 46
is_linear=0
shrinkage=0.03


Tree=73
num_leaves=63
num_cat=0
split_feature=18 23 12 6 12 6 17 12 1 23 8 0 16 23 11 21 1 12 1 20 18 1 6 21 12 0 27 1 6 13 0 13 16 2 10 18 15 18 12 0 24 16 18 17 16 6 18 11 21 15 8 9 17 0 15 20 19 20 21 10 20 15
split_gain=8.47668e+09 2.1495e+09 1.4718e+09 1.13163e+09 9.3259e+08 8.3259e+08 5.14922e+08 4.47453e+08 3.75076e+08 3.50555e+08 3.09293e+08 2.11927e+08 2.0654e+08 2.02158e+08 1.99208e+08 2.15251e+08 1.93654e+08 1.90878e+08 1.27676e+08 1.25032e+08 1.0379e+08 9.45748e+07 8.47524e+07 8.28131e+07 8.21306e+07 1.0388e+08 8.10819e+07 8.20755e+07 7.97617e+07 8.18651e+07 7.31643e+07 7.17675e+07 7.16925e+07 6.85307e+07 5.74279e+07 5.33172e+07 4.68797e+07 4.64128e+07 4.39745e+07 4.86918e+07 4.2464e+07 3.97108e+07 3.67235e+07 3.25464e+07 3.03468e+07 2.6826e+07 2.60942e+07 2.17166e+07 2.1583e+07 2.02199e+07 1.88822e+07 1.72633e+07 1.61185e+07 1.53132e+07 1.49506e+07 1.48699e+07 1.48009e+07 1.54697e+07 1.46968e+07 1.4258e+07 1.37983e+07 1.22448e+07
threshold=46445.350000000006 78473.150000000009 0.96107142840192339 1.0000000180025095e-35 1.0297193875575261 1.0000000180025095e-35 0.041245326282528236 0.97822784785606387 42920.000000000007 61188.596153846163 0.93301270189221952 57604.375000000007 0.0050505372572776661 69593.784615384633 0.97457627102449618 105242.65000000002 41970.000000000007 1.0849056601679423 34707.000000000007 45985.850000000013 61631.000000000007 33323.000000000007 1.0000000180025095e-35 69519.050000000017 1.0561797750387101 46081.525000000009 1.0000000180025095e-35 41970.000000000007 1.0000000180025095e-35 0.9230769228688458 42040.780000000006 1.1272093600134998 0.0037543201186628354 58933.750000000007 0.12053668025532312 79169.450000000012 -6147.0833333333312 52055.200000000004 1.1166071426234068 52010.125000000007 54494.375000000007 0.0050251573518178558 55231.500000000007 0.075365239276938875 0.0049889909738903846 1.0000000180025095e-35 51612.650000000009 0.94398340229855504 49744.712500000016 -2294.8749999999995 0.93301270189221952 -0.66312265824079519 0.079999999983198497 39341.225000000006 -5855.1249999999991 58561.80000000001 24003.150000000005 18491.000000000004 28616.800000000007 -0.98182534576205283 32912.900000000009 2037.3583333333338
decision_type=2 2 2 2 2 2 2 2 2 2 2 2 2 2 2 2 2 2 2 2 2 2 2 2 2 2 2 2 2 2 2 2 2 2 2 2 2 2 2 2 2 2 2 2 2 2 2 2 2 2 2 2 2 2 2 2 2 2 2 2 2 2
left_child=2 5 18 11 52 10 9 -4 -6 21 12 -3 20 -12 15 -10 28 19 45 -8 37 48 50 42 40 -26 27 -23 29 53 -21 -27 35 -32 -17 -13 56 59 49 -40 -11 44 -14 -39 -31 -1 -19 -15 -7 60 54 -50 -5 -9 -20 -44 57 -24 -55 -2 -30 -48
right_child=1 3 7 4 8 6 17 16 14 24 13 32 23 47 -16 34 -18 46 22 30 -22 26 36 -25 25 31 -28 -29 38 41 33 -33 -34 -35 -36 -37 -38 43 39 -41 -42 -43 55 -45 -46 -47 61 -49 51 -51 -52 -53 -54 58 -56 -57 -58 -59 -60 -61 -62 -63
leaf_value=-141.64435393290987 32.302123276994031 -18.318594130131235 137.43316852975397 450.13131700572382 77.119087552031786 -39.694393542844857 81.611418760520976 -67.889999239042211 364.21710743801651 5.2671303951666211 -183.09167101142819 84.863708266013575 -78.474407785899601 -57.856831170159403 106.52614417047785 157.81641821995251 77.728145927836877 38.225516393436408 -98.412932377521955 98.462618734529713 85.550184813751557 11.255922486073263 -59.610467866189879 26.396272758763498 35.240241108199584 120.62865436430403 91.492793115436697 89.42897411589928 0.50531845946338283 -38.412935797266897 231.85102845149251 50.11680016559103 49.392774706388771 155.37900476767246 250.56616958942817 153.66500312309759 -96.322804336955826 27.961101644596877 56.716174654047528 -29.621158791721456 70.108940010251587 -79.93899486940299 -3.6643124649372507 83.210848033492624 15.315599369011302 -118.67755287916503 111.58792223131331 3.0669268940462926 -14.563345978972198 -64.496192505295213 -145.78031258566335 32.456968616447824 371.20555461014851 -76.438471051206662 -124.55744175227606 -42.015944529566269 -80.797266061542842 -17.111748519771357 -128.45359770903715 -5.0841359533967267 -36.58641899656854 65.462255793391051
leaf_weight=101 10.999999999999998 17 13.999999999999998 10.000000000000002 22 20 18 23 11.999999999999998 15.999999999999998 11.999999999999998 19 20 11.000000000000002 9.9999999999999982 12.000000000000002 12.999999999999998 15.999999999999998 49 9.9999999999999982 26 85 22 19 22 74 18 13.999999999999998 18 161 20 15.999999999999998 17 25 13.999999999999998 23 56 73 14.000000000000002 9.9999999999999982 21 20 13.999999999999998 10.999999999999998 9.9999999999999982 95 11.000000000000002 9.9999999999999982 23 10.999999999999998 17 9.9999999999999982 9.9999999999999982 10.000000000000002 38 26 14.999999999999998 11.999999999999998 10.999999999999998 53 18 10.999999999999998
leaf_count=101 11 17 14 10 22 20 18 23 12 16 12 19 20 11 10 12 13 16 49 10 26 85 22 19 22 74 18 14 18 161 20 16 17 25 14 23 56 73 14 10 21 20 14 11 10 95 11 10 23 11 17 10 10 10 38 26 15 12 11 53 18 11
internal_value=0.304541 63.074 -74.711 160.309 232.246 40.5115 66.8899 -27.9764 180.169 47.4985 0.842174 74.9268 12.1201 -85.3971 227.142 258.52 -35.2766 122.525 -113.121 150.915 30.3794 18.0388 -96.6942 -28.0841 81.0757 93.883 33.0901 22.3898 -40.1013 -48.5178 173.406 108.163 101.78 189.805 208.527 122.816 -77.5281 20.636 -12.2145 20.7685 42.1591 -39.9812 -45.3515 35.2866 -35.2638 -130.579 67.7347 -28.9683 -15.1875 -29.0653 -115.952 -0.259665 412.712 -85.3997 -109.962 -28.6356 -55.8959 -44.7052 -104.164 1.38195 -18.0904 88.9258
internal_weight=1620 882 738 166 90 716 430 333 70 319 286 76 253 33 48 38 319 111 405 73 174 170 209 79 149 112 117 99 306 235 55 90 59 45 26 42 105 148 71 24 37 191 60 84 171 196 38 21 53 47 104 33 20 44 87 40 49 34 21 64 36 22
internal_count=1620 882 738 166 90 716 430 333 70 319 286 76 253 33 48 38 319 111 405 73 174 170 209 79 149 112 117 99 306 235 55 90 59 45 26 42 105 148 71 24 37 191 60 84 171 196 38 21 53 47 104 33 20 44 87 40 49 34 21 64 36 22
is_linear=0
shrinkage=0.03


Tree=74
num_leaves=63
num_cat=0
split_feature=18 23 25 6 14 15 6 14 0 23 9 3 0 6 22 6 15 21 16 2 21 7 22 14 14 19 2 24 17 9 9 18 16 23 14 15 3 6 18 2 16 16 18 19 16 9 0 18 14 18 23 2 8 16 14 19 6 3 18 23 22 23
split_gain=7.97754e+09 2.02359e+09 1.38497e+09 1.06543e+09 7.93923e+08 7.51643e+08 4.35801e+08 4.30802e+08 3.29475e+08 2.83866e+08 2.19278e+08 2.03863e+08 1.99463e+08 1.85677e+08 2.63046e+08 1.72734e+08 1.70976e+08 1.59901e+08 1.47063e+08 1.20869e+08 1.06135e+08 1.01897e+08 1.28759e+08 9.65247e+07 8.50345e+07 8.36749e+07 8.12556e+07 8.04292e+07 7.92574e+07 7.47089e+07 8.1515e+07 6.80234e+07 6.74711e+07 6.48693e+07 6.22867e+07 5.69189e+07 5.40985e+07 5.14072e+07 5.01759e+07 3.769e+07 3.41722e+07 3.53356e+07 3.79471e+07 3.1552e+07 3.13778e+07 3.10342e+07 3.06406e+07 2.97344e+07 2.83925e+07 2.6347e+07 3.07636e+07 2.62649e+07 2.2808e+07 2.18632e+07 2.18616e+07 1.78738e+07 1.7694e+07 1.69474e+07 1.66045e+07 1.60154e+07 1.39603e+07 1.37945e+07
threshold=46445.350000000006 78473.150000000009 1.0000000180025095e-35 1.0000000180025095e-35 0.21717973125094933 -2562.4999999999995 1.0000000180025095e-35 0.1634562465166825 56412.500000000007 61188.596153846163 -0.46472317204376817 58895.625000000007 57604.375000000007 1.0000000180025095e-35 764.90113071877727 1.0000000180025095e-35 2356.6666666666683 102112.97500000002 0.0050505372572776661 60701.875000000007 50888.912500000013 -0.93301270189221919 2673.6846364669877 0.24938271598645248 0.25964010277092175 74708.200000000026 57326.250000000007 41009.805000000008 0.0799999999828752 -0.61559370248597534 0.40966402954315223 54543.700000000004 0.0037543201186628354 55729.565384615395 0.21012658223285954 1697.1666666666681 41953.500000000007 1.0000000180025095e-35 79169.450000000012 59518.750000000007 0.0050251573518178558 0.0049889909738903846 41210.450000000004 63247.850000000006 0.0049889909738903846 -0.82298386589365657 45636.600000000006 55231.500000000007 0.15669176380189678 40304.150000000009 39452.942307692319 46852.500000000007 1.0000000180025095e-35 0.0048899755501222728 0.2133517592883212 106497.85000000002 1.0000000180025095e-35 51632.500000000007 32696.900000000005 12581.007692307694 10834.934566728369 68668.026923076934
decision_type=2 2 2 2 2 2 2 2 2 2 2 2 2 2 2 2 2 2 2 2 2 2 2 2 2 2 2 2 2 2 2 2 2 2 2 2 2 2 2 2 2 2 2 2 2 2 2 2 2 2 2 2 2 2 2 2 2 2 2 2 2 2
left_child=2 4 7 12 15 11 10 -1 57 23 -6 -5 -3 27 -15 28 17 -10 31 37 -17 61 -23 35 53 47 -26 58 -2 33 -31 44 38 -22 56 46 -16 54 -14 -33 41 42 -29 -24 -12 -35 -8 -20 -39 50 -38 -37 -51 -25 -4 -19 -21 -7 -9 -50 -40 -11
right_child=1 3 19 5 6 8 9 13 16 21 18 -13 32 14 36 20 -18 55 25 34 29 22 43 24 26 -27 -28 40 -30 30 -32 39 -34 45 -36 51 49 48 60 -41 -42 -43 -44 -45 -46 -47 -48 -49 59 52 -52 -53 -54 -55 -56 -57 -58 -59 -60 -61 -62 -63
leaf_value=165.82407180030748 -19.577020342231968 -17.772250858775354 -116.88042214020859 472.78282464104711 -139.5187201629299 103.15938483160892 -1.7935248030277715 -72.399597943742691 362.11417736695529 16.575037942316854 -4.435242461607344 279.26819903987467 82.331126533228684 150.84242594803914 46.384823160944762 51.705211970355066 142.53525501284679 179.83202477181308 -72.17857239459974 -86.736423075907936 61.852732942788911 165.6036444665055 59.04272367801795 -10.660212826328419 13.211650214843475 34.568658196657701 98.922261063859281 -47.248174433350869 96.703645794842686 251.60360731897268 133.11220926265904 51.840605895523353 47.919653679027888 170.12892318131088 -101.1346535385058 60.356072516780323 -22.361508483886709 -56.947556617661284 126.27141396558918 4.0707427614126628 -76.14879552391811 18.100129015123521 -17.980821825392702 92.816869536287172 51.563871133634365 108.50305845654698 58.01188415851999 -29.85108626444628 -121.55425439605474 -28.840491948664575 -88.659184988135152 115.19190248911617 27.808178479993664 -65.67355741777493 -141.21837833982278 242.28517037056585 -42.397505906720028 48.412299780515156 -117.51642261467359 -100.23029286249447 177.17566551284034 59.367893856539588
leaf_weight=9.9999999999999982 10.000000000000002 17 59 11.000000000000002 9.9999999999999982 11.000000000000002 17.000000000000004 32 10.000000000000002 21.000000000000004 83 9.9999999999999982 19 9.9999999999999982 10.999999999999998 10.999999999999998 17 10.000000000000002 22 10.999999999999998 9.9999999999999982 18 44 13.000000000000002 97 14.999999999999998 10.999999999999998 116 10.999999999999998 12.000000000000002 9.9999999999999982 58 17 22.999999999999996 62 21 17.000000000000004 9.9999999999999982 13.000000000000002 20 19 10.999999999999998 61 60 9.9999999999999982 12.000000000000002 13.999999999999998 47 64 15.000000000000002 9.9999999999999982 12.999999999999998 10.999999999999998 12.999999999999998 93 10.999999999999998 32 9.9999999999999982 9.9999999999999982 74 9.9999999999999982 9.9999999999999982
leaf_count=10 10 17 59 11 10 11 17 32 10 21 83 10 19 10 11 11 17 10 22 11 10 18 44 13 97 15 11 116 11 12 10 58 17 23 62 21 17 10 13 20 19 11 61 60 10 12 14 47 64 15 10 13 11 13 93 11 32 10 10 74 10 10
internal_value=0.299207 61.1926 -72.4742 155.536 39.3009 225.338 26.6364 -27.1392 177.054 48.5078 -2.42284 382.393 72.6896 -33.1628 8.55218 118.124 220.382 262.477 3.00604 -109.734 138.673 79.2218 91.5603 24.8656 10.2976 -29.4785 22.0249 -45.5585 41.5014 152.853 198.59 18.9713 98.7409 130.102 -81.8668 54.8361 -13.8813 -119.457 119.149 39.6129 -37.8449 -33.9353 -37.1776 78.5983 1.63505 149.369 25.315 -43.4318 -106.643 -26.4532 -47.1529 81.5991 -4.85891 -38.3132 -131.854 213.539 -53.915 77.4425 -83.3954 -110.201 149.075 30.5258
internal_weight=1620 882 738 166 716 90 617 333 69 352 265 21 76 323 74 99 48 31 255 405 78 153 122 199 134 84 108 249 21 67 22 171 59 45 105 65 64 300 42 78 207 188 177 104 93 35 31 69 148 53 27 34 26 26 152 21 43 21 42 138 23 31
internal_count=1620 882 738 166 716 90 617 333 69 352 265 21 76 323 74 99 48 31 255 405 78 153 122 199 134 84 108 249 21 67 22 171 59 45 105 65 64 300 42 78 207 188 177 104 93 35 31 69 148 53 27 34 26 26 152 21 43 21 42 138 23 31
is_linear=0
shrinkage=0.03


Tree=75
num_leaves=63
num_cat=0
split_feature=18 18 12 14 18 17 14 16 1 2 16 18 1 18 11 1 18 17 2 14 18 16 11 14 8 16 20 7 16 10 16 7 18 7 16 14 12 12 9 9 9 9 16 0 0 18 8 9 16 0 19 3 20 14 8 18 19 8 14 12 0 0
split_gain=7.5079e+09 1.90858e+09 1.30328e+09 9.65421e+08 6.0446e+08 4.9721e+08 4.05557e+08 3.88852e+08 3.04e+08 4.21481e+08 2.41285e+08 2.37487e+08 1.75657e+08 1.64678e+08 1.63443e+08 1.14689e+08 9.48691e+07 1.20323e+08 8.63544e+07 8.30493e+07 7.24088e+07 9.66473e+07 7.15931e+07 1.07479e+08 6.00381e+07 8.42084e+07 8.33259e+07 5.75519e+07 5.41837e+07 5.41276e+07 5.27294e+07 4.73987e+07 4.63358e+07 3.80351e+07 3.79348e+07 3.50467e+07 3.11273e+07 4.3914e+07 3.04538e+07 5.6795e+07 3.0477e+07 2.78421e+07 2.66117e+07 2.36694e+07 2.15443e+07 2.10249e+07 2.07923e+07 1.87743e+07 4.58924e+07 1.76389e+07 1.55925e+07 1.49969e+07 1.48268e+07 1.30031e+07 1.55273e+07 1.27353e+07 9.8356e+06 9.24569e+06 7.86776e+06 5.86787e+06 5.49564e+06 5.31243e+06
threshold=46445.350000000006 111700.15000000001 0.96107142840192339 0.21717973125094933 74039.35000000002 0.075479115465842489 0.1634562465166825 0.0050505372572776661 42920.000000000007 65010.000000000007 0.05017507414820211 61631.000000000007 41970.000000000007 86836.700000000012 0.80822429891277703 34707.000000000007 54543.700000000004 0.07547911546421833 60701.875000000007 0.21012658222621433 40304.150000000009 -1.0000000180025095e-35 1.0559999998335361 0.24938271600328019 0.93301270189221952 -1.0000000180025095e-35 66693.750000000015 -0.5 -1.0000000180025095e-35 0.78574730703237883 0.086956521739130502 -0.24999999999999997 96709.700000000012 -0.24999999999999997 0.086956521739130502 0.24938271599550557 1.1224489793683514 1.0698924728292272 -0.2393156642875576 0.29696027566504674 -0.61559370248597534 -0.12053668025532321 0.0049140049140049555 49116.875000000007 43442.975000000006 8546.9000000000015 0.93301270189221952 0.8542199457734333 0.0050505372572776661 56051.250000000007 20550.450000000004 46005.625000000007 50502.200000000004 0.23907455008803444 1.0000000180025095e-35 63299.650000000001 32134.200000000001 -0.68301270189221952 0.16675568845983602 0.93467336660279754 52412.05000000001 53831.875000000007
decision_type=2 2 2 2 2 2 2 2 2 2 2 2 2 2 2 2 2 2 2 2 2 2 2 2 2 2 2 2 2 2 2 2 2 2 2 2 2 2 2 2 2 2 2 2 2 2 2 2 2 2 2 2 2 2 2 2 2 2 2 2 2 2
left_child=2 3 15 8 10 18 -4 13 14 -10 11 24 20 38 -2 45 -16 -18 -3 43 33 -22 23 -13 25 -5 -26 -15 -19 32 -31 -20 35 42 51 -9 37 -35 40 -40 -6 -36 56 44 -17 -1 49 48 -23 57 -45 55 -38 54 -47 -12 -8 -21 -56 -60 -52 -59
right_child=1 5 6 4 7 -7 12 29 9 -11 34 22 -14 27 16 19 17 28 31 46 21 47 -24 -25 26 -27 -28 -29 -30 30 -32 -33 -34 36 41 -37 52 -39 39 -41 -42 -43 -44 50 -46 53 -48 -49 -50 -51 60 -53 -54 -55 58 -57 -58 61 59 -61 -62 -63
leaf_value=-147.89116360375888 -9.4637438341650633 113.03316144959001 160.89860176917352 70.494957255109554 90.644842396531558 402.09303476885333 -63.81764668232686 74.189919400601781 359.81376765070723 96.581910020982903 -25.830538790873337 79.551232832275488 75.480162866024571 223.4152354605871 57.608376528913801 -42.278949461077701 226.4062411911423 132.41926590364508 248.71490473665148 -116.83591373543274 50.151253492461962 -26.125957649028404 118.29434709442327 23.418524510765984 -85.545790708119611 10.726600021704179 19.609149751054481 139.42141406633465 56.875250013196755 36.644781633131565 -60.309254775849901 169.77077947149206 83.775902570954159 -60.220813946239446 -100.40695571487011 12.741540083004232 -52.728931625603032 -125.94554502744933 167.36892618478819 86.70718157883006 32.596482329497462 -32.619892054377374 7.1199744945804015 -22.61323596517548 -92.693935587452373 -125.35450553347167 -137.85360402960524 4.6951555173451665 -94.128855657294253 -67.430893284455507 -78.232270096707921 -42.285551966317691 -23.768865664052775 -151.90381413640205 -82.764046975638124 13.139186714627094 -30.332594997759944 -101.6066903499681 -128.95872070312498 -104.36213564041712 -48.496181257263686 -75.227746509514233
leaf_weight=28 9.9999999999999982 11.999999999999998 9.9999999999999982 23 33 11.999999999999998 10.999999999999998 10.999999999999998 11.000000000000002 10.999999999999998 15.000000000000002 60 12.999999999999998 12.999999999999998 18 9.9999999999999982 10.999999999999998 41.999999999999993 14.999999999999998 42 15.999999999999998 79 15.999999999999998 63 13.000000000000002 261 13.999999999999998 19 11.000000000000005 10.000000000000002 9.9999999999999982 15.000000000000002 19 56 11.000000000000002 34 45 10.999999999999998 11.999999999999998 24 10.999999999999998 10.999999999999998 14.999999999999998 12.999999999999998 36 85 17 12.999999999999998 9.9999999999999982 12.999999999999998 12.000000000000002 15.999999999999998 25 10.999999999999998 12.999999999999998 14.999999999999998 29 44 13.999999999999998 45 11.999999999999998 9.9999999999999982
leaf_count=28 10 12 10 23 33 12 11 11 11 11 15 60 13 13 18 10 11 42 15 42 16 79 16 63 13 261 14 19 11 10 10 15 19 56 11 34 45 11 12 24 11 11 15 13 36 85 17 13 10 13 12 16 25 11 13 15 29 44 14 45 12 10
internal_value=0.295468 59.3692 -70.3034 48.0829 35.1282 232.018 -26.3256 79.9887 129.118 229.231 18.1417 26.1015 -32.17 116.563 104.956 -106.447 118.904 136.026 182.585 -90.8801 -36.7073 -18.1907 58.6864 50.8427 11.5236 15.5901 -31.1497 174.134 116.877 31.1428 -11.891 209.938 44.5885 -48.0719 -34.494 27.8935 -56.5359 -71.1831 93.3456 113.984 76.2396 -66.8145 -26.9246 -67.4239 -81.8497 -122.992 -106.266 -28.9496 -33.8638 -101.217 -49.3168 -18.9249 -42.4348 -118.757 -116.34 -6.36666 -39.6772 -105.718 -105.538 -110.407 -63.6273 -96.8698
internal_weight=1620 882 738 828 714 54 333 196 114 22 518 450 323 112 92 405 82 64 42 209 310 118 139 123 311 284 27 32 53 84 20 30 64 192 68 45 137 67 80 36 44 22 55 83 46 196 126 102 89 109 37 46 70 168 157 30 40 96 72 59 24 54
internal_count=1620 882 738 828 714 54 333 196 114 22 518 450 323 112 92 405 82 64 42 209 310 118 139 123 311 284 27 32 53 84 20 30 64 192 68 45 137 67 80 36 44 22 55 83 46 196 126 102 89 109 37 46 70 168 157 30 40 96 72 59 24 54
is_linear=0
shrinkage=0.03


Tree=76
num_leaves=63
num_cat=0
split_feature=23 6 12 23 15 23 20 17 3 11 23 7 19 16 17 7 22 23 12 15 14 21 7 13 10 19 2 2 15 8 6 23 24 14 7 14 20 20 10 10 7 20 10 23 2 7 19 16 20 19 24 7 23 15 20 19 24 14 11 24 7 10
split_gain=7.07138e+09 2.35172e+09 1.75662e+09 9.85271e+08 8.85446e+08 7.8376e+08 4.43198e+08 4.36959e+08 3.715e+08 3.07562e+08 2.34643e+08 2.32379e+08 2.1512e+08 1.6767e+08 1.64449e+08 1.61129e+08 1.44597e+08 1.07781e+08 1.0002e+08 9.69618e+07 9.54945e+07 8.55994e+07 7.47624e+07 7.32491e+07 7.22373e+07 6.93496e+07 6.62453e+07 6.5612e+07 5.99505e+07 6.40754e+07 5.90026e+07 5.34888e+07 4.81212e+07 4.26453e+07 4.25959e+07 4.07543e+07 3.953e+07 5.19637e+07 3.77973e+07 3.64763e+07 3.35793e+07 3.28992e+07 3.28876e+07 3.06424e+07 2.72006e+07 2.69516e+07 2.63362e+07 2.48473e+07 2.1207e+07 2.05038e+07 1.94357e+07 1.90629e+07 3.09732e+07 1.7323e+07 1.73107e+07 1.72527e+07 1.69097e+07 2.10769e+07 1.55169e+07 1.43888e+07 1.39577e+07 1.22846e+07
threshold=46586.150000000009 1.0000000180025095e-35 1.0326530610178755 26535.988461538465 -6096.4249999999984 86813.665384615393 74518.60000000002 0.061650782740210804 53868.125000000007 0.87010387703975045 61188.596153846163 -0.24999999999999997 72962.300000000017 0.0037543201186628354 0.075282020246646417 1.0000000180025095e-35 12231.009792412186 59001.61923076924 1.0561797750387101 2177.5000000000005 0.2133517592883212 42861.975000000013 -0.24999999999999997 0.99859296457813607 -0.61559370248597534 37631.55000000001 60937.500000000007 60701.875000000007 2356.6666666666683 0.25000000000000017 1.0000000180025095e-35 57565.511538461542 54494.375000000007 0.22250639381557705 -0.24999999999999997 0.27980535273976231 95253.60000000002 117473.20000000001 0.74851074817110097 0.61559370248597567 1.0000000180025095e-35 66892.750000000015 0.78574730703237883 35425.080769230779 64201.875000000007 -0.6830127018922193 51021.950000000004 -0.075411471321695719 58363.05000000001 20550.450000000004 38286.600000000006 -0.93301270189221919 43155.746153846158 -5921.0250000000005 62776.200000000004 35240.200000000004 61750.67500000001 0.25440806039853125 1.0593406591135146 52583.125000000007 -0.6830127018922193 -0.61559370248597534
decision_type=2 2 2 2 2 2 2 2 2 2 2 2 2 2 2 2 2 2 2 2 2 2 2 2 2 2 2 2 2 2 2 2 2 2 2 2 2 2 2 2 2 2 2 2 2 2 2 2 2 2 2 2 2 2 2 2 2 2 2 2 2 2
left_child=3 6 4 20 16 7 11 10 23 -6 24 31 46 17 22 35 -3 42 32 -20 27 45 43 -9 -4 -26 38 50 29 -7 40 48 -12 -19 53 -15 -28 44 -14 54 -24 -35 -13 61 -38 -16 -8 -23 -2 -29 -1 -45 -53 -22 -17 -42 57 -48 -44 -36 -25 -5
right_child=1 2 5 14 9 28 12 8 -10 -11 18 13 26 15 21 39 -18 33 19 -21 34 47 30 60 25 -27 36 49 -30 -31 -32 -33 -34 41 59 -37 37 -39 -40 -41 55 -43 58 51 -46 -47 56 -49 -50 -51 -52 52 -54 -55 -56 -57 -58 -59 -60 -61 -62 -63
leaf_value=-117.31892671785086 54.443719555179001 223.81498644111562 81.037068126745382 -38.556941642191866 507.57036555109778 183.048053835605 -33.118204413261118 147.22134760869011 302.27246860013145 294.05373328202603 -1.4946110167178805 -20.840614639467557 65.008247462229107 -174.00151589573014 12.359961263295762 -64.247938532734295 87.218508680912478 64.880367786611302 124.40792350751339 69.256585347308743 -88.194628425865474 25.636417815353688 -121.11720289778002 98.799066226356928 87.143449707031252 8.7257319127041981 144.18686131135198 -31.298728230794268 151.12071807212016 279.32978910722801 -4.9972379793078696 108.26576117025839 64.315397565941112 -9.2240067809264197 -139.62180733252154 -92.03272907402679 97.222239825274471 135.50400576252582 -4.3278748495271895 11.545907503868921 -81.129750700789018 32.929905874318088 -79.900696136272487 -41.936999143712661 36.464689727247809 -49.284607653081025 20.918525544966773 82.441309373578946 2.1561047438992795 -72.339532062851362 -91.151058215547522 -21.548281553990421 23.902889392494494 -113.54125099786526 -28.769814049466198 -52.437549725601272 47.331639321816944 -25.719896656647894 -31.237329557815396 -108.47937947378107 61.032239507418943 -79.612641879544398
leaf_weight=39 15.000000000000002 12.000000000000002 17 20.000000000000004 11.000000000000002 14 12.999999999999998 23 9.9999999999999982 14.999999999999998 19 74 24 10.000000000000002 11.000000000000002 25 17 12.999999999999998 43 88 37 15.000000000000002 9.9999999999999982 16.999999999999996 10.999999999999998 119 12.999999999999998 17 13.999999999999998 13 14.999999999999998 10.999999999999998 21 46 74 12.999999999999998 11.000000000000002 11.999999999999998 9.9999999999999982 11.999999999999998 30 26 15.000000000000002 22 17 14.999999999999998 26 12.999999999999998 12.999999999999998 32 87 53 18 87 25 54 10.999999999999998 12.999999999999998 9.9999999999999982 19 20.000000000000004 9.9999999999999982
leaf_count=39 15 12 17 20 11 14 13 23 10 15 19 74 24 10 11 25 17 13 43 88 37 15 10 17 11 119 13 17 14 13 15 11 21 46 74 13 11 12 10 12 30 26 15 22 17 15 26 13 13 32 87 53 18 87 25 54 11 13 10 19 20 10
internal_value=0.288615 53.4611 99.5644 -73.5852 259.054 79.0614 4.72959 65.8445 133.666 385.986 50.8779 -15.8653 47.0002 -25.7904 -31.2304 -60.6121 144.316 -9.68014 74.7633 87.4408 -104.471 15.8982 -42.2021 105.109 23.061 15.423 77.5448 -87.8569 203.674 230.266 -60.2899 52.4834 33.1298 15.0902 -117.823 -128.27 98.5154 83.3496 44.6623 -35.3469 -69.0985 6.02276 -30.9414 -26.137 60.5949 -23.2567 4.76343 52.2098 30.2615 -58.1937 -99.3373 -17.5981 -10.008 -106.055 -46.6018 -62.7691 14.6592 5.34629 -60.6375 -133.383 78.6042 -52.4613
internal_weight=1620 942 484 678 55 429 458 388 70 26 318 308 150 269 286 85 29 184 171 131 392 54 232 60 147 130 87 175 41 27 109 39 40 85 217 23 53 40 34 62 94 72 99 123 28 26 63 28 28 49 126 93 71 124 50 84 50 39 25 93 37 30
internal_count=1620 942 484 678 55 429 458 388 70 26 318 308 150 269 286 85 29 184 171 131 392 54 232 60 147 130 87 175 41 27 109 39 40 85 217 23 53 40 34 62 94 72 99 123 28 26 63 28 28 49 126 93 71 124 50 84 50 39 25 93 37 30
is_linear=0
shrinkage=0.03


Tree=77
num_leaves=63
num_cat=0
split_feature=23 6 12 23 1 15 3 1 12 11 23 27 9 27 16 18 15 6 22 10 11 1 0 3 1 3 16 14 3 20 8 0 20 23 12 9 16 18 20 16 10 20 9 22 20 21 14 16 23 14 19 18 6 19 23 22 22 4 19 10 0 0
split_gain=6.65503e+09 2.21348e+09 1.65373e+09 9.27099e+08 8.83566e+08 8.33543e+08 4.72013e+08 4.55948e+08 3.1759e+08 2.8961e+08 2.87604e+08 2.81879e+08 2.31368e+08 2.20745e+08 1.87877e+08 1.62334e+08 1.60342e+08 1.4999e+08 1.36134e+08 1.17649e+08 9.31783e+07 9.09227e+07 8.8038e+07 8.79718e+07 7.22694e+07 1.45106e+08 1.09647e+08 6.62785e+07 6.04524e+07 5.57979e+07 5.50828e+07 4.89862e+07 4.89186e+07 4.29763e+07 4.45751e+07 4.24531e+07 4.02731e+07 3.81509e+07 3.67415e+07 3.52315e+07 3.48398e+07 3.18287e+07 3.11976e+07 5.15684e+07 2.815e+07 2.58253e+07 2.53619e+07 3.00587e+07 2.39136e+07 2.3371e+07 2.23915e+07 2.20839e+07 2.18066e+07 2.06892e+07 1.89315e+07 1.88375e+07 1.85896e+07 1.68708e+07 2.85885e+07 1.50307e+07 1.50223e+07 1.43683e+07
threshold=46586.150000000009 1.0000000180025095e-35 1.0326530610178755 26535.988461538465 42920.000000000007 -6096.4249999999984 56820.000000000007 42920.000000000007 1.1132075469554843 0.87010387703975045 101415.65000000001 1.0000000180025095e-35 -0.35460488704253573 1.0000000180025095e-35 0.0037543201186628354 48886.600000000006 2177.5000000000005 1.0000000180025095e-35 12231.009792412186 -0.78574730703237872 0.87850467273699395 34707.000000000007 62812.500000000007 56958.750000000007 38830.000000000007 49095.625000000007 -0.040941482945758438 0.21012658222621433 55939.375000000007 95253.60000000002 0.93301270189221952 44240.945000000007 117473.20000000001 35425.080769230779 0.98388888862225077 0.06026834012766185 0.0050505372572776661 88851.200000000012 54267.600000000013 0.0049751551641986644 0.12053668025532312 72954.300000000017 0.17992617227144045 13129.28028695893 47348.400000000009 79993.025000000009 0.23425692691070413 0.0037543201186628354 41269.757692307692 0.13707268499901715 60667.400000000009 48886.600000000006 1.0000000180025095e-35 35545.650000000009 66742.703846153861 7766.9183557587348 3926.0514478670279 56935.625000000007 60667.400000000009 0.12053668025532312 49116.875000000007 39027.365000000013
decision_type=2 2 2 2 2 2 2 2 2 2 2 2 2 2 2 2 2 2 2 2 2 2 2 2 2 2 2 2 2 2 2 2 2 2 2 2 2 2 2 2 2 2 2 2 2 2 2 2 2 2 2 2 2 2 2 2 2 2 2 2 2 2
left_child=3 7 5 21 11 18 8 12 -6 -7 57 24 14 23 -2 36 42 30 -3 -19 -17 52 39 41 25 26 -4 49 -26 -15 35 59 37 -21 -35 48 44 -31 -22 -10 -33 -9 43 -13 -14 -27 -25 51 -5 -23 -40 -48 -1 -37 -30 56 -55 58 -8 -18 -51 -36
right_child=1 2 4 17 6 9 10 13 22 -11 -12 16 15 29 -16 20 31 19 -20 33 38 27 -24 46 28 45 -28 -29 54 32 -32 40 -34 34 61 53 -38 -39 50 -41 -42 -43 -44 -45 -46 -47 47 -49 -50 60 -52 -53 -54 55 -56 -57 -58 -59 -60 -61 -62 -63
leaf_value=-125.81930879949462 -15.736725085240712 217.1560222430268 94.762252523857242 -37.315020734021509 374.33736589186259 492.48043668179878 74.693164660725358 110.12701650487311 176.23945631574873 285.29054516116514 206.62788767559925 190.24370624105433 -63.626869487880917 152.8724921446356 -158.87166957922148 56.756357710096566 -1.8131047388025225 79.309221185582288 84.617255198160805 -56.688692273244804 -45.929492648466855 -22.432528111674994 122.00215682658742 37.191757751930759 -38.261899308327322 142.27788656698687 12.352503480695182 -101.31199745513365 55.680059653037823 84.779026627514227 -117.51966194983757 50.092387129006923 131.47247943972752 49.160488640037741 -42.45580705358627 -76.325534428001461 -89.371944906404707 11.636868334477491 -8.8126866510553796 259.38998389991548 96.525653650023997 37.364857018841199 97.892009935814301 109.37735837702164 -20.79639868435056 74.272618438418561 -23.368436449063534 -53.092423945246516 4.4127500273052016 -84.617488628597698 17.693445821512601 25.180798405352686 -105.13391224184248 -50.226617418623647 -0.10364929350295869 -70.287276608132558 -4.5823893679553311 84.018971216426863 16.081602136472991 43.124849256548963 -56.234988084597006 -9.1969098143846715
leaf_weight=101 15.999999999999998 12.000000000000002 17 45 9.9999999999999982 11.000000000000002 15.000000000000002 10.000000000000002 10 14.999999999999998 15.999999999999998 13.000000000000002 15.999999999999998 12.999999999999998 17 35 11.000000000000002 12.999999999999998 17 19 12.999999999999998 9.9999999999999982 13.999999999999998 12.999999999999998 24 11.000000000000002 97 116 12.000000000000002 18.000000000000004 9.9999999999999982 29 11.999999999999998 10.999999999999998 13.999999999999998 35 9.9999999999999982 9.9999999999999982 48 11 30 11.999999999999998 24 17 99 9.9999999999999982 14.999999999999998 10.999999999999998 17 38 71 19 95 21 9.9999999999999982 19 12.999999999999998 15.999999999999998 14.999999999999998 17 32 69
leaf_count=101 16 12 17 45 10 11 15 10 10 15 16 13 16 13 17 35 11 13 17 19 13 10 14 13 24 11 97 116 12 18 10 29 12 11 14 35 10 10 48 11 30 12 24 17 99 10 15 11 17 38 71 19 95 21 10 19 13 16 15 17 32 69
internal_value=0.283509 51.867 96.5946 -71.3826 76.7012 251.343 151.358 4.58939 225.284 374.499 97.4255 51.8536 -14.56 51.3589 -89.7302 -6.03695 83.644 -30.2971 140.019 -5.80694 13.3129 -101.343 181.752 19.8549 27.0562 38.1148 24.714 -86.7821 -5.41063 98.7851 -49.5674 58.3286 80.8692 -15.6606 -7.31617 -44.9619 -31.8783 58.7913 1.75951 220.818 73.8259 70.7874 124.247 144.935 -26.8055 110.4 0.447039 -10.227 -25.8848 -65.6135 7.00345 3.75621 -115.852 -58.3579 30.438 -46.3711 -32.8391 59.0761 45.5383 25.5269 -71.7414 -14.8512
internal_weight=1620 942 484 678 429 55 107 458 45 26 62 322 325 133 33 292 141 286 29 126 167 392 35 80 181 135 114 196 46 53 160 87 40 113 94 150 125 28 132 21 59 22 54 30 115 21 58 45 62 80 119 34 196 88 22 53 34 46 30 28 70 83
internal_count=1620 942 484 678 429 55 107 458 45 26 62 322 325 133 33 292 141 286 29 126 167 392 35 80 181 135 114 196 46 53 160 87 40 113 94 150 125 28 132 21 59 22 54 30 115 21 58 45 62 80 119 34 196 88 22 53 34 46 30 28 70 83
is_linear=0
shrinkage=0.03


Tree=78
num_leaves=63
num_cat=0
split_feature=23 6 12 23 1 23 3 1 9 12 23 27 9 27 16 5 12 23 11 14 0 2 21 14 17 12 0 7 7 1 16 6 20 20 20 2 9 7 9 20 7 14 23 7 20 2 22 7 16 9 21 1 16 16 10 4 21 23 6 21 14 9
split_gain=6.26327e+09 2.08357e+09 1.55679e+09 8.72315e+08 8.31833e+08 6.83552e+08 4.44429e+08 4.29198e+08 3.78293e+08 2.99024e+08 2.70709e+08 2.65286e+08 2.1777e+08 2.07788e+08 1.76837e+08 1.49043e+08 1.28317e+08 1.11687e+08 1.10862e+08 8.65322e+07 8.3385e+07 8.28231e+07 7.69077e+07 7.55508e+07 7.51413e+07 8.74382e+07 1.32527e+08 6.55873e+07 6.08007e+07 5.78085e+07 5.63588e+07 5.30012e+07 5.25273e+07 4.66489e+07 4.60568e+07 4.48406e+07 4.28945e+07 3.94659e+07 3.45902e+07 2.99675e+07 2.96734e+07 2.83802e+07 2.78402e+07 2.79694e+07 2.77501e+07 2.53715e+07 2.45992e+07 2.44505e+07 2.4278e+07 2.34631e+07 1.84817e+07 1.84118e+07 1.72969e+07 1.78823e+07 1.5881e+07 1.58793e+07 1.8152e+07 1.577e+07 1.53165e+07 1.39716e+07 1.32303e+07 1.23894e+07
threshold=46586.150000000009 1.0000000180025095e-35 1.0326530610178755 26535.988461538465 42920.000000000007 83682.400000000009 56820.000000000007 42920.000000000007 -0.61559370248597534 1.1132075469554843 101415.65000000001 1.0000000180025095e-35 -0.35460488704253573 1.0000000180025095e-35 0.0037543201186628354 1.0000000180025095e-35 1.1518987338855935 57199.780769230776 0.87850467273699395 0.2133517592883212 63125.000000000007 60475.000000000007 42861.975000000013 0.26550868481347384 0.075456790105959223 1.0578517921571582 49918.125000000007 -0.24999999999999997 -0.24999999999999997 41020.000000000007 0.0049751551641986644 1.0000000180025095e-35 95253.60000000002 60379.850000000006 117473.20000000001 53426.875000000007 -0.85421994577343319 -0.24999999999999997 0.17992617227144045 72954.300000000017 1.0000000180025095e-35 0.27180667428562938 41269.757692307692 -0.93301270189221919 46767.650000000009 64201.875000000007 5321.1271400236519 -0.6830127018922193 0.0037543201186628354 -0.61559370248597534 66365.937500000015 30529.000000000004 0.05017507414820211 0.0049751551641986644 -0.060268340127661524 56935.625000000007 65303.350000000013 12581.007692307694 1.0000000180025095e-35 50027.287500000013 0.15919902640022157 -0.91023613416931226
decision_type=2 2 2 2 2 2 2 2 2 2 2 2 2 2 2 2 2 2 2 2 2 2 2 2 2 2 2 2 2 2 2 2 2 2 2 2 2 2 2 2 2 2 2 2 2 2 2 2 2 2 2 2 2 2 2 2 2 2 2 2 2 2
left_child=3 7 5 19 11 8 9 12 36 -6 55 24 14 21 -2 27 23 28 -19 29 30 39 47 38 25 26 -4 42 -14 51 -11 40 -15 -20 45 -27 -3 57 -13 -9 -29 -18 52 -44 -30 -34 59 -17 -48 -24 -35 -1 53 -5 -25 56 -8 -21 -31 -23 -60 -26
right_child=1 2 4 15 6 -7 10 13 -10 20 -12 16 17 32 -16 22 41 18 33 37 -22 46 49 54 61 35 -28 31 44 58 -32 -33 34 50 -36 -37 -38 -39 -40 -41 -42 -43 43 -45 -46 -47 48 -49 -50 -51 -52 -53 -54 -55 -56 -57 -58 -59 60 -61 -62 -63
leaf_value=-113.32319892669392 -15.267554568178163 150.26205309801762 107.11883969564572 -36.827546045958648 363.21842734761753 395.28877441406246 77.040682820235119 106.85591725566596 307.23571218790102 160.04364660364976 200.46755302097483 138.03852126187564 35.780773042868105 148.32132758453602 -154.133390042489 12.279976660238725 16.250028392594174 61.153402701404602 -43.239394125867243 -112.20393306485386 101.56683294012996 -3.4576603985776986 25.853852523898478 35.778454102960254 97.646362292601296 7.7431251497950653 10.815025731573652 -114.02897954053218 -65.525715910427223 -74.89598111736241 253.50161641270657 -4.3760002914327663 92.404437767234981 -3.3195655768375127 127.56090104536577 -58.99351406966106 69.324970201909125 -125.98201344949987 93.921254488340892 36.253175293473177 -59.17690336011961 67.411856166294626 -35.115770879377401 14.248224261053675 -26.105438647531294 33.746886842961892 0.45489340627836478 -46.43171194922845 -54.985079520952588 81.466241848527886 22.65105887700792 -86.329612543752688 -65.484710901138627 1.3528950841376122 78.796285232714737 81.514059303236294 27.449722572440532 -89.902376146520595 -12.379244280522407 42.869730893398859 -55.12393416319842 55.662123089535697
leaf_weight=32 15.999999999999998 9.9999999999999982 21 52 9.9999999999999982 18 10.000000000000002 10.000000000000002 11.999999999999998 13 15.999999999999998 36 12.999999999999998 12.999999999999998 17 11.000000000000002 25 32 20 54 9.9999999999999982 10.000000000000002 16.000000000000004 12.999999999999998 10.000000000000002 88 33 9.9999999999999982 19 20 12 14.999999999999998 11.000000000000002 64 11.999999999999998 9.9999999999999982 15.000000000000002 93 31 11.999999999999998 84 15.999999999999998 17 26 104 17 24 14.999999999999998 9.9999999999999982 11.999999999999998 40 94 13.999999999999998 13.999999999999998 20 15.999999999999998 20 70 10.000000000000002 13.999999999999998 19 19
leaf_count=32 16 10 21 52 10 18 10 10 12 13 16 36 13 13 17 11 25 32 20 54 10 10 16 13 10 88 33 10 19 20 12 15 11 64 12 10 15 93 31 12 84 16 17 26 104 17 24 15 10 12 40 94 14 14 20 16 20 70 10 14 19 19
internal_value=0.279962 50.3221 93.7173 -69.2448 74.4158 243.861 146.854 4.45292 169.326 218.587 94.5211 50.3067 -14.1263 49.8297 -87.0541 -29.3916 81.1472 -5.85742 11.4634 -98.3064 176.347 19.2642 15.4747 99.4671 26.2502 17.7812 48.3953 -39.8368 -25.7192 -82.4935 205.735 -56.7787 95.8431 -1.39878 78.4602 0.880039 102.17 -111.015 117.796 68.6838 -65.1272 36.3311 -24.7894 -5.3039 -32.2431 57.0379 0.4329 -21.6402 -15.9643 49.8929 6.68127 -93.2696 -35.2431 -28.7388 62.0092 57.3152 44.1812 -99.697 -54.65 23.6323 -40.4777 70.4254
internal_weight=1620 942 484 678 429 55 107 458 37 45 62 322 325 133 33 286 141 292 156 392 35 80 54 100 181 152 54 232 136 175 25 109 53 124 40 98 25 217 67 22 94 41 123 43 123 28 58 26 34 28 104 126 80 66 33 46 30 124 49 24 29 29
internal_count=1620 942 484 678 429 55 107 458 37 45 62 322 325 133 33 286 141 292 156 392 35 80 54 100 181 152 54 232 136 175 25 109 53 124 40 98 25 217 67 22 94 41 123 43 123 28 58 26 34 28 104 126 80 66 33 46 30 124 49 24 29 29
is_linear=0
shrinkage=0.03


Tree=79
num_leaves=63
num_cat=0
split_feature=18 18 12 14 18 17 12 16 1 4 16 18 24 11 18 15 6 7 20 6 16 16 16 16 18 18 16 17 10 16 27 6 14 0 18 16 10 20 20 9 7 12 12 16 6 9 14 11 9 16 18 7 24 8 18 4 20 14 4 9 16 4
split_gain=5.86027e+09 1.47181e+09 1.03244e+09 7.4625e+08 4.71564e+08 4.02223e+08 3.50488e+08 3.10312e+08 2.50022e+08 3.7243e+08 1.95473e+08 1.91308e+08 1.62119e+08 1.49459e+08 1.34116e+08 9.37474e+07 8.74188e+07 7.27928e+07 7.32245e+07 6.74465e+07 1.73964e+08 1.02813e+08 5.70448e+07 9.90802e+07 5.38092e+07 5.04846e+07 6.07359e+07 4.47609e+07 4.41935e+07 4.40111e+07 3.98279e+07 3.93447e+07 3.74837e+07 3.60969e+07 3.44857e+07 3.31668e+07 2.8778e+07 2.75857e+07 2.65476e+07 3.96415e+07 2.5585e+07 2.8116e+07 3.80712e+07 2.56786e+07 2.40632e+07 2.40393e+07 1.96718e+07 1.8314e+07 1.74019e+07 3.75446e+07 1.38098e+07 1.34566e+07 1.25259e+07 1.20221e+07 1.19017e+07 1.15043e+07 1.1324e+07 8.76359e+06 1.22877e+07 7.37071e+06 6.86314e+06 6.26587e+06
threshold=46445.350000000006 111700.15000000001 0.96107142840192339 0.21717973125094933 74039.35000000002 0.075479115465842489 0.97822784785606387 0.0050505372572776661 42920.000000000007 55191.875000000007 0.05017507414820211 61631.000000000007 58685.625000000007 0.80822429891277703 86836.700000000012 -6165.5250000000005 1.0000000180025095e-35 -0.6830127018922193 43561.200000000004 1.0000000180025095e-35 0.0037543201186628354 0.0049140049140049555 0.0051020740191197742 0.0050505372572776661 52316.250000000007 40304.150000000009 -1.0000000180025095e-35 0.079999999983445896 0.78574730703237883 0.086956521739130502 1.0000000180025095e-35 1.0000000180025095e-35 0.24938271599550557 38408.750000000007 96709.700000000012 0.086956521739130502 0.61559370248597567 18491.000000000004 94202.10000000002 0.17992617227144045 -0.24999999999999997 1.1224489793683514 1.0698924728292272 0.0049140049140049555 1.0000000180025095e-35 -0.12053668025532321 0.18479110183113456 0.87850467273699395 0.8542199457734333 0.0050505372572776661 121773.20000000001 -0.93301270189221919 50334.350000000006 0.93301270189221952 11357.950000000003 37200.000000000007 49889.750000000007 0.27980535273976231 39946.625000000007 -0.61559370248597534 0.0050251573518178558 57915.000000000007
decision_type=2 2 2 2 2 2 2 2 2 2 2 2 2 2 2 2 2 2 2 2 2 2 2 2 2 2 2 2 2 2 2 2 2 2 2 2 2 2 2 2 2 2 2 2 2 2 2 2 2 2 2 2 2 2 2 2 2 2 2 2 2 2
left_child=2 3 15 8 10 30 -4 14 13 -10 11 22 25 -2 38 31 -16 18 -15 20 -13 -21 23 -5 -19 40 -27 -20 32 -30 -3 54 -9 -17 -34 57 50 59 47 -40 43 42 -42 55 53 -37 -26 -6 49 -28 -32 -46 -53 60 -1 -8 -43 58 -12 -33 -35 -56
right_child=1 5 6 4 7 -7 12 28 9 -11 35 19 -14 17 16 33 -18 24 27 21 -22 -23 -24 -25 46 26 48 -29 29 -31 36 37 34 44 -36 45 -38 -39 39 -41 41 56 -44 -45 51 -47 -48 -49 -50 -51 -52 52 -54 -55 61 -57 -58 -59 -60 -61 -62 -63
leaf_value=-121.85269985689976 -17.445391501247293 105.4901453256135 123.43624119535404 11.446157491589977 104.84643388480195 357.01696579610018 -14.154636908917388 84.621133949338031 338.98398526937643 90.699258690195634 -6.1620942799145011 71.622163759632741 83.265587405642961 68.503378510427964 101.52574581323081 -120.77918811359238 202.08296633000955 22.208776377085091 215.39250348081674 53.301831653902681 -46.611919392690609 139.02488177672126 69.204600830078121 -67.433029853871318 130.01656979899761 40.217777776515234 -23.928399132854445 131.08593599635242 32.621720345374371 -55.95743147141863 169.46334221263916 -76.507303684148738 10.099924396056233 -95.680375169930471 62.367589640031774 -92.644273516680713 136.95438629907025 -23.933538796335291 151.06254843222123 69.52336064519109 -53.783639554110437 -46.518348690803506 -114.95372505806588 7.6849897089067669 -107.91372048449158 -29.667845252784524 81.877511426996875 62.737027362980697 6.4512631490576355 -85.22840738126547 226.39319432626854 -84.488398870476672 -49.132094294058319 -128.15024319321358 -70.120190962480578 -49.797297552700698 -21.251451147860706 2.1612738926363306 -43.947904363596656 -51.156432885287096 -114.71001351896128 -96.580716019941278
leaf_weight=9.9999999999999982 9.9999999999999982 9.9999999999999982 13.999999999999998 282 11.999999999999998 11.999999999999998 11.999999999999998 12.999999999999998 10.000000000000002 11.999999999999998 15.000000000000002 27 10.999999999999998 9.9999999999999982 14.999999999999998 79 17 10.999999999999998 10.000000000000002 78 19 14.999999999999998 13.999999999999998 14.999999999999998 11.999999999999998 13.999999999999998 84 14.999999999999998 10.000000000000002 9.9999999999999982 10.000000000000002 31 34 68 17 11.000000000000002 11.999999999999998 18 11.000000000000002 10.999999999999998 56 40 10.999999999999998 14.999999999999998 20 10.999999999999998 24 46 12.999999999999998 9.9999999999999982 9.9999999999999982 67 10.999999999999998 20 18 26 27 14.999999999999998 15.999999999999998 17 28 18
leaf_count=10 10 10 14 282 12 12 12 13 10 12 15 27 11 10 15 79 17 11 10 78 19 15 14 15 12 14 84 15 10 10 10 31 34 68 17 11 12 18 11 11 56 40 11 15 20 11 24 46 13 10 10 67 11 20 18 26 27 15 16 17 28 18
internal_value=0.275791 52.4667 -62.0973 42.5554 31.1657 204.079 -22.9553 70.7891 113.801 204.579 16.1623 23.3267 -29.4166 91.895 103.461 -94.2672 155.41 105.234 138.084 52.5724 22.7911 67.2626 10.2427 7.44099 80.5302 -33.4667 -18.3452 165.532 27.1551 -11.7258 159.638 -70.7883 39.3048 -103.215 27.6105 -31.2136 176.178 -55.7845 82.5135 110.792 -43.2362 -50.2204 -63.9829 -25.5167 -96.6774 -61.4329 98.2397 71.6148 -26.038 -30.5334 198.913 -85.4598 -79.5716 -106.072 -92.1476 -38.6085 -36.3831 -16.6589 -25.7431 -67.654 -101.344 -83.5814
internal_weight=1620 882 738 828 714 54 333 196 114 22 518 450 319 92 112 405 32 82 35 139 46 93 311 297 47 308 121 25 84 20 42 112 64 293 51 68 32 66 80 22 187 134 67 53 214 22 36 58 107 94 20 98 78 116 46 38 67 46 31 48 96 36
internal_count=1620 882 738 828 714 54 333 196 114 22 518 450 319 92 112 405 32 82 35 139 46 93 311 297 47 308 121 25 84 20 42 112 64 293 51 68 32 66 80 22 187 134 67 53 214 22 36 58 107 94 20 98 78 116 46 38 67 46 31 48 96 36
is_linear=0
shrinkage=0.03


Tree=80
num_leaves=63
num_cat=0
split_feature=18 18 12 14 18 17 14 16 18 17 16 16 18 16 4 18 17 15 6 6 2 6 16 16 13 16 16 7 18 10 16 7 6 14 19 12 16 16 8 8 20 20 9 20 9 16 18 18 10 3 16 2 18 18 20 2 2 24 20 2 7 16
split_gain=5.51545e+09 1.38568e+09 9.71621e+08 7.0257e+08 4.43901e+08 3.78621e+08 3.36843e+08 2.92081e+08 2.23221e+08 1.87824e+08 2.37847e+08 1.83983e+08 1.80041e+08 1.72697e+08 1.49941e+08 1.2624e+08 1.12091e+08 8.81806e+07 8.2278e+07 7.02353e+07 6.72827e+07 6.34739e+07 1.63727e+08 9.67962e+07 5.8506e+07 5.37008e+07 9.32575e+07 4.28997e+07 5.33093e+07 4.15998e+07 4.14355e+07 3.87155e+07 3.70446e+07 3.52877e+07 4.34055e+07 3.41868e+07 3.1226e+07 2.90179e+07 2.63381e+07 2.68227e+07 2.59603e+07 2.50071e+07 3.73194e+07 2.28478e+07 2.26312e+07 2.25684e+07 2.24961e+07 2.12299e+07 1.58065e+07 1.39997e+07 1.20244e+07 1.15668e+07 1.12124e+07 1.02001e+07 9.95789e+06 8.14225e+06 7.32076e+06 7.07474e+06 6.25229e+06 5.89756e+06 4.58544e+06 4.37568e+06
threshold=46445.350000000006 111700.15000000001 0.96107142840192339 0.21717973125094933 74039.35000000002 0.075479115465842489 0.1634562465166825 0.0050505372572776661 72035.650000000009 0.07547911546421833 -1.0000000180025095e-35 0.05017507414820211 61631.000000000007 -0.075399971249820216 51456.875000000007 86836.700000000012 0.079999999981325773 -6165.5250000000005 1.0000000180025095e-35 1.0000000180025095e-35 60701.875000000007 1.0000000180025095e-35 0.0037543201186628354 0.0049140049140049555 0.9230769228688458 0.0051020740191197742 0.0050505372572776661 -0.93301270189221919 40304.150000000009 0.78574730703237883 0.086956521739130502 -0.24999999999999997 1.0000000180025095e-35 0.24938271599550557 80288.900000000009 0.93506493482205955 0.086956521739130502 0.0050251573518178558 0.93301270189221952 1.0000000180025095e-35 18491.000000000004 94202.10000000002 0.17992617227144045 34107.200000000004 -0.12053668025532321 0.0049889909738903846 37061.05000000001 58054.450000000004 0.78574730703237883 46005.625000000007 0.0037543201186628354 60701.875000000007 11357.950000000003 63299.650000000001 51021.950000000004 53426.875000000007 58056.250000000007 40666.870000000003 51489.05000000001 65340.000000000007 0.25000000000000011 0.0050251573518178558
decision_type=2 2 2 2 2 2 2 2 2 2 2 2 2 2 2 2 2 2 2 2 2 2 2 2 2 2 2 2 2 2 2 2 2 2 2 2 2 2 2 2 2 2 2 2 2 2 2 2 2 2 2 2 2 2 2 2 2 2 2 2 2 2
left_child=2 3 17 8 11 20 -4 15 13 -10 -11 12 25 16 19 41 -2 32 -17 24 -3 22 -14 -23 50 26 -5 -21 46 33 -31 -22 52 -9 -35 -19 49 45 39 56 57 48 -43 -30 -38 -26 -29 55 -6 53 60 -41 -1 -13 -49 -18 61 -34 -39 -54 -8 -37
right_child=1 5 6 4 7 -7 14 29 9 10 -12 36 21 -15 -16 18 47 35 -20 27 31 23 -24 -25 37 -27 -28 28 43 30 -32 -33 40 34 -36 38 44 58 -40 51 -42 42 -44 -45 -46 -47 -48 54 -50 -51 -52 -53 59 -55 -56 -57 -58 -59 -60 -61 -62 -63
leaf_value=-118.23331315748763 185.27121822872675 93.611619612953874 148.35714267239712 11.10289467231131 76.640205417244431 346.39497699832128 -71.45979091359608 82.101879873494156 271.77303707638299 201.95581542968748 34.899853074094082 -21.459942063085286 69.481427484491221 -25.544102064400665 71.85883818124087 98.500145273777036 73.771400344436216 -121.25854775236701 196.05593107524666 -43.369541666970321 213.91241304713367 51.704824567201349 -45.22088358774235 134.88175752601873 -31.04944264187715 67.143185145601322 -65.423435268781049 13.52044892366267 8.1232143923315654 31.652759018699712 -54.295328245257394 142.93158657452915 -83.964060370262629 44.615111273134183 -16.014284157405626 -100.90233442955183 -89.889985248108133 -83.516196482441188 -125.21126655293696 -83.76637290330271 -23.219499785702528 146.57149948532512 67.456452009871214 68.430891024756988 -28.785827199575063 15.270607420666382 -39.360673600507702 119.29366382495773 34.663670971558822 -38.73090736152222 -99.505000096689358 -54.820486148810531 -68.0282078459513 13.412876520220017 80.964329566286324 35.762690163791767 -87.530777480940785 -57.859745372201679 -48.853241770527156 -93.699303619216153 -49.008059817485922 -118.25961131928732
leaf_weight=9.9999999999999982 10.999999999999998 11.999999999999998 9.9999999999999982 282 48 11.999999999999998 20 12.999999999999998 10.999999999999998 17 14.000000000000002 15.000000000000002 27 11.999999999999998 12.999999999999998 14.999999999999998 11.000000000000002 57 17 20 14.999999999999998 78 19 14.999999999999998 161 13.999999999999998 14.999999999999998 12.000000000000002 10.000000000000002 10.000000000000002 9.9999999999999982 15.000000000000002 13.999999999999998 36 14.999999999999998 69 11.000000000000002 10.000000000000002 24 72 18 11.000000000000002 10.999999999999998 12.999999999999998 10.999999999999998 9.9999999999999982 18 11.000000000000002 9.9999999999999982 15.999999999999998 9.9999999999999982 15.999999999999998 18 14.999999999999998 17 9.9999999999999982 33 34 9.9999999999999982 18 15.999999999999998 22
leaf_count=10 11 12 10 282 48 12 20 13 11 17 14 15 27 12 13 15 11 57 17 20 15 78 19 15 161 14 15 12 10 10 10 15 14 36 15 69 11 10 24 72 18 11 11 13 11 10 18 11 10 16 10 16 18 15 17 10 33 34 10 18 16 22
internal_value=0.270579 50.9027 -60.2396 41.2858 30.2345 198.012 -22.2679 68.6781 110.415 165.373 126.866 15.6778 22.6284 78.1713 -27.5947 100.376 98.9224 -91.4476 150.776 -31.7872 154.894 50.9999 22.109 65.251 -39.7096 9.93556 7.2172 -6.04738 8.09155 26.3452 -11.3775 179.015 -68.6764 38.133 26.7864 -100.126 -30.2847 -32.364 -94.9722 -91.4914 -54.1178 80.0526 107.498 42.359 -59.6065 -28.3333 -18.2335 79.2001 69.475 -16.1622 -70.0733 -78.5717 -89.402 -4.0368 96.3933 55.9274 -100.59 -65.6323 -66.5141 -81.0878 -61.6447 -105.224
internal_weight=1620 882 738 828 714 54 333 196 114 42 31 518 450 72 323 112 60 405 32 310 42 139 46 93 237 311 297 73 53 84 20 30 112 64 51 293 68 191 236 212 66 80 22 23 22 171 30 49 58 46 46 88 46 30 28 21 124 48 20 36 36 91
internal_count=1620 882 738 828 714 54 333 196 114 42 31 518 450 72 323 112 60 405 32 310 42 139 46 93 237 311 297 73 53 84 20 30 112 64 51 293 68 191 236 212 66 80 22 23 22 171 30 49 58 46 46 88 46 30 28 21 124 48 20 36 36 91
is_linear=0
shrinkage=0.03


Tree=81
num_leaves=63
num_cat=0
split_feature=23 6 12 12 1 15 3 1 10 12 23 27 10 27 15 6 12 10 21 11 1 2 0 10 17 12 0 21 14 16 11 1 12 0 23 19 14 19 22 22 10 23 3 14 27 21 22 21 16 19 6 13 0 6 4 19 8 14 16 14 10 15
split_gain=5.24976e+09 1.78864e+09 1.33507e+09 7.17029e+08 7.12394e+08 7.03926e+08 3.92612e+08 3.60549e+08 2.98955e+08 2.72881e+08 2.28972e+08 2.26499e+08 1.8185e+08 1.71753e+08 1.27286e+08 1.22249e+08 1.16125e+08 9.38573e+07 8.50933e+07 8.96409e+07 8.39496e+07 7.52879e+07 7.49283e+07 7.47304e+07 6.80743e+07 7.02061e+07 9.6712e+07 6.2404e+07 5.9555e+07 5.27575e+07 5.06138e+07 4.37791e+07 4.34083e+07 4.03091e+07 3.89134e+07 4.88793e+07 3.75323e+07 3.40115e+07 3.0266e+07 4.47828e+07 3.01136e+07 2.55846e+07 2.46014e+07 2.39505e+07 2.3174e+07 2.50548e+07 2.31433e+07 2.30614e+07 2.19462e+07 1.97976e+07 1.8832e+07 1.83844e+07 1.79972e+07 1.79257e+07 1.70598e+07 3.40488e+07 1.6104e+07 1.51647e+07 1.46084e+07 1.44139e+07 1.34412e+07 1.34278e+07
threshold=46586.150000000009 1.0000000180025095e-35 1.0326530610178755 0.97168539304328594 42920.000000000007 -6333.3333333333312 56820.000000000007 42920.000000000007 0.70581670320594814 1.1132075469554843 88931.030769230783 1.0000000180025095e-35 0.78574730703237883 1.0000000180025095e-35 2177.5000000000005 1.0000000180025095e-35 0.96339622623688459 -0.78574730703237872 50177.662499999999 0.88714733527913558 34707.000000000007 60475.000000000007 63125.000000000007 0.95297903005573359 0.075456790105959223 1.0595238092663919 49918.125000000007 60353.375000000007 0.21012658222621433 0.0049751551641986644 1.0593406591030845 30945.000000000004 0.98388888862225077 44240.945000000007 85769.303846153853 90719.950000000012 0.26034063254798295 75325.000000000015 9147.6405535993399 25878.681180325369 0.12053668025532312 72901.334615384621 47613.750000000007 0.23425692689183655 1.0000000180025095e-35 71720.712500000009 5321.1271400236519 60559.200000000012 0.0037543201186628354 64348.700000000004 1.0000000180025095e-35 0.93069306912263394 40408.500000000007 1.0000000180025095e-35 56935.625000000007 60667.400000000009 0.93301270189221952 0.22675812216407085 0.0050505372572776661 0.15919902640022157 -0.060268340127661524 -5921.0250000000005
decision_type=2 2 2 2 2 2 2 2 2 2 2 2 2 2 2 2 2 2 2 2 2 2 2 2 2 2 2 2 2 2 2 2 2 2 2 2 2 2 2 2 2 2 2 2 2 2 2 2 2 2 2 2 2 2 2 2 2 2 2 2 2 2
left_child=3 7 5 20 11 16 9 12 -7 -6 54 24 18 21 47 31 -3 -17 -2 51 53 41 29 27 25 26 -4 -14 50 -11 -27 -5 -19 -16 -15 -36 -29 -25 -37 -40 -35 -9 43 -33 58 -46 -23 -13 -48 -49 -22 -20 60 -1 55 -8 61 -54 -21 -52 -34 -30
right_child=1 2 4 15 6 8 10 13 -10 22 -12 14 23 34 33 17 -18 32 19 44 28 46 -24 37 -26 30 -28 36 56 -31 -32 42 52 40 35 38 -38 -39 39 -41 -42 -43 -44 -45 45 -47 48 49 -50 -51 59 -53 57 -55 -56 -57 -58 -59 -60 -61 -62 -63
leaf_value=-111.89062082715134 -26.430416719222368 165.39201044954206 86.120563918641835 -67.651637874446038 340.97558791963178 254.49288131314412 67.934740354020065 93.896578288432949 460.25372814820543 146.35646780698352 179.77532269394186 148.13354430647922 -125.41640267887468 137.34527329728411 22.291915274243337 73.205346746080707 36.82247266614759 44.022121012919655 38.420045093137823 -4.9657941470189391 -77.384901940091197 21.933187674368071 91.749482397702664 -41.344585743439502 65.918462826443701 -33.101001336795768 7.9566902008517628 -4.2020397858572469 -75.014535694034421 236.48321305204024 14.492121763449111 14.406027854730274 -58.893332961062171 44.05226266448031 18.975824073585301 49.084874154270267 -79.179252949897815 11.370759859262783 154.93322582347969 66.259817160426991 87.194587374905794 28.642407316453383 -57.683006512969179 -31.269926216030253 3.7304633993764345 48.993526164047594 -0.85733265350468424 77.398157795009325 -53.573460225020312 119.67220737370968 -22.594192462051122 84.537434482720059 18.17765981471285 -93.160612022809062 75.494712069138231 2.96433200714436 -116.14420932702848 -17.386010602177354 -42.428347687466456 -55.63624169175641 -19.606263498548643 -97.07141900510203
leaf_weight=101 72 15.000000000000002 25 46 9.9999999999999982 19.000000000000004 15.000000000000002 12.000000000000002 9.9999999999999982 13 17 11.999999999999998 15.999999999999998 10.999999999999998 28 12.999999999999998 10.999999999999998 10.999999999999998 20 33 25 24 9.9999999999999982 35 29 29 33 10.000000000000002 65 12 65 11.999999999999998 13.999999999999998 29 10.999999999999998 10.000000000000002 14.999999999999998 15.999999999999998 11.000000000000002 9.9999999999999982 30 9.9999999999999982 27 72 69 12.999999999999998 24 20 9.9999999999999982 22 17 12.999999999999998 13.999999999999998 95 15.999999999999998 13.999999999999998 17 46 12.999999999999998 41 18 44
leaf_count=101 72 15 25 46 10 19 15 12 10 13 17 12 16 11 28 13 11 11 20 33 25 24 10 35 29 29 33 10 65 12 65 12 14 29 11 10 15 16 11 10 30 10 27 72 69 13 24 20 10 22 17 13 14 95 16 14 17 46 13 41 18 44
internal_value=0.264802 46.0795 86.2864 -63.3867 68.4122 225.327 135.448 3.5806 326.783 202.866 86.268 46.1012 -13.4479 45.1705 74.5979 -25.7965 111.347 -2.43601 0.65835 12.7815 -88.7126 17.3817 162.547 -49.1355 23.8731 15.8132 41.7383 -79.252 -75.3981 190.387 -0.210404 -43.0439 -12.0448 52.0423 87.0041 73.5245 -49.3247 -24.8165 92.7571 113.222 66.0995 64.4995 -32.7944 -24.7354 1.40053 10.9573 -0.570806 110.774 -16.4738 99.7734 -55.54 56.7881 -18.789 -102.864 50.6227 36.6878 -88.4248 -9.07133 -15.6222 -46.0071 -36.9244 -83.9991
internal_weight=1620 942 484 678 429 55 107 458 29 45 62 322 325 133 141 273 26 116 233 161 405 80 35 92 181 152 58 41 209 25 94 157 103 87 53 42 25 51 31 21 59 22 111 84 128 82 58 54 34 42 83 33 92 196 45 29 126 60 46 58 32 109
internal_count=1620 942 484 678 429 55 107 458 29 45 62 322 325 133 141 273 26 116 233 161 405 80 35 92 181 152 58 41 209 25 94 157 103 87 53 42 25 51 31 21 59 22 111 84 128 82 58 54 34 42 83 33 92 196 45 29 126 60 46 58 32 109
is_linear=0
shrinkage=0.03


Tree=82
num_leaves=63
num_cat=0
split_feature=18 18 12 14 17 21 12 11 1 17 0 15 1 13 12 10 3 8 8 10 20 19 15 16 18 7 3 14 11 9 20 2 18 16 18 12 12 7 8 8 12 12 0 16 14 18 14 8 9 16 7 21 18 20 0 7 7 2 15 0 16 18
split_gain=4.87565e+09 1.2151e+09 8.63759e+08 5.81009e+08 4.00971e+08 3.69519e+08 3.08757e+08 1.81176e+08 1.67793e+08 1.56351e+08 1.49875e+08 1.42551e+08 1.40559e+08 1.25623e+08 1.23072e+08 1.19371e+08 1.1009e+08 1.03833e+08 9.50736e+07 9.48787e+07 9.26129e+07 8.3723e+07 7.93859e+07 7.67663e+07 1.87694e+08 7.6384e+07 7.39925e+07 6.43698e+07 4.9909e+07 4.70097e+07 5.54764e+07 4.63257e+07 4.52655e+07 5.17254e+07 4.51926e+07 3.12743e+07 2.9096e+07 2.37781e+07 2.37417e+07 2.41318e+07 2.36851e+07 3.4013e+07 2.31756e+07 2.23989e+07 1.90669e+07 1.82659e+07 1.73959e+07 1.60477e+07 1.54838e+07 3.29327e+07 1.54659e+07 1.54559e+07 1.27053e+07 1.1087e+07 1.04337e+07 9.24773e+06 1.12536e+07 8.07888e+06 7.96601e+06 6.39615e+06 4.17909e+06 3.89054e+06
threshold=46445.350000000006 108144.60000000002 0.96107142840192339 0.21717973125094933 0.07545679011077143 69923.362500000017 0.97822784785606387 0.80822429891277703 42920.000000000007 0.07547911546421833 57366.875000000007 -2233.0416666666674 41970.000000000007 0.93069306911887273 1.1814593759708412 0.8542199457734333 56958.750000000007 1.0000000180025095e-35 -0.68301270189221952 -0.70581670320594803 82632.60000000002 87880.050000000003 -6165.5250000000005 -1.0000000180025095e-35 74296.250000000015 1.0000000180025095e-35 55663.125000000007 0.29584352073041303 1.0593406591030845 -0.82298386589365657 80288.900000000009 51890.625000000007 40304.150000000009 -1.0000000180025095e-35 85153.35000000002 0.93506493482205955 1.0632911389765953 -0.24999999999999997 0.93301270189221952 1.0000000180025095e-35 1.1224489793683514 1.0698924728292272 39701.55000000001 0.0049140049140049555 0.13707268499901715 61631.000000000007 0.23037974677836118 -0.5 0.8542199457734333 0.0050505372572776661 -0.6830127018922193 79993.025000000009 10854.200000000003 49889.750000000007 51514.000000000007 0.68301270189221941 -0.24999999999999997 45877.875000000007 -9991.1916666666639 49116.875000000007 0.0050251573518178558 11812.000000000002
decision_type=2 2 2 2 2 2 2 2 2 2 2 2 2 2 2 2 2 2 2 2 2 2 2 2 2 2 2 2 2 2 2 2 2 2 2 2 2 2 2 2 2 2 2 2 2 2 2 2 2 2 2 2 2 2 2 2 2 2 2 2 2 2
left_child=2 3 22 7 10 13 -4 -2 15 11 -3 -9 32 36 18 26 17 34 25 -20 51 -12 42 24 45 -15 31 28 -16 -23 -31 -7 37 -34 -10 -24 46 43 39 59 41 -39 52 57 -44 -11 -5 -22 49 -35 58 -18 -1 -42 -41 56 -52 -8 -46 60 -37 -40
right_child=1 4 6 5 -6 8 12 9 16 23 21 -13 -14 14 27 -17 20 -19 19 -21 47 29 35 -25 -26 -27 -28 -29 -30 30 -32 -33 33 48 -36 38 -38 40 61 54 53 -43 44 -45 50 -47 -48 -49 -50 -51 55 -53 -54 -55 -56 -57 -58 -59 -60 -61 -62 -63
leaf_value=-112.94424844277869 -20.398647077201616 39.365009852637925 116.56991195354055 1.8419634461798062 313.82878854305181 25.727549199414021 -18.726105216837816 260.50170108279656 61.208351299412442 62.041401630007918 236.21825524056308 102.66177626808091 69.373042183213556 35.221917979035304 -54.385678243434178 -39.750650516978475 42.308721508215804 181.56133823939729 109.87345368000291 33.806769513172839 61.971027279088993 188.18158048422035 -114.49281748542852 27.045108605304748 196.52502421693029 -15.575653302241033 -20.889810078162274 -81.233293653431502 6.3123034612928732 156.92060926380708 56.355643806079833 71.128172244347894 37.672099138625121 -21.553604368473277 136.68625184755069 -94.836697876153224 -71.334722110660934 -49.759177218350494 -104.49075959416743 -78.740620570930133 -43.794208786647999 -107.56513599292653 -16.879152659803335 8.113065337629509 -22.340869445800774 98.306094064039797 -39.798807303918657 108.69052143146463 6.8932977306427619 -79.156850126663059 -62.803380506053472 1.1197739198192065 -71.667893011747893 -19.160796838739262 -51.265771750159885 -52.214217354910708 -100.00500766375204 -46.901400945499468 -57.293251668915495 -82.469238812311161 -111.66378844386311 -133.01936391469596
leaf_weight=11.000000000000002 9.9999999999999982 11.999999999999998 13.999999999999998 18 13.999999999999998 31 15.999999999999998 11.000000000000002 21 28 9.9999999999999982 9.9999999999999982 12.999999999999998 45 13.999999999999998 17 18 15.999999999999998 15.999999999999998 181 9.9999999999999982 9.9999999999999947 57 12.999999999999998 15.999999999999998 65 12.999999999999998 9.9999999999999982 90 10.000000000000009 9.9999999999999982 59 13.999999999999998 79 10.999999999999998 69 12.999999999999998 56 13.000000000000002 72 43 10.999999999999998 9.9999999999999982 14.999999999999998 11.000000000000002 24 18 23 12.999999999999998 9.9999999999999982 15.999999999999998 14.999999999999998 20 27 15.999999999999998 15.999999999999998 15.000000000000002 22 12.999999999999998 33 22 10.999999999999998
leaf_count=11 10 12 14 18 14 31 16 11 21 28 10 10 13 45 14 17 18 16 16 181 10 10 57 13 16 65 13 10 90 10 10 59 14 79 11 69 13 56 13 72 43 11 10 15 11 24 18 23 13 10 16 15 20 27 16 16 15 22 13 33 22 11
internal_value=0.261167 47.8661 -56.6313 37.8395 171.586 27.734 -20.8293 101.279 58.529 113.216 132.761 186.183 -26.894 12.3928 17.6855 33.7253 84.5857 119.165 27.5673 40.0374 59.2945 160.612 -86.056 94.0924 106.852 5.21826 45.8792 -8.92687 -1.90294 134.709 107.169 55.5361 -31.0051 -16.2179 87.499 -94.2893 -33.0245 -40.0198 -89.3632 -86.0599 -46.6248 -59.3959 -64.4522 -22.8908 -55.8678 78.9356 -19.0309 94.7632 -23.6442 -28.1075 -61.3277 23.6465 -86.6305 -34.3337 -73.8091 -71.3772 -81.0679 -35.1185 -41.4327 -94.6875 -99.0229 -118.064
internal_weight=1620 882 738 816 66 704 333 112 234 102 52 21 319 470 421 120 114 48 307 197 66 40 405 81 68 110 103 114 104 30 20 90 306 116 32 293 49 190 236 212 137 67 112 53 81 52 36 33 102 89 71 33 31 70 88 47 31 38 24 124 91 24
internal_count=1620 882 738 816 66 704 333 112 234 102 52 21 319 470 421 120 114 48 307 197 66 40 405 81 68 110 103 114 104 30 20 90 306 116 32 293 49 190 236 212 137 67 112 53 81 52 36 33 102 89 71 33 31 70 88 47 31 38 24 124 91 24
is_linear=0
shrinkage=0.03


Tree=83
num_leaves=63
num_cat=0
split_feature=23 6 12 15 23 23 20 17 20 0 7 23 21 16 7 5 12 18 7 22 16 14 21 21 10 10 7 12 21 2 23 6 22 23 14 7 20 23 10 14 7 18 18 10 23 7 16 20 8 21 16 16 18 24 15 6 24 22 14 20 2 14
split_gain=4.65946e+09 1.62857e+09 1.19334e+09 6.4302e+08 6.31991e+08 5.0541e+08 4.35928e+08 3.07801e+08 2.96128e+08 2.89777e+08 1.80686e+08 1.53731e+08 1.35953e+08 1.23887e+08 1.22227e+08 1.10502e+08 1.06189e+08 8.68567e+07 8.12706e+07 1.76267e+08 8.08739e+07 6.76154e+07 6.07646e+07 5.83209e+07 5.6739e+07 5.54033e+07 5.17244e+07 4.92135e+07 4.41767e+07 4.39297e+07 4.3914e+07 4.25486e+07 4.2047e+07 3.66358e+07 3.65132e+07 3.24816e+07 3.23397e+07 3.08229e+07 2.94473e+07 2.48734e+07 2.35925e+07 2.33146e+07 2.32748e+07 2.28072e+07 2.22558e+07 2.55192e+07 2.0835e+07 2.00681e+07 1.86251e+07 1.58279e+07 1.45899e+07 1.3485e+07 1.31917e+07 1.30285e+07 1.23407e+07 1.18478e+07 1.16632e+07 1.14217e+07 1.113e+07 1.08889e+07 1.05462e+07 9.59518e+06
threshold=46586.150000000009 1.0000000180025095e-35 1.0326530610178755 -6333.3333333333312 26535.988461538465 86813.665384615393 75218.700000000026 0.061650782740210804 74518.60000000002 55917.500000000007 -0.24999999999999997 61188.596153846163 67433.237500000003 0.0037543201186628354 1.0000000180025095e-35 1.0000000180025095e-35 0.96339622623688459 54543.700000000004 -0.93301270189221919 2622.0315956020982 0.0037543201186628354 0.2133517592883212 42282.762500000004 105242.65000000002 -0.70581670320594803 0.78574730703237883 -0.24999999999999997 1.0658391177286974 82139.012500000026 60701.875000000007 57565.511538461542 1.0000000180025095e-35 17104.405842652679 112049.05384615385 0.27980535273976231 -0.24999999999999997 47348.400000000009 83682.400000000009 0.61559370248597567 0.26913580241865293 -0.6830127018922193 48886.600000000006 79169.450000000012 0.78574730703237883 41269.757692307692 -0.93301270189221919 -0.075411471321695719 58363.05000000001 0.6830127018922193 62721.537500000013 0.05017507414820211 0.0049751551641986644 54769.950000000004 38286.600000000006 -5921.0250000000005 1.0000000180025095e-35 52583.125000000007 9996.0019555278159 0.15919902640022157 47039.200000000004 58496.250000000007 0.145767166759142
decision_type=2 2 2 2 2 2 2 2 2 2 2 2 2 2 2 2 2 2 2 2 2 2 2 2 2 2 2 2 2 2 2 2 2 2 2 2 2 2 2 2 2 2 2 2 2 2 2 2 2 2 2 2 2 2 2 2 2 2 2 2 2 2
left_child=4 8 3 16 21 7 -5 11 10 27 30 24 41 17 34 26 -3 36 -13 -20 28 29 40 -7 -4 -22 44 -9 37 53 47 43 -26 39 -15 54 -12 -14 52 -25 -17 -10 -30 -28 50 -46 -24 -2 -29 -38 51 -6 -16 -1 -23 -31 -37 -44 -57 -47 -19 -55
right_child=1 2 5 6 15 23 -8 9 12 -11 13 18 20 14 38 22 -18 60 19 -21 25 35 46 33 32 -27 31 48 42 55 -32 -33 -34 -35 -36 56 49 -39 -40 -41 -42 -43 57 -45 45 59 -48 -49 -50 -51 -52 -53 -54 61 -56 58 -58 -59 -60 -61 -62 -63
leaf_value=-94.576972181705557 49.694188636628198 155.98844781534558 81.43814469266529 169.66562958015876 -31.821896747655007 224.83031098236907 407.82845197711066 129.26463790090457 -30.241719875714633 260.06726792137221 -55.820293849713238 17.024241726252811 78.387539153484056 -154.76364170792075 -59.631388317506698 11.448261669262031 33.071158348289693 51.667074932288052 155.55396069591578 57.339357102139743 52.723471654123024 -70.403054271605455 19.213460907551067 151.44053887395563 8.8383673007882759 -29.358371289466035 -51.534562047616859 87.088355451311372 69.683077728019271 -64.006075421233675 96.838728720175254 -2.8829531304567859 72.487754734152617 189.87169762337561 -77.435213012695314 -114.80547788303392 -17.249912452796323 13.095006887075062 11.476702423095702 82.839512274713798 -47.084860307409414 12.949195387185025 97.897448261374265 -96.004317445360925 -32.478720505028434 37.198595630542641 70.407703745601751 -1.1442200429202944 47.046478189496852 12.238295671552887 -58.533039446891621 1.3324808128843915 -28.026220278312202 -47.539528160410484 -91.732264506606114 -8.0289580422580809 -87.060770270062989 145.1167991184544 -47.188239080219368 -1.9833386675095714 16.075218738817984 -77.20503043000771
leaf_weight=39 15.000000000000002 15.000000000000002 11.999999999999998 12.000000000000002 52 10.999999999999998 17 17 14.999999999999998 9.9999999999999982 18 31 16.000000000000004 10.000000000000002 20 11.000000000000002 10.999999999999998 18.000000000000004 19 121 19.000000000000004 37 16.000000000000004 10.000000000000005 125 11.999999999999998 82 23 11.999999999999998 20 10.999999999999998 14.999999999999998 9.9999999999999982 9.9999999999999982 12.999999999999998 74 116 10.999999999999998 11.999999999999998 9.9999999999999982 13.999999999999998 44 10.000000000000002 11.999999999999998 17 11.000000000000002 12.999999999999998 12.999999999999998 20 19 13.999999999999998 13.999999999999998 30 11.999999999999998 87 10.000000000000002 19 10.999999999999998 19 14.999999999999998 12.999999999999998 75
leaf_count=39 15 15 12 12 52 11 17 17 15 10 18 31 16 10 20 11 11 18 19 121 19 37 16 10 125 12 82 23 12 20 11 15 10 10 13 74 116 11 12 10 14 44 10 12 17 11 13 13 20 19 14 14 30 12 87 10 19 11 19 15 13 75
internal_value=0.254919 43.4171 81.7826 213.237 -59.7113 64.8837 310.2 54.2696 2.86454 111.191 -13.9697 41.7087 37.4172 -22.7216 -52.6537 -25.7889 104.311 -8.87314 61.0423 70.77 60.3942 -84.4479 12.844 164.953 19.1925 20.9575 -34.7827 85.9868 80.701 -70.4752 46.2993 -49.8275 13.6033 142.324 -111.581 -95.6784 -18.1536 51.9335 -30.6491 117.723 -21.3872 1.93581 104.01 -57.3076 -21.4206 -4.0007 42.3258 26.1705 68.6167 -13.0937 -30.7671 -24.7977 -40.7621 -79.8675 -85.4298 -46.2101 -109.237 123.202 -33.7591 14.6725 36.8412 -73.1725
internal_weight=1620 942 484 55 678 429 29 388 458 70 308 318 150 269 85 286 26 184 171 140 91 392 54 41 147 31 232 60 60 175 39 109 135 30 23 217 153 27 62 20 25 59 33 94 123 43 29 28 43 135 80 66 50 126 124 49 93 21 29 26 31 87
internal_count=1620 942 484 55 678 429 29 388 458 70 308 318 150 269 85 286 26 184 171 140 91 392 54 41 147 31 232 60 60 175 39 109 135 30 23 217 153 27 62 20 25 59 33 94 123 43 29 28 43 135 80 66 50 126 124 49 93 21 29 26 31 87
is_linear=0
shrinkage=0.03


Tree=84
num_leaves=63
num_cat=0
split_feature=18 18 12 14 21 17 14 24 0 4 6 24 14 11 8 16 11 12 12 8 13 2 16 7 20 2 14 6 13 10 2 18 16 17 2 4 14 6 2 3 11 16 18 18 11 14 7 18 16 6 18 7 24 24 14 20 11 21 7 16 0 7
split_gain=4.30769e+09 1.07589e+09 7.69329e+08 5.49851e+08 3.536e+08 2.91057e+08 2.9009e+08 2.03669e+08 1.88231e+08 2.62332e+08 1.46497e+08 1.38603e+08 1.31713e+08 1.2504e+08 1.20444e+08 1.02876e+08 9.56435e+07 1.3932e+08 8.50545e+07 7.88125e+07 7.64046e+07 6.89086e+07 6.39986e+07 5.65493e+07 5.83914e+07 5.45872e+07 5.43476e+07 5.16679e+07 5.17765e+07 4.79871e+07 4.46869e+07 4.02466e+07 4.0131e+07 3.74741e+07 3.65504e+07 6.40149e+07 3.59918e+07 3.14633e+07 3.12024e+07 3.02799e+07 2.4241e+07 2.14102e+07 3.06021e+07 2.13931e+07 1.9641e+07 1.83073e+07 1.81378e+07 1.83164e+07 1.48314e+07 1.44559e+07 1.41625e+07 1.371e+07 1.16732e+07 1.0716e+07 1.01599e+07 9.86568e+06 9.30396e+06 5.46762e+06 5.27125e+06 6.32866e+06 4.76547e+06 4.69243e+06
threshold=46445.350000000006 111700.15000000001 0.96107142840192339 0.21717973125094933 69923.362500000017 0.075479115465842489 0.1634562465166825 56820.000000000007 52316.875000000007 55191.875000000007 1.0000000180025095e-35 58685.625000000007 0.24938271600328019 0.80822429891277703 0.93301270189221952 0.0050505372572776661 0.8785046727287783 1.1814593759708412 1.0510204079529759 0.93301270189221952 1.1261261259281683 60701.875000000007 0.0049140049140049555 -0.6830127018922193 43561.200000000004 60701.875000000007 0.26184538648778616 1.0000000180025095e-35 0.92708333314018987 0.98182534576205305 51890.625000000007 52316.250000000007 0.0049889909738903846 0.079999999983445896 48701.250000000007 37758.000000000007 0.21410579340463037 1.0000000180025095e-35 64045.625000000007 51887.500000000007 1.0593406591030845 0.086956521739130502 55231.500000000007 50055.350000000013 0.77724137917700353 0.219342946937647 0.68301270189221941 37061.05000000001 0.0050251573518178558 1.0000000180025095e-35 8135.3000000000011 -0.24999999999999997 39505.450000000004 40666.870000000003 0.21012658223285954 20513.200000000004 0.81222707406108552 19081.250000000004 -0.24999999999999997 0.0037543201186628354 53831.875000000007 -0.93301270189221919
decision_type=2 2 2 2 2 2 2 2 2 2 2 2 2 2 2 2 2 2 2 2 2 2 2 2 2 2 2 2 2 2 2 2 2 2 2 2 2 2 2 2 2 2 2 2 2 2 2 2 2 2 2 2 2 2 2 2 2 2 2 2 2 2
left_child=2 3 21 8 10 25 -4 14 13 -10 15 27 -9 -2 18 19 43 22 -6 32 26 37 -18 24 -15 -3 -14 28 46 -21 -20 -25 -5 -26 35 52 49 50 -27 -33 -19 42 -17 -12 53 -30 47 -8 -47 -23 -1 60 -29 -39 -52 -51 -46 -53 -56 -60 -38 -58
right_child=1 5 6 4 7 -7 11 12 9 -11 16 -13 20 23 -16 41 17 40 30 29 -22 36 -24 31 33 38 -28 34 45 -31 -32 39 -34 -35 -36 -37 51 44 -40 -41 -42 -43 -44 -45 56 48 -48 -49 -50 55 54 57 -54 -55 58 -57 61 -59 59 -61 -62 -63
leaf_value=-122.28515748892255 -21.750726547996596 81.661892992760528 138.90242399007968 10.453585769597083 -23.812188788941185 304.72803888494315 -55.060901716312237 159.50839315340662 279.54215840107679 76.305699462890615 7.1681593351186423 79.824623165646116 53.924807958870289 57.230444777082695 -52.690733642578131 -56.370921098509832 41.576874487427929 -34.681845650160604 21.355209459679148 -93.740258353960371 17.036904117923754 -62.095446740904848 89.166110234708853 14.932116656917156 189.3057001276299 184.0269304914105 105.13264945007455 -1.2028795646553607 13.863541830837134 -3.1438329706965269 64.530179615020757 100.16748245765422 65.725824244841363 112.4077457170297 -41.788006441738062 55.1816599635074 -79.517944626005544 -73.896135253906223 119.08175567374742 38.223863706683169 11.301538019438786 -67.076339903647863 -9.1025418062299206 -39.818876473791306 -97.108268103966338 -24.879552978658573 -24.521297500285694 -99.870533725247526 -56.221462600404855 -42.286954792079634 -83.716778861167469 -78.786773113221585 -36.851795599105515 -36.329110929610884 -86.69702053696362 -7.8338881462664638 -93.509282681482915 -109.14365278764205 -97.070377737811569 -119.05649669346471 -52.65351290370878 -74.27385362373937
leaf_weight=20 9.9999999999999982 11.999999999999998 9.9999999999999982 122 15.999999999999998 11.999999999999998 50 18 11.000000000000002 11.999999999999998 15.999999999999998 10.999999999999998 32 9.9999999999999982 13.999999999999998 20 94 11.999999999999998 32 10.000000000000002 19 20 35 9.9999999999999982 10.000000000000002 18.000000000000004 46 20 9.9999999999999982 10.999999999999998 67 26 12.999999999999998 14.999999999999998 18 17 10.000000000000002 14.000000000000002 11.999999999999998 9.9999999999999982 70 15.999999999999998 32 19 35 144 13.999999999999998 9.9999999999999982 14.999999999999998 20 54 13.000000000000002 13.999999999999998 13.999999999999998 20 11.999999999999998 15.999999999999998 11.999999999999998 34 24 18 69
leaf_count=20 10 12 10 122 16 12 50 18 11 12 16 11 32 10 14 20 94 12 32 10 19 20 35 10 10 18 46 20 10 11 67 26 13 15 18 17 10 14 12 10 70 16 32 19 35 144 14 10 15 20 54 13 14 14 20 12 16 12 34 24 18 69
internal_value=0.250421 44.9968 -53.2258 36.5228 26.7461 174.623 -19.4375 56.0397 97.679 174.295 11.5297 -24.3812 85.0575 78.1443 30.1252 -6.02171 27.5074 35.1241 40.2441 7.40368 71.0918 -80.9956 54.5478 90.4887 119.299 136.815 84.2203 -28.0795 -34.5828 -46.5249 50.6103 68.3569 15.8208 143.799 -5.15988 7.82411 -59.96 -88.3356 158.531 83.1146 4.53818 -36.7868 -27.356 -18.3798 -78.3289 -25.3936 -55.5061 -62.683 -27.8698 -42.0899 -98.021 -77.3807 -15.947 -55.3089 -94.2548 -29.4318 -83.6497 -93.735 -101.434 -106.357 -62.4969 -78.0003
internal_weight=1620 882 738 828 714 54 333 244 114 23 470 323 115 91 129 224 246 211 115 156 97 405 129 81 35 42 78 312 243 21 99 46 135 25 69 51 105 300 30 36 82 68 52 35 148 169 74 60 159 52 152 53 34 28 132 32 120 25 78 58 28 85
internal_count=1620 882 738 828 714 54 333 244 114 23 470 323 115 91 129 224 246 211 115 156 97 405 129 81 35 42 78 312 243 21 99 46 135 25 69 51 105 300 30 36 82 68 52 35 148 169 74 60 159 52 152 53 34 28 132 32 120 25 78 58 28 85
is_linear=0
shrinkage=0.03


Tree=85
num_leaves=63
num_cat=0
split_feature=18 18 12 12 16 15 1 14 0 1 3 10 18 8 16 16 6 17 27 16 16 11 18 20 1 21 11 6 2 27 19 2 20 2 14 19 10 16 16 16 18 2 16 16 21 20 11 12 21 21 18 10 21 16 21 20 8 18 21 14 8 14
split_gain=4.05461e+09 1.19365e+09 6.60509e+08 4.93125e+08 4.46082e+08 4.18065e+08 2.85297e+08 2.45803e+08 2.57659e+08 2.104e+08 1.96934e+08 1.60441e+08 1.42868e+08 1.70029e+08 1.41951e+08 1.18123e+08 9.73086e+07 2.32364e+08 9.56561e+07 9.22279e+07 1.01824e+08 9.05616e+07 7.82033e+07 7.24953e+07 6.75184e+07 5.45338e+07 4.97028e+07 4.59846e+07 4.36896e+07 4.12617e+07 4.11994e+07 5.28588e+07 3.61777e+07 3.53791e+07 2.74929e+07 2.49334e+07 2.29177e+07 9.25171e+07 6.83554e+07 2.90073e+07 2.19941e+07 2.17365e+07 2.1707e+07 4.09101e+07 2.14371e+07 2.05601e+07 1.79926e+07 1.64065e+07 1.48217e+07 1.47825e+07 1.45752e+07 1.36811e+07 1.52426e+07 1.35282e+07 1.29912e+07 1.2227e+07 1.0705e+07 1.06731e+07 1.04007e+07 8.7242e+06 1.04946e+07 8.60481e+06
threshold=41414.350000000006 73508.35000000002 1.0297193875575261 0.96693877531482231 -1.0000000180025095e-35 -6333.3333333333312 42920.000000000007 0.19866036904789269 40006.30000000001 45625.000000000007 56958.750000000007 0.12053668025532312 52316.250000000007 0.93301270189221952 0.0051282388444369173 0.027273075884975632 1.0000000180025095e-35 0.075434243158852596 1.0000000180025095e-35 0.0051020740191197742 0.0050505372572776661 0.97457627102449618 51612.650000000009 90719.950000000012 34707.000000000007 111192.00000000003 0.94398340229855504 1.0000000180025095e-35 62500.000000000007 1.0000000180025095e-35 78079.900000000009 54916.875000000007 106817.25000000001 49988.125000000007 0.17083023276520834 40141.900000000009 1.0000000180025095e-35 0.0049140049140049555 0.0050505372572776661 0.0049751551641986644 98091.500000000015 62812.500000000007 0.0050251573518178558 0.0049140049140049555 76508.425000000017 17583.450000000004 0.87241379295598065 1.166666666350495 52902.212500000009 34587.625000000007 8546.9000000000015 0.61559370248597567 65303.350000000013 -0.080000000000000002 74993.050000000017 50188.150000000009 0.93301270189221952 33410.900000000009 49744.712500000016 0.23907455008803444 1.0000000180025095e-35 0.2380952380533333
decision_type=2 2 2 2 2 2 2 2 2 2 2 2 2 2 2 2 2 2 2 2 2 2 2 2 2 2 2 2 2 2 2 2 2 2 2 2 2 2 2 2 2 2 2 2 2 2 2 2 2 2 2 2 2 2 2 2 2 2 2 2 2 2
left_child=3 4 5 24 16 -3 14 8 -5 -7 11 28 36 15 26 19 29 -18 44 20 -14 25 -19 -20 50 -13 46 56 -8 -2 33 -32 -25 47 45 -17 38 51 39 55 -35 53 43 49 -12 -29 -4 -16 -37 -9 -1 58 -53 -24 -48 -6 -26 -51 -38 60 -52 -59
right_child=1 2 6 7 12 9 10 42 -10 -11 18 21 13 -15 30 35 17 22 23 -21 -22 -23 41 32 27 -27 -28 34 -30 -31 31 -33 -34 40 -36 48 37 -39 -40 -41 -42 -43 -44 -45 -46 -47 54 -49 -50 57 59 52 -54 -55 -56 -57 -58 61 -60 -61 -62 -63
leaf_value=-111.90018646783251 -11.937151138630316 66.375904571280998 117.01308411048737 -13.824575312532332 -29.691094765250138 389.17136319906399 69.715177532132728 -52.970212603052346 182.09952095258353 203.0930986849952 46.474824285223917 274.17389271348998 32.891247232381772 -73.26777136016311 23.211214484294853 -60.830131140982758 223.77943301361384 26.886698537879727 153.73786958048166 103.90881710633538 -41.051793373065756 116.9999950970106 103.37171601756522 25.655941257949692 -76.362708020421351 175.17473864846977 28.10635444759582 -45.841613348216903 142.4289474239865 58.411891109869345 19.0608242378526 -72.313415167780207 94.75653742630287 29.286107864885132 -62.068645052615359 14.207650531271227 -16.086621041805181 63.174524779738036 -70.393566243185916 29.77810326109541 86.873620532951733 132.60584697459004 -65.028520571723661 9.1553886120354928 -12.75677979776682 7.1899695549388927 103.01379891060495 -27.672466001605041 -23.297907086657236 -47.464636378337424 -93.225348472729692 -30.818003650674346 8.7739257565060171 64.7834349538319 61.936014954264124 -8.7059280905873617 -103.16487882915294 -3.9239974183526658 19.203240764925937 -114.71210238070101 -77.073475677024632 -30.103231307429162
leaf_weight=28 14.000000000000002 11.999999999999998 14.999999999999998 15.000000000000002 38 10 24 37 9.9999999999999982 13 10.000000000000002 10.000000000000002 229 17 13.000000000000002 9.9999999999999982 9.9999999999999982 25 11.999999999999998 14.999999999999998 18 11.999999999999998 14.999999999999995 12.000000000000002 88 11.999999999999998 15.999999999999998 19.000000000000004 10.999999999999998 15.999999999999998 13.000000000000002 9.9999999999999982 15.999999999999998 15.000000000000002 76 15.999999999999998 14.000000000000002 17 20 13.999999999999998 9.9999999999999982 9.9999999999999982 19 20 11.999999999999998 9.9999999999999982 10.999999999999998 9.9999999999999982 23 29 85 42 10.999999999999998 20.000000000000004 21 73 17 12.999999999999998 15.999999999999998 10.999999999999998 72 88
leaf_count=28 14 12 15 15 38 10 24 37 10 13 10 10 229 17 13 10 10 25 12 15 18 12 15 12 88 12 16 19 11 16 13 10 16 15 76 16 14 17 20 14 10 10 19 20 12 10 11 10 23 29 85 42 11 20 21 73 17 13 16 11 72 88
internal_value=0.24371 38.4484 88.3188 -58.7094 16.5336 210.664 72.0866 -23.7018 64.9582 285.331 103.561 138.431 5.90573 18.8499 41.2623 23.9072 71.8396 89.1064 64.594 31.9015 27.4882 184.882 69.5755 92.1758 -78.6167 221.211 74.0051 -66.7209 92.9088 25.6516 12.1456 -20.808 65.3388 27.9464 -52.5821 -18.8151 -11.4243 -0.373688 -19.0398 -10.7735 52.5756 93.1793 -34.4878 -31.3517 14.255 -27.5929 89.5373 1.06372 -7.91395 -36.2054 -91.3217 -13.45 -22.5997 81.5687 76.3335 -15.9103 -80.7962 -31.3968 2.73581 -87.8274 -85.8719 -26.7409
internal_weight=1620 983 300 637 683 35 265 231 25 23 131 69 573 328 134 311 110 80 62 262 247 34 70 40 406 22 63 210 35 30 71 23 28 48 105 49 245 100 145 125 25 45 206 187 22 29 47 23 39 167 196 83 53 35 32 111 105 130 30 168 157 101
internal_count=1620 983 300 637 683 35 265 231 25 23 131 69 573 328 134 311 110 80 62 262 247 34 70 40 406 22 63 210 35 30 71 23 28 48 105 49 245 100 145 125 25 45 206 187 22 29 47 23 39 167 196 83 53 35 32 111 105 130 30 168 157 101
is_linear=0
shrinkage=0.03


Tree=86
num_leaves=63
num_cat=0
split_feature=23 6 12 15 1 23 9 3 1 12 23 27 9 16 27 18 15 12 6 10 4 11 11 1 3 16 14 16 3 7 7 7 1 1 23 7 18 16 7 27 18 15 21 10 13 18 24 9 13 7 23 24 4 16 23 23 10 23 24 21 23 1
split_gain=3.90166e+09 1.401e+09 1.0312e+09 5.61712e+08 5.49502e+08 5.21466e+08 3.38312e+08 3.22107e+08 2.67627e+08 2.28571e+08 1.82296e+08 1.7408e+08 1.69139e+08 1.40775e+08 1.25402e+08 1.04179e+08 1.01085e+08 9.67452e+07 9.17674e+07 8.13261e+07 6.42231e+07 6.39412e+07 6.24887e+07 6.23907e+07 9.22861e+07 7.91268e+07 5.78036e+07 4.78427e+07 4.77197e+07 4.37854e+07 4.26793e+07 3.85756e+07 3.88549e+07 3.73614e+07 3.46518e+07 5.4194e+07 3.13458e+07 2.80062e+07 2.75204e+07 2.68437e+07 2.57463e+07 2.38869e+07 2.30783e+07 2.30581e+07 2.27586e+07 2.03296e+07 2.03027e+07 1.99874e+07 1.76317e+07 1.67389e+07 1.66769e+07 1.61863e+07 1.56857e+07 1.3555e+07 1.35485e+07 1.3481e+07 1.32189e+07 1.29971e+07 1.35138e+07 1.23584e+07 1.23387e+07 1.2143e+07
threshold=46586.150000000009 1.0000000180025095e-35 1.0326530610178755 -6333.3333333333312 42920.000000000007 26535.988461538465 -0.70581670320594825 56820.000000000007 42920.000000000007 1.1132075469554843 101415.65000000001 1.0000000180025095e-35 -0.35460488704253573 0.0037543201186628354 1.0000000180025095e-35 48886.600000000006 2177.5000000000005 0.96339622623688459 1.0000000180025095e-35 -0.78574730703237872 55470.625000000007 1.0593220337205358 0.88714733527913558 38830.000000000007 49095.625000000007 -0.040941482945758438 0.2133517592883212 0.0049751551641986644 55939.375000000007 -0.24999999999999997 -0.93301270189221919 -0.93301270189221919 33323.000000000007 41020.000000000007 85769.303846153853 0.68301270189221941 40304.150000000009 0.0050505372572776661 -0.24999999999999997 1.0000000180025095e-35 61129.650000000009 -5377.54 79993.025000000009 0.78574730703237883 1.1261261259281683 37061.05000000001 60218.125000000007 -0.82298386589365657 0.93069306912263394 -0.24999999999999997 66742.703846153861 60070.625000000007 56935.625000000007 0.0050505372572776661 39079.003846153857 36571.30000000001 0.78574730703237883 72901.334615384621 60826.525000000009 65303.350000000013 42087.469230769238 30529.000000000004
decision_type=2 2 2 2 2 2 2 2 2 2 2 2 2 2 2 2 2 2 2 2 2 2 2 2 2 2 2 2 2 2 2 2 2 2 2 2 2 2 2 2 2 2 2 2 2 2 2 2 2 2 2 2 2 2 2 2 2 2 2 2 2 2
left_child=5 8 3 17 11 26 -5 9 12 -6 52 23 13 -2 20 37 40 -3 29 -20 44 27 48 24 25 -4 33 -11 56 54 60 -18 -33 61 -16 46 -32 45 -28 53 -13 -38 -26 55 57 -14 -36 -42 -17 -22 -30 -51 59 -24 -7 -31 -25 58 -10 -9 -21 -1
right_child=1 2 4 6 7 18 -8 10 14 21 -12 16 15 -15 34 22 31 -19 19 30 49 -23 39 28 42 -27 38 -29 50 43 36 32 -34 -35 35 -37 41 -39 -40 -41 47 -43 -44 -45 -46 -47 -48 -49 -50 51 -52 -53 -54 -55 -56 -57 -58 -59 -60 -61 -62 -63
leaf_value=-89.104633230048904 -12.773767385542021 145.04131274899106 79.624287585877539 187.14633671034247 305.89128966680846 -28.840091360545227 394.2542125425947 57.55298732644259 38.192199241713702 126.69184145395992 160.88495440939195 141.13352985684236 -49.160527517404127 -136.66739519085797 121.12453153043181 27.284865885600784 9.4317707528209223 27.767076003615919 66.103424971485879 -70.13519817692216 17.379865577622212 77.416579855739485 -0.097713585953686108 -19.762507317725643 118.44881391370616 9.6188004681501784 -78.054490012661489 212.09970787868022 45.930509169397261 -76.345386665962849 -26.528346754066725 23.459432045776918 72.415486533236333 -41.812522612220157 4.481027110706675 102.22420061077987 53.728996491384983 -73.902781921991036 -99.963770611657495 9.6924225092415863 124.60344218943379 2.453594980261995 54.612676219373647 -89.393859701865964 3.211998964104771 -15.911101962309155 58.536004419690784 75.557789878957067 69.605702140757572 -57.884322201568281 -6.3705876069021699 -9.3055239252125972 67.398260101887004 -34.823980413659825 1.7823522320064888 -40.825694036681234 -65.00854327815594 22.991870256178451 85.991164016093109 16.706962321267198 -29.483945071505143 -67.223882358786156
leaf_weight=32 15.999999999999998 15.000000000000002 17 15.000000000000002 9.9999999999999982 34 13.999999999999998 10.000000000000002 10.000000000000002 13 15.999999999999998 9.9999999999999982 20 17 10.999999999999998 22 21 10.999999999999998 12.999999999999998 10.000000000000002 9.9999999999999982 9.9999999999999982 18 14.000000000000002 11.000000000000002 97 124 12 12.000000000000002 10.999999999999998 29 22 44 49 12.000000000000002 17 9.9999999999999982 9.9999999999999982 93 89 9.9999999999999982 43 9.9999999999999982 11.999999999999998 11.999999999999998 95 12.999999999999998 34 14.999999999999998 10.000000000000002 9.9999999999999982 15.999999999999998 15.999999999999998 23 21 82 9.9999999999999982 9.9999999999999982 11.999999999999998 20 21 94
leaf_count=32 16 15 17 15 10 34 14 10 10 13 16 10 20 17 11 22 21 11 13 10 10 10 18 14 11 97 124 12 12 11 29 22 44 49 12 17 10 10 93 89 10 43 10 12 12 95 13 34 15 10 10 16 16 23 21 82 10 10 12 20 21 94
internal_value=0.239973 39.7366 75.3208 197.518 59.6121 -54.6336 288.141 118.487 2.12408 179.545 73.9527 40.0173 -12.5467 -76.8179 37.9563 -5.25936 64.9998 95.7219 -23.8197 -4.66361 14.2124 142.678 10.242 20.5307 30.8064 20.1189 -77.1033 168.369 -9.62743 -38.8928 -12.8562 44.9023 56.157 -64.1863 73.7018 61.0233 -1.50495 -25.9608 -87.4859 0.441094 97.236 12.2112 88.4537 -50.2464 38.4881 -21.7313 32.711 86.9619 44.5834 -15.4824 22.2359 -28.14 43.432 -19.6157 -17.1658 -45.1045 -38.8067 51.6654 64.5356 30.4684 -42.7807 -72.8472
internal_weight=1620 942 484 55 429 678 29 107 458 45 62 322 325 33 133 292 141 26 286 126 80 35 167 181 135 114 392 25 46 160 113 87 66 175 53 42 82 125 217 130 54 53 21 105 44 115 25 44 37 36 22 26 46 41 55 93 24 32 22 30 31 126
internal_count=1620 942 484 55 429 678 29 107 458 45 62 322 325 33 133 292 141 26 286 126 80 35 167 181 135 114 392 25 46 160 113 87 66 175 53 42 82 125 217 130 54 53 21 105 44 115 25 44 37 36 22 26 46 41 55 93 24 32 22 30 31 126
is_linear=0
shrinkage=0.03


Tree=87
num_leaves=63
num_cat=0
split_feature=18 18 1 14 8 8 5 3 10 14 13 6 19 27 19 20 13 13 27 8 18 17 22 20 18 9 7 7 6 20 22 22 20 10 1 3 17 10 7 18 6 20 2 17 18 2 14 10 15 12 22 9 10 18 19 10 20 18 7 7 18 12
split_gain=3.5872e+09 1.0151e+09 7.48435e+08 5.87318e+08 4.27274e+08 4.24828e+08 3.17261e+08 2.25677e+08 2.25451e+08 5.99893e+08 1.78203e+08 1.24588e+08 9.56978e+07 9.34489e+07 9.22706e+07 7.31191e+07 7.20899e+07 8.06775e+07 8.75877e+07 7.33791e+07 6.72706e+07 7.7836e+07 6.6947e+07 6.56596e+07 6.52732e+07 6.47522e+07 6.24907e+07 5.60277e+07 4.60568e+07 3.38079e+07 3.66058e+07 3.27589e+07 3.22746e+07 3.0401e+07 2.96775e+07 2.87403e+07 2.70037e+07 2.56221e+07 2.79284e+07 2.12309e+07 2.08757e+07 1.9685e+07 1.62762e+07 1.56189e+07 1.52639e+07 1.46606e+07 1.44399e+07 1.42683e+07 1.39243e+07 1.36561e+07 1.25167e+07 1.22353e+07 1.21831e+07 1.1398e+07 1.08025e+07 1.36319e+07 1.05455e+07 9.83796e+06 8.93387e+06 8.37308e+06 8.23839e+06 7.54742e+06
threshold=52191.000000000007 31763.850000000002 42920.000000000007 0.21717973125094933 0.93301270189221952 0.25000000000000017 1.0000000180025095e-35 56958.750000000007 0.98182534576205305 0.25814536336588639 1.1261261259201294 1.0000000180025095e-35 75325.000000000015 1.0000000180025095e-35 86836.700000000012 90719.950000000012 0.92888820113139203 0.93599999985389182 1.0000000180025095e-35 1.0000000180025095e-35 40304.150000000009 0.075411471302971281 9635.9362825713306 43561.200000000004 18132.050000000003 0.06026834012766185 -0.6830127018922193 0.93301270189221952 1.0000000180025095e-35 66439.000000000015 6358.5703496292845 16939.043196982781 54050.250000000007 0.29696027566504685 30529.000000000004 46005.625000000007 0.079999999983445896 -0.98182534576205283 1.0000000180025095e-35 68157.550000000017 1.0000000180025095e-35 31977.000000000004 50495.625000000007 0.0089927575484039096 38442.000000000007 44801.625000000007 0.20610687017425749 0.12053668025532312 -9991.1916666666639 0.95726495709712545 5899.8513640182555 0.70581670320594825 0.61559370248597567 72932.700000000026 48164.600000000006 -0.70581670320594803 66693.750000000015 62843.05000000001 -0.24999999999999997 0.68301270189221941 8135.3000000000011 1.1792452827985704
decision_type=2 2 2 2 2 2 2 2 2 2 2 2 2 2 2 2 2 2 2 2 2 2 2 2 2 2 2 2 2 2 2 2 2 2 2 2 2 2 2 2 2 2 2 2 2 2 2 2 2 2 2 2 2 2 2 2 2 2 2 2 2 2
left_child=1 24 4 5 6 -4 16 10 20 -10 11 50 -6 28 -13 -15 -2 29 32 -20 42 27 -17 57 34 61 36 37 39 30 -18 52 -19 -29 60 45 -25 38 -22 51 -36 -39 43 54 -11 -23 -42 -30 -26 -50 -5 -9 -28 -49 55 -3 -46 -8 -51 -60 -1 -12
right_child=2 8 3 7 12 -7 23 13 9 44 25 14 -14 15 -16 22 17 18 19 -21 21 35 -24 26 48 -27 31 33 47 -31 -32 -33 -34 -35 40 -37 -38 41 -40 -41 46 -43 -44 -45 56 -47 -48 53 49 58 -52 -53 -54 -55 -56 -57 -58 -59 59 -61 -62 -63
leaf_value=-112.40837161847013 -35.733980313295817 -27.800850103345969 103.16531019779673 70.079347698117076 -158.48967542493662 315.84763329221488 62.788107740949862 35.670893130972352 201.80872870925046 -50.193754398242852 114.14800063331525 245.22388882469579 -38.158211284520974 144.57435185708292 138.58800655133155 -6.4508386774346365 125.12039652674648 13.801451001073518 13.2538419035322 53.42583818718073 46.084192859546555 21.07153845164401 89.298974155605762 171.33168113914689 -21.700212691023541 15.450976599977725 80.203796594497987 -1.6075388480521531 25.919046429936188 34.667489110337499 48.785247138770856 118.16494417048683 -18.123862337580697 70.463688662689506 -81.680368102002774 -6.8946509581121775 109.06709911681057 -60.503529415646121 -18.609305554455467 -37.131896114538215 -44.684440296605693 -19.383252786833797 -47.531796559444082 -1.1388859949561312 -27.652955767657296 64.577747984769047 -71.033383652241127 87.074106155244408 -68.966091087923587 -28.207360559783361 113.99741773765506 -9.1018743488576153 41.935602148624888 43.072312513619423 -9.4139112010755035 -56.455452311920325 13.710699850546346 23.023391236749312 -64.604902230488889 -38.54468754833281 -89.345330155790279 75.117078470664453
leaf_weight=20 18 53 17 12.000000000000002 11.000000000000002 17 10.000000000000002 12.000000000000002 15.999999999999998 10.999999999999998 10.000000000000002 13.000000000000002 12.999999999999998 11.999999999999998 18 10.000000000000002 12.000000000000002 66 79 85 11 12.000000000000002 19 11.000000000000002 10.999999999999998 17 14.000000000000002 11.000000000000002 15.999999999999998 19 10.999999999999998 11.999999999999998 50 9.9999999999999982 125 12.999999999999998 17 10.999999999999998 13 9.9999999999999982 29 196 44 19 11.000000000000002 17 57 10.000000000000002 51 15.999999999999998 12.999999999999998 9.9999999999999982 17 11.999999999999998 17 21 10.999999999999998 12.999999999999998 29 19 70 9.9999999999999982
leaf_count=20 18 53 17 12 11 17 10 12 16 11 10 13 13 12 18 10 12 66 79 85 11 12 19 11 11 17 14 11 16 19 11 12 50 10 125 13 17 11 13 10 29 196 44 19 11 17 57 10 51 16 13 10 17 12 17 21 11 13 29 19 70 10
internal_value=0.236477 -38.5063 51.6691 94.8153 29.2323 210.121 36.0526 75.5042 -9.35677 51.6743 109.968 143.711 -93.739 46.5562 183.951 82.477 22.5523 25.8206 19.99 34.0946 -16.0421 -7.62369 56.373 84.8075 -72.4244 58.6468 99.0803 -13.9272 25.4291 64.5517 88.9816 76.0504 0.0367563 32.8832 -80.0301 30.1407 134.051 -18.1951 11.1099 -1.10104 -73.778 -21.5966 -32.0982 -25.8871 -21.5078 46.7096 -62.2105 47.7146 -54.2062 -57.2938 93.2801 15.3704 59.4204 63.3768 -31.0474 -35.9978 -7.00254 40.5095 -47.8994 -54.391 -94.5896 95.1035
internal_weight=1620 924 696 238 458 34 434 204 497 49 93 56 24 111 31 41 340 322 280 164 448 294 29 94 427 37 71 252 70 42 23 43 116 21 301 42 28 231 24 32 211 207 154 110 33 29 86 38 126 115 25 22 31 22 91 74 22 23 64 48 90 20
internal_count=1620 924 696 238 458 34 434 204 497 49 93 56 24 111 31 41 340 322 280 164 448 294 29 94 427 37 71 252 70 42 23 43 116 21 301 42 28 231 24 32 211 207 154 110 33 29 86 38 126 115 25 22 31 22 91 74 22 23 64 48 90 20
is_linear=0
shrinkage=0.03


Tree=88
num_leaves=63
num_cat=0
split_feature=23 6 12 15 1 23 20 19 1 27 27 9 16 27 18 15 12 6 18 1 12 5 11 24 8 8 22 11 15 14 14 20 20 18 20 23 1 9 16 8 8 27 20 18 19 0 21 20 22 9 14 8 11 23 16 19 14 18 20 21 14 23
split_gain=3.46019e+09 1.25669e+09 9.2557e+08 5.16984e+08 4.88107e+08 4.61763e+08 3.66823e+08 2.62304e+08 2.37805e+08 1.9544e+08 1.55534e+08 1.51254e+08 1.25781e+08 1.10332e+08 9.40682e+07 9.33999e+07 8.65811e+07 8.09021e+07 6.99906e+07 5.67685e+07 8.18486e+07 7.031e+07 5.56962e+07 5.52845e+07 5.12711e+07 4.75052e+07 4.64231e+07 4.48354e+07 4.46712e+07 4.22745e+07 4.02709e+07 3.69878e+07 3.50006e+07 3.43102e+07 3.32802e+07 3.22099e+07 3.0939e+07 2.61844e+07 2.61264e+07 2.47114e+07 2.46907e+07 2.40925e+07 2.32251e+07 2.22273e+07 2.2142e+07 2.10755e+07 2.09636e+07 2.03116e+07 1.88554e+07 1.77574e+07 1.67673e+07 1.53703e+07 1.81753e+07 1.53486e+07 1.28634e+07 1.22235e+07 1.20991e+07 1.19815e+07 1.17012e+07 1.16199e+07 1.08557e+07 1.04866e+07
threshold=46586.150000000009 1.0000000180025095e-35 1.0326530610178755 -6333.3333333333312 42920.000000000007 30658.015384615388 75218.700000000026 55071.80000000001 42920.000000000007 1.0000000180025095e-35 1.0000000180025095e-35 -0.35460488704253573 0.0037543201186628354 1.0000000180025095e-35 48886.600000000006 2210.0000000000005 0.96339622623688459 1.0000000180025095e-35 59514.000000000007 38830.000000000007 1.0578517921571582 1.0000000180025095e-35 0.88714733527913558 39253.125000000007 -0.24999999999999997 0.25000000000000017 5182.1502896045195 1.0576610167746221 -2537.4999999999995 0.22321717548807393 0.21012658222621433 95253.60000000002 117473.20000000001 88851.200000000012 80288.900000000009 73745.661538461558 30945.000000000004 -0.61559370248597534 0.0050505372572776661 1.0000000180025095e-35 0.6830127018922193 1.0000000180025095e-35 35397.900000000001 81692.800000000017 79061.150000000009 49116.875000000007 79993.025000000009 47348.400000000009 5321.1271400236519 0.06026834012766185 0.23425692689183655 0.93301270189221952 0.84848484835628946 66742.703846153861 0.0050505372572776661 20550.450000000004 0.13707268499901715 34717.450000000004 58561.80000000001 50027.287500000013 0.21012658222621433 41269.757692307692
decision_type=2 2 2 2 2 2 2 2 2 2 2 2 2 2 2 2 2 2 2 2 2 2 2 2 2 2 2 2 2 2 2 2 2 2 2 2 2 2 2 2 2 2 2 2 2 2 2 2 2 2 2 2 2 2 2 2 2 2 2 2 2 2
left_child=5 8 3 16 10 23 -5 -6 11 26 19 12 -2 27 38 18 -3 36 -12 20 46 -22 -16 60 29 -11 -9 48 53 -19 45 -15 33 -33 -29 -20 57 44 47 -26 -41 54 -31 -28 -17 56 -4 -13 59 61 -51 52 -32 -21 -24 -47 -25 -7 -30 -10 -1 -38
right_child=1 2 4 6 7 17 -8 9 13 25 15 14 -14 31 22 37 -18 24 35 28 21 -23 41 30 39 -27 43 34 58 42 51 32 -34 -35 -36 -37 49 -39 -40 40 -42 -43 -44 -45 -46 55 -48 -49 -50 50 -52 -53 -54 -55 -56 -57 -58 -59 -60 -61 -62 -63
leaf_value=-76.980126766916044 -12.263687467397368 135.90906706753151 112.03281193913637 145.06857916713741 257.51933791963177 -47.759900572513821 363.34743498149669 106.52774817703836 -7.1801447228157853 123.54981866167476 144.11079832120706 -51.991077055368358 -129.37515736362388 113.05865451958343 42.018302871004913 30.804498646866353 24.9825564987595 63.279311311141299 59.406091397341378 44.153359823936263 6.2636956407804636 62.340089441058275 0.3537710554428522 -29.663148143871407 -37.963474881673591 198.17442491896608 29.382429964690779 76.850602897481693 -19.709527795669874 -22.61293478908917 -72.86273897318803 60.632701911425706 97.304898489959967 -8.5283502438989007 8.7955275757844777 109.96626711581617 -23.27351308186849 65.474334194969586 -71.108067445660595 18.158012457883206 -26.871544723226062 9.1086416618270096 36.156544497650444 71.293197446797222 -19.533995340708138 -7.2922075251222562 51.213775652894888 -15.618004219775003 -18.118840770531335 -4.5249742930644272 -45.62536017784705 -95.86336841137377 -40.426943861819105 -6.0223403583186697 -33.472272900668052 -43.45066296082809 -64.339059009842458 -86.095525763483323 -62.29557388154587 35.037007089168469 -95.439931512129931 5.4054918831273122
leaf_weight=53 15.999999999999998 15.000000000000002 11.000000000000002 12.000000000000002 9.9999999999999982 30 17 18 10.000000000000002 19 12.999999999999998 15.999999999999998 17 12.999999999999998 37 27 10.999999999999998 15.999999999999998 63 12.000000000000002 88 26 18 10.999999999999998 29 13.999999999999998 24 14.000000000000002 14.000000000000002 15.000000000000002 138 18.000000000000004 11.999999999999998 9.9999999999999982 11.999999999999998 13.999999999999998 35 12.999999999999998 9.9999999999999982 24 20 89 9.9999999999999982 22 10.999999999999998 12.999999999999998 9.9999999999999982 99 30 10.999999999999998 48 23 18 9.9999999999999982 23 24 59 9.9999999999999982 9.9999999999999982 13.999999999999998 74 17
leaf_count=53 16 15 11 12 10 30 17 18 10 19 13 16 17 13 37 27 11 16 63 12 88 26 18 11 29 14 24 14 14 15 138 18 12 10 12 14 35 13 10 24 20 89 10 22 11 13 10 99 30 11 48 23 18 10 23 24 59 10 10 14 74 17
internal_value=0.232492 37.4275 71.1292 186.899 56.2469 -51.4435 273.834 111.735 1.80488 96.4565 37.7792 -12.0243 -72.8025 35.5817 -5.13297 61.3933 89.2543 -20.5249 79.7659 19.3599 29.1617 19.0965 9.59698 -71.2725 -1.44366 155.712 65.7076 13.3102 -9.407 25.3655 -63.904 69.1107 54.5812 35.9898 45.5947 68.7296 -34.9201 28.8784 -24.8041 -16.515 -2.32442 0.344149 0.945131 49.5379 16.2197 -49.2474 83.4515 -20.7194 -2.28974 -26.7262 -37.9832 -72.6327 -69.1485 21.422 -18.657 -30.8003 -58.9401 -57.5347 -37.6387 17.4896 -87.8029 -13.9052
internal_weight=1620 942 484 55 429 678 29 107 458 97 322 325 33 133 292 141 26 265 90 181 135 114 167 413 114 33 64 80 46 41 286 53 40 28 26 77 151 51 125 73 44 130 25 46 38 107 21 115 54 111 59 179 156 22 41 37 70 40 24 24 127 52
internal_count=1620 942 484 55 429 678 29 107 458 97 322 325 33 133 292 141 26 265 90 181 135 114 167 413 114 33 64 80 46 41 286 53 40 28 26 77 151 51 125 73 44 130 25 46 38 107 21 115 54 111 59 179 156 22 41 37 70 40 24 24 127 52
is_linear=0
shrinkage=0.03


Tree=89
num_leaves=63
num_cat=0
split_feature=23 14 1 3 23 23 8 14 8 23 8 18 7 16 23 14 17 18 22 18 24 15 16 22 24 7 3 17 14 18 7 7 16 18 20 3 7 16 24 7 23 9 16 20 7 11 22 20 24 3 14 16 22 7 16 20 1 14 9 7 22 9
split_gain=3.25644e+09 9.8181e+08 5.89181e+08 6.85109e+08 5.53309e+08 4.34506e+08 2.47557e+08 2.30854e+08 2.20844e+08 1.75046e+08 1.72365e+08 1.52713e+08 1.29789e+08 1.08023e+08 9.8237e+07 9.51309e+07 7.643e+07 7.19199e+07 7.16423e+07 7.14327e+07 6.26527e+07 6.64503e+07 5.65964e+07 5.64607e+07 5.20187e+07 5.12341e+07 4.45247e+07 4.65054e+07 3.78889e+07 3.70398e+07 3.47243e+07 5.18481e+07 3.38849e+07 2.94371e+07 2.80835e+07 2.47861e+07 2.41839e+07 3.34226e+07 1.84721e+07 1.77425e+07 2.43181e+07 1.63981e+07 1.63801e+07 1.6204e+07 1.57319e+07 1.57932e+07 1.53266e+07 1.37733e+07 1.34844e+07 1.21948e+07 1.02134e+07 9.63101e+06 8.23044e+06 7.78446e+06 7.73477e+06 7.1677e+06 6.93839e+06 6.53909e+06 4.90413e+06 4.22849e+06 4.16543e+06 4.16194e+06
threshold=46586.150000000009 0.21717973125094933 42920.000000000007 56820.000000000007 74897.723076923096 30658.015384615388 0.93301270189221952 0.16675568845983602 0.93301270189221952 52238.019230769241 0.25000000000000017 52316.250000000007 -0.6830127018922193 0.0037543201186628354 85328.730769230795 0.2506329113478229 0.075365239281317054 53973.05000000001 22128.93582396377 54543.700000000004 60701.875000000007 6733.333333333333 -1.0000000180025095e-35 9078.4029334761308 39253.125000000007 0.93301270189221952 52530.000000000007 0.079999999981325773 0.21012658222621433 40304.150000000009 0.93301270189221952 -0.24999999999999997 0.0049140049140049555 53973.05000000001 89710.050000000017 52530.000000000007 0.93301270189221952 0.0050505372572776661 50334.350000000006 -0.93301270189221919 43155.746153846158 -0.61559370248597534 0.0037543201186628354 47348.400000000009 -0.24999999999999997 0.84799999986632446 7766.9183557587348 21946.950000000001 60701.875000000007 56820.000000000007 0.21012658222621433 0.0037543201186628354 1198.2581726343174 -0.24999999999999997 0.0049505253806327873 16760.100000000002 30945.000000000004 0.145767166759142 0.78574730703237894 -0.93301270189221919 884.98111147571251 0.78574730703237894
decision_type=2 2 2 2 2 2 2 2 2 2 2 2 2 2 2 2 2 2 2 2 2 2 2 2 2 2 2 2 2 2 2 2 2 2 2 2 2 2 2 2 2 2 2 2 2 2 2 2 2 2 2 2 2 2 2 2 2 2 2 2 2 2
left_child=5 2 7 -4 8 24 12 -2 11 -9 -5 22 32 33 34 48 30 43 20 -11 25 -22 -3 -17 50 -13 27 -21 38 -18 31 39 -6 -8 35 -14 37 -24 57 54 52 -31 56 -10 45 59 -44 55 -16 -36 -1 58 -41 -52 -7 -40 -33 -26 -46 -30 -58 -53
right_child=1 4 3 10 6 16 13 9 17 19 -12 18 14 -15 15 23 29 -19 -20 26 21 -23 36 -25 28 -27 -28 -29 44 41 -32 42 -34 -35 49 -37 -38 -39 47 40 -42 -43 46 -45 51 -47 -48 -49 -50 -51 53 61 -54 -55 -56 -57 60 -59 -60 -61 -62 -63
leaf_value=-74.675072400798896 209.18107467802443 57.805433379874742 411.54423788534626 62.432763188848433 110.48231382679563 -23.673634448761629 2.9494565793630234 -28.77326498935097 -53.058156175929192 22.280785291209721 223.36796203008967 15.591758282896896 52.24254554085109 -75.508210075945897 166.7960438875387 31.471624539759766 -24.009325470620013 -108.14698883813274 106.67386727210319 165.60273635713182 92.623490755073249 23.970079699020104 -8.4926030426853032 106.85149028577301 -36.500555294124219 50.866021376961612 42.869980554501872 91.030570662115252 -81.474028575957135 17.897627743226693 27.31872527169709 -49.999691283729241 172.46937465238253 73.911525480062664 93.535940932472116 1.0032404373759063 25.918942139430069 -56.787101920919213 -26.251631050401055 5.2159819320804814 21.740969369793465 63.936892428011497 -47.551313819215991 -16.10407715748584 -78.714553307390517 -39.387209083246432 -94.874682620209043 0.22463453236192762 116.8101951553798 45.890082454870239 -82.963204032155929 -110.48226514075411 -22.076891201841018 -103.61861505681817 -58.427869153919787 -59.454014150258658 -45.897281806882752 -60.513634337553761 -57.840260034018009 -64.108860851364 -25.154039327895536 -81.2774221167234
leaf_weight=53 9.9999999999999982 11.999999999999998 10.999999999999998 15 19 14.000000000000002 11.000000000000002 17 14.999999999999998 15.999999999999998 10 266 15.999999999999998 11.999999999999998 13.000000000000002 19 13.999999999999998 11.999999999999998 9.9999999999999982 9.9999999999999982 24 27 152 17 12.999999999999998 43 11.999999999999998 33 19 19 9.9999999999999982 27 14.999999999999998 9.9999999999999982 10.000000000000002 18 15.999999999999998 13.999999999999998 13.000000000000002 11.999999999999998 18 11.000000000000002 17.000000000000004 37 46 22 9.9999999999999982 9.9999999999999982 9.9999999999999982 9.9999999999999982 40 12.000000000000002 57 34 9.9999999999999982 10.999999999999998 11.999999999999998 60 14.999999999999998 55 34 9.9999999999999982
leaf_count=53 10 12 11 15 19 14 11 17 15 16 10 266 16 12 13 19 14 12 10 10 24 27 152 17 13 43 12 33 19 19 10 27 15 10 10 18 16 14 13 12 18 11 17 37 46 22 10 10 10 10 40 12 57 34 10 11 12 60 15 55 34 10
internal_value=0.228168 36.3115 111.49 215.15 23.8316 -49.9033 70.187 73.23 10.5359 57.5611 127.44 16.5305 86.8462 -4.06036 71.2694 98.0218 -19.9111 -42.2344 27.8317 78.2441 25.6127 56.3957 -5.02668 67.2651 -69.1382 20.5154 94.4543 108.717 -61.9906 16.1681 -27.0983 -29.6891 138.255 36.9312 41.9127 25.1984 -9.19895 -12.5974 -47.774 -15.5525 -9.2303 34.9351 -45.3494 -26.8453 -70.4573 -62.0085 -65.364 -29.3715 145.663 70.06 -85.1729 -80.1429 -17.3296 -92.5806 -38.337 -41.6531 -37.8674 -56.2932 -73.6846 -68.6715 -30.6532 -97.6353
internal_weight=1620 942 134 36 808 678 180 98 628 88 25 564 147 33 113 59 265 64 370 71 360 51 194 36 413 309 55 43 286 44 221 211 34 21 54 34 182 166 107 111 87 30 100 52 179 96 27 34 23 20 127 83 69 74 24 24 73 73 61 74 46 22
internal_count=1620 942 134 36 808 678 180 98 628 88 25 564 147 33 113 59 265 64 370 71 360 51 194 36 413 309 55 43 286 44 221 211 34 21 54 34 182 166 107 111 87 30 100 52 179 96 27 34 23 20 127 83 69 74 24 24 73 73 61 74 46 22
is_linear=0
shrinkage=0.03


Tree=90
num_leaves=63
num_cat=0
split_feature=23 6 1 0 23 14 27 1 27 9 2 16 27 15 8 18 6 9 17 7 4 0 11 14 8 22 5 22 7 22 17 7 0 23 7 0 7 16 18 27 7 0 18 7 14 13 13 4 22 7 18 16 18 22 22 23 16 23 23 22 14 23
split_gain=3.0649e+09 1.13027e+09 8.03135e+08 6.72879e+08 4.09393e+08 3.91065e+08 3.00018e+08 2.09983e+08 1.44179e+08 1.35367e+08 1.21014e+08 1.13854e+08 9.88844e+07 9.47208e+07 8.64594e+07 8.44817e+07 7.87369e+07 5.54524e+07 5.52211e+07 5.5213e+07 5.26105e+07 5.1003e+07 5.02374e+07 4.47662e+07 4.30134e+07 5.86195e+07 4.14995e+07 3.80479e+07 3.65073e+07 3.45971e+07 3.33962e+07 3.31815e+07 3.42615e+07 3.13348e+07 4.56818e+07 2.8677e+07 2.48215e+07 2.33436e+07 2.24346e+07 2.24112e+07 2.20374e+07 1.9019e+07 1.74536e+07 1.71385e+07 1.68917e+07 1.63128e+07 1.57712e+07 1.51586e+07 1.37434e+07 1.30705e+07 1.22293e+07 1.20545e+07 1.19385e+07 1.15893e+07 1.14784e+07 1.13978e+07 1.13373e+07 1.08861e+07 1.01186e+07 1.08131e+07 1.55856e+07 9.58486e+06
threshold=46586.150000000009 1.0000000180025095e-35 42920.000000000007 56412.500000000007 25473.334615384618 0.18069397097137688 1.0000000180025095e-35 42920.000000000007 1.0000000180025095e-35 -0.35460488704253573 60701.875000000007 0.0037543201186628354 1.0000000180025095e-35 2177.5000000000005 0.25000000000000017 48886.600000000006 1.0000000180025095e-35 -0.61559370248597534 0.075456790105959223 -0.93301270189221919 55470.625000000007 63125.000000000007 0.88714733527913558 0.2133517592883212 0.6830127018922193 3074.2507273311589 1.0000000180025095e-35 15476.735992566928 -0.24999999999999997 1244.5142190205249 0.079999999982022368 -0.93301270189221919 44240.945000000007 85769.303846153853 0.68301270189221941 49116.875000000007 -0.24999999999999997 0.0050505372572776661 61631.000000000007 1.0000000180025095e-35 -0.6830127018922193 64201.875000000007 37061.05000000001 1.0000000180025095e-35 0.13707268499901715 0.99859296457813607 0.93069306912263394 56935.625000000007 24737.018531749356 -0.24999999999999997 78385.60000000002 0.0050505372572776661 67657.500000000015 2263.136266797504 9915.154304740101 72901.334615384621 -0.078707565751361327 42087.469230769238 36571.30000000001 7766.9183557587348 0.23341523337310963 41269.757692307692
decision_type=2 2 2 2 2 2 2 2 2 2 2 2 2 2 2 2 2 2 2 2 2 2 2 2 2 2 2 2 2 2 2 2 2 2 2 2 2 2 2 2 2 2 2 2 2 2 2 2 2 2 2 2 2 2 2 2 2 2 2 2 2 2
left_child=4 7 5 -4 23 -3 10 9 18 11 21 -2 20 38 17 37 28 -8 24 57 41 -5 46 35 25 -7 29 -26 53 -21 -28 -15 -33 -14 50 44 -25 42 -10 51 -20 55 -11 -30 -1 -40 -17 52 -16 -22 -35 -24 -12 -6 -31 -9 -42 -18 -45 60 -60 -56
right_child=1 2 3 6 16 8 14 12 13 15 47 -13 33 31 48 22 19 -19 40 26 49 -23 39 36 27 -27 30 -29 43 54 -32 32 -34 34 -36 -37 -38 -39 45 -41 56 -43 -44 58 -46 -47 -48 -49 -50 -51 -52 -53 -54 -55 61 -57 -58 -59 59 -61 -62 -63
leaf_value=-32.284818751558348 -11.451416254458218 188.23159262331373 306.48183024623933 157.24681287400261 4.4788740016874025 70.67370522943466 79.477854203153228 58.166861522553724 131.29411601755879 -45.224559083483108 49.206517004064601 -122.8706294116639 109.97779468433278 7.177192682202957 238.91601591506799 23.378479867477765 -64.317759382795558 176.14282956567141 74.142880841799425 44.385002139252016 14.272495340781635 67.550642821057011 0.21992652176493438 -68.991961723038685 -22.809591932186116 12.011008921194627 60.437296064087228 37.402447126877206 -79.061480501033074 -28.912674082333279 -1.8836166638090408 19.813981291481809 65.768266788404802 46.963127383166587 90.713672046326749 -34.051612978957763 -89.891162382726762 -67.441118828801834 100.6403964739614 8.5953018316596452 48.059665254633465 1.8356200062144885 -14.41788461769417 -63.769417619515735 -67.487389930253514 64.064427931736191 63.376494959142825 60.722421043822479 182.59077669710723 -25.956583385248294 4.9953597038836524 -32.525864670988803 9.9756111780136649 -24.835098444278028 -16.317893119963582 19.302446440139615 6.227526148427831 -26.157589705046885 -2.4745133225461271 -54.95560114187353 -38.459237263891652 21.436599417204903
leaf_weight=13.999999999999998 15.999999999999998 15.999999999999998 17 14.000000000000002 18 19 12.000000000000002 22 9.9999999999999982 20 11.000000000000002 17 10.999999999999998 21 10.000000000000002 22 10.000000000000002 9.9999999999999982 19 9.9999999999999982 9.9999999999999982 9.9999999999999982 18 124 43 78 19 11.999999999999998 11.999999999999998 29 12.999999999999998 22 44 13.000000000000002 17 38 91 9.9999999999999982 21 89 14.000000000000002 11.999999999999998 95 14.999999999999998 118 25 14.999999999999998 15.999999999999998 10.999999999999998 26 11.999999999999998 23 19 37 15.000000000000002 9.9999999999999982 9.9999999999999982 21 13.999999999999998 22 48 9.9999999999999982
leaf_count=14 16 16 17 14 18 19 12 22 10 20 11 17 11 21 10 22 10 10 19 10 10 10 18 124 43 78 19 12 12 29 13 22 44 13 17 38 91 10 21 89 14 12 95 15 118 25 15 16 11 26 12 23 19 37 15 10 10 21 14 22 48 10
internal_value=0.223205 35.2292 67.191 130.939 -48.4115 43.7502 104.283 1.44581 36.8572 -11.5492 65.8176 -69.0471 33.1854 59.7297 166.602 -5.02973 -21.6786 124.015 20.0619 -3.89317 12.1017 120.309 8.92956 -68.7454 11.5543 23.5626 7.35393 -9.62833 -35.2751 -6.59841 35.1923 40.0656 50.5034 64.9271 52.8948 -57.1596 -77.8754 -23.6716 90.1534 0.142003 50.0388 34.0739 -19.8102 -45.1744 -63.7811 80.9443 39.7211 37.1879 210.418 -14.7732 26.9189 -18.184 24.4761 -15.2507 -16.1044 46.1198 30.7279 -38.6346 -40.9912 -36.8526 -30.3508 -1.19074
internal_weight=1620 942 484 130 678 354 113 458 338 325 70 33 133 143 43 292 293 22 195 127 80 24 167 385 152 97 96 55 166 64 32 87 66 53 42 170 215 125 56 130 43 44 115 111 132 46 37 46 21 36 25 41 30 55 54 32 24 31 99 84 62 25
internal_count=1620 942 484 130 678 354 113 458 338 325 70 33 133 143 43 292 293 22 195 127 80 24 167 385 152 97 96 55 166 64 32 87 66 53 42 170 215 125 56 130 43 44 115 111 132 46 37 46 21 36 25 41 30 55 54 32 24 31 99 84 62 25
is_linear=0
shrinkage=0.03


Tree=91
num_leaves=63
num_cat=0
split_feature=18 18 10 16 12 16 18 14 21 16 0 1 18 15 16 2 15 1 24 18 22 16 9 16 18 12 19 12 18 14 10 17 2 19 17 20 7 16 10 16 16 22 12 3 14 27 2 16 18 20 21 10 20 18 10 18 0 22 22 19 14 10
split_gain=2.80682e+09 8.13986e+08 5.20065e+08 5.05406e+08 3.49065e+08 3.08491e+08 2.61672e+08 1.93898e+08 2.4148e+08 1.19791e+08 1.1493e+08 1.05603e+08 1.04751e+08 8.06933e+07 7.79812e+07 9.6963e+07 6.70919e+07 5.13175e+07 5.10097e+07 5.08081e+07 4.99254e+07 1.02118e+08 8.562e+07 5.63992e+07 4.36445e+07 4.05842e+07 3.88297e+07 5.07358e+07 3.6061e+07 3.31398e+07 3.07177e+07 3.04455e+07 2.82017e+07 2.20856e+07 2.00874e+07 1.9349e+07 1.8017e+07 2.21236e+07 1.77875e+07 1.68884e+07 1.47406e+07 1.47115e+07 1.39417e+07 2.4775e+07 1.37995e+07 1.36937e+07 1.32464e+07 1.97406e+07 1.30071e+07 1.28451e+07 1.28025e+07 1.25528e+07 1.13658e+07 1.11459e+07 1.08586e+07 1.0707e+07 8.78327e+06 8.61602e+06 7.20993e+06 6.97444e+06 6.94901e+06 8.21628e+06
threshold=41414.350000000006 73508.35000000002 0.98182534576205305 -1.0000000180025095e-35 0.96693877531482231 -1.0000000180025095e-35 112238.65000000001 0.19866036904789269 36400.80000000001 0.05017507414820211 54574.05000000001 33323.000000000007 50188.150000000009 -2562.4999999999995 -0.075467952801286139 51960.625000000007 2050.4266666666667 34707.000000000007 37090.350000000006 58054.450000000004 1776.4495160311678 0.0049140049140049555 0.46472317204376884 0.0037543201186628354 61631.000000000007 1.151898733888481 78079.900000000009 1.1348314604216625 86836.700000000012 0.17083023276520834 0.5163939593874618 0.075411471307569006 49988.125000000007 59333.55000000001 0.079999999984492962 50502.200000000004 -0.24999999999999997 0.0037543201186628354 1.0000000180025095e-35 0.0049140049140049555 0.0049140049140049555 1356.8451285550386 1.1226329111137654 44388.375000000007 0.24087591235117634 1.0000000180025095e-35 55825.000000000007 0.0037543201186628354 33410.900000000009 18491.000000000004 48144.700000000012 -0.060268340127661524 60841.05000000001 8546.9000000000015 -0.29696027566504651 55071.80000000001 51514.000000000007 1281.8781713507651 982.87138303228892 33410.900000000009 0.23907455008803444 -1.722546424198833e-16
decision_type=2 2 2 2 2 2 2 2 2 2 2 2 2 2 2 2 2 2 2 2 2 2 2 2 2 2 2 2 2 2 2 2 2 2 2 2 2 2 2 2 2 2 2 2 2 2 2 2 2 2 2 2 2 2 2 2 2 2 2 2 2 2
left_child=4 5 3 10 17 14 9 8 -6 13 -3 18 32 -5 19 -16 31 53 -7 42 21 41 -23 24 -22 -25 30 -28 -15 49 -11 -8 39 -21 -35 38 40 48 55 -13 59 -14 43 -2 51 -37 47 -34 -38 -19 -40 -31 -48 -1 -45 -20 -53 -47 -42 -9 61 -55
right_child=1 2 -4 6 7 11 16 36 -10 26 -12 12 20 28 15 -17 -18 29 35 33 23 22 -24 25 -26 -27 27 -29 -30 44 -32 -33 46 34 -36 45 37 -39 50 -41 58 -43 -44 54 -46 57 52 -49 -50 -51 -52 56 -54 60 -56 -57 -58 -59 -60 -61 -62 -63
leaf_value=-94.606389985542677 69.084614046984953 118.42493169106724 284.90660199760208 -14.99849302801467 172.77169145942906 -80.211531372070311 123.20666190531712 -40.289096013119348 -16.882627446256727 38.201551102765897 244.63791874967663 -0.66229843879967032 -15.11505190817725 51.840452358843123 56.065179261552515 178.64446035252939 58.497382680532098 -41.585071080619556 -40.653276770725711 112.0287241597695 11.389357891427576 146.53916334924617 44.078958550398262 10.812672361759597 40.807215543596932 -39.466378373901868 -68.989381548907289 23.995952662099704 85.09245156569385 -65.888270841364914 -9.3093219499956827 189.47681853341584 -19.940082196840812 80.651245998357282 25.4775173179702 -49.412036968728771 -42.004534221352216 -64.765770311605237 -6.0588019093295982 41.527483136976088 23.560885275661345 28.335179556926697 -4.4515100641533882 37.574283499210445 -86.822770996093737 -40.083774093779006 5.8499508787289685 -68.551222473748851 -22.344613623674029 -4.26389792197992 30.165518375628558 -58.25886531319204 -22.479657293228204 -78.439470098724541 0.27396004534782242 -4.1338162223015038 -36.643893306411314 -7.7215916546044401 -11.475802340120882 -14.37113217322182 -97.474232870565871 -64.216388230017216
leaf_weight=28 12.999999999999998 12.000000000000002 9.9999999999999982 12.999999999999998 10.000000000000002 10.999999999999998 20.000000000000004 17 14.999999999999998 38 14.999999999999998 37 15.000000000000002 87 14.000000000000002 9.9999999999999982 10.999999999999998 27 12.000000000000002 9.9999999999999982 105 12.000000000000002 19 36 80 24 11.000000000000002 9.9999999999999982 45 84 18 9.9999999999999982 30 15.000000000000002 9.9999999999999982 15.999999999999998 50 19 17 10.999999999999998 10.000000000000002 12.999999999999998 9.9999999999999982 13.999999999999998 17 9.9999999999999982 24 9.9999999999999982 78 11.999999999999998 18 38 27 84 14.000000000000002 18 32 28 10.999999999999998 21 10.999999999999998 73
leaf_count=28 13 12 10 13 10 11 20 17 15 38 15 37 15 87 14 10 11 27 12 10 105 12 19 36 80 24 11 10 45 84 18 10 30 15 10 16 50 19 17 11 10 13 10 14 17 10 24 10 78 12 18 38 27 84 14 18 32 28 11 21 11 73
internal_value=0.219639 32.0066 73.1892 65.7929 -48.8304 13.9096 53.058 -19.3773 59.3651 40.1623 189.187 5.07139 12.048 56.2129 59.9019 107.669 122.615 -65.5793 -18.6937 46.4619 21.9101 46.6665 84.0847 15.9318 24.1258 -9.3311 9.90343 -24.8066 63.2322 -55.2136 22.9408 145.853 -9.52119 74.2636 58.7713 -12.9446 -28.9576 -34.579 -1.90997 9.07237 -14.917 5.08721 27.2742 35.0043 -60.9107 -26.1989 -19.328 -32.2336 -30.0511 -30.142 12.6036 -57.9957 -9.16266 -76.6517 18.9916 -18.8282 -48.4441 -16.3209 5.24078 -26.0414 -73.6047 -71.8713
internal_weight=1620 983 300 290 637 683 263 231 25 222 27 573 443 145 110 24 41 406 130 86 304 59 31 245 185 60 77 21 132 210 56 30 139 35 25 119 206 147 65 48 59 28 51 41 171 54 91 40 128 39 35 154 51 196 28 30 70 38 21 38 168 157
internal_count=1620 983 300 290 637 683 263 231 25 222 27 573 443 145 110 24 41 406 130 86 304 59 31 245 185 60 77 21 132 210 56 30 139 35 25 119 206 147 65 48 59 28 51 41 171 54 91 40 128 39 35 154 51 196 28 30 70 38 21 38 168 157
is_linear=0
shrinkage=0.03


Tree=92
num_leaves=63
num_cat=0
split_feature=23 6 12 10 1 23 0 4 1 12 23 27 9 16 4 15 6 10 24 11 15 1 1 12 23 11 0 24 16 2 14 24 10 2 10 1 10 17 13 9 15 8 19 16 0 22 22 2 14 9 24 23 4 19 23 8 11 10 19 19 23 13
split_gain=2.71857e+09 1.02456e+09 7.47635e+08 4.78725e+08 3.92771e+08 3.62741e+08 2.81073e+08 2.49769e+08 1.86163e+08 1.82786e+08 1.33605e+08 1.25819e+08 1.25642e+08 1.06024e+08 8.62772e+07 7.76475e+07 6.60813e+07 6.51795e+07 5.90433e+07 5.63963e+07 5.35208e+07 5.13428e+07 7.11326e+07 6.95207e+07 5.00513e+07 5.97389e+07 4.92081e+07 4.53321e+07 4.35164e+07 4.00428e+07 3.13117e+07 3.05461e+07 3.28191e+07 2.98014e+07 2.76924e+07 2.58411e+07 2.54064e+07 2.48674e+07 2.02311e+07 1.89506e+07 1.85516e+07 1.83601e+07 1.82557e+07 1.73296e+07 1.70123e+07 1.60879e+07 1.59987e+07 1.58436e+07 1.6732e+07 1.52144e+07 1.51543e+07 1.41852e+07 1.40025e+07 2.12699e+07 1.30839e+07 1.24804e+07 1.44718e+07 1.17227e+07 1.12065e+07 1.12015e+07 1.08784e+07 1.17408e+07
threshold=46586.150000000009 1.0000000180025095e-35 1.0326530610178755 0.91023613416931248 42920.000000000007 30658.015384615388 54574.05000000001 54458.750000000007 42920.000000000007 1.1132075469554843 101415.65000000001 1.0000000180025095e-35 -0.35460488704253573 0.0037543201186628354 54354.375000000007 2210.0000000000005 1.0000000180025095e-35 -0.78574730703237872 60218.125000000007 1.0559999998267067 -6438.1583333333319 38830.000000000007 34262.000000000007 1.1226329111137654 57199.780769230776 0.88714733527913558 63125.000000000007 39253.125000000007 0.0049751551641986644 58933.750000000007 0.21012658222621433 42379.500000000007 0.29696027566504685 59081.250000000007 -0.78574730703237872 30945.000000000004 0.12053668025532312 0.075456790105959223 0.93599999985389182 0.78574730703237894 -2474.9999999999995 -0.9330127018922193 71644.050000000017 0.0050505372572776661 49116.875000000007 11124.983996477047 11390.201640744677 50749.375000000007 0.23425692689183655 0.06026834012766185 38798.750000000007 66742.703846153861 56935.625000000007 60667.400000000009 71601.403846153858 0.93301270189221952 0.84848484835628946 0.78574730703237883 20550.450000000004 60667.400000000009 72090.761538461549 0.93069306912263394
decision_type=2 2 2 2 2 2 2 2 2 2 2 2 2 2 2 2 2 2 2 2 2 2 2 2 2 2 2 2 2 2 2 2 2 2 2 2 2 2 2 2 2 2 2 2 2 2 2 2 2 2 2 2 2 2 2 2 2 2 2 2 2 2
left_child=5 8 3 6 11 27 20 9 12 -6 52 21 13 -2 33 31 35 -18 38 45 -3 22 37 -24 34 60 28 -1 -11 57 44 -13 -33 -10 41 -7 -17 -4 -16 59 -27 -14 -38 -41 -29 -20 50 48 -37 -50 -19 -31 53 -9 -42 56 -32 -23 -46 -36 61 -26
right_child=1 2 4 -5 7 16 -8 10 14 26 -12 15 24 -15 18 36 17 46 19 -21 -22 29 23 -25 25 40 -28 30 -30 51 55 32 -34 -35 39 47 42 -39 -40 43 54 -43 -44 -45 58 -47 -48 -49 49 -51 -52 -53 -54 -55 -56 -57 -58 -59 -60 -61 -62 -63
leaf_value=-78.130336793528883 -11.03084417497149 34.745955842670639 -11.884180619177156 354.65601751044244 266.70291456770184 -51.862187732116233 226.02377777289155 47.612233923097314 33.818363133480673 103.93009610008646 135.22649043018032 21.9616350865128 -17.544443691879952 -118.55019933867871 -1.246612570922299 -1.1045619087788594 64.895624349294621 -46.203592041267839 42.51635691790846 2.4785369069381118 117.60370737123093 -19.03802433095079 74.841622235623078 19.677024988662179 34.253256733144504 -29.492003367409776 63.668521801032647 -52.276971723308911 184.87474056527631 40.797612077697238 -64.36776111909397 60.202448920425098 99.170276799083069 84.796068683919856 -32.58885598760736 15.326166373008538 65.920004112799433 40.656104681940363 -50.931518942343224 1.0623026443756731 -3.6005119303728312 23.005055644476588 19.752501557154684 -36.344062643525348 -4.5128753335967318 88.912580596671617 12.638913721543622 -44.17519708655346 -9.2494328843165601 -36.658098771156034 -9.6546935275102364 -7.4267933696331365 57.303361759541197 -2.807321695113024 22.473610077594738 -85.110018294693589 -35.433214422194332 -61.653001678768952 -39.11060507493395 -68.308789473429769 17.017311927176809 77.874453753480822
leaf_weight=127 15.999999999999998 17 41 9.9999999999999982 9.9999999999999982 40 15.999999999999998 15.000000000000002 17 13 15.999999999999998 9.9999999999999982 20 17 22 20 11.999999999999998 11.999999999999998 16.000000000000004 28 12.000000000000002 14.000000000000002 36 48 13.000000000000002 20 9.9999999999999982 70 12 12.000000000000002 138 44 36 27 39 11.999999999999998 15.000000000000002 9.9999999999999982 10.999999999999998 29 80 20 15.999999999999998 18 12.999999999999998 11.999999999999998 24 26 37 36 66 9.9999999999999982 15.999999999999998 14.999999999999998 22 23 18 9.9999999999999982 24 9.9999999999999982 10.999999999999998 9.9999999999999982
leaf_count=127 16 17 41 10 10 40 16 15 17 13 16 10 20 17 22 20 12 12 16 28 12 14 36 48 13 20 10 70 12 12 138 44 36 27 39 12 15 10 11 29 80 20 16 18 13 12 24 26 37 36 66 10 16 15 22 23 18 10 24 10 11 10
internal_value=0.214904 33.1839 63.6142 167.662 50.2388 -45.5897 125.414 100.014 1.0192 153.774 60.8098 33.6726 -11.2165 -66.6105 30.9045 54.9114 -18.186 -0.941287 13.8845 32.6205 69.3183 17.1062 26.4281 43.3799 -4.93556 6.65997 120.841 -63.1645 143.365 -10.2493 -56.4938 71.6625 77.8399 65.2216 -18.2315 -31.196 25.2682 -1.5227 -17.9122 -26.9621 -3.14925 2.73704 42.2318 -13.3102 -43.5696 62.6462 -8.74281 -23.7087 -17.4038 -22.7977 -15.3296 18.9429 34.6885 22.4768 2.03979 -64.1908 -61.054 -36.9765 -26.9997 -40.003 41.7639 53.4741
internal_weight=1620 942 484 55 429 678 45 107 458 45 62 322 325 33 133 141 265 114 89 56 29 181 135 84 292 156 35 413 25 46 286 90 80 44 136 151 51 51 33 96 122 40 31 47 107 28 102 111 85 73 78 22 46 30 102 179 156 24 37 49 34 23
internal_count=1620 942 484 55 429 678 45 107 458 45 62 322 325 33 133 141 265 114 89 56 29 181 135 84 292 156 35 413 25 46 286 90 80 44 136 151 51 51 33 96 122 40 31 47 107 28 102 111 85 73 78 22 46 30 102 179 156 24 37 49 34 23
is_linear=0
shrinkage=0.03


Tree=93
num_leaves=63
num_cat=0
split_feature=23 6 12 15 23 20 4 3 12 9 21 23 27 0 20 15 4 12 3 6 18 16 0 18 16 24 9 21 8 16 23 16 6 0 24 11 8 23 23 22 9 5 20 19 4 19 8 8 19 18 22 4 20 22 15 21 16 8 23 18 20 20
split_gain=2.55847e+09 9.64377e+08 7.03839e+08 4.31496e+08 3.41325e+08 3.04122e+08 2.8731e+08 3.00533e+08 1.72103e+08 1.65664e+08 1.97079e+08 1.43802e+08 1.16278e+08 9.5663e+07 8.75208e+07 7.3062e+07 7.13712e+07 6.73446e+07 6.57311e+07 6.21889e+07 6.12289e+07 5.92137e+07 4.63184e+07 4.34864e+07 4.52609e+07 4.27732e+07 4.21026e+07 4.57666e+07 4.13179e+07 4.09677e+07 3.75875e+07 3.44323e+07 3.13057e+07 2.99756e+07 2.88863e+07 2.85992e+07 2.78451e+07 2.63707e+07 2.46523e+07 2.34991e+07 2.25142e+07 2.17927e+07 2.12608e+07 2.04953e+07 3.37897e+07 2.03358e+07 2.01626e+07 2.19476e+07 1.99676e+07 1.95259e+07 1.75268e+07 1.70674e+07 1.5766e+07 2.12818e+07 1.17555e+07 1.09752e+07 1.09365e+07 9.65825e+06 1.03024e+07 9.49701e+06 9.46252e+06 9.39164e+06
threshold=46586.150000000009 1.0000000180025095e-35 1.0326530610178755 -6333.3333333333312 30658.015384615388 75218.700000000026 51456.875000000007 56820.000000000007 1.1132075469554843 -0.46472317204376817 66071.125000000015 88931.030769230783 1.0000000180025095e-35 57604.375000000007 44100.350000000006 2210.0000000000005 47620.000000000007 0.96339622623688459 49095.625000000007 1.0000000180025095e-35 59514.000000000007 -0.040941482945758438 63125.000000000007 48886.600000000006 0.0050505372572776661 38286.600000000006 0.61559370248597556 75930.137500000012 -0.24999999999999997 0.0049751551641986644 42346.392307692317 0.0051282388444369173 1.0000000180025095e-35 61750.67500000001 54446.875000000007 0.88793103432654175 0.25000000000000017 72090.761538461549 84721.634615384639 7766.9183557587348 -0.61559370248597534 1.0000000180025095e-35 69790.800000000017 58054.450000000004 56935.625000000007 33738.850000000006 1.0000000180025095e-35 0.6830127018922193 79061.150000000009 80288.900000000009 9264.9075712238828 49735.000000000007 99468.000000000015 9078.4029334761308 -6438.1583333333319 43035.075000000004 0.0050251573518178558 0.93301270189221952 23002.84615384616 40141.900000000009 47348.400000000009 51897.150000000001
decision_type=2 2 2 2 2 2 2 2 2 2 2 2 2 2 2 2 2 2 2 2 2 2 2 2 2 2 2 2 2 2 2 2 2 2 2 2 2 2 2 2 2 2 2 2 2 2 2 2 2 2 2 2 2 2 2 2 2 2 2 2 2 2
left_child=4 9 3 17 25 -5 12 8 -8 -2 14 43 16 26 -11 20 18 -3 21 39 -14 -4 29 56 36 -1 27 -12 30 -10 41 -26 57 52 54 -28 -25 -22 -35 45 48 -21 -37 -9 -45 -6 -30 -48 -17 -20 -41 -18 -15 -54 -34 61 60 58 -27 -49 -16 -47
right_child=1 2 6 5 19 -7 7 11 22 10 13 -13 15 33 23 40 51 -19 49 28 37 -23 -24 24 31 32 35 -29 46 -31 -32 -33 34 38 -36 42 -38 -39 -40 50 -42 -43 -44 44 -46 55 47 59 -50 -51 -52 -53 53 -55 -56 -57 -58 -59 -60 -61 -62 -63
leaf_value=-78.078552629709492 -100.24803279795546 114.65060636204596 68.094218107524654 124.93595900354303 -41.184788292366079 323.55982940138426 258.7810459129409 62.859481426559341 100.83599428599116 -92.248046479096288 17.907174377678338 128.33980167857385 129.66749314402804 97.261211146005181 -39.941146660724669 26.638975404971639 -44.888231201171862 16.882963702227617 101.82835018673455 -16.036381889477109 49.710479539436427 7.5363381236711815 61.777377654727147 21.263455386084143 -68.810536018320036 -64.881233674278548 63.53499477954621 -54.825412605740375 -33.816382316117434 179.37433642174582 73.419556074992272 -4.8890593355424175 -35.924325453033838 -4.4561811571782162 -4.827925236478765 -23.828949733016504 -14.971174629179766 92.244675657038087 55.474916324970884 -84.092385220914238 58.444168990040552 34.348020136407065 30.517792811946975 2.0169395005817963 55.594938519400834 -13.410655710135295 17.684384640499761 -45.290918983988227 -21.154206101701064 43.287220812504835 -36.254826799961911 -0.21576737424160572 32.820854686980546 85.419586908868027 -55.550883635102693 8.7102396181796458 -44.630712555164607 -82.535594798540203 -38.751809590025715 -4.0034483760418285 -12.968507061355627 -38.899276970078269
leaf_weight=103 13.999999999999998 15.000000000000002 17 12.000000000000002 42 17 9.9999999999999982 12.999999999999998 13 10.999999999999998 16.000000000000004 17 12.999999999999998 15.999999999999998 12.999999999999998 27 17.000000000000004 10.999999999999998 11.000000000000002 17 60 97 9.9999999999999982 92 10.999999999999998 116 13.999999999999998 14.999999999999998 29 12 9.9999999999999982 24 39 10.000000000000002 13.999999999999998 10.000000000000002 24 17 15.999999999999998 11.000000000000002 12.999999999999998 14.000000000000002 18 31 15.999999999999998 47 24 10.000000000000002 10.999999999999998 9.9999999999999982 19 13.999999999999998 14.000000000000002 13.999999999999998 100 13.999999999999998 12.999999999999998 25 15.999999999999998 9.9999999999999982 113 18
leaf_count=103 14 15 17 12 42 17 10 13 13 11 16 17 13 16 13 27 17 11 11 17 60 97 10 92 11 116 14 15 29 12 10 24 39 10 14 10 24 17 16 11 13 14 18 31 16 47 24 10 11 10 19 14 14 14 100 14 13 25 16 10 113 18
internal_value=0.211283 32.1947 61.7178 162.672 -44.2241 242.083 48.74 87.6734 149.202 0.989004 4.20302 51.5679 33.2446 33.1882 -9.57377 53.2697 16.2135 73.5107 25.638 -17.6417 69.5187 16.6187 117.246 -6.40712 4.7381 -61.2722 9.13796 -17.349 -0.912478 139.099 23.1538 -25.1176 -55.6647 58.2203 -45.9397 28.6827 13.7602 59.2086 32.4956 -30.2626 24.5151 6.75505 11.0924 29.6384 20.3356 -24.3335 -14.4424 -1.62538 12.7848 74.289 -54.0165 -24.7792 73.313 59.3307 -50.074 -15.3338 -18.5092 -65.1067 -61.7458 -24.77 -15.7809 -20.518
internal_weight=1620 942 484 55 678 29 429 122 45 458 444 77 307 143 301 141 166 26 135 265 90 114 35 290 151 413 73 31 114 25 41 35 310 70 153 42 116 77 26 151 51 31 28 60 47 121 73 44 38 21 30 31 44 28 139 79 139 157 132 20 126 65
internal_count=1620 942 484 55 678 29 429 122 45 458 444 77 307 143 301 141 166 26 135 265 90 114 35 290 151 413 73 31 114 25 41 35 310 70 153 42 116 77 26 151 51 31 28 60 47 121 73 44 38 21 30 31 44 28 139 79 139 157 132 20 126 65
is_linear=0
shrinkage=0.03


Tree=94
num_leaves=63
num_cat=0
split_feature=23 6 10 13 23 23 10 1 16 8 9 18 23 16 3 18 6 10 7 27 10 23 11 18 18 6 7 7 2 7 10 19 10 16 20 18 16 20 7 10 20 19 0 22 13 1 9 20 20 18 19 18 22 7 1 20 18 2 20 11 11 19
split_gain=2.40781e+09 9.07765e+08 6.41083e+08 5.86414e+08 4.85279e+08 3.21162e+08 2.64309e+08 1.65594e+08 1.53842e+08 1.14214e+08 1.14185e+08 1.05203e+08 9.79873e+07 9.56739e+07 7.73579e+07 6.78554e+07 5.85332e+07 5.95689e+07 5.08042e+07 4.42584e+07 4.15324e+07 4.06504e+07 4.03191e+07 3.3194e+07 3.03669e+07 2.97171e+07 2.85283e+07 2.8133e+07 2.778e+07 2.7062e+07 2.11144e+07 2.02176e+07 2.8285e+07 1.95468e+07 1.79645e+07 1.73545e+07 1.5751e+07 1.54359e+07 1.52349e+07 1.43615e+07 2.42503e+07 1.37803e+07 1.35542e+07 1.30302e+07 1.29353e+07 1.25564e+07 1.12616e+07 1.09899e+07 1.02418e+07 1.01094e+07 9.44271e+06 8.86383e+06 8.72046e+06 8.614e+06 9.49576e+06 8.61277e+06 1.30181e+07 8.53293e+06 7.89316e+06 7.089e+06 6.90283e+06 6.42104e+06
threshold=46586.150000000009 1.0000000180025095e-35 0.98182534576205305 1.0765598850139511 101415.65000000001 30658.015384615388 -0.78574730703237872 42920.000000000007 -1.0000000180025095e-35 0.25000000000000017 -0.35460488704253573 74296.250000000015 68967.826923076937 0.0037543201186628354 56958.750000000007 48886.600000000006 1.0000000180025095e-35 -0.78574730703237872 -0.93301270189221919 1.0000000180025095e-35 0.61559370248597567 12817.876923076925 0.88714733527913558 95253.60000000002 121773.20000000001 1.0000000180025095e-35 -0.6830127018922193 -0.24999999999999997 59081.250000000007 -0.93301270189221919 0.5163939593874618 60667.400000000009 -0.98182534576205283 0.0050505372572776661 18491.000000000004 79169.450000000012 0.0037543201186628354 47348.400000000009 0.68301270189221941 0.91023613416931248 60073.900000000009 39571.500000000007 40408.500000000007 7766.9183557587348 0.93069306912263394 43670.000000000007 -0.35460488704253573 63121.400000000009 110861.50000000001 41667.000000000007 35545.650000000009 8135.3000000000011 2263.136266797504 -0.93301270189221919 41020.000000000007 56857.250000000007 33410.900000000009 50495.625000000007 31977.000000000004 0.84641379296280916 0.77724137917700353 66693.750000000015
decision_type=2 2 2 2 2 2 2 2 2 2 2 2 2 2 2 2 2 2 2 2 2 2 2 2 2 2 2 2 2 2 2 2 2 2 2 2 2 2 2 2 2 2 2 2 2 2 2 2 2 2 2 2 2 2 2 2 2 2 2 2 2 2
left_child=5 7 4 -4 6 21 -3 10 11 -6 13 26 18 -2 28 33 27 -18 -10 38 -14 51 44 35 -11 46 -8 52 -9 58 41 32 -24 37 53 -21 50 -12 39 40 -16 42 -31 -38 61 -36 -23 -33 -30 -32 -29 -1 -7 -27 60 56 -52 -39 -19 -48 -55 -17
right_child=1 2 3 -5 9 16 8 14 12 24 15 -13 20 -15 19 22 17 29 -20 23 -22 25 31 -25 -26 34 -28 36 48 30 49 47 -34 -35 45 -37 43 57 -40 -41 -42 -43 -44 -45 -46 -47 59 -49 -50 -51 55 -53 -54 54 -56 -57 -58 -59 -60 -61 -62 -63
leaf_value=-90.428416565852373 -10.590938375721803 187.17400019465265 317.04368967755232 32.535409067514777 89.440027009221438 7.3072208269486509 77.646399059234312 31.333010232490402 -8.0548454399652734 239.39859216638504 -45.027855712701069 143.30757698996024 69.401812341995353 -112.72835860402959 8.8165406685821246 4.4178110648490279 62.055113752380883 -52.760407559678349 26.384262323310676 34.126515408506464 31.798800052779352 -89.187736816406243 32.553841913053304 -3.0867476842899135 162.27104419972639 -68.691258658651975 34.830802639489889 -44.975731852792755 94.874857274105651 16.775799062015437 -43.623357593433262 -8.212428474995626 -22.688655462126228 -61.351041997021966 -36.337428630293758 89.162016271642742 -41.700139882940988 -6.7887627967917785 20.401088615122418 16.325042658625421 -46.753467048511169 26.478903565354013 -27.26594773221607 -85.288301316062999 56.923732006755102 1.7673207749611088 -65.777173801844654 17.916222200595026 55.460092453154012 -2.0144363962305656 -35.275967665014797 -68.467401231404821 -19.501761225297653 -28.729363122888511 -26.766328044728645 -45.847602737014363 1.38250461483501 -25.211174056387353 -20.386350289339518 -49.934098773550829 -55.562188277517912 36.80547693201013
leaf_weight=20 15.999999999999998 10.999999999999998 16.000000000000004 10.999999999999998 12.999999999999998 15.999999999999998 31 17 49 11.000000000000002 15.999999999999998 17 63 17 12.000000000000002 11.000000000000002 11.999999999999998 11.000000000000002 180 10.000000000000005 46 12.999999999999998 9.9999999999999982 9.9999999999999982 9.9999999999999982 15.999999999999998 26 28 17.000000000000004 13.000000000000002 11.000000000000002 20 48 9.9999999999999982 22 10.999999999999998 17.000000000000004 64 18 10.999999999999998 17 27 11.999999999999998 9.9999999999999982 14.999999999999998 11.999999999999998 64 52 9.9999999999999982 9.9999999999999982 15.999999999999998 141 34 10.999999999999998 21 10.999999999999998 19 35 18 46 47 10.999999999999998
leaf_count=20 16 11 16 11 13 16 31 17 49 11 16 17 63 17 12 11 12 11 180 10 46 13 10 10 10 16 26 28 17 13 11 20 48 10 22 11 17 64 18 11 17 27 12 10 15 12 64 52 10 10 16 141 34 11 21 11 19 35 18 46 47 11
internal_value=0.207433 31.2349 59.8783 201.681 51.4581 -42.8997 42.6698 0.958956 38.7672 160.35 -10.581 77.9278 30.173 -63.3889 29.1449 -4.5933 -17.1144 -0.884412 19.0149 13.0288 53.5764 -59.4366 7.91722 41.9035 203.614 -51.864 58.2117 -29.3588 61.6396 -8.34262 1.40701 0.0448258 -13.1244 -21.3004 -41.7371 63.2407 -38.4645 -17.7674 -2.4497 -12.7579 -23.8076 11.6588 -4.38853 -58.0992 35.5022 -22.9229 -62.4423 10.6569 80.5354 -23.9132 -31.2317 -71.2499 -10.9254 -48.4394 -44.256 -22.7862 -15.4283 -13.3206 -32.8054 -59.2033 -50.5315 20.705
internal_weight=1620 942 484 27 457 678 423 458 412 34 325 74 338 33 133 292 265 114 229 89 109 413 167 31 21 252 57 151 44 102 73 130 58 125 129 21 101 115 58 40 29 52 25 27 37 34 123 72 27 21 74 161 50 95 79 46 35 99 29 110 58 22
internal_count=1620 942 484 27 457 678 423 458 412 34 325 74 338 33 133 292 265 114 229 89 109 413 167 31 21 252 57 151 44 102 73 130 58 125 129 21 101 115 58 40 29 52 25 27 37 34 123 72 27 21 74 161 50 95 79 46 35 99 29 110 58 22
is_linear=0
shrinkage=0.03


Tree=95
num_leaves=63
num_cat=0
split_feature=18 18 10 16 12 16 18 14 21 8 18 16 24 18 16 16 2 11 24 22 16 7 18 2 18 11 17 22 6 14 16 20 20 16 20 8 11 7 16 4 16 9 16 18 2 18 6 7 7 12 20 7 24 0 22 0 17 22 9 2 21 18
split_gain=2.19544e+09 6.26544e+08 4.51679e+08 4.05556e+08 2.77208e+08 2.47482e+08 2.01456e+08 1.64372e+08 2.20117e+08 1.24801e+08 9.36099e+07 9.25002e+07 8.59717e+07 8.79117e+07 7.92917e+07 6.71998e+07 8.19532e+07 5.49804e+07 4.38702e+07 4.34373e+07 1.01048e+08 1.27871e+08 4.13517e+07 3.93235e+07 3.67695e+07 3.48181e+07 2.47528e+07 2.28043e+07 2.05176e+07 2.01217e+07 1.99976e+07 1.85725e+07 1.93422e+07 1.8043e+07 2.59746e+07 1.51468e+07 1.48258e+07 1.47632e+07 1.89221e+07 1.44958e+07 1.30602e+07 1.27975e+07 1.17723e+07 1.12302e+07 1.05449e+07 9.91843e+06 9.33767e+06 9.02992e+06 1.0222e+07 8.37878e+06 8.15547e+06 7.57041e+06 6.82825e+06 6.73623e+06 6.34921e+06 5.90622e+06 5.82974e+06 5.74697e+06 5.71816e+06 5.64266e+06 5.35926e+06 5.09021e+06
threshold=41414.350000000006 73508.35000000002 0.98182534576205305 -1.0000000180025095e-35 0.96693877531482231 -1.0000000180025095e-35 112238.65000000001 0.19866036904789269 36400.80000000001 0.93301270189221952 82632.60000000002 0.0050505372572776661 43949.875000000007 50188.150000000009 0.0049140049140049555 -0.075467952801286139 51960.625000000007 0.94399999985264305 37090.350000000006 2926.6672130974471 0.0051020740191197742 -0.24999999999999997 58054.450000000004 60701.875000000007 59082.100000000006 0.88799999985862599 0.0014919387178839571 23522.030020626698 1.0000000180025095e-35 0.21410579340463037 0.0037543201186628354 49338.600000000013 47733.150000000009 0.0049140049140049555 50502.200000000004 0.6830127018922193 0.77724137917700353 -0.24999999999999997 0.0037543201186628354 36865.500000000007 0.0049140049140049555 0.46472317204376884 -0.080000000000000002 49277.350000000013 48701.250000000007 33410.900000000009 1.0000000180025095e-35 0.68301270189221941 -0.24999999999999997 0.93467336660279754 20513.200000000004 -0.24999999999999997 40666.870000000003 55057.350000000006 982.87138303228892 46769.500000000007 0.0070130241861649312 5321.1271400236519 0.70581670320594825 47739.250000000007 34587.625000000007 12639.150000000003
decision_type=2 2 2 2 2 2 2 2 2 2 2 2 2 2 2 2 2 2 2 2 2 2 2 2 2 2 2 2 2 2 2 2 2 2 2 2 2 2 2 2 2 2 2 2 2 2 2 2 2 2 2 2 2 2 2 2 2 2 2 2 2 2
left_child=4 5 3 10 23 15 9 8 -6 11 -3 14 18 33 -5 22 -17 27 -7 20 21 -15 35 28 30 -13 -26 -8 47 46 -21 32 44 41 -35 43 52 40 45 57 60 -14 -24 -2 -20 -39 -25 48 -1 -38 -48 -31 -30 -43 -42 -45 58 -33 -47 -50 -9 -61
right_child=1 2 -4 6 7 12 17 37 -10 -11 -12 25 13 19 -16 16 -18 -19 31 24 -22 -23 42 29 26 -27 -28 -29 36 51 -32 39 -34 34 -36 -37 49 38 -40 -41 54 53 -44 55 -46 56 50 -49 59 -51 -52 -53 -54 -55 -56 -57 -58 -59 -60 61 -62 -63
leaf_value=-59.464598318516522 12.601518579908637 99.332451254354908 261.74240775835392 48.586312112210557 163.84266966564815 -74.322200338002801 96.303966404938464 -41.111674082988017 -17.222637082535698 -58.919722315260202 214.44734428074045 -21.902483525861772 -21.07969426527163 69.295650192749449 126.83842675536643 50.536855584814184 163.21490543780939 52.555868879586214 0.83861772796538647 5.2666966059843894 115.62053240361104 -19.713564558187592 85.334821534719509 -44.922686093458488 19.960921601031526 25.862851423298924 68.831400762879028 152.27236366673515 -50.468817865899254 -44.198653627782527 -32.29831845315087 -26.693778615099315 33.476832211076719 48.693355597418694 -12.6851611328125 1.6932197877451858 -77.688928245797541 -37.093657454987486 -58.752627844685655 -44.075639431487886 23.115209556050811 6.8358630395625557 49.797247363984276 65.824174079517306 -28.773918073192142 -10.235355076758824 -30.402594445926042 -60.078329082902059 -93.841703540319671 -56.374722864668733 0.84457720543727399 -67.370003550252108 -20.640696518268989 -19.545657061111829 -9.7667912416200391 33.411522629196575 -34.880650106819949 -1.4062102967906369 -32.117323267510592 -70.407302860794601 -16.221128188270484 -93.826436636428213
leaf_weight=26 11.999999999999998 11.000000000000002 9.9999999999999982 110 10.000000000000002 10.999999999999998 12.000000000000002 10.999999999999998 14.999999999999998 11.999999999999998 15.999999999999998 17 75 28 12.999999999999998 14.000000000000002 9.9999999999999982 11.999999999999998 33 82 12.999999999999998 30 15.999999999999998 20 126 70 9.9999999999999982 17 14.000000000000002 28 14.999999999999998 13.999999999999998 11.999999999999998 11.000000000000002 13.999999999999998 18 21 50 19 21 10.000000000000002 31 19 10.000000000000002 15.999999999999998 46 20 47 26 99 11.999999999999998 25 13.999999999999998 11.999999999999998 10.999999999999998 10.999999999999998 18 19 13.999999999999998 42 27 11.999999999999998
leaf_count=26 12 11 10 110 10 11 12 11 15 12 16 17 75 28 13 14 10 12 33 82 13 30 16 20 126 70 10 17 14 28 15 14 12 11 14 18 21 50 19 21 10 31 19 10 16 46 20 47 26 99 12 25 14 12 11 11 18 19 14 42 27 12
internal_value=0.202464 28.3152 64.4463 57.5551 -43.1779 12.4379 46.148 -16.931 55.5676 34.8332 168.088 40.2161 4.52174 10.6913 56.9532 53.6321 97.9686 107.179 -17.3565 19.814 40.344 23.3017 41.1597 -58.1036 13.5434 16.5149 23.6023 129.524 -63.6303 -42.215 -0.569576 -11.8477 -0.497973 -8.7027 14.4077 23.8518 -55.5613 -25.7521 -30.8404 -24.644 -13.0437 -13.607 66.2399 35.8966 -8.86963 -26.6545 -28.8641 -71.3941 -76.3501 -60.1663 -18.7187 -55.2349 -35.6814 -0.55462 5.9265 49.0851 -19.9238 -12.1826 -15.3861 -81.7568 -23.5154 -75.7754
internal_weight=1620 983 300 290 637 683 263 231 25 222 27 210 573 447 123 110 24 41 126 304 71 58 86 406 233 87 136 29 301 105 97 115 61 143 25 51 148 206 147 54 59 118 35 33 49 128 52 153 106 120 32 53 28 43 21 21 78 33 60 80 38 54
internal_count=1620 983 300 290 637 683 263 231 25 222 27 210 573 447 123 110 24 41 126 304 71 58 86 406 233 87 136 29 301 105 97 115 61 143 25 51 148 206 147 54 59 118 35 33 49 128 52 153 106 120 32 53 28 43 21 21 78 33 60 80 38 54
is_linear=0
shrinkage=0.03


Tree=96
num_leaves=63
num_cat=0
split_feature=21 6 1 27 21 12 20 4 10 9 8 1 14 3 21 4 10 11 20 7 27 22 9 11 1 10 7 9 17 6 7 24 22 7 6 10 10 20 21 20 20 21 22 24 4 14 10 16 16 20 9 22 22 27 15 20 12 20 22 6 7 7
split_gain=2.00335e+09 5.15351e+08 5.58407e+08 4.27536e+08 4.26445e+08 3.93199e+08 2.49721e+08 2.16781e+08 1.67593e+08 1.59011e+08 1.40335e+08 1.25671e+08 1.19408e+08 8.70426e+07 7.73581e+07 5.54412e+07 5.41753e+07 5.49108e+07 5.22903e+07 5.22723e+07 5.22477e+07 4.91825e+07 4.47396e+07 4.21947e+07 4.03862e+07 3.99095e+07 3.73054e+07 3.53882e+07 3.39384e+07 3.25852e+07 3.22102e+07 3.01929e+07 2.82156e+07 2.75706e+07 2.70943e+07 2.65858e+07 2.51857e+07 2.27334e+07 2.26448e+07 2.17501e+07 2.08152e+07 2.05296e+07 1.97115e+07 1.97077e+07 1.89405e+07 1.88562e+07 1.61541e+07 1.50485e+07 1.68763e+07 1.50437e+07 1.48642e+07 2.33913e+07 1.39429e+07 1.38873e+07 1.31842e+07 1.10854e+07 1.10473e+07 9.92652e+06 9.55438e+06 9.13647e+06 8.74167e+06 7.51181e+06
threshold=47440.36250000001 1.0000000180025095e-35 42920.000000000007 1.0000000180025095e-35 99781.10000000002 0.96107142840192339 74296.250000000015 50344.375000000007 -0.78574730703237872 -0.46472317204376817 0.25000000000000017 42920.000000000007 0.24938271598645248 56820.000000000007 84388.487500000003 55470.625000000007 0.78574730703237883 0.88714733527913558 48978.100000000013 -0.6830127018922193 1.0000000180025095e-35 19046.750971418423 -0.29696027566504662 1.0593220337205358 34707.000000000007 0.78574730703237883 1.0000000180025095e-35 -0.85421994577343319 0.0070130241861649312 1.0000000180025095e-35 -0.93301270189221919 42488.510000000002 12152.444759898046 -0.93301270189221919 1.0000000180025095e-35 0.12053668025532312 0.40966402954315184 74296.250000000015 50177.662499999999 90719.950000000012 74518.60000000002 40909.975000000006 9635.9362825713306 61750.67500000001 56935.625000000007 0.17083023276520834 -0.98182534576205283 0.0050251573518178558 0.0049889909738903846 17583.450000000004 -0.78574730703237861 7641.0798420496303 1244.5142190205249 1.0000000180025095e-35 6600.0000000000009 43195.30000000001 1.0561797750411561 35397.900000000001 10347.564272282862 1.0000000180025095e-35 0.68301270189221941 -0.93301270189221919
decision_type=2 2 2 2 2 2 2 2 2 2 2 2 2 2 2 2 2 2 2 2 2 2 2 2 2 2 2 2 2 2 2 2 2 2 2 2 2 2 2 2 2 2 2 2 2 2 2 2 2 2 2 2 2 2 2 2 2 2 2 2 2 2
left_child=5 9 8 13 -5 24 7 25 -3 -2 -6 16 20 23 15 26 17 56 35 -12 21 32 -18 -4 59 29 -13 30 41 47 -20 -22 -10 -31 -26 57 -37 -29 -19 -16 -33 -27 -41 -17 50 49 -40 48 -7 -36 -15 -52 -35 58 -28 -49 -11 -14 -24 60 -1 -47
right_child=1 2 3 4 10 6 -8 -9 12 11 19 14 18 44 39 43 22 38 27 -21 31 -23 53 -25 34 28 54 37 -30 33 -32 40 -34 52 45 36 -38 -39 46 42 -42 -43 -44 -45 -46 61 -48 55 -50 -51 51 -53 -54 -55 -56 -57 -58 -59 -60 -61 -62 -63
leaf_value=-78.370002214777827 -94.306936009183858 152.56753322790166 136.75376873092139 346.29466255414604 67.549221204188484 -22.76891613055955 127.79881956358213 107.56565532463641 39.665423965288603 52.246019183253743 230.38510348178372 89.27224814839883 -33.759096543211371 -7.51057471020387 97.71557141020098 -33.332323436420921 -69.692182638603342 -36.750253681383633 19.688409415743997 136.55766884112174 26.639532970671954 86.621788050527783 -5.6982775576751994 56.402816318474201 -57.946635152943195 -4.2796753707784676 41.521291626988194 2.7778126082944743 -84.582525899520775 -39.562322307324592 77.952578012836511 64.577982492333632 4.4783907394717639 33.415694308249371 -31.2214999948871 40.327072913138224 -6.6296567637884785 49.855399331337168 34.583132765486432 20.878295522642521 105.2974942528387 -53.089850026006275 70.697289678246932 9.3484867598547172 61.293191310819338 -65.015564561217801 -3.2434529794602467 -66.577297000369512 14.21718301315938 14.089097265866723 1.636499448530744 62.581886084170748 0.0056021232345477255 5.1627432670412468 4.6993303104869106 -30.031224797157822 19.769287614273146 -6.6543350530384533 -44.100241556370513 -59.222603706576471 -58.447772212741377 -39.694552531174352
leaf_weight=71 13.999999999999998 9.9999999999999982 15.000000000000002 9.9999999999999982 19 139 10.999999999999998 11.999999999999998 46 19 9.9999999999999982 9.9999999999999982 15.999999999999998 9.9999999999999982 12.999999999999998 18 17 17 14.999999999999998 13.000000000000002 13.999999999999998 12.999999999999998 10.000000000000002 9.9999999999999982 104 15.000000000000002 18 39 14.999999999999998 12.999999999999998 20 42 37 14.999999999999998 19.000000000000004 21 20 11.999999999999998 10.999999999999998 12.000000000000002 15.999999999999998 15.999999999999998 18 21 18 12.999999999999998 120 10.999999999999998 11.999999999999998 9.9999999999999982 10.000000000000002 12.999999999999998 44 21 17 24 19 50 13.999999999999998 95 30 63
leaf_count=71 14 10 15 10 19 139 11 12 46 19 10 10 16 10 13 18 17 17 15 13 14 13 10 10 104 15 18 39 15 13 20 42 37 15 19 21 20 12 11 12 16 16 18 21 18 13 120 11 12 10 10 13 44 21 17 24 19 50 14 95 30 63
internal_value=0.197701 30.4856 50.6611 104.669 170.894 -36.5441 -12.0691 -16.9768 32.0043 4.5986 128.408 8.31523 28.6233 59.1926 32.5714 15.7846 -4.11435 3.98386 12.5155 178.173 47.1096 32.5648 -28.3764 104.966 -56.2976 -21.9267 38.4379 29.9189 -47.648 -17.324 53.1095 66.4306 24.0039 -0.186358 -47.0718 -1.48704 17.4609 13.9308 -4.28153 65.2512 75.9729 -29.5618 50.9054 -10.3851 36.593 -36.2556 -0.0431955 -23.9543 -19.8221 -15.6023 22.9757 36.2058 8.54191 -12.6482 23.7008 -41.6742 36.1022 -13.2664 -28.1896 -66.1064 -72.5162 -44.1056
internal_weight=1620 888 499 128 52 732 327 316 371 389 42 375 361 76 127 84 248 186 193 23 168 96 62 25 405 304 45 86 46 258 35 72 83 72 209 107 41 51 148 43 58 31 30 39 51 105 131 186 151 29 33 23 59 45 35 35 38 66 24 196 101 76
internal_count=1620 888 499 128 52 732 327 316 371 389 42 375 361 76 127 84 248 186 193 23 168 96 62 25 405 304 45 86 46 258 35 72 83 72 209 107 41 51 148 43 58 31 30 39 51 105 131 186 151 29 33 23 59 45 35 35 38 66 24 196 101 76
is_linear=0
shrinkage=0.03


Tree=97
num_leaves=63
num_cat=0
split_feature=23 6 14 23 23 19 10 23 9 21 7 16 0 14 20 14 21 16 14 9 21 15 7 0 16 16 23 11 22 12 16 20 16 22 10 11 20 6 14 7 9 16 19 21 14 20 19 23 9 7 14 0 19 2 23 0 19 23 0 21 9 24
split_gain=2.01662e+09 7.74749e+08 6.06494e+08 4.39328e+08 2.66375e+08 2.33429e+08 2.36171e+08 1.64643e+08 1.37163e+08 1.59322e+08 9.40207e+07 9.21669e+07 7.62718e+07 7.46682e+07 6.47551e+07 5.96764e+07 5.06217e+07 4.45157e+07 3.59393e+07 3.52774e+07 4.08504e+07 3.5175e+07 2.94184e+07 2.80754e+07 3.09379e+07 2.77113e+07 2.44004e+07 2.33639e+07 2.06249e+07 1.94549e+07 1.93397e+07 1.92968e+07 1.90795e+07 1.64774e+07 1.52958e+07 1.26927e+07 1.66797e+07 1.1062e+07 9.58857e+06 9.86712e+06 9.51178e+06 8.60998e+06 8.58351e+06 9.05806e+06 8.51301e+06 8.49373e+06 7.07355e+06 6.63253e+06 6.58593e+06 6.5116e+06 6.49825e+06 5.99184e+06 5.72144e+06 5.25763e+06 7.41371e+06 5.17244e+06 4.53988e+06 4.08958e+06 4.02499e+06 3.73858e+06 3.05248e+06 3.02717e+06
threshold=46586.150000000009 1.0000000180025095e-35 0.18006257412947754 101415.65000000001 30658.015384615388 35240.200000000004 -0.78574730703237872 67005.403846153858 -0.46472317204376817 66071.125000000015 -0.24999999999999997 -0.0027522199815387389 57604.375000000007 0.24681933837468126 44100.350000000006 0.24938271598645248 43684.500000000007 0.0049889909738903846 0.2061068701904871 0.61559370248597556 75930.137500000012 -6165.5250000000005 -0.24999999999999997 58470.625000000007 0.0050505372572776661 0.0050505372572776661 64699.450000000004 0.88793103432654175 7563.3126083130082 0.93506493482205955 0.0048899755501222728 69790.800000000017 0.05017507414820211 982.87138303228892 -0.70581670320594803 0.87129070775178363 45483.750000000007 1.0000000180025095e-35 0.21012658222032701 -0.24999999999999997 -0.70581670320594825 0.0037543201186628354 38442.000000000007 41545.075000000004 0.2342569268975227 117473.20000000001 35545.650000000009 36034.026923076934 -0.85421994577343319 -0.93301270189221919 0.22962962958798439 38721.05000000001 53342.700000000004 48580.750000000007 44678.207692307704 48014.875000000007 45379.450000000004 16901.850000000002 51514.000000000007 48144.700000000012 0.78574730703237894 51514.000000000007
decision_type=2 2 2 2 2 2 2 2 2 2 2 2 2 2 2 2 2 2 2 2 2 2 2 2 2 2 2 2 2 2 2 2 2 2 2 2 2 2 2 2 2 2 2 2 2 2 2 2 2 2 2 2 2 2 2 2 2 2 2 2 2 2
left_child=4 8 -3 5 21 -4 -7 15 -2 10 17 -9 19 -5 -12 -8 22 52 -18 20 -11 28 33 -14 45 26 -16 -21 37 -23 -15 -29 -27 -6 -20 36 50 51 58 49 48 60 47 -44 -37 -25 -46 -35 -39 -40 -24 -1 -10 54 59 -48 -55 -51 -31 -36 -41 -42
right_child=1 2 3 13 16 6 7 11 9 12 14 -13 23 30 25 -17 18 -19 34 27 -22 29 35 24 -26 32 -28 31 -30 38 -32 -33 -34 42 53 44 -38 40 39 41 61 -43 43 -45 46 -47 55 -49 -50 57 -52 -53 -54 56 -56 -57 -58 -59 -60 -61 -62 -63
leaf_value=-76.114472994662762 -91.497793462225729 248.96280291618183 176.95965074693834 213.43895924717927 17.487103465503413 174.14301066630597 37.090907288510643 106.75298779144829 5.2822041385885647 17.193715408988613 -86.49620387721707 46.957417668914374 98.409554135162054 91.99849186668709 -14.654652976423078 6.9579002303136468 44.116095934565763 84.310163524730797 26.148195293529614 57.523128246550868 -51.52062203312552 -75.492419527658441 -18.159988976555894 47.685968898373183 -1.3980211989944045 -57.059884377524483 7.8808254877518129 -23.144548218982045 -2.4956972320808855 -48.707700855488667 150.46748921913675 28.629822318567097 -15.032854835168637 -41.143531971807064 -8.2270191460686739 -3.6826221585864864 -81.627368937577359 -34.953454495574789 -66.946352701147561 -64.228353221659745 -29.6993893450089 -81.532077524470168 -22.298939516489735 12.353015539291057 -45.712629503847943 79.134500744508045 -34.519206879420295 -15.680001596821917 -64.52326158678207 -53.482867686042844 -47.088842258738048 -49.070508999195269 32.792992396590734 -10.765092361037793 -26.45040827382909 -9.9419465798889544 -38.759866079198254 -38.879577164878704 -27.948903476611989 15.887880419266125 -47.168789296251667 -7.6797085178488551
leaf_weight=9.9999999999999982 13.999999999999998 13.999999999999998 10.999999999999998 11.999999999999998 14.999999999999998 10.999999999999998 96 28 21.000000000000004 16.000000000000004 10.999999999999998 136 9.9999999999999982 12.000000000000002 148 154 15.999999999999998 10.999999999999998 10.999999999999998 13.999999999999998 14.999999999999998 57 11.000000000000002 39 10.999999999999998 19 61 10.000000000000002 11.999999999999998 44 9.9999999999999982 18 20 15.999999999999998 11.000000000000002 11.999999999999998 9.9999999999999982 19 24 44 13.000000000000002 26 13.000000000000002 13.999999999999998 20 9.9999999999999982 16.000000000000004 22 11.000000000000002 57 20 34 9.9999999999999982 11.000000000000002 9.9999999999999982 14.999999999999998 9.9999999999999982 27 10.999999999999998 11.999999999999998 13.999999999999998 9.9999999999999982
leaf_count=10 14 14 11 12 15 11 96 28 21 16 11 136 10 12 148 154 16 11 11 14 15 57 11 39 11 19 61 10 12 44 10 18 20 16 11 12 10 19 24 44 13 26 13 14 20 10 16 22 11 57 20 34 10 11 10 15 10 27 11 12 14 10
internal_value=0.194512 28.5898 55.0516 49.2238 -39.2558 41.102 37.5448 33.8742 0.619984 3.54455 -8.84237 57.2253 29.6057 152.948 -15.5961 18.5392 -15.7725 32.7438 3.98662 8.13096 -16.1138 -54.3163 -24.4683 51.9572 44.0643 -12.4177 -8.07667 26.0218 -39.6217 -59.5703 119.136 10.1223 -35.6012 -10.7718 -5.94395 -34.9835 -47.9928 -44.2072 -55.8669 -59.0654 -34.8485 -66.8911 -17.31 -4.35187 -26.4544 54.2522 -31.7948 -26.4814 -45.9742 -52.9225 -36.9153 -55.3756 14.2337 -12.5175 -5.02192 -22.6973 -24.2166 -48.8408 -44.6143 4.36885 -60.1989 -20.2004
internal_weight=1620 942 484 470 678 436 425 414 458 444 301 164 143 34 259 250 265 42 81 73 31 413 184 70 60 248 209 42 109 304 22 28 39 80 65 104 41 97 247 192 53 84 65 27 63 49 51 38 30 108 31 44 31 54 33 31 21 84 55 23 58 23
internal_count=1620 942 484 470 678 436 425 414 458 444 301 164 143 34 259 250 265 42 81 73 31 413 184 70 60 248 209 42 109 304 22 28 39 80 65 104 41 97 247 192 53 84 65 27 63 49 51 38 30 108 31 44 31 54 33 31 21 84 55 23 58 23
is_linear=0
shrinkage=0.03


Tree=98
num_leaves=63
num_cat=0
split_feature=23 19 23 12 23 8 2 17 8 18 9 23 13 27 17 17 23 8 17 9 23 21 15 18 18 19 22 12 23 4 21 9 8 21 9 12 8 9 22 18 12 18 8 11 20 9 24 19 21 8 23 20 18 22 15 2 21 9 9 19 10 8
split_gain=1.89796e+09 5.91095e+08 5.90921e+08 3.11962e+08 2.50664e+08 2.03211e+08 1.75481e+08 1.66138e+08 1.41706e+08 9.48847e+07 9.03742e+07 8.93416e+07 8.46838e+07 7.63897e+07 5.83498e+07 5.725e+07 5.22945e+07 5.07638e+07 4.78986e+07 4.21177e+07 3.96951e+07 3.71449e+07 3.30881e+07 3.19663e+07 3.0192e+07 2.1576e+07 1.94131e+07 1.83026e+07 1.73224e+07 1.71328e+07 1.68199e+07 1.34686e+07 1.21432e+07 1.01235e+07 1.3379e+07 1.09928e+07 9.91292e+06 9.4575e+06 9.9757e+06 9.37577e+06 9.11277e+06 8.70624e+06 7.12592e+06 6.37028e+06 6.02328e+06 4.97637e+06 4.93182e+06 4.92871e+06 4.89464e+06 4.83819e+06 7.39512e+06 4.34241e+06 4.10472e+06 4.02274e+06 3.58763e+06 2.65885e+06 2.33933e+06 2.22697e+06 1.90701e+06 1.77514e+06 1.69397e+06 1.36263e+06
threshold=46586.150000000009 33738.850000000006 74749.11923076924 1.0297193875575261 30658.015384615388 0.93301270189221952 63750.000000000007 0.075411471304537223 0.93301270189221952 53973.05000000001 -0.95297903005573326 60896.976923076923 0.93069306912077232 1.0000000180025095e-35 0.075479115460650545 0.02117530354566587 52238.019230769241 1.0000000180025095e-35 0.075365239281317054 -0.29696027566504662 115492.09615384617 74284.22500000002 -6165.5250000000005 50188.150000000009 40304.150000000009 39280.900000000001 7563.3126083130082 0.93506493482205955 57199.780769230776 45390.000000000007 42481.312500000015 -0.61559370248597534 0.93301270189221952 43684.500000000007 -0.82298386589365657 1.0698924728349228 1.0000000180025095e-35 0.17992617227144045 2673.6846364669877 10854.200000000003 1.1372222219125194 52316.250000000007 -0.5 0.84799999986225294 41283.80000000001 0.61559370248597556 50334.350000000006 24611.050000000003 54377.125000000007 -0.68301270189221952 15753.146153846155 32912.900000000009 11812.000000000002 826.0366492883054 5714.083333333333 47258.250000000007 41545.075000000004 0.8542199457734333 -0.1799261722714405 35240.200000000004 -0.61559370248597534 -0.9330127018922193
decision_type=2 2 2 2 2 2 2 2 2 2 2 2 2 2 2 2 2 2 2 2 2 2 2 2 2 2 2 2 2 2 2 2 2 2 2 2 2 2 2 2 2 2 2 2 2 2 2 2 2 2 2 2 2 2 2 2 2 2 2 2 2 2
left_child=4 -2 5 6 22 7 -4 11 10 28 -5 15 -13 21 -9 23 41 -14 25 -10 -15 -12 26 -3 -20 30 39 57 40 -18 37 -26 36 35 51 44 43 38 53 -1 -7 -16 59 61 -27 56 -38 49 -30 -41 -51 -35 -34 -6 -40 -36 -37 -24 -49 -39 -45 -29
right_child=1 2 3 8 18 9 -8 14 19 -11 13 12 17 20 16 -17 29 -19 24 -21 -22 -23 27 -25 31 33 -28 32 48 -31 -32 -33 52 34 55 45 46 42 54 47 -42 -43 -44 60 -46 -47 -48 58 -50 50 -52 -53 -54 -55 -56 -57 -58 -59 -60 -61 -62 -63
leaf_value=-67.822416437322445 245.3773817072688 -9.4113897190496019 260.85013190845444 135.65952693307634 -21.16023280379795 -60.970645053976817 104.99978699369578 106.18871383363837 -39.585926052876658 -110.93274432699189 -6.7514931226698724 104.97467199377111 6.1389262014798351 66.639149381524589 -20.158090296074885 -70.772249885785698 65.555624639422277 34.712045161791835 -23.009787389876994 28.271686623083294 127.37309778161951 47.692909296232202 -76.555196904015375 10.507496499655705 14.773729595563797 -19.871366303698846 -2.4214456946002549 -69.90028086786684 8.970693704153744 33.921828309213474 -63.394797821044918 56.48316282942487 -62.167412109374986 -30.752843677417641 3.9177580771958525 -9.9701475688839718 -46.689380372043715 -48.377426114319675 -39.92649975131016 -49.587522548888778 -23.291582542581757 19.23239246330639 -16.867854148340591 -39.625723148725612 -52.289538946409486 -26.519252576167037 -24.84002388206688 -62.123755958481574 -16.094946856972395 -41.782878028900022 -18.355738110047653 -5.95016622177023 -88.762782015413862 2.0575441536974548 -17.995816963132746 23.504014499460467 9.5868289335647443 -60.238242248030737 -42.270679665744893 -33.274000381595833 -55.036486915382177 -59.062037329690192
leaf_weight=11.999999999999998 10.999999999999998 128 10.000000000000002 14.999999999999998 10.000000000000002 10.000000000000002 19 14.999999999999998 14.999999999999998 12.999999999999998 18 10.999999999999998 115 86 10.000000000000002 9.9999999999999982 45 109 13.999999999999998 18 10.999999999999998 30 45 167 19 10.000000000000002 11.999999999999998 15.999999999999998 13.000000000000002 24 11.999999999999998 11.000000000000002 13.000000000000002 11.000000000000002 12.000000000000002 12.000000000000002 77 22 16.000000000000004 15.999999999999998 13.999999999999998 9.9999999999999982 12.999999999999998 21 10.999999999999998 9.9999999999999982 10.999999999999998 10.000000000000002 14.999999999999998 25 24 14.999999999999998 10.999999999999998 20 11.999999999999998 12.999999999999998 9.9999999999999982 11.999999999999998 9.9999999999999982 11.999999999999998 10.999999999999998 87
leaf_count=12 11 128 10 15 10 10 19 15 15 13 18 11 115 86 10 10 45 109 14 18 11 30 45 167 19 10 12 16 13 24 12 11 13 11 12 12 77 22 16 16 14 10 13 21 11 10 11 10 15 25 24 15 11 20 12 13 10 12 10 12 11 87
internal_value=0.189259 27.7365 25.139 67.8404 -38.0828 11.7607 159.453 16.8646 53.9993 -38.7551 65.667 10.1727 24.0702 58.3379 51.5675 -0.539482 42.2528 20.0521 -15.3026 -2.599 73.6506 27.3046 -52.6924 1.86445 13.2586 -20.9924 -38.4403 -57.7882 -20.5324 54.6176 -29.827 30.2041 -54.1961 -11.0343 -1.4852 -20.203 -51.9596 -25.934 -17.7785 -42.8891 -39.1792 -0.465002 -35.9391 -57.1185 -37.0198 -9.08586 -43.9895 -39.2935 -4.46671 -35.1688 -30.3692 -16.5213 -74.6748 -5.7262 -30.6252 14.1558 -1.07732 -73.2316 -52.4571 -43.1601 -45.0782 -60.8118
internal_weight=1620 942 931 222 678 709 29 644 193 65 160 540 235 145 104 305 89 224 265 33 97 48 413 295 44 221 109 304 52 69 117 30 247 104 51 53 223 105 58 97 24 20 47 135 21 32 88 85 28 65 49 26 24 30 28 25 22 57 20 34 32 103
internal_count=1620 942 931 222 678 709 29 644 193 65 160 540 235 145 104 305 89 224 265 33 97 48 413 295 44 221 109 304 52 69 117 30 247 104 51 53 223 105 58 97 24 20 47 135 21 32 88 85 28 65 49 26 24 30 28 25 22 57 20 34 32 103
is_linear=0
shrinkage=0.03


Tree=99
num_leaves=63
num_cat=0
split_feature=18 18 1 14 8 8 16 18 16 3 18 0 9 16 7 19 8 10 27 18 9 6 18 1 16 2 10 22 7 16 16 18 6 22 0 0 14 14 10 7 16 13 22 18 10 18 9 19 6 19 21 22 10 7 9 12 22 18 0 13 9 15
split_gain=1.71609e+09 5.02347e+08 3.81107e+08 3.068e+08 2.58774e+08 2.45016e+08 1.76613e+08 2.75761e+08 1.72029e+08 1.31878e+08 1.08298e+08 9.92761e+07 7.67595e+07 6.10293e+07 7.71577e+07 6.07951e+07 5.9429e+07 5.40009e+07 4.30367e+07 4.20994e+07 4.12486e+07 3.69471e+07 3.58777e+07 3.39407e+07 3.36983e+07 3.35849e+07 3.16902e+07 3.47139e+07 3.15129e+07 3.76736e+07 5.42796e+07 2.73342e+07 2.61548e+07 2.5705e+07 2.25939e+07 4.18496e+07 2.13234e+07 2.0971e+07 2.03195e+07 1.86216e+07 1.83488e+07 1.77382e+07 1.75404e+07 2.77148e+07 1.6386e+07 1.47411e+07 1.37312e+07 1.1276e+07 1.10958e+07 1.09198e+07 1.00228e+07 9.71366e+06 9.58428e+06 8.23816e+06 9.1444e+06 6.48983e+06 6.3566e+06 5.71581e+06 5.71311e+06 6.4642e+06 5.6991e+06 5.15682e+06
threshold=52316.250000000007 31763.850000000002 42920.000000000007 0.21717973125094933 0.25000000000000017 0.93301270189221952 -1.0000000180025095e-35 35240.200000000004 -1.0000000180025095e-35 56958.750000000007 40304.150000000009 61562.500000000007 0.17992617227144045 0.0050505372572776661 0.93301270189221952 75325.000000000015 0.25000000000000017 0.8542199457734333 1.0000000180025095e-35 63299.650000000001 0.06026834012766185 1.0000000180025095e-35 74039.35000000002 29138.000000000004 0.0049140049140049555 61562.500000000007 -0.060268340127661524 18596.605127991981 0.93301270189221952 0.0050251573518178558 0.0049140049140049555 45771.750000000007 1.0000000180025095e-35 10834.934566728369 45310.245000000003 41565.725000000006 0.13707268499901715 0.27272727266989771 0.29696027566504685 -0.6830127018922193 0.0037543201186628354 0.89345454530201451 7641.0798420496303 47502.150000000009 -0.35460488704253562 62654.05000000001 0.78574730703237894 55950.500000000007 1.0000000180025095e-35 40141.900000000009 65303.350000000013 12297.767492873811 0.23931566428755774 -0.93301270189221919 -0.91023613416931226 1.1792452827985704 4374.7026435314629 8135.3000000000011 52316.875000000007 0.89599999985519108 0.35460488704253579 -2266.6666666666674
decision_type=2 2 2 2 2 2 2 2 2 2 2 2 2 2 2 2 2 2 2 2 2 2 2 2 2 2 2 2 2 2 2 2 2 2 2 2 2 2 2 2 2 2 2 2 2 2 2 2 2 2 2 2 2 2 2 2 2 2 2 2 2 2
left_child=1 23 5 4 -4 8 7 -3 34 11 -9 12 16 19 22 -7 -5 39 32 24 55 33 49 57 51 -14 44 -28 29 30 46 -32 40 -20 35 -2 -25 -24 -30 -12 -11 48 43 60 -21 -36 50 -48 -38 -15 -8 -10 -34 -50 -55 -13 -41 -1 61 -60 -31 -43
right_child=2 6 3 9 -6 15 28 10 13 18 17 20 25 14 -16 -17 -18 -19 21 26 -22 -23 37 36 -26 -27 27 -29 38 42 31 -33 52 -35 45 -37 41 -39 -40 56 -42 58 -44 -45 -46 -47 47 -49 53 -51 -52 -53 -54 54 -56 -57 -58 -59 59 -61 -62 -63
leaf_value=-81.193348589085815 45.384967572807071 180.96306634581916 66.723104280170631 96.387112649964862 232.56079075863482 -125.98810929581921 -19.435033775685781 -57.926956532459386 13.881531199663664 12.786263436593149 39.744216417242733 87.285681804996884 98.882034179527707 -48.549450269264753 74.506354481090213 -28.269087486582354 192.23317158848783 88.703997666540232 2.1714859034010194 27.726204322715859 6.4035879744144903 96.708241274302239 1.4836820571800116 -6.5473931519059114 65.433934356387311 35.959243007980234 40.833121390617457 95.644370379487356 -4.6268484939691668 -63.172551813408866 4.7794719274720139 63.511663587415548 18.690610943836951 60.197362799792558 31.12065280535748 124.19503950225639 -58.977117847404855 41.26906266253927 52.062767273553533 -14.051888230884336 -34.864278531461146 -19.211552856255366 -61.604417173375623 5.805882386466525 -18.113251611690711 73.389403472394562 -12.360816853380848 21.274013253521446 -63.219485515175066 -14.685971039658774 8.5523886335388681 -7.0453712094127061 48.976367610699562 -19.675545832147662 -45.644317359119526 51.887227482559659 15.502008641366741 -62.340520213176077 -24.115709455774184 -47.27453973653796 -33.856186831930408 -41.758418114264288
leaf_weight=20 10.000000000000002 9.9999999999999982 17 12.000000000000002 17 11.000000000000002 258 14.999999999999998 69 21 18.999999999999993 10.000000000000002 19 9.9999999999999982 11.999999999999998 11.999999999999998 11.999999999999998 11.999999999999998 12.000000000000002 23 17 12.999999999999998 46 11.999999999999998 9.9999999999999982 12.999999999999998 78 11.999999999999998 13.000000000000002 10.000000000000002 20.000000000000004 10.999999999999998 20 15.999999999999998 13.000000000000002 15.999999999999998 111 15.999999999999998 9.9999999999999982 13.000000000000009 10.999999999999998 24 19 14.999999999999998 9.9999999999999982 18 22 14.999999999999998 19 58 11.999999999999998 28 18 14.999999999999998 71 9.9999999999999982 12.999999999999998 72 13.999999999999998 54 15.999999999999998 14.999999999999998
leaf_count=20 10 10 17 12 17 11 258 15 69 21 19 10 19 10 12 12 12 12 12 23 17 13 46 12 10 13 78 12 13 10 20 11 20 16 13 16 111 16 10 13 11 24 19 15 10 18 22 15 19 58 12 28 18 15 71 10 13 72 14 54 16 15
internal_value=0.183363 -26.4116 36.0273 66.7461 150.081 19.8412 -6.09422 34.1591 24.961 52.7902 13.5469 79.1319 104.314 17.5135 2.04611 -75.3475 144.909 32.4244 30.6687 27.0579 40.8397 55.0447 -4.69463 -50.3381 13.2784 73.5114 39.0244 48.2394 -13.9408 -15.9148 -12.0189 25.7572 16.3331 35.4255 73.4495 94.1736 -45.8748 11.8008 20.1394 17.253 -3.6511 -47.3334 -37.8054 -26.6535 13.8226 55.821 -15.8405 1.29543 -52.3011 -19.7299 -18.1884 7.83971 33.1275 -45.1942 -41.143 69.9328 0.727723 -66.5227 -37.2656 -42.549 -45.3307 -27.9681
internal_weight=1620 930 690 238 34 452 503 82 429 204 72 93 56 372 142 23 24 57 111 230 37 41 130 427 107 32 123 90 421 398 338 31 70 28 57 26 335 62 23 45 32 323 60 41 33 31 307 37 216 68 270 97 38 105 86 20 26 92 107 68 26 39
internal_count=1620 930 690 238 34 452 503 82 429 204 72 93 56 372 142 23 24 57 111 230 37 41 130 427 107 32 123 90 421 398 338 31 70 28 57 26 335 62 23 45 32 323 60 41 33 31 307 37 216 68 270 97 38 105 86 20 26 92 107 68 26 39
is_linear=0
shrinkage=0.03


Tree=100
num_leaves=63
num_cat=0
split_feature=23 6 14 1 16 23 27 21 1 24 16 20 27 3 20 3 21 8 23 6 24 7 9 23 1 18 7 11 15 19 9 24 1 7 7 7 11 22 18 18 22 24 24 9 18 22 16 22 4 7 14 6 8 9 19 11 20 18 24 22 9 19
split_gain=1.68507e+09 6.62198e+08 5.43082e+08 4.20665e+08 2.57577e+08 2.21372e+08 1.78807e+08 1.25995e+08 1.1781e+08 1.01055e+08 9.62403e+07 8.60947e+07 7.92785e+07 5.95146e+07 5.67177e+07 5.56334e+07 4.88876e+07 4.56172e+07 4.84929e+07 4.40795e+07 4.32751e+07 4.29143e+07 5.54145e+07 4.44733e+07 3.79395e+07 3.78992e+07 3.73606e+07 3.57745e+07 2.97283e+07 2.73844e+07 2.75104e+07 2.5983e+07 3.16876e+07 2.53724e+07 2.40952e+07 2.1663e+07 2.1624e+07 2.06567e+07 1.95561e+07 1.79002e+07 1.77807e+07 1.56923e+07 1.56764e+07 1.50766e+07 1.47398e+07 1.28511e+07 1.25605e+07 1.19691e+07 1.10383e+07 1.16218e+07 9.76493e+06 9.6557e+06 9.09025e+06 8.4478e+06 8.03165e+06 7.9248e+06 7.51096e+06 1.06007e+07 7.20186e+06 7.2002e+06 6.95265e+06 8.34906e+06
threshold=46586.150000000009 1.0000000180025095e-35 0.18006257412947754 42920.000000000007 -0.0027522199815387389 30658.015384615388 1.0000000180025095e-35 105242.65000000002 42920.000000000007 60701.875000000007 -0.068478572480783359 44507.650000000001 1.0000000180025095e-35 56958.750000000007 74518.60000000002 56078.125000000007 130855.48750000002 0.6830127018922193 63741.803846153853 1.0000000180025095e-35 60218.125000000007 -0.24999999999999997 -0.29696027566504662 61795.576923076937 41550.000000000007 51612.650000000009 -0.93301270189221919 1.0559999998267067 -6165.5250000000005 41203.700000000004 -0.61559370248597534 48858.750000000007 33323.000000000007 -0.93301270189221919 -0.93301270189221919 -0.24999999999999997 0.87850467273216359 1156.0329855113916 40304.150000000009 85153.35000000002 7563.3126083130082 54750.92500000001 38478.575000000004 -0.2393156642875576 64146.500000000007 9635.9362825713306 0.0037543201186628354 7766.9183557587348 55470.625000000007 1.0000000180025095e-35 0.22321717548807393 1.0000000180025095e-35 0.93301270189221952 -0.70581670320594825 35545.650000000009 0.84641379296280916 56857.250000000007 33410.900000000009 42379.500000000007 2263.136266797504 0.35460488704253579 83762.10000000002
decision_type=2 2 2 2 2 2 2 2 2 2 2 2 2 2 2 2 2 2 2 2 2 2 2 2 2 2 2 2 2 2 2 2 2 2 2 2 2 2 2 2 2 2 2 2 2 2 2 2 2 2 2 2 2 2 2 2 2 2 2 2 2 2
left_child=5 8 -3 10 9 28 15 -8 11 -5 25 -2 17 39 34 -6 -9 18 -12 35 48 43 44 41 -19 -4 58 45 40 37 -31 32 -27 -17 -14 59 -25 -28 -39 60 51 -24 -30 -13 -23 -22 54 -48 -15 -50 -40 -1 55 -53 -37 -44 57 -56 -21 -7 -10 -62
right_child=1 2 3 4 6 19 7 16 13 -11 12 21 14 20 -16 33 -18 24 -20 26 27 22 23 36 -26 31 29 -29 42 30 -32 -33 -34 -35 -36 46 -38 38 50 -41 -42 -43 52 -45 -46 -47 47 -49 49 -51 -52 53 -54 -55 56 -57 -58 -59 -60 -61 61 -63
leaf_value=-50.791348291513863 -81.962859211373839 234.09226069024268 19.002796683210008 258.01707623472294 106.92777400554996 7.6371830390551061 214.57198974609375 63.349910409272589 59.680291343160178 121.17626982131807 8.0689261603678801 3.7123974628290846 2.4258267964006035 8.9522685015083532 91.754813164183801 -8.3162046536532319 142.53603104874895 -2.878007325398245 56.556789028971025 -50.258579415802899 26.087091987546803 -32.743892286169611 -12.787583266093961 36.988096798569408 -66.526215149813368 58.797521567769557 37.022490053082457 1.9533536110738841 -64.866170153291677 11.171332922149118 73.765947386486701 53.558648397991767 131.99883442019629 40.944758405751806 38.494197878643554 -39.302286088067866 2.5331211258345578 -37.14035636191042 23.326125448678283 80.566012001849231 -1.6376938521960549 -43.332186666120563 -51.399668477860381 48.170416185841049 -81.503124625328752 67.441410583116976 -34.956964623969888 -76.631364912278585 -9.861870606400581 -52.855577694732368 -10.306375763778286 -42.103565251930206 -70.505650331275902 -17.826463256439602 -29.904613783463184 -37.034352742577816 -40.380242441538215 3.1669380743216471 -18.723396696320378 -16.719598313496608 9.2620996335473347 48.047731172165065
leaf_weight=44 13.999999999999998 13.999999999999998 13.999999999999998 10.000000000000002 9.9999999999999982 15.999999999999998 9.9999999999999982 20.000000000000004 10.000000000000002 9.9999999999999982 81 12.000000000000002 21 9.9999999999999982 15.999999999999998 11.999999999999998 10.999999999999998 51 24 10.000000000000002 12.000000000000002 13.000000000000002 134 20 9.9999999999999982 10.000000000000002 9.9999999999999982 28 92 17.000000000000004 9.9999999999999982 24 11.999999999999998 43 81 28 89 15.999999999999998 12.999999999999998 13.999999999999998 11.999999999999998 17 147 15.999999999999998 9.9999999999999982 15.999999999999998 17.000000000000004 9.9999999999999982 13.000000000000002 9.9999999999999982 19 30 18 23 15.999999999999998 47 10.999999999999998 19 19 34 10.000000000000002 9.9999999999999982
leaf_count=44 14 14 14 10 10 16 10 20 10 10 81 12 21 10 16 12 11 51 24 10 12 13 134 20 10 10 10 28 92 17 10 24 12 43 81 28 89 16 13 14 12 17 147 16 10 16 17 10 13 10 19 30 18 23 16 47 11 19 19 34 10 10
internal_value=0.180102 26.1365 50.6007 45.0864 91.9635 -35.8817 73.202 122.206 0.27801 190.54 27.8945 -9.45547 20.5869 24.0521 39.3761 42.1515 91.8163 7.21508 19.1952 -14.4738 9.91851 -6.16616 -9.67419 -5.71561 -13.404 62.3919 -0.389762 25.96 -49.6112 9.64462 34.5413 75.5273 99.1423 30.2013 31.078 -25.0994 8.88327 -1.98467 -10.1713 52.5531 -36.103 -16.2528 -54.4411 29.1981 -54.2047 49.8741 -33.0894 -50.6179 -17.2995 -28.7028 3.38684 -40.3606 -49.8886 -31.6217 -26.6342 -47.9403 -18.8546 -11.9935 -29.733 -8.92568 39.256 28.7976
internal_weight=1620 942 484 470 126 678 106 41 458 20 344 325 284 133 118 65 31 166 105 265 89 311 283 260 61 60 114 56 413 85 27 46 22 55 102 151 109 58 48 44 109 151 304 28 23 28 101 27 33 23 32 97 212 53 74 194 46 35 29 50 30 20
internal_count=1620 942 484 470 126 678 106 41 458 20 344 325 284 133 118 65 31 166 105 265 89 311 283 260 61 60 114 56 413 85 27 46 22 55 102 151 109 58 48 44 109 151 304 28 23 28 101 27 33 23 32 97 212 53 74 194 46 35 29 50 30 20
is_linear=0
shrinkage=0.03


Tree=101
num_leaves=63
num_cat=0
split_feature=23 6 10 12 23 10 23 9 1 23 20 11 19 14 5 22 6 10 7 23 14 7 20 14 15 12 22 7 0 7 7 10 22 20 12 9 23 14 19 19 22 9 6 20 14 7 9 18 22 0 23 9 7 18 9 22 20 23 0 14 0 0
split_gain=1.58588e+09 6.23296e+08 5.40593e+08 4.87664e+08 3.23966e+08 2.08934e+08 2.08292e+08 1.13733e+08 1.23807e+08 9.53394e+07 7.8384e+07 6.8361e+07 6.56561e+07 6.53555e+07 5.50697e+07 5.19847e+07 4.14927e+07 4.43891e+07 3.6893e+07 3.57444e+07 3.6401e+07 3.16482e+07 2.92557e+07 2.9048e+07 2.79685e+07 2.38188e+07 2.34082e+07 2.19516e+07 2.06756e+07 2.03931e+07 1.75403e+07 1.68413e+07 1.67326e+07 1.62065e+07 1.56416e+07 1.41909e+07 1.39299e+07 1.09367e+07 1.23802e+07 1.06491e+07 1.30098e+07 1.06302e+07 9.08508e+06 8.50081e+06 8.06691e+06 8.42832e+06 7.94979e+06 7.12328e+06 6.77634e+06 6.54127e+06 6.25863e+06 6.20692e+06 5.71956e+06 5.18939e+06 4.65066e+06 4.20402e+06 3.91571e+06 3.28176e+06 3.26678e+06 3.17104e+06 2.64478e+06 2.38885e+06
threshold=46586.150000000009 1.0000000180025095e-35 0.98182534576205305 1.1224489793683514 101415.65000000001 -0.78574730703237872 30658.015384615388 -0.46472317204376817 42920.000000000007 68080.376923076939 43403.600000000006 0.94399999984587668 76360.200000000012 0.24938271598645248 1.0000000180025095e-35 11124.983996477047 1.0000000180025095e-35 -0.78574730703237872 -0.24999999999999997 61795.576923076937 0.25440806039321712 -0.24999999999999997 61602.30000000001 0.25964010277092175 -6165.5250000000005 1.0561797750459039 11235.918004339381 -0.93301270189221919 58470.625000000007 -0.24999999999999997 0.68301270189221941 0.5163939593874618 7563.3126083130082 117473.20000000001 0.93506493482205955 -0.2393156642875576 64699.450000000004 0.22321717548807393 39571.500000000007 41203.700000000004 7766.9183557587348 0.78574730703237894 1.0000000180025095e-35 82632.60000000002 0.21012658222032701 -0.24999999999999997 -0.70581670320594825 41667.000000000007 2263.136266797504 42661.350000000006 36571.30000000001 -0.88545602565320969 -0.93301270189221919 11357.950000000003 -0.1799261722714405 8658.8390795884952 42647.200000000004 16901.850000000002 51514.000000000007 0.23716381413537965 52316.875000000007 49116.875000000007
decision_type=2 2 2 2 2 2 2 2 2 2 2 2 2 2 2 2 2 2 2 2 2 2 2 2 2 2 2 2 2 2 2 2 2 2 2 2 2 2 2 2 2 2 2 2 2 2 2 2 2 2 2 2 2 2 2 2 2 2 2 2 2 2
left_child=6 7 4 -4 5 -3 24 -2 10 13 -9 -6 21 22 25 -16 29 -18 35 30 -21 -10 -7 -15 32 -11 36 49 -14 48 -20 37 42 41 -26 -12 -23 -29 -39 40 50 -30 53 -13 58 52 51 -33 -8 -19 -31 -44 -46 -1 -47 -41 -50 -54 -36 -52 -56 -48
right_child=1 2 3 -5 11 9 16 8 12 14 18 43 28 23 15 -17 17 27 19 20 -22 26 -24 -25 34 -27 -28 31 33 39 -32 47 -34 -35 44 -37 -38 38 -40 55 -42 -43 46 -45 45 54 61 -49 56 -51 59 -53 57 -55 60 -57 -58 -59 -60 -61 -62 -63
leaf_value=-68.531629372776152 -83.611684219685003 162.65125305175781 301.52753888069304 46.37462224829288 191.97475678315033 44.954847406917033 7.4094904806006765 -89.379551035059563 41.191526846701265 14.689148157930921 3.6019458323076727 79.555759838207322 87.517845417744411 -17.884474274287712 137.00820767789273 57.969944967056207 53.953863868398116 -47.008512152594484 -26.572399117938019 20.056660721075147 -13.195951544732234 -22.68678219030399 5.6464234895389787 14.136076548266661 -67.083758606919048 47.663212739138828 -39.564346129439265 33.684600128823135 43.367466517003827 -53.86670077786588 -6.6188972653853924 -37.195708007812485 -1.5889690708128874 76.043615891862629 -42.866656986158723 46.734279165327173 18.814183838504484 -16.240088533769569 18.107139916080996 -6.4629177894355321 -65.559765056581 9.541181970391392 -28.629172379343132 118.20997434505746 -59.865769529223932 -75.948617436835107 -26.503378298420543 -2.2620547032120202 -30.87051483979096 -17.551609890342416 -14.125487804570472 -56.478034742515497 -47.094851997762966 -43.4217428893148 -59.307050330830123 -28.984237409956911 -9.1090298769071492 -34.027712950477742 -24.189133531725084 -32.107587796155769 -43.836267297623003 -7.0988437302048144
leaf_weight=9.9999999999999982 13.999999999999998 10.999999999999998 14.000000000000002 12.999999999999998 10.999999999999998 91 15.999999999999998 9.9999999999999982 18 26 12.000000000000002 11.000000000000002 10.999999999999998 32 10.999999999999998 24 11.999999999999998 11.000000000000002 83 64 55 9.9999999999999982 21 124 57 83 12.999999999999998 13.999999999999998 28 9.9999999999999982 76 11.000000000000002 11.999999999999998 9.9999999999999982 44 15.999999999999998 26 17 21 16.000000000000004 12.999999999999998 11.999999999999998 17 11.999999999999998 24 13.999999999999998 12.000000000000002 9.9999999999999982 10.999999999999998 18 11.999999999999998 13.000000000000002 57 34 56 13.999999999999998 23 27 10.999999999999998 36 13.999999999999998 10.999999999999998
leaf_count=10 14 11 14 13 11 91 16 10 18 26 12 11 11 32 11 24 12 11 83 64 55 10 21 124 57 83 13 14 28 10 76 11 12 10 44 16 26 17 21 16 13 12 17 12 24 14 12 10 11 18 12 13 57 34 56 14 23 27 11 36 14 11
internal_value=0.176752 25.3576 49.0924 179.301 41.362 34.1816 -34.8076 0.270183 2.93335 30.7129 -7.14982 130.332 27.8123 20.1221 50.3961 83.1302 -14.0418 -0.377309 -4.43424 -7.74301 4.68961 7.29038 37.5962 7.56049 -48.1253 39.8185 -5.22157 -6.81583 50.304 -24.3509 -17.045 1.9642 -35.023 41.9585 -52.8101 28.3277 7.25514 11.1192 2.7389 -32.1032 -38.4374 33.2688 -39.1532 100.148 -49.4903 -52.4213 -30.6764 -20.6503 -8.65845 -28.8482 -32.2558 -40.8447 -46.7534 -49.2711 -59.6445 -17.0343 -16.2195 -42.9402 -39.1819 -27.6508 -56.2799 -17.294
internal_weight=1620 942 484 27 457 423 678 458 444 412 316 34 128 268 144 35 265 114 306 278 119 67 112 156 413 109 49 102 61 151 159 73 109 50 304 28 36 52 38 101 71 40 97 23 247 192 53 21 50 29 58 30 108 44 84 30 34 84 55 48 70 23
internal_count=1620 942 484 27 457 423 678 458 444 412 316 34 128 268 144 35 265 114 306 278 119 67 112 156 413 109 49 102 61 151 159 73 109 50 304 28 36 52 38 101 71 40 97 23 247 192 53 21 50 29 58 30 108 44 84 30 34 84 55 48 70 23
is_linear=0
shrinkage=0.03


Tree=102
num_leaves=63
num_cat=0
split_feature=23 14 10 18 23 23 7 8 23 8 8 12 11 7 10 22 22 10 23 7 18 20 21 10 1 18 0 14 14 21 24 7 7 17 14 0 3 21 22 20 10 22 22 21 22 23 10 11 11 20 14 20 14 24 21 23 14 0 24 18 14 20
split_gain=1.49257e+09 4.9227e+08 5.54984e+08 2.84932e+08 2.61582e+08 1.96007e+08 1.28077e+08 1.10736e+08 1.04506e+08 7.31068e+07 7.2964e+07 6.19164e+07 7.09661e+07 5.76676e+07 5.99568e+07 5.42887e+07 5.22244e+07 5.05862e+07 4.20556e+07 4.17897e+07 4.12339e+07 4.01398e+07 3.98868e+07 3.94176e+07 3.91608e+07 3.11255e+07 3.01847e+07 2.90658e+07 2.67893e+07 2.57957e+07 2.47006e+07 2.28632e+07 2.1443e+07 2.10181e+07 2.04423e+07 2.0334e+07 1.82851e+07 2.58296e+07 1.76673e+07 1.7641e+07 1.90987e+07 1.61649e+07 1.44695e+07 1.41489e+07 1.32551e+07 1.29347e+07 1.26956e+07 1.11064e+07 1.09399e+07 1.49405e+07 9.9278e+06 8.86473e+06 6.98765e+06 5.92289e+06 7.32994e+06 5.86199e+06 5.53323e+06 5.1529e+06 5.04783e+06 5.17998e+06 4.83318e+06 4.7385e+06
threshold=46586.150000000009 0.21717973125094933 0.98182534576205305 104210.00000000001 74897.723076923096 30658.015384615388 -0.6830127018922193 0.93301270189221952 52238.019230769241 0.93301270189221952 1.0000000180025095e-35 1.1814593759708412 0.94382022450806058 1.0000000180025095e-35 -0.61559370248597534 18596.605127991981 2673.6846364669877 0.5163939593874618 101415.65000000001 -0.6830127018922193 53973.05000000001 49130.400000000001 43684.500000000007 0.95297903005573359 44070.000000000007 104210.00000000001 45636.600000000006 0.2061068701904871 0.2133517592883212 58899.23750000001 52370.600000000006 -0.24999999999999997 -0.24999999999999997 0.079999999983585007 0.20948616596859607 49116.875000000007 56215.625000000007 69923.362500000017 1776.4495160311678 60379.850000000006 -0.70581670320594803 955.12968491362312 3434.7190381804371 99781.10000000002 982.87138303228892 58013.007692307699 -0.70581670320594803 0.84799999986632446 0.87129070775178363 45483.750000000007 0.13707268499901715 47348.400000000009 0.2342569268975227 38955.525000000009 42282.762500000004 36034.026923076934 0.17083023276520834 38408.750000000007 43139.770000000011 17199.600000000002 0.22962962958798439 9107.2500000000018
decision_type=2 2 2 2 2 2 2 2 2 2 2 2 2 2 2 2 2 2 2 2 2 2 2 2 2 2 2 2 2 2 2 2 2 2 2 2 2 2 2 2 2 2 2 2 2 2 2 2 2 2 2 2 2 2 2 2 2 2 2 2 2 2
left_child=5 2 3 8 7 28 25 10 -2 15 13 12 26 14 16 18 -3 42 38 21 51 -10 31 -11 -17 -6 -12 -24 35 -14 -19 44 47 -23 -5 50 37 -21 -8 40 -15 -41 -13 -20 -7 -16 -29 61 49 60 -1 -9 -50 -46 55 -55 -37 -52 -34 -60 -33 -30
right_child=1 4 -4 34 6 22 9 20 19 23 11 17 29 39 45 24 -18 30 43 36 -22 33 27 -25 -26 -27 -28 46 32 -31 -32 48 58 -35 -36 56 -38 -39 -40 41 -42 -43 -44 -45 53 -47 -48 -49 52 -51 57 -53 -54 54 -56 -57 -58 -59 59 -61 -62 -63
leaf_value=-19.754622614434425 -24.199475814260111 95.95860622096707 281.06557379645267 129.71880757095786 128.84587167505632 16.076036397163442 61.505932363377944 -38.481200944003682 34.791026312338332 -39.674005694863027 -5.8808880778935944 59.746987215552004 87.058263745041359 -0.74088964384605438 -20.205224875088394 119.12057873015706 24.185319576739349 -6.9211824840635758 99.46578256512629 26.187004663803997 -80.649268526439826 137.48707147277221 40.00394358380241 25.973256440557822 40.909964415295292 70.595661803128422 28.265949777231835 24.220800050271524 -60.475531327325676 44.457733797659131 -57.815076772328972 -16.035562562684749 -72.015562619579086 74.483350941875202 194.26014832147277 -5.6608082873616006 7.8170591443650279 75.533098331919874 18.488518101261352 -39.418794931468398 -35.378657536193401 0.46076042930326067 16.254765611191139 48.180947652382429 -35.114206856392521 6.4419425402530992 -11.0047591957191 -26.470275286141927 -2.0808013689025375 -74.495778228457624 -55.940392632672157 -11.153372673384261 -27.538320655449496 -36.357403310643562 12.089503602887145 -10.271526080827908 -27.889779291183618 -42.28112036199721 -52.87434870531829 -77.579909208694303 -40.991221616374908 -45.863908160665758
leaf_weight=13.999999999999998 19 10.999999999999998 10.999999999999998 10.000000000000002 17 14.999999999999998 9.9999999999999982 14.999999999999998 11.000000000000002 14.999999999999998 38 9.9999999999999982 15.999999999999998 22 26 14.000000000000002 52 38 10.000000000000002 22 11.999999999999998 10.000000000000002 15.999999999999998 18 9.9999999999999982 17 60 10.999999999999998 28 66 10.999999999999998 11.000000000000002 44 9.9999999999999982 9.9999999999999982 14.999999999999998 13.999999999999998 17 59 9.9999999999999982 41 97 22 9.9999999999999982 10.999999999999998 44 54 23 11.999999999999998 9.9999999999999982 38 37 51 9.9999999999999982 9.9999999999999982 34 31 82 43 9.9999999999999982 20 85
leaf_count=14 19 11 11 10 17 15 10 15 11 15 38 10 16 22 26 14 52 38 10 22 12 10 16 18 10 17 60 11 28 66 11 11 44 10 10 15 14 17 59 10 41 97 22 10 11 44 54 23 12 10 38 37 51 10 10 34 31 82 43 10 20 85
internal_value=0.172069 24.6009 77.8335 59.4447 15.7642 -33.7675 47.6369 6.62256 39.2381 35.3796 10.8675 22.4904 32.2877 0.851532 15.6419 46.8428 36.8494 0.705641 35.9722 53.5989 -30.7444 81.2568 -13.6234 -3.89603 86.8379 100.013 15.0328 3.91562 -46.6865 52.866 -18.4409 -21.3423 -53.4199 106.513 162.796 -37.9456 37.299 47.8351 24.803 -10.7221 -23.3033 -3.2996 29.99 74.1908 -9.26822 -3.47024 -5.01542 -45.6565 -30.6121 -42.6845 -43.8565 -19.0952 -22.7003 -15.1327 -11.0049 -16.2692 -20.6693 -46.6496 -64.2465 -57.6732 -32.2161 -49.5348
internal_weight=1620 942 134 123 808 678 180 628 103 146 564 261 180 303 133 113 63 81 89 84 64 31 265 33 24 34 98 81 413 82 49 184 233 20 20 180 53 39 69 170 63 107 32 20 80 70 65 136 104 41 134 52 63 65 54 44 46 120 97 53 31 113
internal_count=1620 942 134 123 808 678 180 628 103 146 564 261 180 303 133 113 63 81 89 84 64 31 265 33 24 34 98 81 413 82 49 184 233 20 20 180 53 39 69 170 63 107 32 20 80 70 65 136 104 41 134 52 63 65 54 44 46 120 97 53 31 113
is_linear=0
shrinkage=0.03


Tree=103
num_leaves=63
num_cat=0
split_feature=18 21 1 10 21 17 19 6 10 3 17 18 19 10 22 10 15 10 2 3 3 3 17 27 27 10 1 9 7 10 11 2 10 11 18 6 7 3 15 10 4 24 6 10 13 12 17 2 22 2 11 22 27 22 18 2 13 19 22 22 12 19
split_gain=1.33997e+09 3.94449e+08 3.10102e+08 2.64829e+08 1.98192e+08 1.54062e+08 1.66921e+08 1.2755e+08 1.23242e+08 1.02288e+08 8.12403e+07 5.39774e+07 5.16196e+07 5.1318e+07 4.57279e+07 4.48702e+07 6.65949e+07 4.12419e+07 3.7521e+07 5.36538e+07 3.69805e+07 3.68604e+07 3.41301e+07 3.31553e+07 3.05981e+07 2.99705e+07 2.85343e+07 2.84472e+07 2.74218e+07 2.6677e+07 2.61769e+07 2.60212e+07 2.45154e+07 2.29871e+07 2.21869e+07 1.98297e+07 2.03574e+07 1.9757e+07 1.95148e+07 1.82752e+07 2.09063e+07 1.62027e+07 1.59108e+07 1.56378e+07 1.55902e+07 1.61317e+07 1.38782e+07 1.45044e+07 1.32449e+07 1.27791e+07 1.05442e+07 1.02352e+07 9.95814e+06 8.35329e+06 8.17758e+06 8.44103e+06 7.75221e+06 7.26828e+06 6.86165e+06 6.62394e+06 6.61056e+06 9.37459e+06
threshold=52316.250000000007 32536.675000000007 42920.000000000007 0.98182534576205305 33173.437500000007 0.075411471307569006 79061.150000000009 1.0000000180025095e-35 0.8542199457734333 56820.000000000007 1.0000000180025095e-35 40304.150000000009 75325.000000000015 0.12053668025532312 2622.0315956020982 0.98182534576205305 2220.9583333333326 0.5163939593874618 46852.500000000007 52530.000000000007 49095.625000000007 55525.625000000007 0.075411471302971281 1.0000000180025095e-35 1.0000000180025095e-35 0.56806474673115537 29138.000000000004 -0.61559370248597534 0.93301270189221952 0.29696027566504685 0.94398340229571731 60937.500000000007 -1.722546424198833e-16 0.88714733527913558 89710.050000000017 1.0000000180025095e-35 -0.93301270189221919 46005.625000000007 2210.0000000000005 0.8542199457734333 43610.000000000007 54446.875000000007 1.0000000180025095e-35 -0.98182534576205283 0.93069306912263394 1.0561797750411561 0.023928574677305199 46334.375000000007 11235.918004339381 44801.625000000007 0.84824242411030315 2263.136266797504 1.0000000180025095e-35 9996.0019555278159 60197.850000000006 45253.125000000007 0.89599999985875789 75704.650000000009 4507.3402040284991 5899.8513640182555 1.2022471907383376 39280.900000000001
decision_type=2 2 2 2 2 2 2 2 2 2 2 2 2 2 2 2 2 2 2 2 2 2 2 2 2 2 2 2 2 2 2 2 2 2 2 2 2 2 2 2 2 2 2 2 2 2 2 2 2 2 2 2 2 2 2 2 2 2 2 2 2 2
left_child=1 26 7 5 -3 9 -7 8 33 13 14 46 -10 21 30 22 -17 -8 54 20 53 51 28 39 42 34 -1 -23 43 -30 -9 -15 -25 44 -26 50 -37 49 -34 40 -16 56 48 -13 45 -2 60 -48 -11 -24 -28 -4 -35 -20 -12 -56 -38 58 -54 -58 61 -6
right_child=2 4 3 -5 11 6 17 10 12 24 18 15 -14 31 23 16 -18 -19 19 -21 -22 27 37 32 25 -27 35 -29 29 -31 -32 -33 38 52 -36 36 41 -39 -40 -41 -42 -43 -44 -45 -46 -47 47 -49 -50 -51 -52 -53 57 -55 55 -57 59 -59 -60 -61 -62 -63
leaf_value=-59.083308606473942 41.286847636912114 105.8131009495512 2.8058167906065239 196.3667151988636 -36.658135354050444 39.030342127446971 204.22353437372149 89.695072726687854 -116.14800853832345 8.3084761011413235 47.604047381712654 10.928788065296979 -26.103813224351111 74.916770444123628 -11.480977108272041 84.341825775845336 -8.1878956391795583 117.48643356474319 88.043809331006344 18.779235479028181 125.26540122796682 44.338871196717697 10.208676660711111 3.6443754419787173 23.073913290193754 0.79683269139882673 -51.268306091444124 108.84393788739671 -7.1694291573516571 58.943685598845533 27.708882835875166 135.88120836412585 61.507625006363845 -16.383068555065037 79.058101718965816 -57.857471027295119 -35.026875160748496 -9.2794102900078954 23.160808501871454 -33.578287716700025 17.42352653877272 1.5464551276402758 22.328182129897471 -14.610891900680089 56.208812255859378 -9.1970220923969759 -17.857465101185404 -66.925350513300614 -32.906603680172481 50.698442623740746 -34.722818019077828 39.929310859546327 -21.987178254080291 55.213024869686564 0.012266180160197803 35.041777426229942 1.2371910466374574 26.934131886250263 5.8250566162650035 -32.400089463337814 -11.541456369651756 -15.418093327320671
leaf_weight=92 10.000000000000002 13.999999999999998 11.000000000000002 11.999999999999998 34 18 11.000000000000002 11.000000000000002 11.000000000000002 19.000000000000004 9.9999999999999982 24 11.999999999999998 16.000000000000004 38 13.000000000000002 14.999999999999998 9.9999999999999982 9.9999999999999982 18 11.999999999999998 13.000000000000002 12.000000000000002 26 10.000000000000002 10.999999999999998 135 11.999999999999998 12.000000000000002 9.9999999999999982 13.999999999999998 10.999999999999998 21 29 18 24 99 13.999999999999998 28 11.999999999999998 55 14.999999999999998 38 208 10.999999999999998 12.999999999999998 10.000000000000002 11.999999999999998 10.999999999999998 17 48 17 9.9999999999999982 27 14.000000000000002 10.999999999999998 11.000000000000002 10.999999999999998 38 9.9999999999999982 59 42
leaf_count=92 10 14 11 12 34 18 11 11 11 19 10 24 12 16 38 13 15 10 10 18 12 13 12 26 10 11 135 12 12 10 14 11 21 29 18 24 99 14 28 12 55 15 38 208 11 13 10 12 11 17 48 17 10 27 14 11 11 11 38 10 59 42
internal_value=0.168626 -23.3318 31.8419 59.5515 -5.05369 52.2034 106.393 17.2415 -5.94472 40.851 28.191 -8.29517 -69.4849 66.4949 17.291 -1.31555 34.9195 163.673 50.0596 63.2063 79.4548 49.1864 -4.74227 11.9937 21.6338 42.7839 -44.2151 75.6117 -8.92782 23.0126 55.2316 100.164 27.2138 6.08124 59.2171 -40.1994 -32.4053 19.945 39.687 1.10664 5.61341 -27.841 9.45862 -11.9653 26.9922 12.8361 -22.7334 -44.8036 -6.86274 34.0368 -46.9499 25.4071 -2.01942 64.2997 24.7847 15.5036 -31.5127 5.0564 -0.00276181 -14.8581 -19.1062 -24.9559
internal_weight=1620 930 690 238 496 226 39 452 145 187 307 482 23 80 205 325 28 21 102 67 49 53 297 180 107 39 434 25 254 22 25 27 75 122 28 342 159 43 49 105 93 135 68 232 34 23 157 22 30 29 183 28 88 37 35 25 120 59 48 21 135 76
internal_count=1620 930 690 238 496 226 39 452 145 187 307 482 23 80 205 325 28 21 102 67 49 53 297 180 107 39 434 25 254 22 25 27 75 122 28 342 159 43 49 105 93 135 68 232 34 23 157 22 30 29 183 28 88 37 35 25 120 59 48 21 135 76
is_linear=0
shrinkage=0.03


Tree=104
num_leaves=63
num_cat=0
split_feature=23 19 23 19 7 23 8 23 11 17 10 18 23 11 17 17 11 7 11 14 21 13 20 14 14 9 9 7 7 8 7 0 18 22 23 10 19 11 11 20 14 20 21 21 19 14 21 19 9 9 24 0 23 20 11 12 14 20 0 0 21 22
split_gain=1.32854e+09 5.05561e+08 4.21209e+08 2.53537e+08 2.30905e+08 1.72062e+08 1.40553e+08 1.19977e+08 1.07969e+08 9.50565e+07 6.57806e+07 6.20692e+07 5.82004e+07 5.87733e+07 5.52744e+07 5.36186e+07 4.30057e+07 3.94775e+07 4.60109e+07 3.80433e+07 3.62422e+07 3.40775e+07 3.03744e+07 2.54603e+07 2.44421e+07 2.36656e+07 2.25277e+07 2.16898e+07 1.98266e+07 1.91665e+07 1.91137e+07 1.77505e+07 1.69311e+07 1.25199e+07 1.2282e+07 1.15978e+07 1.02306e+07 9.8268e+06 9.46287e+06 1.41019e+07 9.19456e+06 8.08882e+06 8.05355e+06 7.86896e+06 7.1493e+06 6.95493e+06 6.93662e+06 6.5282e+06 6.37306e+06 5.80702e+06 5.49969e+06 5.48191e+06 4.85622e+06 4.64867e+06 1.01224e+07 5.83601e+06 4.40952e+06 4.25342e+06 3.19184e+06 3.03615e+06 2.53823e+06 2.24136e+06
threshold=46586.150000000009 33738.850000000006 72901.334615384621 53342.700000000004 -0.6830127018922193 30658.015384615388 0.93301270189221952 98090.592307692321 0.8718915436893222 0.075411471304537223 0.8542199457734333 53973.05000000001 60896.976923076923 0.87850467273048816 0.075479115460650545 0.02117530354566587 1.0559999998335361 -0.93301270189221919 0.9439999998497105 0.2506329113478229 43684.500000000007 0.8654237286649864 112093.20000000003 0.2061068701904871 0.2133517592883212 0.35460488704253579 0.29696027566504674 -0.24999999999999997 -0.24999999999999997 0.6830127018922193 1.0000000180025095e-35 49116.875000000007 69943.35000000002 982.87138303228892 52462.246153846158 -0.70581670320594803 20550.450000000004 0.84799999986632446 0.87129070775178363 45483.750000000007 0.13707268499901715 59445.150000000009 47172.125000000007 54377.125000000007 38442.000000000007 0.2342569268975227 41545.075000000004 33738.850000000006 -0.29696027566504662 -0.88545602565320969 44107.92500000001 38408.750000000007 36034.026923076934 35397.900000000001 1.0545454543565516 1.1360268411641465 0.22962962958798439 9107.2500000000018 48014.875000000007 52412.05000000001 18041.412500000002 2992.5807065258396
decision_type=2 2 2 2 2 2 2 2 2 2 2 2 2 2 2 2 2 2 2 2 2 2 2 2 2 2 2 2 2 2 2 2 2 2 2 2 2 2 2 2 2 2 2 2 2 2 2 2 2 2 2 2 2 2 2 2 2 2 2 2 2 2
left_child=5 -2 6 -4 8 24 9 10 -5 12 30 34 15 -14 -11 25 -15 -10 -19 26 27 41 -21 -22 31 -3 -9 33 37 -23 -6 40 -12 -7 -8 -25 -33 57 39 56 -1 -16 -36 -44 52 -40 -46 -47 -30 -42 -50 -51 -35 55 -55 -37 -29 -26 -49 -38 -53 -52
right_child=1 2 3 4 7 20 11 19 17 14 32 -13 13 16 21 -17 -18 18 -20 22 23 29 -24 35 28 -27 -28 38 48 -31 -32 36 -34 44 42 53 59 -39 45 -41 49 -43 43 -45 46 47 -48 58 50 51 61 60 -54 54 -56 -57 -58 -59 -60 -61 -62 -63
leaf_value=-17.951352931895151 224.49030025172877 9.9397781759488506 201.2662413410149 192.09620267962464 46.740193788059003 16.051179102209229 -46.096901667571267 133.21253775719364 29.860136990688815 92.587382964077364 3.4897810542965275 -96.032513417645916 90.249509772876706 10.613117996328366 14.988094015593569 -68.763317571961053 50.575967326859981 57.099778955337854 130.2218034834888 13.943299766860841 37.514040277137518 52.278729328412183 83.426132159846844 23.322412909430426 -56.936374472621495 -7.0495704086703199 74.732873868764557 -14.981625547666802 -81.752976235634037 17.214231418410748 19.735433643820759 3.0601450586682972 -33.729395080903615 -35.194214541986121 -33.844884274926514 -6.2165378538091121 -37.725893702536638 -24.879709514271127 -1.4398989742058366 -71.496359407028351 -23.71584764212616 -22.984059176303372 11.836482614681417 -21.436821206582557 -18.168392643819324 -44.262109193193155 12.153398242706947 -28.243326942102232 -65.461187458082577 -56.153375330055212 -43.245395766135566 -38.714654566078366 -13.405744536732115 -15.268204428319768 22.219983351301437 -34.719207753583412 -38.812382391175227 -43.098510880610355 -10.486655650891754 -19.308864537289264 -54.284890560433887 -58.045046804860149
leaf_weight=13.999999999999998 10.999999999999998 149 9.9999999999999982 9.9999999999999982 45 14.999999999999998 11.999999999999998 10.000000000000002 9.9999999999999982 14.999999999999998 28 11.999999999999998 9.9999999999999982 177 10.000000000000002 9.9999999999999982 28 13.999999999999998 18 13.000000000000002 15.999999999999998 43 9.9999999999999982 10.999999999999998 28 146 15.999999999999998 11.000000000000002 11.999999999999998 21 50 12.999999999999998 18 15.999999999999998 9.9999999999999982 14.000000000000002 15.999999999999998 23 11.999999999999998 9.9999999999999982 11.999999999999998 9.9999999999999982 15.000000000000002 10.999999999999998 13.000000000000002 13.999999999999998 13.999999999999998 20 43 34 24 62 22 18.000000000000004 9.9999999999999982 11.999999999999998 20 85 17 17 11.999999999999998 18
leaf_count=14 11 149 10 10 45 15 12 10 10 15 28 12 10 177 10 10 28 14 18 13 16 43 10 11 28 146 16 11 12 21 50 13 18 16 10 14 16 23 12 10 12 10 15 11 13 14 14 20 43 34 24 62 22 18 10 12 20 85 17 17 12 18
internal_value=0.166195 23.2136 20.8116 53.9266 47.7576 -31.8541 8.51537 32.3946 103.721 12.7663 18.3153 -35.2882 7.63288 19.583 39.6948 -0.794595 16.0935 82.2735 98.5086 72.7885 -12.9803 30.1507 44.3837 3.73815 -43.9583 1.53194 97.6494 -20.3382 -50.3893 40.818 32.5629 -35.6104 -11.1158 -8.57883 -19.934 -4.62073 -19.4681 -42.9267 -29.3668 -40.5972 -41.1331 -4.01772 -11.1095 -2.26877 -14.2786 -22.0054 -2.45904 -26.832 -60.7974 -43.8204 -57.7463 -46.0302 -22.6482 -10.3455 -1.84803 -19.4544 -30.4318 -46.5747 -20.1352 -28.3254 -41.3094 -49.711
internal_weight=1620 942 931 252 242 678 679 190 52 619 141 60 520 215 99 305 205 42 32 49 265 84 23 81 413 295 26 184 233 64 95 180 46 80 48 65 46 136 104 41 134 20 36 26 65 63 27 51 97 120 85 108 38 54 28 26 31 113 37 33 74 42
internal_count=1620 942 931 252 242 678 679 190 52 619 141 60 520 215 99 305 205 42 32 49 265 84 23 81 413 295 26 184 233 64 95 180 46 80 48 65 46 136 104 41 134 20 36 26 65 63 27 51 97 120 85 108 38 54 28 26 31 113 37 33 74 42
is_linear=0
shrinkage=0.03


Tree=105
num_leaves=63
num_cat=0
split_feature=18 21 18 16 10 14 8 18 17 16 18 17 17 20 17 16 8 27 14 11 18 20 20 11 7 17 16 7 20 16 11 20 17 14 16 7 19 7 11 16 24 0 7 8 11 9 18 16 8 10 19 0 21 19 14 14 11 13 7 3 12 20
split_gain=1.1887e+09 3.48939e+08 2.55101e+08 1.78199e+08 1.79829e+08 1.45857e+08 1.3803e+08 1.12883e+08 7.29218e+07 7.21186e+07 5.85648e+07 5.39681e+07 1.06807e+08 4.6158e+07 4.24665e+07 4.11138e+07 3.79661e+07 3.5597e+07 3.9382e+07 3.54635e+07 3.51661e+07 2.66044e+07 2.42309e+07 2.40953e+07 2.19513e+07 2.41426e+07 2.32441e+07 2.19329e+07 2.04325e+07 1.85726e+07 1.67769e+07 1.55813e+07 1.45776e+07 1.40943e+07 1.19793e+07 1.18167e+07 1.14019e+07 1.13301e+07 1.07715e+07 7.05614e+06 6.45747e+06 6.45308e+06 5.55555e+06 5.23029e+06 5.87294e+06 4.99864e+06 4.66343e+06 3.96545e+06 3.71198e+06 2.91856e+06 8.12385e+06 3.57691e+06 2.39774e+06 2.26531e+06 2.93675e+06 2.08029e+06 1.72023e+06 1.54827e+06 697800 655015 507871 404098
threshold=52316.250000000007 32941.725000000013 112238.65000000001 -1.0000000180025095e-35 0.98182534576205305 0.1634562465166825 0.93301270189221952 82632.60000000002 0.075479115465842489 0.05017507414820211 63299.650000000001 0.061650782740210804 0.075411471304537223 65278.250000000007 0.07549016897097742 0.092418649295454194 1.0000000180025095e-35 1.0000000180025095e-35 0.25307125302469863 0.88799999985862599 40304.150000000009 19984.050000000007 56078.450000000004 0.94399999985264305 0.93301270189221952 0.0070130241861649312 0.0050505372572776661 -0.24999999999999997 69790.800000000017 0.0049140049140049555 0.79771551917947658 43561.200000000004 0.079999999984314604 0.21012658222032701 0.0048899755501222728 -0.24999999999999997 50657.150000000001 0.25000000000000011 1.0593406591030845 0.0037543201186628354 46537.30000000001 37528.200000000004 -0.93301270189221919 0.93301270189221952 0.86899563299803473 -0.88545602565320969 8936.3000000000011 0.05017507414820211 -0.5 0.5163939593874618 15189.1 52010.125000000007 14214.812500000002 9938.5500000000011 0.17388612090385749 0.21804511273508878 0.84641379296280916 0.89599999985663914 0.68301270189221941 53625.000000000007 0.93506493482798347 10229.700000000003
decision_type=2 2 2 2 2 2 2 2 2 2 2 2 2 2 2 2 2 2 2 2 2 2 2 2 2 2 2 2 2 2 2 2 2 2 2 2 2 2 2 2 2 2 2 2 2 2 2 2 2 2 2 2 2 2 2 2 2 2 2 2 2 2
left_child=1 21 3 7 6 -3 9 14 23 10 29 17 -13 -8 -2 19 -12 24 -19 -11 -14 33 31 34 25 26 -7 -20 -24 -5 -23 -16 40 41 -4 42 -29 -30 -26 46 -22 53 61 44 48 -44 60 -47 57 50 58 -52 -51 -1 -55 -41 -50 -32 -43 -54 -37 -35
right_child=2 5 8 4 -6 11 13 -9 -10 15 16 12 20 -15 22 -17 -18 18 27 -21 32 30 28 -25 38 -27 -28 36 37 -31 43 -33 -34 35 -36 39 -38 -39 -40 55 -42 49 45 -45 -46 47 -48 -49 56 52 51 -53 59 54 -56 -57 -58 -59 -60 -61 -62 -63
leaf_value=-59.664787698540806 109.31287411529239 108.30437188781134 68.301049078864011 6.0007358849445662 124.64122726440431 -12.233699522451678 -96.918951514991534 154.96227294921874 164.37810546874999 -21.715218700337633 21.828007919560985 108.06967826616648 -35.380442470763782 -17.165555085128876 33.098378971968536 -55.817166937750741 45.683698561831044 55.028555917521473 38.248637060788596 15.81307600552006 17.810160477723119 0.77039276981985316 -5.6485330969440053 40.673343039898832 -7.9309797676010856 -52.850014577119246 -39.256725523761496 -26.407928977379431 20.297488832215997 31.957821302996571 -50.994864073057464 80.272862447664878 -12.216953046644056 -60.213053956694942 111.59556762695311 -68.021911472000227 1.9828979698764126 62.636427839294946 34.931461948704069 -63.980084283173966 47.672330289028658 -44.066473466589102 -25.997345602551874 -52.868353700380069 -12.821037354164934 -39.942228448271962 -44.84271000150467 -57.356055930949147 -38.475731805480322 -29.006351631101499 -3.7706672504519623 -27.43580490937104 -40.009923260662994 -30.06532806094329 -52.714681114007625 -82.187880001583622 -23.756318867476946 -36.650592485483259 -34.165575296812953 -52.035093994140631 -55.797112662438124 -50.599370896359709
leaf_weight=11.999999999999998 9.9999999999999982 9.9999999999999982 11 123 13.999999999999998 269 11.000000000000002 10.999999999999998 10.999999999999998 32 110 9.9999999999999982 15.999999999999998 15.999999999999998 10.000000000000002 10.999999999999998 133 12.999999999999998 9.9999999999999982 77 19.000000000000004 14.999999999999998 11.999999999999998 11.999999999999998 10.000000000000002 15.999999999999998 32 22 11.000000000000002 31 10.999999999999991 18 10.999999999999998 15.000000000000002 14 13.000000000000002 30 11.999999999999998 10.999999999999998 20.000000000000004 9.9999999999999982 13.999999999999998 18 10.999999999999998 13.999999999999998 54 33 15.999999999999998 10.000000000000005 11.999999999999998 12.000000000000002 10.999999999999998 11.000000000000002 10.000000000000002 11.999999999999998 10.999999999999998 29 24 18 10.999999999999998 9.9999999999999982 13.999999999999998
leaf_count=12 10 10 11 123 14 269 11 11 11 32 110 10 16 16 10 11 133 13 10 77 19 15 12 12 10 16 32 22 11 31 11 18 11 15 14 13 30 12 11 20 10 14 18 11 14 54 33 16 10 12 12 11 11 10 12 11 29 24 18 11 10 14
internal_value=0.161933 -21.9723 29.9939 24.9968 18.8572 -4.51934 16.1124 65.7104 96.6402 19.5686 25.7274 -6.89686 18.2744 -49.8955 52.0678 -0.811332 34.8983 -10.9228 7.76642 4.78576 2.07537 -41.3196 42.8224 76.113 -15.0709 -17.0392 -15.1187 -2.21599 26.0643 11.2432 -28.7926 63.6027 17.1086 -45.6766 92.8941 -50.5378 -10.0562 42.563 14.5798 -58.9808 28.236 -37.5796 -44.2147 -33.2681 -30.7608 -40.3503 -52.3875 -43.9987 -34.1329 -33.2502 -28.8549 -15.1587 -40.2546 -48.7817 -42.6023 -70.6845 -27.6194 -41.2913 -38.6211 -46.2309 -62.9715 -55.7619
internal_weight=1620 930 690 642 558 489 544 84 48 517 397 479 66 27 73 120 243 413 75 109 56 441 63 37 338 317 301 62 35 154 114 28 40 327 25 204 52 23 21 87 29 123 117 99 88 88 56 70 74 89 55 23 34 34 22 31 39 35 32 22 23 29
internal_count=1620 930 690 642 558 489 544 84 48 517 397 479 66 27 73 120 243 413 75 109 56 441 63 37 338 317 301 62 35 154 114 28 40 327 25 204 52 23 21 87 29 123 117 99 88 88 56 70 74 89 55 23 34 34 22 31 39 35 32 22 23 29
is_linear=0
shrinkage=0.03


Tree=106
num_leaves=63
num_cat=0
split_feature=23 6 10 12 23 10 23 9 21 16 8 18 20 0 23 6 10 18 21 8 10 8 16 22 10 16 9 8 14 2 0 16 8 0 22 22 19 21 22 22 19 24 9 19 16 2 14 11 24 18 9 14 0 9 14 10 6 8 16 0 10 21
split_gain=1.18216e+09 4.86294e+08 4.67973e+08 4.23455e+08 2.51682e+08 1.82497e+08 1.50863e+08 9.01556e+07 9.84134e+07 7.86882e+07 6.95748e+07 5.82575e+07 5.52442e+07 4.97274e+07 4.89548e+07 3.37302e+07 3.83062e+07 3.19137e+07 3.17424e+07 3.0642e+07 2.98529e+07 3.31191e+07 3.6681e+07 2.68137e+07 2.51571e+07 2.20326e+07 2.64062e+07 2.49559e+07 2.17657e+07 2.16314e+07 2.11374e+07 2.61297e+07 1.81152e+07 1.57512e+07 1.3775e+07 1.33569e+07 1.26862e+07 1.24773e+07 1.11042e+07 1.22814e+07 1.13149e+07 1.1007e+07 1.08801e+07 9.39292e+06 8.71675e+06 8.65061e+06 8.40873e+06 6.86893e+06 6.61286e+06 5.89332e+06 5.2097e+06 4.95162e+06 4.88834e+06 4.58625e+06 4.3641e+06 3.63754e+06 3.19475e+06 3.07459e+06 2.97682e+06 2.87902e+06 2.75028e+06 2.34142e+06
threshold=46586.150000000009 1.0000000180025095e-35 0.98182534576205305 1.1372222219125194 101415.65000000001 -0.78574730703237872 30658.015384615388 -0.46472317204376817 66071.125000000015 -1.0000000180025095e-35 0.25000000000000017 74296.250000000015 44100.350000000006 57604.375000000007 68967.826923076937 1.0000000180025095e-35 -0.78574730703237872 71510.450000000026 71390.187500000015 0.6830127018922193 -0.78574730703237872 -0.9330127018922193 0.0049889909738903846 13227.450487089251 0.12053668025532312 0.0037543201186628354 0.78574730703237894 -0.5 0.2133517592883212 57471.250000000007 58470.625000000007 0.0050505372572776661 0.6830127018922193 49116.875000000007 7766.9183557587348 9264.9075712238828 52055.200000000004 34587.625000000007 12892.245410530541 982.87138303228892 38442.000000000007 39253.125000000007 0.91023613416931248 20550.450000000004 -0.040941482945758438 44575.875000000007 0.13707268499901715 0.84848484835628946 62058.725000000006 38671.850000000006 -0.88545602565320969 0.23425692689183655 38408.750000000007 0.06026834012766185 0.23716381413537965 -0.61559370248597534 1.0000000180025095e-35 0.25000000000000017 0.0050251573518178558 52412.05000000001 -0.060268340127661524 18041.412500000002
decision_type=2 2 2 2 2 2 2 2 2 2 2 2 2 2 2 2 2 2 2 2 2 2 2 2 2 2 2 2 2 2 2 2 2 2 2 2 2 2 2 2 2 2 2 2 2 2 2 2 2 2 2 2 2 2 2 2 2 2 2 2 2 2
left_child=6 7 4 -4 5 -3 28 -2 12 11 -6 32 -9 17 24 34 -17 29 -16 -12 21 36 -23 -19 -11 26 -22 -27 33 42 -15 48 -7 46 37 -36 -14 -8 39 -18 -41 56 -10 -35 -42 49 -1 54 -32 -39 -48 -47 -52 -53 57 -49 -30 58 -43 -45 -58 -54
right_child=1 2 3 -5 10 9 15 8 13 14 19 -13 20 30 18 16 38 23 -20 -21 25 22 -24 -25 -26 27 -28 -29 41 -31 31 -33 -34 43 35 -37 -38 45 -40 40 44 47 -44 59 -46 51 50 55 -50 -51 52 53 61 -55 -56 -57 60 -59 -60 -61 -62 -63
leaf_value=-16.545251786252287 -74.944415003999751 149.40387488287848 262.03406915321102 20.345019702395874 58.890201471925693 52.345839446059877 -31.629644401941018 -73.309395100361584 40.048993514719044 0.36351123766149868 186.39487466642171 102.74444211725603 -20.433813361143454 80.912074675607215 1.2517942509476425 50.416278620948482 20.984190333904603 14.419178004500884 43.927852472184632 111.38568867451436 -17.351734250588947 10.527961219406954 69.263578006019287 -49.688587672456784 20.512267212663531 -66.71739689717765 8.9608073086920328 -14.326530124785132 -62.633864836725984 -17.80115622030722 50.512864618832758 -7.9215073621595238 17.1891149020082 3.285396304530952 -66.063770702465135 -24.410981312696844 11.74407105250388 -12.920245931874145 17.723755892823075 -32.348280377280119 16.867599668760555 -43.066007206268949 4.6257993708430112 -35.934418548678757 -12.884544259285439 14.997161339485999 -22.237666020669224 -15.963074004118102 26.29569713229375 -41.495246986182963 -52.927757120887556 -0.75705002696243751 -36.423849650581097 -20.005097404738155 -59.155263109456804 -40.017564011651118 -57.905075501625561 -34.306623933731025 -56.923831921322801 -18.014824392753731 -38.894113172165895 -51.358500169486057
leaf_weight=13.999999999999998 13.999999999999998 10.999999999999998 16.000000000000004 10.999999999999998 12.999999999999998 36 37 10.999999999999998 27 96 10 17 35 9.9999999999999982 19 11.999999999999998 9.9999999999999982 10.000000000000002 90 11 91 46 11.999999999999998 13.999999999999998 133 12.999999999999998 55 22 43 10.999999999999998 34 10.999999999999998 21 12.999999999999998 11.000000000000002 19 15.999999999999998 16.000000000000004 14.999999999999998 22 10.999999999999998 71 10.999999999999998 15.999999999999998 44 9.9999999999999982 11.999999999999998 12.000000000000002 14.999999999999998 10.999999999999998 34 29 62 18 19 10.999999999999998 16.000000000000004 28 19 17 13.999999999999998 11.999999999999998
leaf_count=14 14 11 16 11 13 36 37 11 27 96 10 17 35 10 19 12 10 10 90 11 91 46 12 14 133 13 55 22 43 11 34 11 21 13 11 19 16 16 15 22 11 71 11 16 44 10 12 12 15 11 34 29 62 18 19 11 16 28 19 17 14 12
internal_value=0.157043 21.8977 42.8623 164.007 35.6707 29.3421 -30.0478 -0.261597 2.10961 26.1011 114.089 54.1068 -7.62561 22.5922 19.9554 -12.3748 -0.0548645 5.25453 36.4969 147.819 -5.10973 7.2895 22.7785 -23.0279 12.0695 -12.5766 -7.44011 -33.9207 -41.3818 19.1259 40.6397 33.8041 39.4462 -33.5043 -21.6697 -39.8525 -10.3355 -17.1324 -6.03624 -10.1485 -14.2137 -47.4504 29.834 -18.2985 -6.91425 -10.7167 -38.7067 -42.9762 43.1682 -24.6722 -41.2763 -4.07445 -43.3691 -8.15553 -45.537 -27.591 -57.1847 -43.296 -46.0515 -26.7855 -49.1921 -38.9118
internal_weight=1620 942 484 27 457 423 678 458 444 412 34 74 301 143 338 265 114 73 109 21 290 109 58 24 229 181 146 35 413 49 70 60 57 180 151 30 51 121 102 87 77 233 38 46 55 84 134 160 49 27 120 57 108 47 137 23 73 118 90 33 30 74
internal_count=1620 942 484 27 457 423 678 458 444 412 34 74 301 143 338 265 114 73 109 21 290 109 58 24 229 181 146 35 413 49 70 60 57 180 151 30 51 121 102 87 77 233 38 46 55 84 134 160 49 27 120 57 108 47 137 23 73 118 90 33 30 74
is_linear=0
shrinkage=0.03


Tree=107
num_leaves=63
num_cat=0
split_feature=23 19 23 19 10 23 23 18 16 16 23 16 18 13 18 16 20 22 17 23 12 2 18 16 18 16 19 20 20 23 16 14 18 16 0 27 24 18 10 10 19 23 14 10 23 11 22 2 10 14 23 0 10 15 0 2 0 23 12 14 10 19
split_gain=1.11258e+09 4.61932e+08 3.58315e+08 2.28012e+08 1.50296e+08 1.4198e+08 1.07927e+08 8.89246e+07 8.58543e+07 8.03212e+07 7.0495e+07 5.79723e+07 6.20705e+07 4.38379e+07 4.16567e+07 4.07917e+07 3.41088e+07 3.01618e+07 2.96658e+07 2.90026e+07 2.68075e+07 2.48777e+07 2.2316e+07 4.8598e+07 4.20639e+07 2.65617e+07 2.27057e+07 2.91947e+07 2.26134e+07 2.15469e+07 2.12064e+07 2.04836e+07 1.73124e+07 1.60532e+07 1.48214e+07 1.1408e+07 1.03593e+07 1.01674e+07 9.09607e+06 1.09423e+07 8.84122e+06 7.97092e+06 7.91211e+06 7.44626e+06 6.52257e+06 6.4606e+06 6.19247e+06 4.58962e+06 4.16232e+06 4.10944e+06 3.82863e+06 3.79744e+06 3.44645e+06 3.1992e+06 3.09199e+06 5.05661e+06 2.70997e+06 2.70788e+06 2.11967e+06 2.36226e+06 2.45567e+06 1.92238e+06
threshold=46586.150000000009 33738.850000000006 72901.334615384621 53342.700000000004 0.8542199457734333 30658.015384615388 118294.44230769231 52191.000000000007 -1.0000000180025095e-35 0.0037543201186628354 88931.030769230783 -1.0000000180025095e-35 82632.60000000002 0.92888820113139203 121773.20000000001 0.088483499821170555 58561.80000000001 13227.450487089251 0.075365239281317054 57761.180769230778 1.0512244895628322 51383.125000000007 41667.000000000007 -1.0000000180025095e-35 47723.350000000013 -1.0000000180025095e-35 48344.750000000007 55324.350000000006 55099.350000000013 65834.053846153853 -0.075411471321695719 0.2133517592883212 40304.150000000009 0.086956521739130502 49116.875000000007 1.0000000180025095e-35 39253.125000000007 40304.150000000009 1.0000000180025095e-35 -0.46472317204376873 20550.450000000004 42087.469230769238 0.13707268499901715 0.8542199457734333 53793.573076923079 0.84848484835628946 534.28964266505511 47087.500000000007 -0.70581670320594803 0.23716381413537965 39452.942307692319 38408.750000000007 -0.78574730703237872 -5820.6249999999991 45310.245000000003 53232.500000000007 52412.05000000001 45139.30000000001 0.93467336660279754 0.23907455008803444 -0.060268340127661524 9938.5500000000011
decision_type=2 2 2 2 2 2 2 2 2 2 2 2 2 2 2 2 2 2 2 2 2 2 2 2 2 2 2 2 2 2 2 2 2 2 2 2 2 2 2 2 2 2 2 2 2 2 2 2 2 2 2 2 2 2 2 2 2 2 2 2 2 2
left_child=5 -2 7 -4 6 31 11 22 16 10 35 12 -5 -10 -13 20 17 21 33 -17 -15 -9 25 24 -24 -3 27 -25 -28 -18 32 34 -20 37 42 -6 58 43 39 41 -36 -39 -1 46 48 49 -7 -40 -27 53 -48 61 -47 -38 55 -53 -42 -41 -33 60 -60 -44
right_child=1 2 3 4 9 18 -8 8 13 -11 -12 14 -14 15 -16 19 29 -19 30 -21 -22 -23 23 26 -26 44 28 -29 -30 -31 -32 36 -34 -35 40 -37 45 38 47 57 56 -43 51 -45 -46 52 50 -49 -50 -51 -52 54 -54 -55 -56 -57 -58 -59 59 -61 -62 -63
leaf_value=-16.052414416049388 213.63906614561338 -59.396265361290851 189.2121991329382 47.796848375475072 -23.107278007355745 -40.277420590844478 143.89485987135203 60.480377233082997 -36.166404012044268 -54.897642528462853 73.413532871459566 39.625237089361612 151.44681703473083 -1.9509164979031695 97.845636064513656 6.7901718417080952 -9.178148688239018 31.144867651844752 -34.008456189954593 -60.440206925675682 19.98218757720359 124.22330580909654 85.245335209912568 32.848565091440875 6.0046718693411112 -1.3578068472784348 -30.61285656734475 -14.445363150549149 -3.587384053711689 51.438895668558558 39.303848015993644 -64.658598824545962 13.581811154191664 -51.669444662558071 3.1875869541313815 15.15633776948652 -38.660497327453392 -17.151018907452059 -4.2952582814433775 -19.345256028505826 -34.863080950671844 7.7973982123220589 -58.413345352046754 -43.658459942791907 5.0199252319335939 -13.33548358426235 -10.072513142301943 23.689250944498422 -23.711983224862436 -57.389896502270119 -21.746698372616837 -36.573651166942021 -36.92421853393089 -49.788472263955654 -46.380560268022435 -13.071123046875 -17.477540234348226 -41.732497522335237 -53.785364373590525 -65.140794842694262 -37.735564873877991 -43.014394341830545
leaf_weight=13.999999999999998 10.999999999999998 12.999999999999998 9.9999999999999982 11.000000000000002 15 9.9999999999999982 11.999999999999998 13.000000000000002 17 15.999999999999998 15.999999999999998 137 9.9999999999999982 62 11.999999999999998 12.000000000000002 11.000000000000002 12.999999999999998 11.000000000000002 10.999999999999998 262 9.9999999999999982 10.000000000000002 25 14.999999999999998 9.9999999999999947 45 22 73 9.9999999999999982 14.999999999999998 19 18 10.999999999999998 12.999999999999998 13 83 22 10.000000000000002 10.000000000000002 15.999999999999998 24 11.999999999999998 10.999999999999998 14.999999999999998 10.000000000000002 54 10.999999999999998 30.000000000000004 19 48 51 12.999999999999998 35 21 9.9999999999999982 17 9.9999999999999982 29 10.999999999999998 13.999999999999998 26
leaf_count=14 11 13 10 11 15 10 12 13 17 16 16 137 10 62 12 12 11 13 11 11 262 10 10 25 15 10 45 22 73 10 15 19 18 11 13 13 83 22 10 10 16 24 12 11 15 10 54 11 30 19 48 51 13 35 21 10 17 10 29 11 14 26
internal_value=0.152778 21.244 18.9481 49.4908 43.6414 -29.1497 57.2095 7.60698 16.1045 2.45809 23.392 51.0095 97.638 10.7361 44.3766 13.0437 50.3084 68.0042 -12.0049 -25.4858 15.7858 88.6126 -6.26002 -0.978273 37.9144 -20.9947 -6.89052 10.7272 -13.9109 19.794 10.4722 -40.145 -4.5244 -16.4827 -32.5031 -5.35121 -46.0322 -14.6159 -6.75591 -12.224 -17.7528 -4.14571 -37.5495 -20.1654 -11.8266 -41.6916 -17.8211 10.406 -18.1408 -44.1752 -15.5822 -40.0421 -26.7705 -42.0006 -36.2919 -32.7485 -25.9868 -30.691 -55.4757 -52.1311 -48.6596 -48.0179
internal_weight=1620 942 931 252 242 678 182 679 421 60 44 170 21 364 149 347 57 36 265 23 324 23 258 190 25 68 165 47 118 21 44 413 29 221 180 28 233 210 87 66 46 46 134 123 55 160 112 21 40 137 102 120 23 118 82 61 33 20 73 54 43 38
internal_count=1620 942 931 252 242 678 182 679 421 60 44 170 21 364 149 347 57 36 265 23 324 23 258 190 25 68 165 47 118 21 44 413 29 221 180 28 233 210 87 66 46 46 134 123 55 160 112 21 40 137 102 120 23 118 82 61 33 20 73 54 43 38
is_linear=0
shrinkage=0.03


Tree=108
num_leaves=63
num_cat=0
split_feature=23 6 19 23 14 10 23 7 9 19 23 23 16 16 23 14 8 14 6 10 12 12 18 16 8 12 13 6 24 16 7 1 7 10 20 12 9 16 24 16 7 12 12 19 13 1 20 7 7 19 20 20 16 1 16 20 2 18 1 18 7 24
split_gain=1.04714e+09 4.39923e+08 4.35139e+08 3.13346e+08 2.8218e+08 1.34328e+08 1.33615e+08 8.62993e+07 1.00939e+08 9.63742e+07 7.22469e+07 7.10265e+07 5.90836e+07 5.64316e+07 5.04617e+07 4.83581e+07 3.48476e+07 3.13984e+07 3.05881e+07 3.50051e+07 2.82892e+07 2.50339e+07 2.37365e+07 3.47153e+07 2.61594e+07 2.21788e+07 2.06318e+07 1.94892e+07 2.01328e+07 1.91855e+07 1.85021e+07 1.70874e+07 1.49695e+07 1.36981e+07 1.36531e+07 1.40849e+07 1.28873e+07 1.04922e+07 1.00654e+07 1.0018e+07 9.87414e+06 9.79147e+06 9.48274e+06 9.18103e+06 1.09858e+07 7.08225e+06 6.84184e+06 6.66266e+06 1.01186e+07 6.32664e+06 6.43299e+06 7.86049e+06 5.95769e+06 5.91489e+06 5.42763e+06 5.71739e+06 5.12485e+06 5.02305e+06 4.99093e+06 4.81592e+06 3.41338e+06 3.20525e+06
threshold=46586.150000000009 1.0000000180025095e-35 33738.850000000006 82963.484615384616 0.21335175927490965 -0.78574730703237872 30658.015384615388 -0.24999999999999997 -0.29696027566504662 75704.650000000009 95195.73461538463 68080.376923076939 -0.0027522199815387389 0.0037543201186628354 61995.976923076931 0.24938271598645248 0.25000000000000017 0.25964010277092175 1.0000000180025095e-35 -0.78574730703237872 1.0561797750459039 1.1132075469597711 48886.600000000006 0.0050505372572776661 -0.5 1.0514285711807085 1.0683760681961381 1.0000000180025095e-35 54446.875000000007 0.0049889909738903846 -0.93301270189221919 38830.000000000007 -0.24999999999999997 0.5163939593874618 117473.20000000001 1.1132075469576492 0.35460488704253579 0.0037543201186628354 38478.575000000004 0.0050505372572776661 -0.93301270189221919 1.0510204079466035 1.0698924728232979 39571.500000000007 0.9212962960861838 34707.000000000007 58363.05000000001 -0.24999999999999997 0.68301270189221941 35545.650000000009 56857.250000000007 44507.650000000001 0.0037543201186628354 32868.000000000007 0.0049889909738903846 40674.500000000007 54645.625000000007 41667.000000000007 41020.000000000007 57016.650000000001 0.68301270189221941 36243.475000000006
decision_type=2 2 2 2 2 2 2 2 2 2 2 2 2 2 2 2 2 2 2 2 2 2 2 2 2 2 2 2 2 2 2 2 2 2 2 2 2 2 2 2 2 2 2 2 2 2 2 2 2 2 2 2 2 2 2 2 2 2 2 2 2 2
left_child=6 7 -3 5 -5 -4 27 14 13 22 21 15 -13 -9 29 31 -12 -17 32 -20 -14 -6 39 36 -25 -11 -15 38 40 46 53 -7 54 43 35 -27 -24 49 60 41 -29 -10 -39 44 -32 61 -2 -40 52 -34 51 -51 -49 -21 55 -8 -47 -35 -58 -48 -1 -42
right_child=1 2 3 4 10 11 18 8 9 25 16 12 20 26 -16 17 -18 -19 19 30 -22 -23 23 24 -26 34 -28 28 -30 -31 33 -33 37 57 -36 -37 -38 42 47 -41 45 -43 -44 -45 -46 56 59 48 -50 50 -52 -53 -54 -55 -56 -57 58 -59 -60 -61 -62 -63
leaf_value=-61.365007698859081 29.437321898205443 235.43125887124842 134.10141736323291 226.26411136847881 65.260636382231837 37.292853847567955 -30.026737196741024 -4.7812155183832701 -34.263628847976612 -10.536275618458522 62.485580779827195 90.996969933634645 11.531101291526076 -113.58218479269799 92.40873950855152 -21.395557899195428 125.12431110529607 11.079792611467466 48.332268116848532 -41.923484476893393 45.017378504880568 6.5797574245855666 -13.494792426929136 -51.115373401307217 -5.3768814827956453 52.587363203332778 -55.521970206690199 -49.520586778747017 2.4416686553143441 56.461206057709042 15.164840061918214 11.862985937672274 -32.484969195165661 -31.863761959591418 58.508630026959366 18.76744495779781 15.374521452729777 -22.987876327136323 -28.714790411455454 -47.325754738987079 -50.417412554001963 -12.167643349077794 -59.018114321879203 22.778825907408091 -24.735678374831743 -10.738453423621245 -15.678606651985993 -46.061858759945196 -33.353140034280763 -20.286637181524018 -34.264880140149913 8.3700478226617463 -65.511578970382459 -14.342916030883787 8.7513572822733128 -4.7098931914839994 -38.479100724674232 -2.5214507029316211 -20.263469932664755 12.381195638357115 -44.486857695997806 -34.725255280464388
leaf_weight=39 9.9999999999999982 9.9999999999999982 9.9999999999999982 11.999999999999998 11.000000000000002 80 11.999999999999998 13.999999999999998 22 12.999999999999998 14.999999999999998 19 35 10.000000000000002 10.999999999999998 34 18 125 11.999999999999998 12.000000000000002 65 15.999999999999998 17 17 33 13.999999999999998 12.999999999999998 34 13.999999999999998 9.9999999999999982 14.000000000000002 34 28 11.000000000000002 13.999999999999998 53 75 12.000000000000002 31 9.9999999999999982 14.999999999999998 100 14.999999999999998 27 10.999999999999998 18 10.000000000000002 57 47 20 10.999999999999998 14.999999999999998 20 17 13.999999999999998 24 27 9.9999999999999982 28 11.999999999999998 17 66
leaf_count=39 10 10 10 12 11 80 12 14 22 13 15 19 35 10 11 34 18 125 12 12 65 16 17 17 33 14 13 34 14 10 14 34 28 11 14 53 75 12 31 10 15 100 15 27 11 18 10 57 47 20 11 15 20 17 14 24 27 10 28 12 17 66
internal_value=0.148558 20.6101 40.5501 36.3899 93.9864 26.0533 -28.2791 -0.466204 -5.17983 -0.4249 67.1983 23.2635 42.598 -52.3434 35.4949 14.8231 96.927 4.12628 -11.647 0.0848677 33.3204 30.6395 -9.4177 -0.902076 -20.999 25.7703 -81.1481 -38.9456 -32.2485 20.4047 -5.63305 29.7256 -20.4985 2.42687 31.6031 25.9022 10.0311 -27.1402 -45.3387 -18.5708 -34.8318 -16.177 -43.1487 10.6826 -2.41987 -31.5588 8.99612 -41.3339 -44.463 -21.2489 -14.3539 -8.01626 -51.1922 -25.8605 -7.05465 -13.2087 -24.7135 -17.9695 -29.2593 -0.386356 -56.3298 -37.6898
internal_weight=1620 942 484 474 72 402 678 458 405 368 60 392 119 37 53 273 33 159 265 114 100 27 274 142 50 94 23 413 202 42 102 114 151 73 81 67 92 101 211 132 188 122 27 52 25 154 32 155 124 74 46 35 77 29 50 36 73 21 55 22 56 81
internal_count=1620 942 484 474 72 402 678 458 405 368 60 392 119 37 53 273 33 159 265 114 100 27 274 142 50 94 23 413 202 42 102 114 151 73 81 67 92 101 211 132 188 122 27 52 25 154 32 155 124 74 46 35 77 29 50 36 73 21 55 22 56 81
is_linear=0
shrinkage=0.03


Tree=109
num_leaves=63
num_cat=0
split_feature=18 21 10 16 8 21 18 18 16 16 16 20 18 16 6 16 16 20 11 12 17 12 20 20 6 24 16 6 16 17 2 10 6 2 7 15 24 24 7 7 24 20 18 16 8 11 11 8 12 8 7 4 24 18 10 10 10 9 1 10 2 12
split_gain=9.39075e+08 3.00277e+08 2.21697e+08 2.04914e+08 1.44808e+08 1.39846e+08 1.39111e+08 1.37666e+08 6.10121e+07 5.26917e+07 6.8971e+07 4.38159e+07 3.73509e+07 4.96652e+07 3.6978e+07 6.29211e+07 3.15949e+07 3.145e+07 3.13469e+07 3.05492e+07 3.00678e+07 3.97022e+07 2.51145e+07 2.15115e+07 2.72757e+07 1.71885e+07 2.89364e+07 4.93367e+07 1.5879e+07 1.57954e+07 1.42347e+07 1.36434e+07 1.31329e+07 1.28181e+07 1.03952e+07 1.03693e+07 9.88435e+06 9.06255e+06 8.37406e+06 7.07941e+06 9.21669e+06 5.83919e+06 5.56077e+06 6.65569e+06 5.02778e+06 4.97525e+06 4.93042e+06 4.9756e+06 4.76463e+06 4.66156e+06 4.4599e+06 3.12609e+06 2.56715e+06 2.38602e+06 2.05097e+06 1.76155e+06 2.36838e+06 1.5351e+06 1.31519e+06 1.10621e+06 939547 689882
threshold=55071.80000000001 32941.725000000013 0.98182534576205305 -1.0000000180025095e-35 0.93301270189221952 33532.962500000009 82632.60000000002 112238.65000000001 0.05017507414820211 0.0051020740191197742 0.0050505372572776661 61172.600000000006 40304.150000000009 -1.0000000180025095e-35 1.0000000180025095e-35 -0.075411471321695719 0.092418649295454194 65278.250000000007 0.88799999985862599 1.1146394876659442 0.079999999984114015 1.0658391177286974 61017.05000000001 19984.050000000007 1.0000000180025095e-35 45253.125000000007 0.0049140049140049555 1.0000000180025095e-35 -1.0000000180025095e-35 0.0010234886395476695 48701.250000000007 -0.29696027566504651 1.0000000180025095e-35 63437.500000000007 -0.93301270189221919 -2193.7083333333353 54834.375000000007 51643.150000000009 -0.24999999999999997 -0.93301270189221919 42558.775000000009 61602.30000000001 8135.3000000000011 0.0037543201186628354 0.93301270189221952 0.77724137917700353 1.0593406591066661 0.6830127018922193 0.93467336660279754 -0.68301270189221952 0.68301270189221941 39188.750000000007 40666.870000000003 9454.9000000000015 -0.98182534576205283 -0.78574730703237872 -0.95297903005573326 0.35460488704253579 43670.000000000007 0.91023613416931248 45704.625000000007 0.93467336660505485
decision_type=2 2 2 2 2 2 2 2 2 2 2 2 2 2 2 2 2 2 2 2 2 2 2 2 2 2 2 2 2 2 2 2 2 2 2 2 2 2 2 2 2 2 2 2 2 2 2 2 2 2 2 2 2 2 2 2 2 2 2 2 2 2
left_child=1 23 3 6 7 -3 20 8 9 10 -5 -11 28 14 22 30 18 -6 -10 33 21 -2 -14 32 38 39 36 -28 31 -26 -16 -7 42 -9 -34 -22 -27 45 -25 -15 -41 -37 61 53 57 52 47 51 -47 54 55 -30 -36 60 -48 56 -40 -45 -39 -57 -44 -1
right_child=2 5 -4 4 17 12 -8 19 16 11 -12 -13 13 25 15 -17 -18 -19 -20 -21 35 -23 -24 24 29 26 27 -29 46 -31 -32 -33 34 -35 37 41 -38 58 50 40 -42 -43 43 44 -46 48 49 -49 -50 -51 -52 -53 -54 -55 -56 59 -58 -59 -60 -61 -62 -63
leaf_value=-68.634428227490687 104.38178664687254 89.964855515500332 138.47705262889031 25.16158674967323 -90.431455694519627 -18.209004577032402 149.78064233246795 74.747535850123342 -21.164244297677683 115.55754145556153 -28.56291367964311 28.664689858926309 29.311014552760756 -38.029588190027184 33.631391801976434 105.73605495037418 -51.288782813950348 -23.389367545947692 14.584194339082996 31.188678298799115 13.544400359905318 27.909533014580752 -30.132885501684729 -13.470961595900514 -21.232907852257153 -0.73185642106067572 -6.1711968690345715 62.914181662612819 -8.3428871375015081 20.323262595546165 -10.085770804527964 -67.892315450233994 -49.951439319622118 116.55878688339359 -31.531414832195239 62.912347996777811 -16.230551887145019 -20.00219225084459 -45.890132767526723 -2.88206041644297 -21.234405834607486 30.754006232184331 -38.589286284575593 -37.74009824242922 -73.371909131342832 -51.568104302000599 -2.9685724393986486 -33.840587773908645 -34.141243635855723 5.8723375706643051 -26.551965250744246 -22.306760367560631 -12.1607302982551 -36.125528205058295 -17.894750881969262 -58.733283365079657 -27.478664600269202 -52.810440704219069 -4.9366008675452502 -42.964262151434866 -50.677581781324051 -54.545023326307245
leaf_weight=10.000000000000002 16.000000000000004 13.999999999999998 15.999999999999998 315 10.000000000000002 10.000000000000002 15.999999999999998 17.000000000000004 31 10.000000000000002 23 10.999999999999998 11.000000000000002 10.999999999999998 20.000000000000004 9.9999999999999982 9.9999999999999982 17 76 9.9999999999999982 14.999999999999998 9.9999999999999982 14.999999999999998 13.999999999999998 18 109 22 15.999999999999998 29 14.999999999999998 9.9999999999999982 9.9999999999999982 33 11.999999999999998 13.000000000000002 10.000000000000002 56 11 17 46 53 10.999999999999998 10.999999999999998 9.9999999999999982 9.9999999999999982 18 11.999999999999995 17 75 15.999999999999998 19 29 11.999999999999998 59 27.000000000000004 10.000000000000002 11.000000000000002 24 10 9.9999999999999982 21 9.9999999999999982
leaf_count=10 16 14 16 315 10 10 16 17 31 10 23 11 11 11 20 10 10 17 76 10 15 10 15 14 18 109 22 16 29 15 10 10 33 12 13 10 56 11 17 46 53 11 11 10 10 18 12 17 75 16 19 29 12 59 27 10 11 24 10 10 21 10
internal_value=0.144687 -18.2178 28.5529 25.6943 19.1437 -3.28121 71.1296 22.6968 18.2473 24.3774 21.4984 70.3939 -5.76551 -0.74911 22.8806 40.9491 -0.566759 -48.462 4.21705 76.8173 50.624 75.1891 -4.96748 -36.6041 -25.341 -5.73745 -0.56055 23.0061 -18.4313 -2.33932 19.0738 -43.265 -40.5217 92.3899 -34.764 32.7233 -5.99868 -31.1251 -34.6976 -15.282 -12.7186 46.2932 -46.8843 -44.6161 -54.3077 -34.3574 -14.5804 -19.5817 -37.566 -7.73726 -39.1063 -15.3513 -22.3191 -39.8756 -13.3215 -44.0102 -38.7807 -48.5017 -12.8856 -51.1019 -46.6555 -61.8963
internal_weight=1620 984 636 620 542 543 78 515 476 359 338 21 529 379 66 40 117 27 107 39 62 26 26 441 114 313 203 38 150 33 30 20 327 29 172 36 165 139 81 110 99 21 155 135 44 118 130 75 93 55 67 58 25 91 39 48 28 34 21 20 32 20
internal_count=1620 984 636 620 542 543 78 515 476 359 338 21 529 379 66 40 117 27 107 39 62 26 26 441 114 313 203 38 150 33 30 20 327 29 172 36 165 139 81 110 99 21 155 135 44 118 130 75 93 55 67 58 25 91 39 48 28 34 21 20 32 20
is_linear=0
shrinkage=0.03


Tree=110
num_leaves=63
num_cat=0
split_feature=23 6 10 13 23 10 23 7 9 23 7 9 17 18 23 11 21 7 10 22 9 6 10 18 21 14 7 24 22 7 24 10 22 13 9 14 7 0 18 14 23 22 22 18 21 14 18 11 0 0 20 18 6 20 18 9 7 20 21 7 23 21
split_gain=9.35253e+08 3.9308e+08 4.15626e+08 3.82743e+08 2.03802e+08 1.59893e+08 1.16494e+08 7.91317e+07 9.06853e+07 7.84201e+07 6.72977e+07 9.95771e+07 6.62206e+07 5.2338e+07 4.64675e+07 4.21064e+07 4.16266e+07 3.58185e+07 3.92479e+07 3.37685e+07 3.21283e+07 2.75861e+07 3.16178e+07 1.96e+07 1.90572e+07 1.76221e+07 1.70518e+07 1.47842e+07 1.39384e+07 1.35509e+07 1.29315e+07 1.24606e+07 9.81054e+06 2.50102e+07 8.30593e+06 7.99838e+06 1.00839e+07 7.93907e+06 6.95443e+06 6.85511e+06 7.52865e+06 6.37093e+06 6.3699e+06 1.42097e+07 7.52168e+06 6.98166e+06 6.51832e+06 6.21006e+06 5.57097e+06 5.35721e+06 4.99718e+06 4.44048e+06 4.43779e+06 4.54678e+06 3.87035e+06 3.76696e+06 2.7555e+06 2.5855e+06 2.5063e+06 2.39305e+06 2.21477e+06 2.18545e+06
threshold=46586.150000000009 1.0000000180025095e-35 0.98182534576205305 1.0765598850139511 101415.65000000001 -0.78574730703237872 30658.015384615388 -0.24999999999999997 -0.29696027566504662 90862.826923076937 -0.93301270189221919 -0.98182534576205283 0.079999999982974981 49277.350000000013 61995.976923076931 0.94399999984587668 72962.250000000015 0.68301270189221941 -0.35460488704253562 9078.4029334761308 0.78574730703237894 1.0000000180025095e-35 -0.78574730703237872 48886.600000000006 69519.050000000017 0.13707268499901715 -0.93301270189221919 38478.575000000004 5019.7633581603322 -0.24999999999999997 47138.750000000007 0.5163939593874618 1462.8493601956525 0.98290598274206187 0.70581670320594825 0.21410579339192487 -0.24999999999999997 51514.000000000007 53342.700000000004 0.22321717548807393 42087.469230769238 2263.136266797504 7766.9183557587348 35240.200000000004 33173.437500000007 0.23425692689183655 39029.200000000004 0.84848484835628946 42661.350000000006 58601.875000000007 82632.60000000002 41667.000000000007 1.0000000180025095e-35 8135.3000000000011 17199.600000000002 0.17992617227144045 -0.93301270189221919 42647.200000000004 18611.750000000004 0.68301270189221941 15753.146153846155 31861.375000000004
decision_type=2 2 2 2 2 2 2 2 2 2 2 2 2 2 2 2 2 2 2 2 2 2 2 2 2 2 2 2 2 2 2 2 2 2 2 2 2 2 2 2 2 2 2 2 2 2 2 2 2 2 2 2 2 2 2 2 2 2 2 2 2 2
left_child=6 7 4 -4 5 -3 25 14 13 17 32 28 -13 -9 30 -6 -15 20 -19 -11 23 29 -23 -10 -20 -1 48 52 -12 41 -2 39 -7 -34 -21 37 47 58 -32 -28 -41 -8 44 -44 61 -46 -47 56 -24 -40 -17 -33 59 -54 -38 -39 -37 -43 60 -27 -29 -31
right_child=1 2 3 -5 15 10 21 8 9 19 11 12 -14 16 -16 50 -18 18 24 34 -22 22 26 -25 -26 27 31 35 -30 42 38 51 33 -35 -36 36 54 55 49 40 -42 57 43 -45 45 46 -48 -49 -50 -51 -52 -53 53 -55 -56 -57 -58 -59 -60 -61 -62 -63
leaf_value=-5.7776148584022282 49.11819674350248 138.2323864251214 245.68654918030913 15.944200975572739 150.4911887668919 -29.142789465494388 8.7631487942334267 8.9111666492424391 -18.404166681728906 7.0782076217954524 114.33298900642015 17.530115417834736 53.680495453434709 -119.66302114354498 88.605183138460731 62.592765288481829 -42.332404492026875 51.559383035621899 -7.2667635499537973 47.271042237152912 -50.904579435817858 45.799551911157032 -41.657491009686431 2.9663639140678439 16.361149722573039 -57.816914961636819 27.989727731258309 -33.404247183162262 66.794740300279983 -27.095734799973503 30.741837140073869 -30.267717285156241 -29.450453129818563 14.220172033835583 85.944826200881806 -45.768564945050137 -44.270265564894302 -2.1721024961729305 -12.798565335864858 -6.1466930751116617 21.912627158419774 -26.052374201594169 -21.512288957562355 -66.648459333665301 5.2742583497102595 -13.415479629896712 -41.620245088633922 -15.849212255645215 -14.49655783068409 16.796238515117381 92.30362457023179 -2.6757829601929917 -53.560291126987387 -34.021449699045341 -64.192112377269851 -23.124502954976311 -32.634318694693754 -8.3594378909816971 -43.374880651503958 -43.185636638380721 -19.381964008826337 -45.940687412979578
leaf_weight=15.999999999999998 9.9999999999999982 10.999999999999998 16.000000000000004 10.999999999999998 10.999999999999998 11.999999999999998 15.999999999999998 9.9999999999999982 95 14.999999999999998 10.000000000000002 266 55 10.000000000000002 10.999999999999998 11.000000000000002 17 14.999999999999998 92 11.000000000000002 19 11.999999999999998 11.000000000000002 65 46 39 13.999999999999998 56 13.999999999999998 14.000000000000002 9.9999999999999982 11.000000000000002 17 38 9.9999999999999982 20 59 10.999999999999998 12.000000000000002 25 12.999999999999998 10.999999999999998 17.000000000000004 9.9999999999999982 11.999999999999998 28 9.9999999999999982 17 18 9.9999999999999982 11.999999999999998 9.9999999999999982 17 32 10.999999999999998 26 61 23 19 15.999999999999998 12.999999999999998 9.9999999999999982
leaf_count=16 10 11 16 11 11 12 16 10 95 15 10 266 55 10 11 11 17 15 92 11 19 12 11 65 46 39 14 56 14 14 10 11 17 38 10 20 59 11 12 25 13 11 17 10 12 28 10 17 18 10 12 10 17 32 11 26 61 23 19 16 13 10
internal_value=0.140192 19.4777 38.3262 152.492 31.5493 25.8546 -26.7258 -0.444927 -4.95856 -0.451596 22.8214 28.1632 23.7389 -49.6625 33.9904 102.115 -71.3094 -5.01618 5.64028 41.5412 -14.1229 -11.1957 -0.0541872 -9.72594 0.61533 -36.6855 -5.48835 -37.9294 86.9947 -19.6015 19.5099 2.24932 -4.68617 0.692973 66.0073 -34.4519 -38.7498 -28.6492 10.1331 10.1234 3.48479 -6.81033 -25.9208 -38.4137 -21.3168 -14.6411 -20.9276 -32.4662 -24.9068 0.668614 78.4267 -17.2038 -47.684 -40.8956 -47.488 -16.9181 -35.9298 -14.1433 -33.5567 -53.6467 -30.7943 -35.106
internal_weight=1620 942 484 27 457 423 678 458 405 368 412 345 321 37 53 34 27 332 153 36 179 265 114 160 138 413 102 397 24 151 42 73 67 55 21 293 168 125 32 52 38 50 101 27 74 50 38 98 29 22 23 21 104 49 70 37 81 34 88 55 69 24
internal_count=1620 942 484 27 457 423 678 458 405 368 412 345 321 37 53 34 27 332 153 36 179 265 114 160 138 413 102 397 24 151 42 73 67 55 21 293 168 125 32 52 38 50 101 27 74 50 38 98 29 22 23 21 104 49 70 37 81 34 88 55 69 24
is_linear=0
shrinkage=0.03


Tree=111
num_leaves=63
num_cat=0
split_feature=23 19 23 6 12 6 23 3 20 14 10 23 0 7 10 7 10 14 10 21 2 23 3 21 11 10 7 20 10 10 0 10 14 7 0 24 11 2 21 2 5 21 0 14 7 24 0 15 14 14 19 20 11 6 20 24 20 11 12 20 23 7
split_gain=8.80244e+08 3.96424e+08 2.91682e+08 1.7448e+08 1.77324e+08 1.2244e+08 1.09619e+08 8.7702e+07 6.64675e+07 6.34937e+07 6.06126e+07 5.37549e+07 4.04351e+07 3.74536e+07 3.51005e+07 3.48199e+07 3.25164e+07 3.14093e+07 2.97207e+07 2.93113e+07 3.56778e+07 2.66834e+07 2.6344e+07 2.61433e+07 2.30586e+07 2.24717e+07 2.2422e+07 2.10088e+07 2.03909e+07 1.89441e+07 1.83005e+07 1.82085e+07 1.65836e+07 1.5687e+07 1.53022e+07 1.3915e+07 1.36515e+07 1.31911e+07 1.05339e+07 9.40118e+06 1.1241e+07 9.32708e+06 8.90306e+06 7.52675e+06 9.49026e+06 7.49874e+06 7.471e+06 6.88841e+06 7.77923e+06 6.52448e+06 6.27453e+06 6.15697e+06 5.84309e+06 4.17556e+06 4.28094e+06 3.98761e+06 3.88042e+06 8.55209e+06 4.74182e+06 3.59763e+06 3.02174e+06 2.59486e+06
threshold=46586.150000000009 33738.850000000006 74749.11923076924 1.0000000180025095e-35 1.0297193875575261 1.0000000180025095e-35 30658.015384615388 58895.625000000007 44507.650000000001 0.24938271598645248 0.40966402954315184 86813.665384615393 57604.375000000007 -0.24999999999999997 -0.70581670320594803 0.68301270189221941 -0.35460488704253562 0.26550868480711276 -0.61559370248597534 105242.65000000002 58933.750000000007 52238.019230769241 52530.000000000007 43684.500000000007 0.87850467273380584 0.12053668025532312 -0.24999999999999997 117473.20000000001 -0.98182534576205283 -0.78574730703237872 54750.92500000001 -0.70581670320594803 0.13707268499901715 -0.24999999999999997 59048.125000000007 38478.575000000004 0.86516853913334668 49561.500000000007 77810.900000000009 51256.875000000007 1.0000000180025095e-35 42173.025000000009 45253.125000000007 0.21410579339192487 -0.24999999999999997 38955.525000000009 51514.000000000007 -2389.9166666666674 0.22962962958798439 0.25964010278617905 35545.650000000009 55324.350000000006 0.84848484835628946 1.0000000180025095e-35 8135.3000000000011 42085.42500000001 35397.900000000001 1.0545454543565516 1.1360268411641465 58363.05000000001 23638.103846153848 -0.93301270189221919
decision_type=2 2 2 2 2 2 2 2 2 2 2 2 2 2 2 2 2 2 2 2 2 2 2 2 2 2 2 2 2 2 2 2 2 2 2 2 2 2 2 2 2 2 2 2 2 2 2 2 2 2 2 2 2 2 2 2 2 2 2 2 2 2
left_child=6 -2 5 12 7 8 32 -5 -3 14 19 22 30 28 -7 31 -17 42 -19 20 -6 37 -12 33 -23 -20 -14 34 -10 -25 38 -15 -1 39 -28 53 -31 -16 -4 40 45 47 -11 46 52 -8 -37 -35 -49 -13 -50 -44 61 -34 -55 -47 58 -58 -38 -30 -48 -45
right_child=1 2 3 4 10 9 23 -9 13 17 11 49 26 15 21 16 -18 18 25 -21 -22 24 -24 29 -26 -27 27 -29 59 36 -32 -33 35 41 -36 43 56 -39 -40 -41 -42 -43 51 44 -46 55 60 48 50 -51 -52 -53 -54 54 -56 -57 57 -59 -60 -61 -62 -63
leaf_value=-5.6053630089611737 197.12771797798774 -68.782412943738578 22.299052594599825 206.53336702913842 68.315175418338242 88.334248959380801 -30.202225778940559 88.21903443391659 51.939172759403455 -28.957678584697081 38.989247142737504 92.490979414835991 71.68292343895034 -4.8751635493276719 21.684559555053703 48.382588695769613 0.24327756186736507 61.266495976723917 -2.0593211017955433 53.889251803403397 147.59915401647586 51.451693605891236 -8.4402759236521057 39.748608146873678 25.162243203415038 23.677494706723802 41.046334223471398 56.130303549730144 22.977076104796751 21.821270118855537 -43.86058472283996 -24.706828697808984 -52.042798890600181 -39.727877999062862 1.0769076588779589 -32.553308127897957 -5.4847292685001445 -25.696929949769881 -18.477465371046915 -32.737515687684756 26.269408019415224 -52.262830030988944 5.8492924034639469 -44.402339523087683 -46.067993967706563 12.07795535253099 -7.0526373853181532 3.0711002169310593 -33.374671483198213 56.801290020328942 -14.407657634104332 -18.057205419477249 -15.376516011555989 -51.962878589295507 -33.003985900878902 -7.8243074258476737 -15.553724013618794 18.673701541230486 -30.644976377996777 0.6024122476314312 -24.293823854816491 -31.656891219268644
leaf_weight=15.999999999999998 10.999999999999998 13.999999999999998 13.000000000000002 11.000000000000002 11.000000000000002 9.9999999999999982 10.999999999999998 11.999999999999998 14.999999999999998 15.999999999999998 21 10.000000000000002 9.9999999999999982 80 11.000000000000002 13.999999999999998 121 11.999999999999998 56 18 9.9999999999999982 50 21 10.999999999999998 76 67 11.999999999999998 12.999999999999998 10.000000000000002 15.999999999999998 9.9999999999999982 87 55 15.999999999999998 30 88 14.000000000000002 9.9999999999999982 9.9999999999999982 10.999999999999998 9.9999999999999982 9.9999999999999982 27 20 70 11.999999999999998 17 12.999999999999998 27 9.9999999999999982 38 14.999999999999998 17 17 32 36 16.000000000000004 10.999999999999998 12.999999999999998 18 20 61
leaf_count=16 11 14 13 11 11 10 11 12 15 16 21 10 10 80 11 14 121 12 56 18 10 50 21 11 76 67 12 13 10 16 10 87 55 16 30 88 14 10 10 11 10 10 27 20 70 12 17 13 27 10 38 15 17 17 32 36 16 11 13 18 20 61
internal_value=0.136564 18.8967 16.7699 46.7707 70.4018 7.37093 -25.9274 145.453 -4.9384 19.9946 53.1839 34.6608 16.8286 -2.32844 34.1561 -6.06027 5.26764 8.46291 16.392 82.4668 106.59 30.4129 15.3107 -10.8625 35.6271 11.9677 30.5436 22.9472 23.8343 3.33672 -10.1963 -15.2153 -35.5887 -17.1117 12.5672 -36.7954 -2.43364 -0.892767 4.56676 -7.11142 -2.98459 -24.7899 -9.9891 -33.4217 -37.5909 -7.979 -27.7926 -21.8148 -18.0942 75.0177 -22.3255 -2.71128 -31.4951 -46.259 -39.6741 -2.83391 -9.64739 -1.59166 -17.6674 8.6468 -16.4126 -34.8548
internal_weight=1620 942 931 222 124 709 678 23 359 350 101 62 98 345 157 302 135 193 135 39 21 147 42 265 126 123 65 55 43 81 33 167 413 184 42 397 70 21 23 80 69 104 58 293 168 59 125 94 78 20 65 42 98 104 49 48 54 27 27 28 37 81
internal_count=1620 942 931 222 124 709 678 23 359 350 101 62 98 345 157 302 135 193 135 39 21 147 42 265 126 123 65 55 43 81 33 167 413 184 42 397 70 21 23 80 69 104 58 293 168 59 125 94 78 20 65 42 98 104 49 48 54 27 27 28 37 81
is_linear=0
shrinkage=0.03


Tree=112
num_leaves=63
num_cat=0
split_feature=18 12 10 16 18 18 6 18 27 10 16 16 12 2 11 16 17 10 18 18 7 22 19 12 10 27 18 1 19 2 19 11 0 17 20 22 6 24 21 1 2 18 21 22 22 20 18 20 18 16 19 1 21 16 22 18 18 0 24 0 11 12
split_gain=7.86391e+08 2.57631e+08 1.92646e+08 1.85014e+08 1.10106e+08 1.04163e+08 9.53541e+07 3.55653e+08 8.0695e+07 6.17648e+07 1.05642e+08 5.18612e+07 4.66849e+07 5.04581e+07 3.48547e+07 3.38415e+07 2.60274e+07 2.77756e+07 2.51775e+07 2.34307e+07 3.74233e+07 4.82049e+07 1.93644e+07 1.88154e+07 1.78434e+07 1.78627e+07 1.96883e+07 1.76618e+07 1.73254e+07 1.61297e+07 1.56854e+07 1.4313e+07 1.405e+07 1.38846e+07 1.3021e+07 1.00211e+07 9.44414e+06 1.0019e+07 8.76427e+06 8.63538e+06 7.76048e+06 7.55806e+06 7.31701e+06 7.69822e+06 7.78713e+06 6.34255e+06 5.17191e+06 5.08337e+06 4.36649e+06 4.33859e+06 3.40908e+06 3.72448e+06 2.78673e+06 2.57383e+06 2.73825e+06 2.47003e+06 2.38461e+06 2.1284e+06 2.05552e+06 2.00747e+06 1.99087e+06 1.51654e+06
threshold=55728.200000000004 0.96107142840192339 0.98182534576205305 -1.0000000180025095e-35 82632.60000000002 112238.65000000001 1.0000000180025095e-35 34717.450000000004 1.0000000180025095e-35 0.8542199457734333 0.0037543201186628354 0.092418649295454194 1.0512244895628322 48941.750000000007 0.94399999985264305 0.0050505372572776661 0.079999999984114015 0.5163939593874618 40827.950000000004 40304.150000000009 -0.93301270189221919 1326.1229085226969 59082.100000000006 1.1348314604241379 0.61559370248597567 1.0000000180025095e-35 49277.350000000013 34707.000000000007 49877.250000000007 61250.000000000007 50493.250000000007 0.88636363622729286 43442.975000000006 0.0070130241861649312 58363.05000000001 23522.030020626698 1.0000000180025095e-35 54446.875000000007 77002.78750000002 33745.000000000007 50241.875000000007 45771.750000000007 33532.962500000009 6858.8681809133968 8658.8390795884952 38774.200000000004 39571.500000000007 47733.150000000009 8135.3000000000011 0.0037543201186628354 24611.050000000003 41020.000000000007 66365.937500000015 0.0037543201186628354 279.89006685380224 10674.450000000003 17199.600000000002 51643.150000000009 51643.150000000009 48373.750000000007 0.7576470586715478 0.93467336660505485
decision_type=2 2 2 2 2 2 2 2 2 2 2 2 2 2 2 2 2 2 2 2 2 2 2 2 2 2 2 2 2 2 2 2 2 2 2 2 2 2 2 2 2 2 2 2 2 2 2 2 2 2 2 2 2 2 2 2 2 2 2 2 2 2
left_child=1 27 3 4 16 9 15 -8 19 11 28 12 29 -14 35 18 17 -2 42 33 39 -22 -18 -12 30 26 -26 48 -11 -5 34 -32 -29 -9 -20 -7 49 50 -24 -21 41 -17 45 46 -45 -3 -44 -47 61 57 51 -38 -27 55 -55 -50 -56 59 -51 -34 -57 -1
right_child=2 6 -4 5 -6 14 7 8 -10 10 23 -13 13 -15 -16 40 22 -19 24 20 21 -23 38 -25 25 52 -28 32 -30 -31 31 -33 36 -35 -36 -37 37 -39 -40 -41 -42 -43 43 44 -46 47 -48 -49 53 58 -52 -53 -54 54 56 60 -58 -59 -60 -61 -62 -63
leaf_value=-63.332623883237908 102.50795275506169 -14.946766716619454 129.17677551838179 -20.987101331688891 138.1050872537364 59.517171360993174 186.76950211024518 -7.1726696329531441 75.804306684887138 42.642803530485736 -92.166378923170612 -49.214464647651901 4.5242105951758118 30.974388103900317 20.467076466457904 -48.771397251097611 60.878629683865853 35.588709556655125 7.0949149286858377 -48.063435820022427 56.505855228993113 3.0828215374630705 -4.1866246671934375 -39.382195473428098 -14.882886283839987 -5.7155895913613799 -65.577337619290503 6.0346168265012228 0.34219724904804327 8.3049211466783284 39.193689158862796 6.4446778342929587 -32.543006800921319 -48.878700445044139 -19.172385862514254 96.478595356188322 -30.597895772892191 -1.853985236268606 34.48410782313583 -14.444756528929346 -61.45327975131498 -17.575830517568082 -4.7924199066827109 -47.325236423605745 -17.576553517739605 -54.312337118612739 -24.353470098230222 -25.107644577026367 -42.245100714223199 -52.564146648626661 -41.386041337682848 -15.97281370782304 16.071582646133873 -31.046880460172083 -52.630052268958885 -21.751509348971783 -36.242148750242116 -27.429374031416486 -34.877134511211125 -47.592394590887409 -35.533192071438648 -45.621445172284105
leaf_weight=10.000000000000002 13.000000000000002 15.999999999999998 15.999999999999998 26 15.999999999999998 12.000000000000002 9.9999999999999982 16.000000000000004 12.999999999999998 15.999999999999998 10.000000000000002 9.9999999999999982 87 256 11.999999999999998 12.000000000000002 12.999999999999998 9.9999999999999982 32 9.9999999999999982 18 95 11.000000000000002 15.999999999999998 22 11.000000000000002 9.9999999999999982 9.9999999999999982 19 48 14.999999999999998 59 25 12.999999999999998 36 17 41 15.999999999999998 9.9999999999999982 22 9.9999999999999982 17 63 9.9999999999999982 38 11.000000000000002 14.999999999999998 10.999999999999998 49 19.000000000000004 13.999999999999998 26 9.9999999999999982 10.999999999999998 33 11.999999999999998 11.999999999999998 37 9.9999999999999982 12.999999999999998 58 10.999999999999998
leaf_count=10 13 16 16 26 16 12 10 16 13 16 10 10 87 256 12 12 13 10 32 10 18 95 11 16 22 11 10 10 19 48 15 59 25 13 36 17 41 16 10 22 10 17 63 10 38 11 15 11 49 19 14 26 10 11 33 12 12 37 10 13 58 11
internal_value=0.133977 -16.2806 26.7463 24.0029 68.7432 17.817 -3.69776 13.3682 4.00054 13.9508 -14.2692 17.9846 19.6075 24.2687 63.6885 -12.1462 49.0654 73.6928 -9.25661 -1.40455 3.5235 11.6351 32.2384 -59.9593 -1.96838 -16.8054 -30.8799 -34.6703 19.7461 -2.00126 3.57728 13.127 -28.6172 -25.9723 -6.81899 81.4414 -30.3433 -23.5619 14.304 -25.0677 -38.6538 -30.6077 -17.916 -14.4155 -23.8598 -29.4544 -8.58056 -39.8898 -41.1687 -36.6394 -27.8423 -24.9548 4.68611 -39.561 -45.0127 -36.9598 -48.3501 -32.7287 -46.6061 -37.803 -33.2051 -54.3157
internal_weight=1620 1002 618 602 73 529 595 197 187 488 61 427 417 343 41 398 57 23 359 174 145 113 34 26 195 53 32 407 35 74 142 74 211 29 68 29 201 97 21 32 39 29 164 126 48 38 78 22 196 104 81 67 21 175 56 119 45 75 29 38 70 21
internal_count=1620 1002 618 602 73 529 595 197 187 488 61 427 417 343 41 398 57 23 359 174 145 113 34 26 195 53 32 407 35 74 142 74 211 29 68 29 201 97 21 32 39 29 164 126 48 38 78 22 196 104 81 67 21 175 56 119 45 75 29 38 70 21
is_linear=0
shrinkage=0.03


Tree=113
num_leaves=63
num_cat=0
split_feature=23 19 23 19 7 23 7 20 8 23 16 18 7 9 7 7 20 16 16 9 17 21 21 16 18 18 22 22 5 1 7 0 8 18 21 22 23 21 24 20 20 21 21 18 17 19 21 16 24 21 22 18 2 7 17 8 18 8 16 4 22 16
split_gain=7.83721e+08 3.6634e+08 2.63229e+08 1.97276e+08 1.71063e+08 9.64448e+07 9.16775e+07 8.84412e+07 8.67035e+07 7.70046e+07 6.91579e+07 4.47155e+07 4.16577e+07 7.57197e+07 4.00758e+07 3.47403e+07 3.74906e+07 3.0832e+07 9.06122e+07 3.02025e+07 2.58705e+07 2.39502e+07 2.3676e+07 2.35232e+07 2.18608e+07 2.17683e+07 2.09343e+07 1.91767e+07 1.64959e+07 1.50983e+07 1.39855e+07 1.32268e+07 1.08896e+07 9.43221e+06 9.30388e+06 9.0823e+06 9.08109e+06 8.68103e+06 8.16344e+06 7.41907e+06 8.56526e+06 6.94206e+06 7.69672e+06 6.10988e+06 8.21995e+06 5.3304e+06 5.4695e+06 4.86956e+06 4.83477e+06 5.5289e+06 4.68016e+06 4.55636e+06 3.41776e+06 3.35032e+06 5.07604e+06 3.19611e+06 3.06945e+06 2.9397e+06 3.63496e+06 2.64331e+06 2.56221e+06 2.51274e+06
threshold=46586.150000000009 33738.850000000006 72901.334615384621 53342.700000000004 -0.6830127018922193 30658.015384615388 -0.93301270189221919 76819.050000000017 0.93301270189221952 98090.592307692321 -0.075399971249820216 53973.05000000001 0.93301270189221952 0.91023613416931248 -0.6830127018922193 -0.24999999999999997 74296.250000000015 0.0050251573518178558 0.0049140049140049555 0.46472317204376884 0.079999999981614014 43684.500000000007 60874.98750000001 0.0037543201186628354 51612.650000000009 54769.950000000004 12766.93886077987 24737.018531749356 1.0000000180025095e-35 34707.000000000007 -0.24999999999999997 43442.975000000006 -0.5 62654.05000000001 60559.200000000012 982.87138303228892 52462.246153846158 42173.025000000009 51514.000000000007 35397.900000000001 46499.950000000004 47172.125000000007 54377.125000000007 22902.900000000005 0.075456790109967767 38442.000000000007 42023.850000000013 0.086956521739130502 45636.600000000006 37109.61250000001 2673.6846364669877 8135.3000000000011 48580.750000000007 0.68301270189221941 0.00132882315294296 0.93301270189221952 40304.150000000009 1.0000000180025095e-35 0.0050251573518178558 38124.125000000007 5946.253523432767 -0.040941482945758438
decision_type=2 2 2 2 2 2 2 2 2 2 2 2 2 2 2 2 2 2 2 2 2 2 2 2 2 2 2 2 2 2 2 2 2 2 2 2 2 2 2 2 2 2 2 2 2 2 2 2 2 2 2 2 2 2 2 2 2 2 2 2 2 2
left_child=5 -2 8 -4 6 29 -5 26 10 15 14 36 17 -14 20 16 -6 18 -12 -17 -3 30 -15 27 -16 -19 -8 -11 39 51 35 -31 -30 -22 -26 -7 -10 48 47 52 -41 -38 -43 60 -45 50 -47 -33 53 -50 -37 -1 -23 54 -32 57 -52 58 59 -53 -40 -59
right_child=1 2 3 4 9 21 7 -9 11 23 12 -13 13 22 24 19 -18 25 -20 -21 33 28 -24 -25 34 -27 -28 -29 32 31 37 38 -34 -35 -36 45 41 -39 43 40 -42 42 -44 44 -46 46 -48 -49 49 -51 56 55 -54 -55 -56 -57 -58 61 -60 -61 -62 -63
leaf_value=-52.701690476403975 189.1657545924831 97.604843651024083 171.91694021999245 7.695630785967853 1.3274394567688896 14.104797526984813 105.39890371190435 163.21238467184912 -37.801652206231736 82.837975041970765 2.5611211124201088 -79.891960461829314 93.004222901322464 -11.238650855845455 -8.8511855990583701 -14.863784488048671 55.073047047136512 -37.248680585628179 56.942382106337433 19.341407087157371 19.30543960269134 -6.2905199186466918 31.76639118875211 22.585744018554685 54.9839810098184 -4.3722285167116794 49.564561499838497 33.219252024735553 45.664992147909615 5.8553706850863918 -21.853159468991912 -32.613475826508406 5.8293735228193571 57.674812833096126 18.007239853879238 -2.4264669119345177 -28.835304157521463 -50.066240989760601 -24.690183547856481 16.513054806374747 -15.749894029601547 14.409276627041642 -18.496748574746618 -24.347890112044954 11.130166281520729 -11.856996781198598 15.986949009659265 -53.063031701962814 -21.133323942143861 7.9691263134644768 -36.13749558776388 -24.145226397186743 -28.519388315841439 -10.136569632538095 -41.465751953124993 -51.764740847323807 -15.729701245896358 -18.285370301942567 -51.197425670171796 -39.293173552511696 -41.467983101570958 -34.163548213304971
leaf_weight=21 10.999999999999998 10.999999999999998 9.9999999999999982 10.999999999999998 20 14.999999999999998 10.000000000000002 14.999999999999998 11.999999999999998 25 329 11.999999999999998 12.999999999999998 22 18 49 28 22 30 44 10.000000000000002 12.000000000000002 24 13.999999999999998 11.000000000000002 101 15.999999999999998 9.9999999999999982 11.000000000000002 9.9999999999999982 41 98 13.999999999999998 13.999999999999998 13.999999999999998 10.999999999999998 9.9999999999999982 9.9999999999999982 52 19.000000000000004 11.999999999999998 15.000000000000002 10.999999999999998 14.000000000000002 9.9999999999999982 17.000000000000004 9.9999999999999982 11.999999999999998 14.000000000000002 9.9999999999999982 13.000000000000002 12.999999999999998 12.999999999999998 11.999999999999998 17 13.999999999999998 13.999999999999998 10.999999999999998 21 67 9.9999999999999982 60
leaf_count=21 11 11 10 11 20 15 10 15 12 25 329 12 13 22 18 49 28 22 30 44 10 12 24 14 11 101 16 10 11 10 41 98 14 14 14 11 10 10 52 19 12 15 11 14 10 17 10 12 14 10 13 13 13 12 17 14 14 11 21 67 10 60
internal_value=0.129589 17.8313 15.7869 41.9652 36.5265 -24.4639 84.6921 105.281 6.06645 23.3067 9.40526 -28.3373 5.59444 29.3663 35.7957 12.0296 32.7284 2.67911 7.12012 1.32268 59.5903 -10.3331 11.2189 55.6662 16.3345 -10.2781 71.361 68.7963 3.25745 -33.5261 -16.3144 -27.7457 23.4693 41.8341 34.4314 -6.8718 -15.3092 -23.5644 -29.4622 -5.79138 4.01359 -7.72771 0.469853 -22.4864 -9.5804 -11.7268 -1.52337 -34.8905 -20.6948 -9.02443 -18.9535 -39.2624 -17.9172 -24.6774 -27.6632 -37.7175 -25.6529 -36.5447 -39.8926 -36.8649 -27.4587 -31.7328
internal_weight=1620 942 931 252 242 678 52 41 679 190 619 60 541 59 78 141 48 482 359 93 35 265 46 49 43 123 26 35 81 413 184 206 25 24 25 80 48 104 196 56 31 36 26 86 24 65 27 110 94 24 38 207 25 70 58 186 27 172 101 80 62 71
internal_count=1620 942 931 252 242 678 52 41 679 190 619 60 541 59 78 141 48 482 359 93 35 265 46 49 43 123 26 35 81 413 184 206 25 24 25 80 48 104 196 56 31 36 26 86 24 65 27 110 94 24 38 207 25 70 58 186 27 172 101 80 62 71
is_linear=0
shrinkage=0.03


Tree=114
num_leaves=63
num_cat=0
split_feature=18 21 10 16 21 18 18 13 12 13 21 3 14 27 6 15 17 10 0 10 24 24 6 21 20 10 3 7 6 20 11 7 10 16 10 18 22 22 22 7 7 7 15 9 21 22 22 12 16 24 20 17 18 21 9 0 11 11 9 11 16 24
split_gain=6.98478e+08 2.28233e+08 1.77523e+08 1.66316e+08 1.27968e+08 1.00637e+08 9.23304e+07 5.67809e+07 4.36909e+07 5.51882e+07 4.18668e+07 3.56875e+07 3.55015e+07 3.4137e+07 6.31767e+07 3.38759e+07 2.40328e+07 2.51505e+07 2.171e+07 2.13807e+07 2.09221e+07 2.99841e+07 2.86455e+07 3.76903e+07 2.50665e+07 2.98451e+07 2.42065e+07 1.95114e+07 1.65074e+07 2.55653e+07 1.38088e+07 1.16113e+07 1.11817e+07 1.53291e+07 1.10518e+07 1.04295e+07 9.97828e+06 9.967e+06 9.50128e+06 8.76412e+06 8.49729e+06 1.09146e+07 7.91631e+06 7.61803e+06 7.30634e+06 7.26957e+06 6.91492e+06 5.96457e+06 6.09169e+06 4.66156e+06 4.61952e+06 4.11376e+06 4.00293e+06 3.23096e+06 3.20394e+06 3.12218e+06 3.04321e+06 1.99801e+06 1.95192e+06 1.04948e+06 931090 845606
threshold=55728.200000000004 32941.725000000013 0.98182534576205305 -1.0000000180025095e-35 33532.962500000009 82632.60000000002 112238.65000000001 0.92888820113139203 1.0512244895628322 1.1261261259281683 80396.025000000023 54144.375000000007 0.19209099601679602 1.0000000180025095e-35 1.0000000180025095e-35 2050.4266666666667 0.079999999984114015 0.5163939593874618 54208.075000000004 0.56806474673115537 46537.30000000001 54834.375000000007 1.0000000180025095e-35 49035.92500000001 50502.200000000004 0.8542199457734333 50486.250000000007 -0.6830127018922193 1.0000000180025095e-35 19984.050000000007 0.82765255619113109 1.0000000180025095e-35 1.0000000180025095e-35 0.0050505372572776661 0.74851074817110097 40304.150000000009 4157.2314642401625 5946.253523432767 23522.030020626698 -0.93301270189221919 -0.24999999999999997 0.68301270189221941 -2193.7083333333353 -0.91023613416931226 54377.125000000007 4374.7026435314629 1035.1161032554153 0.93506493481960629 0.0037543201186628354 37528.200000000004 19984.050000000007 0.079999999987450915 48677.700000000004 66365.937500000015 -0.61559370248597534 41565.725000000006 0.84799999986225294 0.82352941160561499 0.17992617227144045 0.80898876386758156 0.0050761748317067487 39341.225000000006
decision_type=2 2 2 2 2 2 2 2 2 2 2 2 2 2 2 2 2 2 2 2 2 2 2 2 2 2 2 2 2 2 2 2 2 2 2 2 2 2 2 2 2 2 2 2 2 2 2 2 2 2 2 2 2 2 2 2 2 2 2 2 2 2
left_child=1 28 3 5 -3 16 7 12 10 11 18 -10 -5 20 31 38 17 -2 -9 -14 24 22 34 -24 32 45 -23 -11 40 39 -31 44 33 -6 -22 -34 -28 -32 -8 -30 50 47 -18 55 -15 -26 -33 -42 57 59 61 -44 -48 -46 -51 -41 60 -49 -50 -45 -43 -1
right_child=2 4 -4 6 13 -7 15 8 9 27 -12 -13 19 14 -16 -17 42 -19 -20 -21 21 26 23 -25 25 -27 36 -29 29 30 37 46 35 -35 -36 -37 -38 -39 -40 43 41 56 51 49 53 -47 52 48 58 54 -52 -53 -54 -55 -56 -57 -58 -59 -60 -61 -62 -63
leaf_value=-39.015801204265919 97.262888390926889 86.588703054874514 123.53455430688321 15.214091960812402 -11.980350354191025 131.30305140904017 56.246000155383378 -22.514926161042059 18.835634884006492 17.527010383212687 -59.141775374541417 41.18796242880898 -18.582281935285806 31.734981501153175 72.260022149704795 14.692625443742081 12.588896553364204 33.589673549538794 15.909697605495941 -80.707359316986384 0.83606156465981718 -60.481594634481006 58.145376689763353 5.0597879074815237 -40.581272734564692 -78.538848975929056 0.47286730874608424 -13.14084070258772 -43.808700917408181 28.218997488116273 5.0781462261105359 -28.268129189980996 -18.834467598075292 -47.05353043184936 -23.449147968021048 7.0616496574749394 -21.158132682855982 -34.326920809359166 91.335204011348239 -20.995569770172345 -59.643204814314274 -30.302995432727741 55.74405223279895 -34.123732037070567 -7.3978663016654327 -10.230826167775621 -13.400169672995618 -45.804788281505644 -64.804833549272871 -33.204377281746673 -10.669769592285155 28.029243494921392 5.6214994566467977 16.057289179433688 -21.293123280736097 0.67656283610575907 -17.025689856346617 -34.147465034168668 -47.379726453183295 -46.439138806931517 -39.930442725648277 -27.792946897389196
leaf_weight=10.000000000000002 13.000000000000002 13.999999999999998 15.999999999999998 11.999999999999998 79 15.999999999999998 13.000000000000002 19 209 29 10.999999999999998 93 10.000000000000002 13.999999999999998 12.999999999999998 10.999999999999998 13.999999999999998 9.9999999999999982 43 9.9999999999999982 84 9.9999999999999982 18 36 11.000000000000002 10.999999999999998 36 52 33 9.9999999999999982 12.000000000000002 10.999999999999998 20 12.999999999999998 21 46 41 10.999999999999998 17 13.000000000000002 21 37 10.000000000000002 15.000000000000002 11.000000000000002 20 15.999999999999998 19 10.000000000000002 35 13.999999999999998 9.9999999999999982 26 9.9999999999999982 51 10.999999999999998 13.999999999999998 56 20 13.999999999999998 13.999999999999998 21
leaf_count=10 13 14 16 12 79 16 13 19 209 29 11 93 10 14 13 11 14 10 43 10 84 10 18 36 11 11 36 52 33 10 12 11 20 13 21 46 41 11 17 13 21 37 10 15 11 20 16 19 10 35 14 10 26 10 51 11 14 56 20 14 14 21
internal_value=0.126664 -15.3432 25.2073 22.5739 -2.64745 64.9933 16.709 13.069 15.781 19.8343 -5.48291 25.7303 -25.5058 -4.94679 10.7946 59.8966 46.1826 69.8443 4.11707 -49.892 -8.51317 -2.65242 5.09509 22.8298 -15.717 -36.2917 -16.8013 -2.15288 -31.4894 -25.2355 -1.04427 1.64273 -10.2282 -16.9821 -4.03864 -0.802235 -11.0574 -13.8346 76.3674 -29.8735 -36.9088 -39.682 30.0182 -26.536 15.0292 -21.0963 -7.209 -44.8524 -41.8403 -29.7448 -25.0763 42.0952 -1.6394 3.79428 -26.1737 -11.1008 -29.6057 -37.1578 -53.3842 -40.2084 -33.0189 -31.5271
internal_weight=1620 1002 618 602 561 73 529 488 456 383 73 302 32 547 101 41 57 23 62 20 446 246 159 54 200 42 87 81 441 205 33 88 158 92 105 66 77 23 30 172 236 191 34 139 35 31 53 126 105 115 45 20 42 21 86 24 65 75 30 29 51 31
internal_count=1620 1002 618 602 561 73 529 488 456 383 73 302 32 547 101 41 57 23 62 20 446 246 159 54 200 42 87 81 441 205 33 88 158 92 105 66 77 23 30 172 236 191 34 139 35 31 53 126 105 115 45 20 42 21 86 24 65 75 30 29 51 31
is_linear=0
shrinkage=0.03


Tree=115
num_leaves=63
num_cat=0
split_feature=18 12 17 17 18 14 16 18 16 6 22 27 7 24 7 16 8 16 13 22 16 8 8 18 18 13 11 19 22 22 8 14 18 7 16 16 3 8 18 20 19 19 3 18 14 16 7 24 7 17 3 15 16 7 24 18 14 22 14 16 22 11
split_gain=6.57358e+08 2.15292e+08 1.49264e+08 1.52435e+08 1.25872e+08 1.10484e+08 7.75591e+07 7.69655e+07 6.01241e+07 4.9562e+07 1.37379e+08 7.38948e+07 4.28624e+07 4.08637e+07 4.08174e+07 3.1172e+07 4.05599e+07 2.92663e+07 2.91479e+07 3.4242e+07 2.90437e+07 2.75023e+07 3.2594e+07 2.74189e+07 2.67558e+07 2.65997e+07 2.99643e+07 2.50799e+07 2.03633e+07 1.93432e+07 1.448e+07 1.44564e+07 1.24373e+07 9.9053e+06 9.89795e+06 8.98377e+06 8.85544e+06 8.84364e+06 8.1955e+06 7.88652e+06 7.76704e+06 1.80172e+07 7.1446e+06 6.76946e+06 6.48442e+06 6.29978e+06 4.59722e+06 4.3852e+06 3.28538e+06 4.57481e+06 3.16177e+06 2.78393e+06 2.03002e+06 1.8205e+06 1.51918e+06 1.65487e+06 1.9352e+06 1.44804e+06 1.25531e+06 956585 867938 813781
threshold=55728.200000000004 0.96107142840192339 0.061650782740210804 0.07542285723351326 104210.00000000001 0.16675568845983602 0.088483499821170555 112238.65000000001 -1.0000000180025095e-35 1.0000000180025095e-35 738.7485396015619 1.0000000180025095e-35 -0.6830127018922193 56820.000000000007 -0.24999999999999997 0.0049140049140049555 1.0000000180025095e-35 0.0050505372572776661 1.1261261259281683 1776.4495160311678 -0.075445516649817732 1.0000000180025095e-35 0.6830127018922193 74296.250000000015 77771.35000000002 0.93069306912077232 0.88636363622729286 55728.200000000004 9829.5761284022901 25878.681180325369 0.93301270189221952 0.2133517592883212 67657.500000000015 -0.24999999999999997 -1.0000000180025095e-35 0.0050505372572776661 49095.625000000007 -0.9330127018922193 76533.60000000002 51897.150000000001 59082.100000000006 62314.950000000004 47376.250000000007 45771.750000000007 0.13707268499901715 0.0037543201186628354 -0.93301270189221919 51643.150000000009 -0.6830127018922193 0.079999999983445896 49215.625000000007 -5771.0833333333348 0.05017507414820211 1.0000000180025095e-35 36378.525000000009 10674.450000000003 0.16675568844966851 1831.4969977024493 0.22580645156888937 0.0049140049140049555 6576.1906674137563 0.80898876386758156
decision_type=2 2 2 2 2 2 2 2 2 2 2 2 2 2 2 2 2 2 2 2 2 2 2 2 2 2 2 2 2 2 2 2 2 2 2 2 2 2 2 2 2 2 2 2 2 2 2 2 2 2 2 2 2 2 2 2 2 2 2 2 2 2
left_child=1 31 6 -4 8 -3 7 13 23 17 -11 15 -10 21 -8 20 -17 25 19 -15 -12 35 27 40 -21 30 60 -23 -24 -9 37 36 -20 46 -28 39 54 -7 -37 -2 -5 -42 43 -19 -38 50 -33 52 -46 51 -35 -50 59 -47 61 -56 -57 -52 -54 -48 -27 -1
right_child=2 5 3 4 -6 9 14 29 12 10 11 -13 -14 18 -16 16 -18 42 32 24 -22 22 28 -25 -26 26 34 -29 -30 -31 -32 33 -34 45 -36 38 44 -39 -40 -41 41 -43 -44 -45 48 53 47 -49 49 -51 57 -53 58 -55 55 56 -58 -59 -60 -61 -62 -63
leaf_value=-33.359829367458218 -7.976217966506729 82.777848235851025 166.09612256342822 52.835054033157675 116.53527278541857 -37.100767094694227 6.4115029425370063 45.31262305979142 24.78273523631848 114.91425997970128 15.191992588934495 72.813734488999543 -49.004142990742842 73.415346085313715 -59.198839372333723 -17.855056639111726 53.977099887780973 -45.519041180571236 24.769097897359078 11.550539047524436 -17.3466759164527 2.0485907596736759 -37.050826440187961 78.867230503015335 42.802634569322379 24.141861489928587 -31.592555704319729 37.918868763108968 9.1614046539734204 94.374038555931506 -48.815708325034691 -41.710960754191753 -12.108847049692056 -47.161586291552538 -5.734013505206641 -16.952964229339834 3.5031681992747998 -10.371259590025014 7.4773061468851489 15.057118764886832 -7.4429979600056573 41.021967313602495 -57.91108741684716 -16.004389844275355 -10.736856376288447 -65.791800108213664 -30.230808083093333 -15.092194272186118 -15.890445831290439 -43.67436709564511 -26.257813875967994 -28.763410402345485 -46.646845901076844 -49.303353617653912 -39.07319727967117 -16.715973596494056 -31.09053379522306 -38.252060221882608 -31.061164919409421 -20.38414213574622 37.314138041581252 -46.661555876779083
leaf_weight=10.000000000000002 20 12.999999999999998 9.9999999999999982 13.999999999999998 18 14.999999999999998 17 17.000000000000004 17.000000000000004 9.9999999999999982 32 11.999999999999998 11.999999999999998 19 17 12.000000000000002 17 12.000000000000002 14.999999999999998 43 107 23 9.9999999999999982 17 58 10.000000000000002 13.999999999999998 74 57 12.999999999999998 17 30 18 25 244 39 9.9999999999999982 43 18 40 9.9999999999999982 22 9.9999999999999982 17 19 11.000000000000002 49 19 34 9.9999999999999982 17 28 11.000000000000002 20 14.999999999999998 11.999999999999998 32 23 9.9999999999999982 11.999999999999998 9.9999999999999982 9.9999999999999982
leaf_count=10 20 13 10 14 18 15 17 17 17 10 32 12 12 19 17 12 17 12 15 43 107 23 10 17 58 10 14 74 57 13 17 30 18 25 244 39 10 43 18 40 10 22 10 17 19 11 49 19 34 10 17 28 11 20 15 12 32 23 10 12 10 10
internal_value=0.122613 -14.885 24.4538 54.4773 44.1884 -3.38244 17.2098 20.4156 29.9224 -5.32088 7.25134 1.20956 -5.81314 17.1935 -26.471 -3.94528 24.2941 -11.4149 29.6652 36.5271 -9.8502 10.3947 18.3182 46.3553 29.5219 -8.68422 -4.4028 29.4244 2.21907 66.8156 -24.527 -31.6958 4.67795 -36.7413 -7.1489 -0.717764 -25.3161 -17.3361 -9.23851 7.37879 34.1949 25.9006 -36.0451 -28.3319 -19.3959 -44.0966 -31.3215 -28.1973 -21.9134 -24.8437 -38.6543 -21.741 -31.2118 -55.3469 -32.8509 -30.2924 -27.2171 -33.2328 -39.4076 -28.3303 30.881 -40.2099
internal_weight=1620 1002 618 120 110 595 498 464 92 582 190 180 29 434 34 168 29 392 153 120 139 281 164 63 101 353 278 97 67 30 75 407 33 227 258 117 180 58 57 60 46 32 39 29 101 96 131 101 91 72 65 62 82 31 79 59 44 40 21 61 20 20
internal_count=1620 1002 618 120 110 595 498 464 92 582 190 180 29 434 34 168 29 392 153 120 139 281 164 63 101 353 278 97 67 30 75 407 33 227 258 117 180 58 57 60 46 32 39 29 101 96 131 101 91 72 65 62 82 31 79 59 44 40 21 61 20 20
is_linear=0
shrinkage=0.03


Tree=116
num_leaves=63
num_cat=0
split_feature=23 19 23 19 7 7 20 23 8 23 9 5 10 7 9 7 20 9 7 13 14 20 8 0 19 19 23 23 22 14 0 22 5 8 24 0 11 7 7 0 20 14 7 2 19 0 14 7 7 4 2 19 7 7 20 19 24 7 9 20 9 2
split_gain=6.60988e+08 3.379e+08 2.22345e+08 1.8177e+08 1.53939e+08 8.54009e+07 7.97144e+07 7.88613e+07 7.49735e+07 6.47144e+07 4.17943e+07 3.95684e+07 3.75432e+07 3.62127e+07 6.90224e+07 3.44287e+07 4.03025e+07 2.5062e+07 3.36267e+07 2.14756e+07 2.05944e+07 2.25165e+07 2.04745e+07 1.92907e+07 1.95317e+07 1.79533e+07 1.55479e+07 1.38687e+07 1.33493e+07 1.30091e+07 1.28404e+07 1.28271e+07 1.18777e+07 1.28823e+07 1.16324e+07 1.96563e+07 1.24349e+07 1.15971e+07 1.15047e+07 1.06839e+07 8.47846e+06 6.9743e+06 7.30427e+06 5.69787e+06 5.57661e+06 5.41265e+06 4.9229e+06 4.77335e+06 1.174e+07 5.17906e+06 5.20742e+06 4.24635e+06 4.14538e+06 3.67415e+06 3.62607e+06 3.25933e+06 3.11659e+06 2.9696e+06 2.89451e+06 2.6743e+06 2.58554e+06 2.5529e+06
threshold=46586.150000000009 33738.850000000006 72901.334615384621 53342.700000000004 -0.6830127018922193 -0.93301270189221919 76819.050000000017 30658.015384615388 0.93301270189221952 98090.592307692321 -0.29696027566504662 1.0000000180025095e-35 0.8542199457734333 0.93301270189221952 0.91023613416931248 -0.6830127018922193 48830.150000000009 0.12053668025532312 -0.93301270189221919 0.9829059827387997 0.2506329113478229 110861.50000000001 -0.5 51892.55000000001 47232.500000000007 39280.900000000001 64859.473076923088 66561.61923076924 13227.450487089251 0.13707268499901715 59048.125000000007 24077.478229851473 1.0000000180025095e-35 -0.5 38478.575000000004 39253.125000000007 0.87129070775178363 -0.6830127018922193 1.0000000180025095e-35 38408.750000000007 55324.350000000006 0.21410579339192487 -0.24999999999999997 51256.875000000007 32486.650000000005 51514.000000000007 0.23425692689183655 -0.93301270189221919 -0.6830127018922193 36133.500000000007 45478.875000000007 54148.900000000009 -0.93301270189221919 -0.24999999999999997 7752.5000000000009 62314.950000000004 52412.05000000001 0.68301270189221941 0.17992617227144045 15418.600000000002 -0.1799261722714405 52483.125000000007
decision_type=2 2 2 2 2 2 2 2 2 2 2 2 2 2 2 2 2 2 2 2 2 2 2 2 2 2 2 2 2 2 2 2 2 2 2 2 2 2 2 2 2 2 2 2 2 2 2 2 2 2 2 2 2 2 2 2 2 2 2 2 2 2
left_child=7 -2 8 -4 5 -5 19 29 11 12 -10 13 38 17 -15 16 28 18 -3 -7 30 -22 -19 24 -17 34 -16 -18 -13 -1 -11 -14 47 -34 -9 37 44 -36 -6 53 51 45 52 46 -37 59 -38 -27 -49 -50 -51 -12 -43 54 -31 -42 -54 -55 -47 61 -44 -41
right_child=1 2 3 4 9 6 -8 25 10 20 40 15 31 14 26 23 27 22 -20 -21 21 -23 -24 -25 -26 32 -28 -29 -30 39 -32 -33 33 -35 35 36 43 -39 -40 41 55 42 60 -45 -46 58 -48 48 49 50 -52 -53 56 57 -56 -57 -58 -59 -60 -61 -62 -63
leaf_value=-4.111462083484815 180.92472560573268 -10.792661675991466 163.2076490224706 4.65547343692264 32.133344174742433 31.681469797568734 153.80701785005479 -44.144070757217996 -64.627403050206638 88.244384259163041 -10.700426968030689 42.385100173319657 -20.722973113100753 87.97784325053675 -4.0474777938462658 52.793565178948484 97.559459393475478 -16.046260241422967 16.297900805987648 88.121444694566421 -4.3550085305695472 55.382129432736463 2.2893528371872693 -26.024677437447213 7.5308351159283484 -19.028237152190002 32.245302244487561 49.119766921997069 0.030465700263219167 -50.445581586478966 45.269427984568701 16.298466260755383 40.864701333948069 -1.1891689225087252 32.946755420581702 -25.349721801345403 8.5907221305016233 -10.445524489944047 11.201486791622139 -28.193803600578097 -8.0045936841303718 -39.047595706439125 -51.444342235034668 -31.198500760312111 -56.65356474319308 -0.8606259897592905 -14.190567591050092 17.55156789360246 7.3575953179279354 -33.102191452177443 -8.8230545903003108 -37.228098858181788 -27.111477838748986 -51.498603305413276 -29.867455771138346 16.103331480120669 -11.781293428938909 -35.50146790621573 -19.216607113980697 -34.328136638629829 -37.037714429845487 -14.695577647650417
leaf_weight=15.999999999999998 10.999999999999998 55 9.9999999999999982 10.999999999999998 45 10.000000000000002 14.999999999999998 12.999999999999998 18 14.000000000000002 12.000000000000002 12.000000000000002 35 12.999999999999998 28 10.999999999999998 11.000000000000002 88 164 15.999999999999998 10.000000000000002 12.999999999999998 145 10.999999999999998 38 21 17 10.999999999999998 14.999999999999998 9.9999999999999982 11.999999999999998 10.999999999999998 11.000000000000002 15.999999999999998 11.000000000000002 11.000000000000002 9.9999999999999982 10.999999999999998 50 36 10.000000000000002 22 14.999999999999998 14.999999999999998 9.9999999999999982 10.999999999999998 56 19 12.999999999999998 9.9999999999999982 38 9.9999999999999982 63 33 38 9.9999999999999982 14.999999999999998 17 26 33 58 20
leaf_count=16 11 55 10 11 45 10 15 13 18 14 12 12 35 13 28 11 11 88 164 16 10 13 145 11 38 21 17 11 15 10 12 11 11 16 11 11 10 11 50 36 10 22 15 15 10 11 56 19 13 10 38 10 63 33 38 10 15 17 26 33 58 20
internal_value=0.119118 16.3758 14.4124 38.472 33.2523 78.9426 98.8134 -22.4667 5.47869 20.7127 -26.5132 8.58347 10.3753 5.07448 27.3695 24.9819 43.6144 2.20818 9.4925 66.6184 50.3774 29.5029 -4.63959 9.71813 17.7787 -9.68863 9.70416 73.6716 18.9418 -30.6613 68.6593 -11.8538 -1.60745 16.0313 -17.2322 -14.3775 -19.9218 11.3014 21.14 -31.73 -10.0638 -28.8895 -32.8151 -14.5551 -40.4543 -23.4779 -10.731 -6.33399 -2.98212 -9.39617 -13.9396 -22.8725 -27.4884 -40.3582 -34.2506 4.06937 -24.1823 -46.1414 -13.7765 -27.491 -40.0643 -23.4079
internal_weight=1620 942 931 252 242 52 41 678 679 190 60 619 141 510 58 109 49 452 219 26 49 23 233 60 49 265 45 22 27 413 26 46 128 27 137 124 102 22 95 397 42 299 173 81 21 126 66 101 80 61 48 22 100 98 48 20 78 50 37 89 73 56
internal_count=1620 942 931 252 242 52 41 678 679 190 60 619 141 510 58 109 49 452 219 26 49 23 233 60 49 265 45 22 27 413 26 46 128 27 137 124 102 22 95 397 42 299 173 81 21 126 66 101 80 61 48 22 100 98 48 20 78 50 37 89 73 56
is_linear=0
shrinkage=0.03


Tree=117
num_leaves=54
num_cat=0
split_feature=18 12 10 16 8 14 18 18 1 16 16 16 27 14 10 17 8 16 16 6 27 12 17 3 14 19 16 22 19 21 1 0 7 0 19 6 24 21 16 18 19 1 8 8 14 16 24 0 0 24 12 7 10
split_gain=5.83673e+08 1.90326e+08 1.62347e+08 1.43894e+08 1.03339e+08 1.03068e+08 8.767e+07 8.33275e+07 7.43619e+07 4.45281e+07 4.4282e+07 5.7858e+07 3.90108e+07 5.57624e+07 2.80616e+07 2.64504e+07 2.44797e+07 4.09752e+07 3.03933e+07 2.42972e+07 2.3956e+07 2.35583e+07 2.18263e+07 2.25398e+07 2.16381e+07 2.11065e+07 2.06799e+07 1.71633e+07 1.68887e+07 1.3483e+07 1.31263e+07 1.1647e+07 1.15033e+07 9.94763e+06 9.80332e+06 7.56231e+06 8.20821e+06 7.13646e+06 3.55666e+06 3.2997e+06 3.16593e+06 2.97971e+06 2.17685e+06 3.24823e+06 2.46909e+06 1.95849e+06 1.7037e+06 1.68826e+06 1.79814e+06 1.60906e+06 1.42096e+06 1.17645e+06 1.04235e+06
threshold=55728.200000000004 0.96107142840192339 0.98182534576205305 -1.0000000180025095e-35 0.93301270189221952 0.1634562465166825 82632.60000000002 112238.65000000001 44730.000000000007 0.05017507414820211 0.0051020740191197742 0.0050505372572776661 1.0000000180025095e-35 0.24189526180302526 0.8542199457734333 0.079999999981520867 1.0000000180025095e-35 0.0049140049140049555 0.0050505372572776661 1.0000000180025095e-35 1.0000000180025095e-35 1.1146394876659442 0.079999999984114015 45218.750000000007 0.27980535273976231 73675.900000000009 -0.0027522199815387389 15109.288661150951 59082.100000000006 39135.48750000001 34707.000000000007 43442.975000000006 -0.24999999999999997 57604.375000000007 50657.150000000001 1.0000000180025095e-35 54446.875000000007 77002.78750000002 0.0037543201186628354 8135.3000000000011 24611.050000000003 41020.000000000007 0.93301270189221952 1.0000000180025095e-35 0.16675568844966851 0.05017507414820211 51643.150000000009 51643.150000000009 48373.750000000007 36772.500000000007 0.93467336660505485 0.68301270189221941 -0.12053668025532321
decision_type=2 2 2 2 2 2 2 2 2 2 2 2 2 2 2 2 2 2 2 2 2 2 2 2 2 2 2 2 2 2 2 2 2 2 2 2 2 2 2 2 2 2 2 2 2 2 2 2 2 2 2 2 2
left_child=1 30 3 6 7 -3 22 9 12 10 11 -5 14 15 16 -14 18 -18 -7 -12 25 33 23 -2 -6 -11 -16 -22 -24 -28 39 -32 -15 -9 -34 38 40 -30 47 50 41 -37 43 45 -45 51 -40 48 -33 -46 -1 -41 -49
right_child=2 5 -4 4 24 8 -8 21 -10 20 19 -13 13 32 26 -17 17 -19 -20 -21 27 -23 28 -25 -26 -27 29 -29 37 -31 31 35 34 -35 -36 36 -38 -39 46 42 -42 -43 -44 44 49 -47 -48 52 -50 -51 -52 -53 -54
leaf_value=-55.447694128055367 38.458277295527559 87.350718375541064 117.07257628067678 20.72150244005125 -76.821420411969157 -8.127522333457927 121.8699192895356 48.819623674449339 58.650822393760912 -3.4448704845778608 27.847921922136056 -28.546982939088497 89.166175966168367 21.776413088970301 -56.972710643318123 20.07659338601745 -3.210450528368912 46.349698189582611 -39.150753846926108 92.715508802259279 -3.8679929007219349 20.243658256247489 53.770383707585232 98.714410509166157 -21.191288098787002 -43.004080510423677 5.9874168012000082 35.990279017443903 -6.3655225660994228 -26.475446465486421 6.9252252665604699 -27.853747638839174 -22.242707490797166 86.734616913321119 2.08431487484386 -26.265620337715983 -0.47840249861249262 28.513387565990485 -46.238324367662983 -36.84107862179328 -37.01628776387966 -13.195711435696174 -45.65008228058511 -14.073511545917775 -38.714914861643528 -48.445520665192412 -30.198423075156636 -19.696942988352159 -42.013428843257998 -27.320510506302181 -38.618849657419567 -26.994816247801115 -30.517457955629769
leaf_weight=10.000000000000002 13.000000000000002 10.999999999999998 15.999999999999998 303 10.000000000000002 249 15.999999999999998 10.000000000000002 15.999999999999998 62 10 23 10.000000000000002 15.999999999999998 15.999999999999998 9.9999999999999982 88 18 32 11 18 9.9999999999999982 12.999999999999998 9.9999999999999982 17 14.999999999999998 14.999999999999998 21 11.000000000000002 49 9.9999999999999982 25 23 19 42 41 15.999999999999998 9.9999999999999982 19.000000000000004 63 13.999999999999998 26 13.999999999999998 9.9999999999999982 15.999999999999998 11.999999999999998 9.9999999999999982 24 12.999999999999998 45 10.999999999999998 14.999999999999998 12.999999999999998
leaf_count=10 13 11 16 303 10 249 16 10 16 62 10 23 10 16 16 10 88 18 32 11 18 10 13 10 17 15 15 21 11 49 10 25 23 19 42 41 16 10 19 63 14 26 14 10 16 12 10 24 13 45 11 15 13
internal_value=0.116471 -14.025 23.0435 20.5254 15.0702 -3.20994 59.9816 18.1476 -4.93037 14.5924 19.9702 17.2378 -6.73141 10.1672 -10.3875 54.8933 -7.04009 5.24115 -11.6731 62.1047 -1.49791 60.2091 42.4264 64.9706 -42.0026 -11.197 -26.5517 17.6312 27.0299 -18.8694 -29.8311 -24.6128 -0.930341 73.8733 -6.54461 -26.1846 -20.1191 10.2998 -31.817 -35.4333 -23.9934 -21.221 -34.0364 -32.9988 -28.0958 -36.8312 -40.8302 -28.2821 -32.7955 -30.3677 -46.8575 -34.9846 -23.5708
internal_weight=1620 1002 618 602 529 595 73 502 584 463 347 326 568 101 467 20 387 106 281 21 116 39 57 23 27 77 80 39 34 64 407 211 81 29 65 201 97 21 104 196 81 67 175 161 71 90 29 75 38 61 21 78 37
internal_count=1620 1002 618 602 529 595 73 502 584 463 347 326 568 101 467 20 387 106 281 21 116 39 57 23 27 77 80 39 34 64 407 211 81 29 65 201 97 21 104 196 81 67 175 161 71 90 29 75 38 61 21 78 37
is_linear=0
shrinkage=0.03


Tree=118
num_leaves=63
num_cat=0
split_feature=23 19 6 23 12 3 21 20 10 22 21 21 16 3 8 22 20 8 18 16 16 22 21 21 23 20 14 21 10 27 23 12 6 20 11 22 4 22 14 16 20 12 11 18 22 8 23 19 3 22 20 18 11 8 11 14 18 22 20 8 10 19
split_gain=5.89678e+08 3.15116e+08 2.0325e+08 1.89062e+08 1.33966e+08 8.00521e+07 6.89758e+07 6.02073e+07 5.09913e+07 5.06369e+07 5.19991e+07 3.32378e+07 4.04147e+07 3.21652e+07 3.20194e+07 3.70375e+07 2.85804e+07 2.85267e+07 2.473e+07 2.24805e+07 2.49617e+07 2.13076e+07 1.81085e+07 2.81095e+07 1.79728e+07 1.55238e+07 1.49796e+07 1.61578e+07 1.48565e+07 1.37535e+07 1.32307e+07 1.16495e+07 1.0455e+07 1.15592e+07 1.56281e+07 8.4309e+06 6.81038e+06 6.43571e+06 6.00429e+06 5.64347e+06 5.40636e+06 7.96266e+06 5.13055e+06 5.22898e+06 4.9961e+06 4.23393e+06 3.87605e+06 3.69952e+06 4.39477e+06 3.67215e+06 3.32061e+06 3.08266e+06 2.79775e+06 2.96128e+06 2.74216e+06 2.73363e+06 2.59816e+06 3.24608e+06 2.41594e+06 2.25844e+06 2.05037e+06 1.51426e+06
threshold=46586.150000000009 33738.850000000006 1.0000000180025095e-35 73745.661538461558 1.0297193875575261 58895.625000000007 34587.625000000007 44507.650000000001 -0.70581670320594803 2386.4287379632869 70141.425000000032 66071.125000000015 0.0037543201186628354 38942.875000000007 1.0000000180025095e-35 2673.6846364669877 81692.800000000017 0.93301270189221952 69246.750000000015 0.0050505372572776661 0.0049889909738903846 1462.8493601956525 82139.012500000026 77002.78750000002 56659.200000000012 51489.05000000001 0.22675812216407085 45449.325000000012 0.61559370248597567 1.0000000180025095e-35 12140.696153846156 0.9843010750081288 1.0000000180025095e-35 19984.050000000007 0.82765255619113109 5495.3724834246013 38603.750000000007 8156.9189980174297 0.2544080604111712 0.0050505372572776661 42136.80000000001 1.2202531642449148 1.0593406591066661 44815.150000000001 5946.253523432767 0.93301270189221952 39079.003846153857 24611.050000000003 59924.375000000007 9473.5867969385836 39441.450000000004 54543.700000000004 0.84799999986225294 -0.9330127018922193 0.77724137917700353 0.21410579339789343 8135.3000000000011 1502.538498210959 36318.750000000007 0.25000000000000017 0.98182534576205305 40304.150000000009
decision_type=2 2 2 2 2 2 2 2 2 2 2 2 2 2 2 2 2 2 2 2 2 2 2 2 2 2 2 2 2 2 2 2 2 2 2 2 2 2 2 2 2 2 2 2 2 2 2 2 2 2 2 2 2 2 2 2 2 2 2 2 2 2
left_child=6 -2 7 8 5 -5 30 -3 18 -6 -11 19 22 -10 21 -16 -12 29 -4 20 28 -15 23 -13 37 26 27 31 -9 -14 56 -8 39 47 -35 40 -27 -21 -24 45 50 -42 43 46 -36 52 -37 48 54 -44 61 -45 -32 -54 -34 -41 -1 59 -29 -58 -47 -28
right_child=1 2 3 4 9 -7 25 11 13 10 16 12 17 14 15 -17 -18 -19 -20 24 -22 -23 38 -25 -26 36 35 58 -30 -31 32 -33 33 34 44 42 -38 -39 -40 55 41 -43 49 51 -46 60 -48 -49 -50 -51 -52 -53 53 -55 -56 -57 57 -59 -60 -61 -62 -63
leaf_value=-46.589631838174384 174.37228543668181 -61.732676368875708 94.49800897277224 180.88322838035782 107.51799880226061 70.269939244394095 -28.898828388935801 0.90745897808109399 -33.679502940869511 -27.790305588221784 31.883727948669584 26.364851028551115 -17.474986840106073 -39.606277210390246 47.467447668661279 14.841055558009176 67.444296353637583 -39.538683088871473 29.092751596811656 -25.209927125887098 32.76110038293659 4.779393760497892 53.635559075287034 -22.594435221895257 -49.67174452503275 -40.213773437879098 -9.3638384883659906 19.9375906189217 -16.096172984692497 19.064066780343705 -29.53016626481428 11.590429411629177 -11.789039592337099 27.589199251420425 -5.3695476385081014 0.88193020794842669 -13.245609527503586 3.5494564303972869 29.14680862786258 -29.722185137217281 21.627181080600664 -10.190329038761863 -17.295236634950374 -44.928852124922329 -31.605730310388509 -45.203600621507647 -21.938425328271425 -38.677758709856576 -5.9392014004321814 6.1648346319999412 -20.963597196622658 -21.583640115067766 -29.085307027667895 -15.42120989874253 -26.391805118452684 -47.921901199568566 -31.87779686752631 -39.589739114362636 40.198974174272898 -15.829991636370668 -28.70527666457156 5.9814599005596065
leaf_weight=19 10.999999999999998 13.999999999999998 10.000000000000002 11.000000000000002 9.9999999999999982 12.999999999999998 11.000000000000002 166 12.999999999999998 9.9999999999999982 60 42 13.999999999999998 10.999999999999998 38 177 31 17 10.999999999999998 13.000000000000002 18 79 18 13.999999999999998 15.999999999999998 15.999999999999998 12.000000000000002 12.000000000000002 64 27 54 14.999999999999998 13.999999999999998 9.9999999999999982 16.000000000000004 11.000000000000002 18 14.999999999999998 19 12.999999999999998 17.000000000000004 11.999999999999998 11.000000000000002 10.000000000000002 10.999999999999998 15.000000000000002 17 12.999999999999998 13.999999999999998 12.999999999999998 12.999999999999998 10.999999999999998 22 42 74 20 44 53 9.9999999999999982 9.9999999999999982 13.999999999999998 10.999999999999998
leaf_count=19 11 14 10 11 10 13 11 166 13 10 60 42 14 11 38 177 31 17 11 13 18 79 18 14 16 16 12 12 64 27 54 15 14 10 16 11 18 15 19 13 17 12 11 10 11 15 17 13 14 13 13 11 22 42 74 20 44 53 10 10 14 11
internal_value=0.113319 15.4681 13.572 27.3334 57.3451 121.508 -21.2194 -0.704096 15.3685 43.3752 36.9243 1.23806 12.6606 12.3674 14.3405 20.627 44.0585 -6.98576 60.5385 -4.67109 -1.16104 -0.683425 24.9075 14.1065 -24.4074 -7.40866 -3.99491 10.4261 -3.82891 6.57508 -27.8503 -5.58462 -24.6927 -18.8752 -4.27554 -9.01485 -26.0173 -9.8452 41.1728 -29.592 -1.15222 8.47144 -16.0046 -21.5625 -16.1357 -27.0356 -13.0019 -23.5646 -21.6024 -4.61472 -8.90669 -32.8608 -24.4675 -20.1563 -24.0847 -40.8639 -36.1442 -34.2476 29.2877 -28.9408 -37.365 -2.03053
internal_weight=1620 942 931 474 135 24 678 457 339 111 101 443 151 318 305 215 91 58 21 292 248 90 93 56 44 220 186 48 230 41 458 26 332 152 37 138 34 28 37 180 65 29 73 49 27 147 28 115 102 24 36 21 118 64 88 33 126 107 22 54 29 23
internal_count=1620 942 931 474 135 24 678 457 339 111 101 443 151 318 305 215 91 58 21 292 248 90 93 56 44 220 186 48 230 41 458 26 332 152 37 138 34 28 37 180 65 29 73 49 27 147 28 115 102 24 36 21 118 64 88 33 126 107 22 54 29 23
is_linear=0
shrinkage=0.03


Tree=119
num_leaves=62
num_cat=0
split_feature=23 19 6 23 14 10 21 20 23 23 9 0 16 23 14 23 14 20 8 0 0 13 21 2 10 11 1 24 11 6 20 11 20 3 16 16 16 0 20 20 0 21 24 11 19 24 11 10 8 11 14 9 13 8 10 19 0 23 10 10 19
split_gain=5.54973e+08 2.96666e+08 1.91293e+08 1.78192e+08 2.06541e+08 9.83304e+07 6.49077e+07 5.66734e+07 5.18201e+07 4.84036e+07 4.36261e+07 4.40982e+07 3.57603e+07 2.74587e+07 2.65639e+07 2.61552e+07 2.32215e+07 2.01396e+07 2.00013e+07 1.99936e+07 1.91953e+07 1.77738e+07 1.46766e+07 1.45902e+07 1.39649e+07 1.35348e+07 1.2578e+07 1.096e+07 1.05469e+07 9.77851e+06 1.18131e+07 1.4713e+07 8.51834e+06 7.41544e+06 6.0285e+06 8.35512e+06 5.87335e+06 5.57518e+06 4.55559e+06 5.16079e+06 4.51634e+06 4.29763e+06 3.45016e+06 3.32358e+06 3.18503e+06 4.53423e+06 3.33876e+06 2.81252e+06 3.00695e+06 2.40919e+06 2.38993e+06 2.33839e+06 2.10866e+06 1.42483e+06 2.07893e+06 997396 999314 709675 502425 404699 187155
threshold=46586.150000000009 33738.850000000006 1.0000000180025095e-35 82963.484615384616 0.21335175927490965 -0.78574730703237872 34587.625000000007 44507.650000000001 95195.73461538463 68080.376923076939 -0.46472317204376817 57604.375000000007 -0.0027522199815387389 80540.469230769246 0.24938271598645248 79415.957692307697 0.25964010277092175 90719.950000000012 0.25000000000000017 54834.375000000007 51643.150000000009 1.063063062871519 43684.500000000007 46989.750000000007 -0.78574730703237872 1.0559999998343521 29138.000000000004 38798.750000000007 0.80274509788022386 1.0000000180025095e-35 19984.050000000007 0.82765255619113109 51489.05000000001 59043.125000000007 0.0050251573518178558 0.0049140049140049555 0.0050505372572776661 45437.30000000001 35397.900000000001 46176.650000000009 42488.510000000002 31861.375000000004 48014.875000000007 0.84799999986225294 24611.050000000003 51892.55000000001 0.77724137917700353 0.74851074817110097 -0.9330127018922193 1.0545454543565516 0.21410579339789343 -0.88545602565320969 0.86111111090976522 -0.9330127018922193 -0.91023613416931226 11236.800000000001 36032.610000000008 23002.84615384616 -1.722546424198833e-16 -0.78574730703237872 8936.3000000000011
decision_type=2 2 2 2 2 2 2 2 2 2 2 2 2 2 2 2 2 2 2 2 2 2 2 2 2 2 2 2 2 2 2 2 2 2 2 2 2 2 2 2 2 2 2 2 2 2 2 2 2 2 2 2 2 2 2 2 2 2 2 2 2
left_child=6 -2 7 5 -5 -4 26 -3 21 14 -9 19 -11 25 20 -14 -16 -15 -10 23 -7 -6 27 -12 -24 -13 51 -8 -26 36 44 -32 34 -21 35 42 43 -34 40 49 -30 -33 -29 53 45 46 -31 48 -45 -40 -38 -1 55 -28 -55 56 -53 -47 -58 -52 -54
right_child=1 2 3 4 8 9 22 10 18 12 11 13 15 17 16 -17 -18 -19 -20 33 -22 -23 24 -25 28 -27 29 32 38 30 31 41 37 -35 -36 -37 50 -39 39 -41 -42 -43 -44 47 -46 57 -48 -49 -50 -51 59 52 60 54 -56 -57 58 -59 -60 -61 -62
leaf_value=-26.194650526342922 169.18824439796242 -59.893831436481889 111.159372933265 183.08567612324862 45.31463950492239 26.088682649513103 -35.603995390774905 -52.731106616304125 46.145373106444914 69.947276571383654 -11.81307974871147 -4.9967658192867894 30.193556828895762 70.063425193992828 -20.50313375959648 -20.785119054057809 7.4244789796824655 24.710299691959303 93.578436179819676 -29.349538782066272 -6.2468507715481421 -4.0677498119662259 34.223031055347334 4.1119187203012055 24.840987763275969 23.998161325282098 -38.200906854281762 -10.840946959647532 0.83730452433671065 -12.729952136297909 26.769718306324268 -6.4044163593492991 -40.308064436479036 -0.8001569403828801 -27.955212435580716 19.684640557470399 -29.900302431228312 -11.317538278122578 -0.47706978505200648 -16.330365809072362 -24.039631947647212 -31.163420349725403 3.9004286777036969 -28.216696231375991 -37.526282847164246 -3.021368788917465 -27.172055489787983 -35.790592684359169 -14.400544893584982 20.290744656100131 -40.492374400525989 -45.362685261178527 -42.520467001425239 -17.368192047526819 -30.860443087350291 -29.52762902359936 -29.115456345016892 -14.334449302748878 -39.487716390779688 -50.737102857857685 -50.713801552008007
leaf_weight=15.999999999999998 10.999999999999998 13.999999999999998 9.9999999999999982 11.999999999999998 11.000000000000002 94 17 12.999999999999998 14.999999999999998 19 70 42 90 10.999999999999998 34 9.9999999999999982 125 44 18 32 20 15.999999999999998 10.999999999999998 198 10.999999999999998 22 18 57 10.000000000000002 18 9.9999999999999982 17.000000000000004 12.000000000000002 10.999999999999998 9.9999999999999982 11.999999999999998 13.999999999999998 11.999999999999998 10.000000000000005 9.9999999999999982 19 9.9999999999999982 19 22 12.999999999999998 10.000000000000002 78 10.999999999999998 41 9.9999999999999982 9.9999999999999982 13.999999999999998 11.000000000000002 12.999999999999998 59 18 10.999999999999998 9.9999999999999982 10.000000000000002 12.000000000000002 11.999999999999998
leaf_count=16 11 14 10 12 11 94 17 13 15 19 70 42 90 11 34 10 125 44 18 32 20 16 11 198 11 22 18 57 10 18 10 17 12 11 10 12 14 12 10 10 19 10 19 22 13 10 78 11 41 10 10 14 11 13 59 18 11 10 10 12 12
internal_value=0.110069 15.0061 13.1664 26.5169 69.9502 18.7223 -20.5854 -0.683412 47.0561 16.3365 1.20089 2.84328 32.2964 18.3663 9.37029 25.08 1.44338 33.8917 72.2226 -3.10039 20.4153 16.1439 -7.18806 -0.0504394 2.96044 4.99208 -27.0178 -13.0998 -1.99402 -24.5108 -19.105 -4.14803 -9.9374 -22.0651 -6.00082 -3.47707 -28.9858 -25.92 -7.03077 1.16862 -15.4879 -15.6557 -7.15528 -26.5421 -23.3885 -21.7731 -24.4803 -21.7643 -19.2624 9.95598 -40.0136 -36.9537 -39.1813 -30.4419 -28.4519 -35.7077 -38.7928 -8.72123 -34.2185 -46.2848 -46.9964
internal_weight=1620 942 931 474 72 402 678 457 60 392 443 430 119 119 273 100 159 55 33 311 114 27 220 268 81 64 458 139 70 366 166 37 122 43 98 88 200 24 59 30 29 27 76 164 129 116 96 74 63 20 36 92 76 90 72 53 35 20 21 22 23
internal_count=1620 942 931 474 72 402 678 457 60 392 443 430 119 119 273 100 159 55 33 311 114 27 220 268 81 64 458 139 70 366 166 37 122 43 98 88 200 24 59 30 29 27 76 164 129 116 96 74 63 20 36 92 76 90 72 53 35 20 21 22 23
is_linear=0
shrinkage=0.03


Tree=120
num_leaves=63
num_cat=0
split_feature=23 19 6 23 19 10 23 23 5 20 10 9 0 3 8 9 23 0 18 22 20 0 14 21 22 2 14 14 0 10 22 22 24 0 3 22 22 24 10 21 20 14 0 0 19 19 23 21 8 14 24 23 9 18 22 9 21 20 9 0 10 2
split_gain=5.22337e+08 2.79295e+08 1.8004e+08 1.68878e+08 1.18461e+08 7.79649e+07 6.12563e+07 6.08813e+07 5.62415e+07 5.33472e+07 4.56802e+07 4.1067e+07 4.15048e+07 3.01231e+07 2.948e+07 5.86489e+07 2.58438e+07 2.34023e+07 2.2624e+07 2.00616e+07 1.89643e+07 1.88156e+07 1.83639e+07 1.7416e+07 1.44369e+07 1.37289e+07 1.26842e+07 1.05439e+07 8.62033e+06 7.88689e+06 7.54145e+06 9.01392e+06 7.56651e+06 9.12771e+06 6.97846e+06 6.28065e+06 6.75844e+06 1.79904e+07 6.30682e+06 5.89849e+06 5.75256e+06 5.73087e+06 4.54313e+06 4.11055e+06 3.10381e+06 5.9818e+06 2.75287e+06 2.69141e+06 2.68824e+06 3.29332e+06 2.5909e+06 2.58903e+06 2.5566e+06 2.30035e+06 2.05806e+06 1.90415e+06 1.69388e+06 1.3253e+06 1.26559e+06 778962 747400 757663
threshold=46586.150000000009 33738.850000000006 1.0000000180025095e-35 73745.661538461558 53342.700000000004 0.5163939593874618 30658.015384615388 115492.09615384617 1.0000000180025095e-35 44507.650000000001 -0.70581670320594803 -0.46472317204376817 57604.375000000007 38942.875000000007 1.0000000180025095e-35 -0.98182534576205283 80540.469230769246 49061.750000000007 69246.750000000015 1462.8493601956525 90719.950000000012 54834.375000000007 0.27272727266989771 43035.075000000004 1776.4495160311678 46989.750000000007 0.2061068701904871 0.13707268499901715 38408.750000000007 -0.78574730703237872 5721.4557298115424 9829.5761284022901 44169.125000000007 38603.750000000007 59043.125000000007 510.33937420585852 934.24049763427956 44107.92500000001 -0.70581670320594803 34587.625000000007 41283.80000000001 0.21410579339192487 51514.000000000007 45874.075000000004 40304.150000000009 44352.200000000004 23638.103846153848 19527.737500000007 0.93301270189221952 0.23341523335253878 52583.125000000007 45139.30000000001 -0.1799261722714405 8135.3000000000011 1502.538498210959 -0.85421994577343319 12994.937500000002 25067.350000000002 -0.2393156642875576 36772.500000000007 -0.12053668025532321 45193.125000000007
decision_type=2 2 2 2 2 2 2 2 2 2 2 2 2 2 2 2 2 2 2 2 2 2 2 2 2 2 2 2 2 2 2 2 2 2 2 2 2 2 2 2 2 2 2 2 2 2 2 2 2 2 2 2 2 2 2 2 2 2 2 2 2 2
left_child=6 -2 9 10 -5 8 27 17 22 -3 18 -11 21 -12 19 -16 24 -7 -4 -15 -18 25 -6 30 -14 -13 -25 -1 53 -28 35 32 33 -32 -23 -8 37 -37 39 -38 -40 42 47 -39 -31 -46 -44 58 49 50 -43 -47 -50 -29 60 -51 59 -48 -30 -56 61 -55
right_child=1 2 3 4 5 7 23 -9 -10 11 13 12 16 14 15 -17 20 -19 -20 -21 -22 34 -24 26 -26 -27 29 28 41 44 31 -33 -34 -35 -36 36 38 43 40 -41 -42 48 46 -45 45 51 57 -49 52 55 -52 -53 -54 54 56 -57 -58 -59 -60 -61 -62 -63
leaf_value=-3.2938959958094247 164.15832397460937 -58.109758749211089 89.647648079749359 153.01496995529325 40.947163938718418 45.836471367913326 -31.566612002398518 80.07465199710758 122.75216838430852 -51.161249119416453 -32.983978495124639 -11.459193297316789 30.491269680806344 -38.697116963670055 68.319805211309173 14.480090658665924 67.9804601061022 -3.5272662729131592 27.102071252771324 4.3712425218912507 23.970671960220855 -28.47179539974605 80.556371996387938 26.147328154759375 -3.0542869748894401 3.9886234244549299 18.931628666396968 -45.196742417065067 -14.272781788402835 -21.926741951607369 -21.390772973263608 -4.6118825137689248 -15.637755207511946 -60.449280683028803 -0.7763682375727472 29.258189892058674 -25.199149558327413 -26.993021842337935 -13.097970788833939 -1.1451366352471779 -42.946921066435259 -32.967694690509191 -2.9118743735865542 -1.1054917783994933 10.74521323802308 -5.4070330055038633 -27.04102686060536 -37.663462712311549 -46.290378385632238 -11.620287062284961 -21.738059634022505 -22.584573858592133 -26.178697479550202 -25.625865890915318 -37.288442900598895 -25.1643450752346 -26.609296276734607 -11.433985724496369 -24.165164504488885 -47.932821115541067 -22.143764427672039 -37.780495931795322
leaf_weight=15.999999999999998 10.999999999999998 13.999999999999998 10.000000000000002 9.9999999999999982 32 10.999999999999998 10.999999999999998 12.999999999999998 13.999999999999998 12.999999999999998 12.999999999999998 70 14.999999999999998 10.999999999999998 20 195 10.999999999999998 39 10.999999999999998 79 44 32 15.999999999999998 15.999999999999998 49 198 11.999999999999998 20 14.999999999999998 10.999999999999998 10.000000000000002 15.999999999999998 15.999999999999998 11.999999999999998 10.999999999999998 13.999999999999998 11.999999999999998 11.000000000000002 14.000000000000002 38 9.9999999999999982 82 17 10.999999999999998 15.999999999999998 23 10.000000000000002 11.999999999999998 15.000000000000002 14.999999999999998 25 11.999999999999998 9.9999999999999982 11.000000000000002 21 26 9.9999999999999982 9.9999999999999982 62 11.999999999999998 13.999999999999998 9.9999999999999982
leaf_count=16 11 14 10 10 32 11 11 13 14 13 13 70 15 11 20 195 11 39 11 79 44 32 16 16 49 198 12 20 15 11 10 16 16 12 11 14 12 11 14 38 10 82 17 11 16 23 10 12 15 15 25 12 10 11 21 26 10 10 62 12 14 10
internal_value=0.106722 14.5581 12.7731 25.7249 54.0894 46.0593 -19.971 22.5015 69.9223 -0.66315 14.4167 1.16502 2.75851 11.5763 13.4858 19.5179 17.8182 7.40251 57.1695 -0.929742 32.8801 -3.00774 54.2903 -8.70908 4.84321 -0.0490121 2.01417 -27.1933 -28.1554 -3.23201 -14.2219 -23.5399 -31.4766 -42.8727 -21.4052 -10.0474 -7.86875 2.78784 -13.0498 -6.95693 -25.6618 -25.6043 -20.7003 -14.113 -7.54537 -4.40661 -11.8166 -24.3761 -29.1619 -27.5796 -30.3667 -11.3441 -38.3822 -35.9048 -33.4673 -20.2496 -37.9474 -19.3334 -22.2591 -41.2923 -27.8707 -31.5656
internal_weight=1620 942 931 474 135 125 678 63 62 457 339 443 430 318 305 215 119 50 21 90 55 311 48 265 64 268 90 413 397 74 175 54 38 22 43 121 110 36 74 50 24 299 126 22 62 51 37 89 173 148 107 35 25 98 78 41 43 20 77 33 35 21
internal_count=1620 942 931 474 135 125 678 63 62 457 339 443 430 318 305 215 119 50 21 90 55 311 48 265 64 268 90 413 397 74 175 54 38 22 43 121 110 36 74 50 24 299 126 22 62 51 37 89 173 148 107 35 25 98 78 41 43 20 77 33 35 21
is_linear=0
shrinkage=0.03


Tree=121
num_leaves=58
num_cat=0
split_feature=23 19 6 20 10 23 20 19 7 9 19 7 9 16 22 0 24 16 15 16 20 24 15 15 22 10 27 7 7 20 16 20 21 6 7 21 10 2 9 0 16 6 10 19 7 9 22 7 22 15 17 7 9 24 21 19 23
split_gain=4.91636e+08 2.62941e+08 1.69456e+08 1.60729e+08 1.10149e+08 9.16083e+07 7.35088e+07 5.77368e+07 5.40272e+07 5.95549e+07 5.00367e+07 4.66105e+07 8.15905e+07 4.05765e+07 3.96091e+07 2.76222e+07 2.05281e+07 1.47659e+07 1.96123e+07 1.43744e+07 1.40264e+07 1.49958e+07 1.29722e+07 1.28695e+07 1.06221e+07 1.04579e+07 9.6901e+06 9.6651e+06 2.055e+07 1.01e+07 9.57808e+06 8.9579e+06 7.99564e+06 4.93787e+06 7.27347e+06 4.56663e+06 6.53903e+06 4.01009e+06 3.79662e+06 3.40125e+06 3.06239e+06 3.05744e+06 3.15115e+06 3.05261e+06 2.56504e+06 2.23553e+06 2.21656e+06 2.12688e+06 1.70819e+06 1.76755e+06 1.65451e+06 1.25906e+06 1.12642e+06 1.08512e+06 974163 804273 677119
threshold=46586.150000000009 33738.850000000006 1.0000000180025095e-35 104550.10000000002 -0.78574730703237872 101415.65000000001 113484.20000000003 39280.900000000001 -0.24999999999999997 -0.29696027566504662 75704.650000000009 -0.93301270189221919 -0.98182534576205283 0.0037543201186628354 2673.6846364669877 61134.575000000004 38478.575000000004 0.0050505372572776661 -2645.9333333333302 0.0051282388444369173 21100.000000000004 39027.365000000013 -2448.8749999999995 2328.2500000000005 2777.0393656196543 -0.95297903005573326 1.0000000180025095e-35 -0.93301270189221919 -0.6830127018922193 36095.900000000009 -0.075445516649817732 58561.80000000001 42023.850000000013 1.0000000180025095e-35 -0.93301270189221919 43684.500000000007 -0.70581670320594803 51256.875000000007 -0.95297903005573326 40666.870000000003 0.0050251573518178558 1.0000000180025095e-35 -0.060268340127661524 41380.850000000006 -0.24999999999999997 -0.70581670320594825 9532.6702392357183 0.68301270189221941 2042.1757296883375 -5685.5833333333348 0.0016946962198285279 -0.6830127018922193 -0.82298386589365657 36772.500000000007 10043.012500000003 17291.200000000004 15753.146153846155
decision_type=2 2 2 2 2 2 2 2 2 2 2 2 2 2 2 2 2 2 2 2 2 2 2 2 2 2 2 2 2 2 2 2 2 2 2 2 2 2 2 2 2 2 2 2 2 2 2 2 2 2 2 2 2 2 2 2 2
left_child=7 -2 8 4 -4 11 -5 16 14 13 17 31 -13 -10 -3 -7 41 18 -11 -19 33 -22 -12 -15 -24 26 -16 46 29 -29 -23 -6 37 40 55 36 43 -32 -36 -37 44 48 52 -30 -18 -40 -9 -46 49 -1 -50 -44 -43 -53 -51 -35 -42
right_child=1 2 3 6 5 15 -8 27 9 10 22 12 -14 23 25 -17 20 19 -20 -21 21 30 24 -25 -26 -27 -28 28 35 -31 32 -33 -34 34 38 39 -38 -39 45 -41 56 42 51 -45 47 -47 -48 -49 50 54 -52 53 -54 -55 -56 -57 -58
leaf_value=-42.117211334059903 159.2779363848712 75.513420334492835 114.34934108424831 163.00313507986536 -2.8126577982677046 114.89500901175013 54.454512934793954 -10.71583401458942 -0.3012499239089641 -25.953420979461796 -6.4267957576017194 73.144488013809635 15.93256573081417 -86.535260251888531 6.244579588834906 46.87639645915386 -17.655045783557188 -35.498276687307452 0.17822317799474946 -6.1161462168064906 15.292279098186086 3.8564769024084939 -2.7551401084710747 -40.999443977974558 27.903249806275706 -5.2308361475215923 43.621431751979209 6.6998507422731626 9.4749541576488578 40.462755791367286 -12.955346649392951 -33.473210137622189 -45.096811686600788 -29.26417177310659 -1.864268388984617 15.542471771555492 -25.91509221703966 -22.843559743402288 -26.229711249520843 -6.1442514914654671 -34.704075070215644 -46.042481725711617 -14.92120012437975 -10.510486955379251 -34.524537398458378 -16.237874110768015 -29.020264928836632 -23.366160116963005 -37.996765214635964 -34.875151266302936 -54.517513724662166 -33.305228548705109 -31.223746486354521 -19.722633923823288 -21.665285253241507 -40.688839215217754 -46.53924087977645
leaf_weight=18 10.999999999999998 11.999999999999998 10.999999999999998 10.000000000000002 57 10.000000000000002 12.999999999999998 15.000000000000002 13.999999999999998 30 15.999999999999998 24 327 12.000000000000002 11.999999999999996 11.999999999999998 19 29 183 31 13.999999999999998 18 11.999999999999998 10.999999999999998 66 16.000000000000004 13 17 11.000000000000002 14.999999999999998 82 9.9999999999999982 9.9999999999999982 12.000000000000002 11.999999999999998 12.000000000000002 18 68 32 13.999999999999998 12.000000000000002 10.000000000000002 10.999999999999998 18 42 57 9.9999999999999982 26 14.000000000000002 12.000000000000002 10.999999999999998 13.000000000000002 10.999999999999998 9.9999999999999982 9.9999999999999982 13.999999999999998 9.9999999999999982
leaf_count=18 11 12 11 10 57 10 13 15 14 30 16 24 327 12 12 12 19 29 183 31 14 18 12 11 66 16 13 17 11 15 82 10 10 12 12 12 18 68 32 14 12 10 11 18 42 57 10 26 14 12 11 13 11 10 10 14 10
internal_value=0.103617 14.1239 12.392 24.9573 20.9988 18.6396 102.151 -19.3751 -0.643431 -4.38162 -0.71966 15.4883 19.8642 -40.6044 27.806 78.1741 -23.6384 -7.21999 -3.51273 -20.353 -20.5546 -14.5202 18.1465 -65.0292 23.189 13.693 25.777 -1.39938 2.59614 22.6031 -16.8723 -7.43197 -19.2053 -25.4556 -21.3968 -6.1929 -11.765 -17.4503 -17.7223 3.88609 -30.1607 -34.6111 -29.2695 -2.92319 -27.5609 -19.8559 -18.1242 -30.2987 -39.079 -34.9909 -45.4543 -23.4935 -38.4652 -27.5108 -28.996 -35.5484 -40.2701
internal_weight=1620 942 931 474 451 440 23 678 457 404 367 418 351 37 53 22 548 273 213 60 428 192 94 23 78 41 25 130 105 32 178 67 160 236 127 73 47 150 101 26 109 120 55 29 87 89 25 68 65 40 25 34 21 23 22 26 22
internal_count=1620 942 931 474 451 440 23 678 457 404 367 418 351 37 53 22 548 273 213 60 428 192 94 23 78 41 25 130 105 32 178 67 160 236 127 73 47 150 101 26 109 120 55 29 87 89 25 68 65 40 25 34 21 23 22 26 22
is_linear=0
shrinkage=0.03


Tree=122
num_leaves=59
num_cat=0
split_feature=23 19 23 11 9 8 21 24 12 18 18 5 23 11 3 11 20 7 18 24 24 10 24 10 3 20 7 21 5 10 23 14 23 20 8 9 4 12 7 19 24 9 19 7 2 21 9 1 18 11 24 10 24 23 12 20 9 19
split_gain=4.62725e+08 2.47545e+08 1.61661e+08 1.19834e+08 7.05289e+07 5.80186e+07 5.44233e+07 4.1153e+07 4.13259e+07 4.09106e+07 3.99092e+07 3.87951e+07 3.08258e+07 2.34136e+07 2.22835e+07 2.16642e+07 2.05296e+07 3.18018e+07 2.03056e+07 2.01214e+07 1.91498e+07 3.32532e+07 5.50054e+07 2.89088e+07 1.54644e+07 1.3665e+07 1.38421e+07 1.5191e+07 1.5983e+07 1.09316e+07 1.05468e+07 7.56971e+06 7.46147e+06 6.91749e+06 6.55488e+06 6.44874e+06 5.99486e+06 5.89052e+06 5.77227e+06 8.32408e+06 5.65293e+06 4.84531e+06 4.4848e+06 4.27259e+06 8.05285e+06 3.82662e+06 3.69841e+06 3.66001e+06 2.0594e+06 1.61747e+06 1.32424e+06 813010 735130 627889 1.08959e+06 331177 309604 102323
threshold=46586.150000000009 33738.850000000006 74749.11923076924 0.86847999986376712 -0.91023613416931226 0.93301270189221952 34587.625000000007 57366.875000000007 1.1160714283701159 52191.000000000007 53973.05000000001 1.0000000180025095e-35 88931.030769230783 1.0601851849433974 56820.000000000007 1.0559999998335361 43561.200000000004 -0.6830127018922193 104210.00000000001 51887.500000000007 54834.375000000007 1.0000000180025095e-35 47312.200000000004 0.5163939593874618 58895.625000000007 51489.05000000001 -0.93301270189221919 45644.375000000007 1.0000000180025095e-35 -0.12053668025532321 12140.696153846156 0.13707268499901715 57199.780769230776 50188.150000000009 0.93301270189221952 0.17992617227144045 38603.750000000007 1.1372222219125194 -0.6830127018922193 40141.900000000009 41358.375000000007 -0.29696027566504662 43711.450000000004 -0.93301270189221919 66000.000000000015 54377.125000000007 -0.95297903005573326 36220.000000000007 8135.3000000000011 0.80898876386131113 35647.355000000003 -0.35460488704253562 46236.875000000007 11239.169230769234 0.93467336660279754 11553.600000000002 0.40966402954315223 16198.200000000003
decision_type=2 2 2 2 2 2 2 2 2 2 2 2 2 2 2 2 2 2 2 2 2 2 2 2 2 2 2 2 2 2 2 2 2 2 2 2 2 2 2 2 2 2 2 2 2 2 2 2 2 2 2 2 2 2 2 2 2 2
left_child=6 -2 5 -4 18 9 30 14 12 20 32 13 -9 15 19 -11 -13 -18 -5 -6 21 29 -23 35 -10 26 40 33 42 -3 48 -32 37 38 43 -22 -27 -7 39 -28 -8 -36 -29 55 46 -34 -45 -40 -1 51 -51 -50 -42 54 -52 -33 -55 -43
right_child=1 2 3 4 7 10 25 8 24 11 -12 16 -14 -15 -16 -17 17 -19 -20 -21 23 22 -24 -25 -26 36 27 28 -30 -31 31 34 45 -35 41 -37 -38 -39 47 -41 52 57 -44 44 -46 -47 -48 -49 49 50 53 -53 -54 56 -56 -57 -58 -59
leaf_value=-41.389956890325891 154.54264911548509 -4.5935754923338896 115.97633633847268 99.960783951130296 -1.8782121404384937 -39.871085398456827 -40.06436282922725 86.146336215189748 0.030523826385212834 6.3391873659693889 -68.772440940332785 0.54939148460115694 37.261400617189459 -30.777712956785248 -27.92832668582335 25.505696719309569 60.77707263517226 19.788237448865033 43.34796111154084 33.950148891591432 10.935167412876096 0.57282218779067806 63.134367949765029 -62.481374148807014 41.12583399759756 -37.306216138756788 -9.411523405464969 -12.120061550655876 42.232785290657205 -32.185574959256002 0.5673730829835848 -29.992438578086315 12.238791734535273 18.829165067011765 -51.765410156250006 -16.31998898053061 -12.00891608306716 -9.7148658638812133 -14.612854000611463 21.988679442660498 -6.6611174842626726 -29.990366766901289 14.285578429166936 -4.6377265476536103 -0.90466018971817264 -9.9191763613871391 -22.48030369649603 2.3272618525078959 -28.574718198870659 -41.766460566244838 -35.397076180973407 -16.130336772050008 -17.980868629249368 -39.662773377069136 -25.667671521127705 -39.092309830165142 -31.117866770846781 -24.507427612178581
leaf_weight=19 10.999999999999998 90 14.999999999999998 14.000000000000002 34 10.000000000000002 10.000000000000002 14.999999999999998 32 270 12.999999999999998 15.999999999999998 52 12.999999999999998 14.999999999999998 66 31 38 9.9999999999999982 24 11.999999999999998 42 18 10.999999999999998 10.999999999999998 15.999999999999998 18.000000000000004 11.000000000000002 13.999999999999998 14.999999999999998 12.999999999999998 10.000000000000002 13.000000000000002 9.9999999999999982 10.999999999999998 22 18 13.999999999999998 63 12.999999999999998 10.000000000000002 10.000000000000002 11.999999999999998 10.999999999999998 18 14.999999999999998 237 13.999999999999998 10.000000000000002 11.999999999999998 15.999999999999998 9.9999999999999982 10.999999999999998 10.000000000000002 37 9.9999999999999982 11.999999999999998 11.999999999999998
leaf_count=19 11 90 15 14 34 10 10 15 32 270 13 16 52 13 15 66 31 38 10 24 12 42 18 11 11 16 18 11 14 15 13 10 13 10 11 22 18 14 63 13 10 10 12 11 18 15 237 14 10 12 16 10 11 10 37 10 12 12
internal_value=0.100452 13.7023 12.0218 34.3564 28.3888 5.02455 -18.7969 22.021 33.6023 7.75185 -21.967 13.0106 48.3179 8.57907 4.54758 10.1105 31.1745 38.2649 76.65 12.9802 -3.11725 1.61697 19.4152 -20.4412 10.6144 -6.52924 -3.32665 0.338034 17.0837 -8.56219 -24.6869 -21.8679 -10.1561 -4.92272 -22.782 -6.69658 -23.9881 -22.3934 -7.13738 3.78457 -21.5923 -35.4696 1.65887 -21.3062 -20.2854 0.375289 -21.6911 -11.5338 -32.0916 -30.4033 -32.2006 -22.4639 -12.6478 -30.6164 -28.666 -34.7144 -35.1639 -27.1242
internal_weight=1620 942 931 222 207 709 678 183 110 644 65 434 67 349 73 336 85 69 24 58 210 165 60 45 43 220 186 155 37 105 458 332 52 118 319 34 34 24 108 31 31 33 23 286 266 28 248 77 126 107 87 20 21 75 53 20 22 22
internal_count=1620 942 931 222 207 709 678 183 110 644 65 434 67 349 73 336 85 69 24 58 210 165 60 45 43 220 186 155 37 105 458 332 52 118 319 34 34 24 108 31 31 33 23 286 266 28 248 77 126 107 87 20 21 75 53 20 22 22
is_linear=0
shrinkage=0.03


Tree=123
num_leaves=60
num_cat=0
split_feature=23 19 23 14 7 7 20 8 20 16 18 0 14 4 18 18 22 10 22 10 9 20 21 9 20 17 11 11 22 14 8 20 16 9 10 9 9 8 8 9 20 19 16 16 9 18 19 19 9 23 21 14 17 1 14 18 18 18 10
split_gain=4.35485e+08 2.33052e+08 1.53057e+08 1.18601e+08 8.20016e+07 8.60994e+07 7.28068e+07 6.19684e+07 5.14703e+07 5.12608e+07 4.7234e+07 3.75517e+07 4.5809e+07 2.79822e+07 3.73123e+07 2.70262e+07 2.60348e+07 2.36163e+07 4.23478e+07 3.56878e+07 2.37474e+07 3.14894e+07 1.89451e+07 1.84904e+07 1.59337e+07 1.54023e+07 1.24949e+07 1.16058e+07 1.15727e+07 1.10586e+07 1.0995e+07 1.02376e+07 9.27199e+06 7.65761e+06 7.1373e+06 6.70142e+06 8.59053e+06 5.94394e+06 8.83412e+06 5.40308e+06 5.15252e+06 4.33566e+06 3.92498e+06 3.71287e+06 2.81424e+06 2.78427e+06 2.74747e+06 5.26033e+06 2.64912e+06 2.20438e+06 2.10834e+06 2.10544e+06 2.58132e+06 1.17044e+06 1.1562e+06 902692 698462 546990 52638.6
threshold=46586.150000000009 33738.850000000006 70608.661538461558 0.19209099601679602 -0.6830127018922193 -0.93301270189221919 77666.550000000003 0.93301270189221952 21100.000000000004 -0.075399971249820216 53973.05000000001 57366.875000000007 0.2506329113478229 45715.625000000007 98091.500000000015 51612.650000000009 1540.3526209209456 0.12053668025532312 1244.5142190205249 0.5163939593874618 0.06026834012766185 44100.350000000006 43035.075000000004 0.29696027566504674 61602.30000000001 0.079999999981325773 0.94392523346930191 0.97151999984218873 1035.1161032554153 0.2061068701904871 0.93301270189221952 79061.150000000009 0.027273075884975632 -0.95297903005573326 -0.78574730703237872 -0.70581670320594825 0.06026834012766185 0.93301270189221952 1.0000000180025095e-35 -0.91023613416931226 47348.400000000009 15189.1 0.0050251573518178558 0.0049751551641986644 -0.29696027566504662 8936.3000000000011 40304.150000000009 44352.200000000004 -0.82298386589365657 45139.30000000001 47172.125000000007 0.1634562465166825 0.011715170471228456 34262.000000000007 0.23588816833413634 17322.450000000004 13465.950000000003 8135.3000000000011 0.61559370248597567
decision_type=2 2 2 2 2 2 2 2 2 2 2 2 2 2 2 2 2 2 2 2 2 2 2 2 2 2 2 2 2 2 2 2 2 2 2 2 2 2 2 2 2 2 2 2 2 2 2 2 2 2 2 2 2 2 2 2 2 2 2
left_child=8 -2 7 -4 5 -5 26 9 37 15 40 13 23 31 -15 24 -14 20 -19 -20 21 -11 30 -13 -3 -17 -7 -27 -22 -24 32 -6 33 -10 -31 -35 -37 38 42 41 -9 -40 43 45 -39 57 -36 -48 -47 -49 -42 -41 54 -34 -53 56 -44 -1 -54
right_child=1 2 3 4 11 6 -8 10 22 17 -12 12 16 14 -16 25 -18 18 19 -21 28 -23 29 -25 -26 27 -28 -29 -30 34 -32 -33 53 35 46 36 -38 44 39 51 50 -43 55 -45 -46 48 47 49 -50 -51 -52 52 58 -55 -56 -57 -58 -59 -60
leaf_value=-43.107283572635119 149.94813624820193 26.549430327544332 125.78765157338735 -4.316841599293892 13.227808602879913 34.803491121258638 135.13818185359875 -27.090940616430824 14.678813265054531 -20.7392804050507 -82.68197827828898 90.075150585332167 61.201968668344861 2.3489843832876476 -58.678771659232481 74.120601128304358 11.985205962147257 65.084752966510365 23.387604421267657 -3.0653958147163616 -30.809809544278544 14.527635584884774 24.436300907490413 41.6361606930896 -24.282273798762141 23.784481421863923 75.109946147824118 59.414720005344705 -7.0507043599154722 18.088041664312691 -42.094924183680007 44.266578397095664 -38.600687074403488 -34.793537115148595 -20.629910954655823 -2.6923760788809257 -15.787803005804763 -51.453414603568397 -17.744605714513895 -11.646089715010282 -16.038950441568197 7.3353144011626377 -36.809955041763629 -11.081257940875597 -31.891896665882687 -33.547615499050814 10.062623603418004 -5.1724387867419752 -22.966988293610505 -21.024237655765752 1.2600048573811848 -18.807905816978973 -30.451108959301088 -23.830379202058996 -27.414089912300678 -31.706129720321556 -48.494003253596844 -33.162059083648082 -35.905380629737778
leaf_weight=11.000000000000002 10.999999999999998 11.000000000000002 10.999999999999998 14.999999999999998 36 17.000000000000004 13.999999999999998 14.999999999999998 9.9999999999999982 29 10.999999999999998 12.000000000000002 10.999999999999998 48 10.999999999999998 9.9999999999999982 76 11.999999999999998 75 118 21 105 15.999999999999998 18 10.999999999999998 33 11.999999999999998 10.999999999999998 148 11.999999999999998 11.999999999999998 12.999999999999998 11.000000000000002 10.999999999999998 10.999999999999998 73 118 11.000000000000002 14.000000000000002 14.999999999999998 10.000000000000002 10.999999999999998 14.000000000000002 11.999999999999998 19 32 15.999999999999998 23 69 11.999999999999998 17 54 11.000000000000002 9.9999999999999982 20 14.999999999999998 9.9999999999999982 14.999999999999998 9.9999999999999982
leaf_count=11 11 11 11 15 36 17 14 15 10 29 11 12 11 48 11 10 76 12 75 118 21 105 16 18 11 33 12 11 148 12 12 13 11 11 11 73 118 11 14 15 10 11 14 12 19 32 16 23 69 12 17 54 11 10 20 15 10 15 10
internal_value=0.0974278 13.2928 11.6623 29.5631 25.7798 57.56 79.105 3.39698 -18.2352 6.21728 -27.6326 17.5656 29.3335 4.80177 -9.10906 29.1795 18.2712 2.77691 10.6383 7.22104 -2.54358 6.88545 -9.86688 61.2467 1.13857 40.5803 51.6829 32.8066 -10.0195 1.90262 -14.1894 21.536 -12.7347 -10.8407 -2.99589 -12.1107 -10.7868 -26.4031 -25.1633 -19.3474 -13.0527 -6.72406 -29.561 -27.1548 -39.2117 -28.6636 -7.09925 -4.14615 -26.3492 -10.6518 -5.18245 -22.2075 -23.8611 -31.7136 -21.1678 -38.0455 -41.8595 -37.5188 -33.2064
internal_weight=1620 942 931 294 283 58 43 637 678 584 53 225 117 108 59 76 87 508 205 193 303 134 335 30 22 54 29 44 169 90 245 49 233 212 74 202 191 343 313 135 42 25 178 139 30 127 62 51 101 35 27 110 95 21 74 39 24 26 21
internal_count=1620 942 931 294 283 58 43 637 678 584 53 225 117 108 59 76 87 508 205 193 303 134 335 30 22 54 29 44 169 90 245 49 233 212 74 202 191 343 313 135 42 25 178 139 30 127 62 51 101 35 27 110 95 21 74 39 24 26 21
is_linear=0
shrinkage=0.03


Tree=124
num_leaves=63
num_cat=0
split_feature=23 14 21 1 16 3 3 7 27 14 20 20 20 1 0 14 0 16 20 15 6 18 7 23 6 18 7 15 12 21 7 24 14 17 22 22 21 20 23 23 23 7 20 21 22 16 6 7 14 12 0 1 22 21 20 18 7 7 20 12 2 16
split_gain=4.09889e+08 2.06346e+08 1.55183e+08 1.47109e+08 1.49974e+08 1.1012e+08 6.02726e+07 5.88518e+07 5.36148e+07 5.20093e+07 5.13748e+07 4.84463e+07 4.80984e+07 3.08298e+07 5.04714e+07 3.0334e+07 2.72228e+07 2.69913e+07 5.27356e+07 2.55402e+07 2.02671e+07 1.9342e+07 2.8385e+07 2.00197e+07 1.85362e+07 2.21138e+07 1.87793e+07 1.80651e+07 1.71351e+07 1.9711e+07 1.69319e+07 1.44657e+07 1.36839e+07 1.355e+07 1.31016e+07 1.24777e+07 1.23439e+07 1.22051e+07 1.14412e+07 1.53667e+07 1.0325e+07 9.60501e+06 8.74533e+06 7.32587e+06 7.29584e+06 7.29087e+06 7.24258e+06 6.45856e+06 6.1943e+06 6.03718e+06 5.59654e+06 4.99341e+06 5.03993e+06 4.46492e+06 3.5167e+06 3.58997e+06 3.39504e+06 5.505e+06 3.35798e+06 3.0519e+06 3.03461e+06 2.87393e+06
threshold=46586.150000000009 0.17388612090385749 58153.962500000009 42920.000000000007 -0.0027522199815387389 57426.875000000007 56820.000000000007 -0.6830127018922193 1.0000000180025095e-35 0.25000781366962738 48978.100000000013 21100.000000000004 118089.15000000001 34262.000000000007 48131.250000000007 0.22250639381557705 45782.500000000007 0.0049751551641986644 79061.150000000009 -2562.4999999999995 1.0000000180025095e-35 66358.60000000002 -0.93301270189221919 55971.969230769238 1.0000000180025095e-35 88851.200000000012 -0.93301270189221919 2037.3583333333338 1.1565945280765215 54979.475000000006 -0.93301270189221919 45782.500000000007 0.27272727266434088 0.075282020246646417 1244.5142190205249 2777.0393656196543 46313.875000000007 55324.350000000006 83682.400000000009 71212.803846153867 95195.73461538463 -0.24999999999999997 32399.100000000002 34587.625000000007 2263.136266797504 0.0037543201186628354 1.0000000180025095e-35 -0.93301270189221919 0.26550868481347384 1.0698924728232979 42661.350000000006 34707.000000000007 1112.1659640303524 33173.437500000007 56857.250000000007 33410.900000000009 -0.24999999999999997 0.68301270189221941 32660.050000000003 0.93506493481960629 50749.375000000007 0.0037543201186628354
decision_type=2 2 2 2 2 2 2 2 2 2 2 2 2 2 2 2 2 2 2 2 2 2 2 2 2 2 2 2 2 2 2 2 2 2 2 2 2 2 2 2 2 2 2 2 2 2 2 2 2 2 2 2 2 2 2 2 2 2 2 2 2 2
left_child=11 2 -2 7 5 -5 17 10 13 28 21 46 24 19 27 -16 -12 35 -19 -9 41 22 -3 -24 25 -8 -26 -15 29 -10 50 -23 48 34 -32 -6 42 -21 39 -11 -37 44 -35 -36 -13 53 56 -48 -18 60 -22 -49 -53 -43 55 -55 -1 59 -45 -58 -47 -61
right_child=1 3 -4 4 6 -7 12 8 9 38 16 20 -14 14 15 -17 32 18 -20 37 30 31 23 -25 26 -27 -28 -29 -30 -31 33 -33 -34 36 43 40 -38 -39 -40 -41 -42 45 -44 58 -46 49 47 51 -50 -51 -52 52 -54 54 -56 -57 57 -59 -60 61 -62 -63
leaf_value=-21.614354319642366 182.89203699060383 -9.5434810226265032 19.732994928643251 164.55452272021077 6.4684510036225022 40.589650497842342 1.5800781542276632 -70.668705782748688 72.711291204773559 -5.4932173073572743 83.97104098178373 9.8415787478142356 61.576907951121306 30.927012239299213 -58.665251868381972 -9.1957317936809257 30.580563927906876 113.9986656907767 28.210704540496177 -11.698582806216029 -36.37209128639914 2.9969693354661548 17.535597314944209 67.414585758624696 -15.79676042288788 -46.182851103225552 26.141857540167063 -5.2229012732742888 -6.3720226710551495 27.324434139170545 23.386394773442692 -37.095397394058551 59.156081361376557 29.319015531799572 -24.073961065801647 29.274467329868049 46.338954447153455 -39.931929984367329 -32.965945301622448 21.081515370403153 61.443230635664847 -22.394622405570782 -7.267637290142952 10.326168560271567 -12.881628888347956 -8.8473254092376976 -33.1979270563657 -23.867274838904002 7.2809299350258527 -46.014420012417226 -9.9072006800951868 6.9368889262888693 -16.063762829709994 -15.029467557256254 -25.01373247301256 2.0973521126090708 -47.520590036876158 -24.23718226569606 -7.9704363876889897 -28.962062915328644 -31.303103640217426 -42.879048621010433
leaf_weight=34 11.000000000000002 26 9.9999999999999982 12.000000000000002 13.999999999999998 13.999999999999998 64 9.9999999999999982 9.9999999999999982 89 9.9999999999999982 19 14.999999999999998 40 11.999999999999998 144 33 12.000000000000002 13.999999999999998 50 12.000000000000002 19 26 9.9999999999999982 11.999999999999998 9.9999999999999982 47 18 10.999999999999998 61 13.999999999999998 13.999999999999998 11.999999999999998 10.000000000000002 19 30 10.999999999999998 19 9.9999999999999982 25 12.999999999999998 49 13.999999999999998 13.999999999999998 38 10.000000000000002 34 77 14.999999999999998 14.999999999999998 18 9.9999999999999982 58 21 10.999999999999998 23 20 48 25 41 11.999999999999998 21
leaf_count=34 11 26 10 12 14 14 64 10 10 89 10 19 15 40 12 144 33 12 14 50 12 19 26 10 12 10 47 18 11 61 14 14 12 10 19 30 11 19 10 25 13 49 14 14 38 10 34 77 15 15 18 10 58 21 11 23 20 48 25 41 12 21
internal_value=0.0948427 12.8966 105.659 10.7702 30.0376 98.2156 22.3247 3.30942 -1.82721 9.89771 18.8355 -17.6909 10.8358 -10.0712 -4.15375 -13.0362 38.3176 42.773 68.0903 -26.0753 -9.5721 4.45508 14.3234 31.5393 5.07118 -4.92795 17.5996 19.7183 28.4187 33.8103 -0.699747 -14.0725 30.5816 4.88784 -2.55923 31.1257 20.1712 -19.5196 -2.36306 0.347917 39.12 -15.7076 8.03508 -8.85149 -5.3032 -19.9069 -25.6152 -21.4152 23.3298 -31.3463 -20.5789 -18.6314 -12.6761 -15.8108 -9.91516 -6.09229 -30.1836 -32.4064 -1.39274 -37.153 -21.1823 -33.7374
internal_weight=1620 942 21 921 257 26 231 664 499 206 165 678 148 293 214 156 70 83 26 79 335 95 62 36 133 74 59 58 82 71 137 33 60 107 72 57 35 69 124 114 43 198 24 58 57 141 343 179 48 37 30 145 68 104 55 44 164 130 39 82 22 62
internal_count=1620 942 21 921 257 26 231 664 499 206 165 678 148 293 214 156 70 83 26 79 335 95 62 36 133 74 59 58 82 71 137 33 60 107 72 57 35 69 124 114 43 198 24 58 57 141 343 179 48 37 30 145 68 104 55 44 164 130 39 82 22 62
is_linear=0
shrinkage=0.03


Tree=125
num_leaves=50
num_cat=0
split_feature=23 19 6 20 10 23 20 19 20 23 16 20 22 0 16 16 16 16 14 14 24 8 23 24 10 17 8 17 10 22 23 3 22 14 0 0 22 16 15 1 4 22 19 23 24 6 10 20 19
split_gain=3.85773e+08 2.13884e+08 1.39732e+08 1.40748e+08 9.9484e+07 7.67242e+07 6.88556e+07 4.64259e+07 4.45547e+07 3.39312e+07 3.0117e+07 2.51227e+07 2.46673e+07 2.34783e+07 2.21739e+07 2.82376e+07 2.37335e+07 2.10344e+07 2.10423e+07 1.89941e+07 1.67534e+07 1.35046e+07 1.30007e+07 1.1375e+07 9.39274e+06 7.55246e+06 1.02863e+07 5.43046e+06 4.55681e+06 3.7961e+06 1.04796e+07 5.41776e+06 3.56789e+06 3.50121e+06 4.75092e+06 3.26604e+06 2.72326e+06 2.69915e+06 2.27778e+06 1.59921e+06 2.07237e+06 1.54845e+06 1.93476e+06 947651 1.53608e+06 897483 861220 645106 172695
threshold=46586.150000000009 33738.850000000006 1.0000000180025095e-35 104550.10000000002 -0.78574730703237872 101415.65000000001 113484.20000000003 39280.900000000001 44507.650000000001 68080.376923076939 -0.0027522199815387389 117473.20000000001 11571.145836071695 61134.575000000004 0.0050505372572776661 0.0049889909738903846 0.0037543201186628354 0.0050761748317067487 0.27088607588859814 0.25814536336588639 38478.575000000004 0.93301270189221952 23002.84615384616 39027.365000000013 0.95297903005573359 0.075411471302971281 -0.5 0.0014535342998975684 0.78574730703237883 2777.0393656196543 43869.192307692319 44993.750000000007 483.01433582546895 0.21012658222621433 51514.000000000007 44726.950000000004 5946.253523432767 0.0050251573518178558 -5921.0250000000005 29138.000000000004 39451.375000000007 9829.5761284022901 44636.950000000004 11127.076923076924 35897.875000000007 1.0000000180025095e-35 -0.61559370248597534 16760.100000000002 8936.3000000000011
decision_type=2 2 2 2 2 2 2 2 2 2 2 2 2 2 2 2 2 2 2 2 2 2 2 2 2 2 2 2 2 2 2 2 2 2 2 2 2 2 2 2 2 2 2 2 2 2 2 2 2
left_child=7 -2 8 4 -4 9 -5 20 -3 12 -11 14 -6 -7 15 16 -10 -16 -19 -17 36 22 33 -24 -23 27 -27 29 32 30 -9 41 -25 34 35 -22 39 38 -35 40 43 42 -31 44 -1 48 -33 -39 -42
right_child=1 2 3 6 5 13 -8 25 11 10 -12 -13 -14 -15 17 19 -18 18 -20 -21 21 24 23 28 -26 26 -28 -29 -30 31 -32 46 -34 37 -36 -37 -38 47 -40 -41 45 -43 -44 -45 -46 -47 -48 -49 -50
leaf_value=-40.115616044148361 143.42717010498046 -53.386250017856035 107.37039260451859 153.47001389909494 15.458894164570166 104.74449029601443 48.481884057430818 -10.32560427106116 2.2296948825269789 56.686231190074572 19.28741658217784 35.398582877480521 -2.6609417940290063 42.059344724544808 -44.075423696417559 9.0073327719198666 -39.008115272813171 2.5955442143401806 -35.762587307043241 66.082213739074106 -14.540333073502881 -58.220179978047504 15.520008538428771 -31.428999739543045 -23.388043484604147 35.312804924217417 -3.3344813283960875 -25.488401102500386 5.018749081950542 3.1290241448921066 31.082287385865015 -11.903839818357508 -12.850378370583757 -15.770795147425401 2.794653387541818 -26.986551325725163 -45.301333222260354 -35.328433646586404 -25.047511336531819 -20.700986397726489 -36.207970575011586 7.3806203263266035 -11.612822770882914 -21.370769230707776 -25.730480217518153 -30.669401320072645 -23.47816765862542 -26.264000438933678 -43.823770812483858
leaf_weight=9.9999999999999982 10.999999999999998 13.999999999999998 10.999999999999998 10.000000000000002 150 10.000000000000002 12.999999999999998 12.000000000000002 305 23 122 18 123 11.999999999999998 17 11.000000000000002 12.999999999999998 52 17 9.9999999999999982 53 12.000000000000002 13.999999999999998 9.9999999999999982 17 11.000000000000002 13.999999999999998 9.9999999999999982 11.999999999999998 17 9.9999999999999982 13.000000000000002 128 37 9.9999999999999982 30 10.999999999999998 20 71 17 10.000000000000002 17 14.999999999999998 19 24 17 10.999999999999998 13.999999999999998 11.999999999999998
leaf_count=10 11 14 11 10 150 10 13 12 305 23 122 18 123 12 17 11 13 52 17 10 53 12 14 10 17 11 14 10 12 17 10 13 128 37 10 30 11 20 71 17 10 17 15 19 24 17 11 14 12
internal_value=0.0928331 12.5122 10.9502 22.3605 18.6564 16.4147 94.5958 -17.1618 -0.88677 13.5309 25.2546 0.784023 7.29702 70.8978 -0.689981 2.76228 0.53213 -14.2857 -6.89304 36.3704 -20.9847 -18.199 -16.7541 -10.2621 -37.952 -1.04285 13.7431 -4.57308 -12.6771 -2.34695 8.55151 -5.63867 -14.2185 -21.2785 -16.7149 -19.0661 -30.8969 -24.2534 -21.8869 -29.4031 -30.9868 0.0888248 -3.79577 -26.9955 -30.0667 -36.3279 -17.2843 -31.6841 -40.5417
internal_weight=1620 942 931 474 451 440 23 678 457 418 145 443 273 22 425 339 318 86 69 21 548 428 399 164 29 130 25 105 150 95 22 73 138 235 93 83 120 142 108 109 92 49 32 53 34 39 24 34 22
internal_count=1620 942 931 474 451 440 23 678 457 418 145 443 273 22 425 339 318 86 69 21 548 428 399 164 29 130 25 105 150 95 22 73 138 235 93 83 120 142 108 109 92 49 32 53 34 39 24 34 22
is_linear=0
shrinkage=0.03


Tree=126
num_leaves=62
num_cat=0
split_feature=13 12 6 24 24 17 27 15 16 14 11 24 8 19 19 4 3 22 16 9 8 16 22 20 19 7 19 16 12 0 15 24 16 17 0 16 9 22 16 6 16 14 16 16 7 0 12 20 22 22 22 20 22 12 11 8 22 15 16 7 0
split_gain=3.3385e+08 2.69931e+08 1.15882e+08 9.33502e+07 1.33859e+08 8.68767e+07 6.30503e+07 4.6177e+07 4.9176e+07 4.58739e+07 5.37891e+07 3.18269e+07 3.08214e+07 3.00346e+07 2.74117e+07 2.67748e+07 3.84584e+07 3.53956e+07 2.66874e+07 3.9959e+07 2.65044e+07 3.50735e+07 2.35477e+07 2.95823e+07 2.17623e+07 2.07975e+07 2.65877e+07 1.73289e+07 1.48549e+07 1.4444e+07 1.44127e+07 1.32785e+07 1.27854e+07 2.25067e+07 1.26502e+07 1.0897e+07 1.0799e+07 9.3041e+06 9.07834e+06 8.79036e+06 8.22693e+06 8.06036e+06 7.91369e+06 7.24649e+06 6.66259e+06 6.64878e+06 6.47322e+06 5.96195e+06 1.44481e+07 8.07611e+06 6.90444e+06 5.69282e+06 4.43269e+06 3.89548e+06 2.99182e+06 2.5784e+06 2.50464e+06 2.49411e+06 2.23299e+06 807686 442547
threshold=0.92888820113139203 1.0267857140995378 1.0000000180025095e-35 59559.375000000007 61134.575000000004 0.079999999986392706 1.0000000180025095e-35 2177.5000000000005 0.0049751551641986644 0.19209099601679602 0.81689655158605456 64045.625000000007 0.25000000000000017 59082.100000000006 75704.650000000009 45390.000000000007 47731.250000000007 5785.1100068371825 0.0037543201186628354 -0.060268340127661565 0.93301270189221952 0.0037543201186628354 18596.605127991981 55405.200000000004 48344.750000000007 -0.24999999999999997 52191.000000000007 0.0050505372572776661 0.95320563263891656 44169.125000000007 -5989.3749999999991 54494.375000000007 -0.078707565751361327 0.018910212594641086 37090.350000000006 0.0049889909738903846 0.78574730703237894 14532.56492422816 0.0051282388444369173 1.0000000180025095e-35 0.086956521739130502 0.23907455008184597 0.0049140049140049555 -0.075411471321695719 -0.6830127018922193 41670.725000000006 1.0694444441443742 101367.35000000002 8156.9189980174297 9078.4029334761308 22128.93582396377 49130.400000000001 2293.6757426164118 0.93467336660279754 0.84848484835942506 1.0000000180025095e-35 4845.1124055357977 -9129.6999999999989 0.0050251573518178558 -0.6830127018922193 36772.500000000007
decision_type=2 2 2 2 2 2 2 2 2 2 2 2 2 2 2 2 2 2 2 2 2 2 2 2 2 2 2 2 2 2 2 2 2 2 2 2 2 2 2 2 2 2 2 2 2 2 2 2 2 2 2 2 2 2 2 2 2 2 2 2 2
left_child=5 -2 14 6 -5 9 15 8 41 10 13 12 -6 30 25 16 24 -18 47 -20 28 52 23 -17 -4 26 35 32 53 42 39 38 -27 -34 -32 56 -21 -31 -29 57 45 -8 -9 -41 -13 46 -30 48 -16 -49 -50 -47 -22 60 -54 58 -3 -1 -55 -57 -11
right_child=1 2 3 4 11 -7 7 29 -10 20 -12 44 -14 -15 18 22 17 -19 19 36 21 -23 -24 -25 -26 27 -28 31 40 37 34 -33 33 -35 -36 -37 -38 -39 -40 43 -42 -43 -44 -45 -46 51 -48 49 50 -51 -52 -53 54 55 -56 59 -58 -59 -60 -61 -62
leaf_value=-25.083236269037766 165.36147840443223 -4.050235013932979 19.311945078065737 131.77458168888722 23.342144939886264 66.409106946378145 40.387313649982744 -21.788664830331577 95.678884446164403 -30.303886456015885 64.372014099725405 17.689702239083765 84.01799949121839 41.591837034319887 46.780260364171625 -1.8088892179155078 90.485187178507857 14.127960920097413 -56.350851188865867 29.4208117026471 -43.248962057887915 -79.384786240476998 27.61161828223695 -41.34818176603887 -7.0070948325336078 22.500906171988177 40.230958297090382 -30.549892586983773 9.2883873870609914 31.900150159013585 -13.713504112475622 -51.744045212204398 -4.0007254991847701 -49.790649130037522 31.594494233002532 20.001364387378356 -9.2389158794308504 8.9531089235223398 -4.8476351751283158 -3.9019124946697059 -35.846931479750879 17.300555405541864 11.193187436402299 -25.626221480660845 -16.768919904350053 -14.158767204669285 -10.84942674016378 12.599047371137255 -0.35432417357095192 47.089860112444953 25.386068965830699 -30.903068474817061 -30.088260833507267 -24.125457616104502 -10.031838094731594 -13.039254430556138 -20.542546056798987 -45.097172005530631 -34.04977744540286 -20.95045072748955 -38.15010452030841
leaf_weight=14.000000000000002 9.9999999999999982 33 55 14.999999999999998 18.000000000000004 10.999999999999998 50 13.000000000000002 13.999999999999998 14.999999999999998 9.9999999999999982 10.000000000000002 12.999999999999998 9.9999999999999982 10.999999999999998 53 10.000000000000002 11.999999999999998 10.999999999999998 14.000000000000002 9.9999999999999982 15.999999999999998 13.999999999999998 25 58 14.999999999999998 19 21 19 34 11.000000000000002 10.999999999999998 223 9.9999999999999982 10.999999999999998 17 11.999999999999998 30 30 37 14.999999999999998 19 12.999999999999998 22 9.9999999999999982 109 58 10.000000000000002 28 15.999999999999998 13.999999999999998 22 13.000000000000002 85 13.999999999999998 14.999999999999998 10.999999999999998 9.9999999999999982 28 64 19
leaf_count=14 10 33 55 15 18 11 50 13 14 15 10 10 13 10 11 53 10 12 11 14 10 16 14 25 58 15 19 21 19 34 11 11 223 10 11 17 12 30 30 37 15 19 13 22 10 109 58 10 28 16 14 22 13 85 14 15 11 10 28 64 19
internal_value=0.0902545 11.0671 9.4629 20.2551 53.2864 -16.8043 14.793 28.431 44.5598 -18.2745 -2.01075 29.9889 48.9753 -7.8341 -0.478205 4.39127 12.8929 49.0883 12.3187 -8.69143 -22.3231 -42.3827 -8.08434 -14.5185 5.80878 -4.28664 9.34265 -7.80577 -19.9463 13.5237 -12.5765 -21.9788 -4.25507 -5.98649 8.98081 -0.328342 11.6107 21.1745 -15.47 -18.2944 -14.4416 34.0644 -5.31792 -12.0322 0.462532 -12.8814 -5.87471 22.1574 16.3324 33.9234 8.26565 -16.9922 -26.2109 -25.3691 -19.7641 -23.684 -8.21061 -33.575 -26.6125 -19.4667 -34.7876
internal_weight=1620 982 972 466 66 638 400 173 83 627 125 51 31 115 506 227 135 22 116 37 502 53 92 78 113 390 80 310 449 90 105 62 248 233 22 61 26 64 51 83 223 69 26 59 20 208 77 79 53 26 42 131 37 226 27 192 44 24 113 79 34
internal_count=1620 982 972 466 66 638 400 173 83 627 125 51 31 115 506 227 135 22 116 37 502 53 92 78 113 390 80 310 449 90 105 62 248 233 22 61 26 64 51 83 223 69 26 59 20 208 77 79 53 26 42 131 37 226 27 192 44 24 113 79 34
is_linear=0
shrinkage=0.03


Tree=127
num_leaves=55
num_cat=0
split_feature=23 19 23 11 9 8 19 27 17 18 23 17 13 0 23 23 17 13 11 10 24 19 24 10 8 4 14 8 9 10 0 7 7 23 23 23 12 11 2 2 3 2 22 7 22 19 19 22 18 18 9 12 7 18
split_gain=3.43426e+08 1.98748e+08 1.23687e+08 1.00394e+08 5.88722e+07 4.52769e+07 4.13164e+07 3.53772e+07 3.51867e+07 3.28464e+07 2.75059e+07 4.29649e+07 3.98399e+07 2.74059e+07 4.52371e+07 3.40651e+07 2.42842e+07 2.39703e+07 2.11362e+07 1.86983e+07 1.50307e+07 1.3854e+07 1.27642e+07 1.2761e+07 1.18021e+07 1.14527e+07 1.18417e+07 1.09547e+07 8.45091e+06 8.19758e+06 7.88797e+06 7.78609e+06 1.66517e+07 8.4893e+06 5.5613e+06 4.89959e+06 4.80722e+06 4.20392e+06 4.43245e+06 3.51733e+06 4.39229e+06 3.88984e+06 2.67032e+06 2.5381e+06 5.42371e+06 2.35299e+06 2.19415e+06 2.10594e+06 1.63478e+06 1.5684e+06 1.54731e+06 1.42806e+06 1.61093e+06 1.40033e+06
threshold=46586.150000000009 33738.850000000006 74749.11923076924 0.86847999986376712 -0.95297903005573326 0.93301270189221952 39280.900000000001 1.0000000180025095e-35 0.075411471304537223 53973.05000000001 60896.976923076923 0.02117530354566587 0.93069306912077232 57366.875000000007 88931.030769230783 82097.876923076925 0.075479115460650545 0.8654237286649864 1.0559999998343521 0.8542199457734333 38478.575000000004 64774.000000000007 64045.625000000007 0.70581670320594814 0.93301270189221952 40974.750000000007 0.22962962958798439 0.6830127018922193 -0.29696027566504662 0.91023613416931248 38856.625000000007 -0.93301270189221919 -0.6830127018922193 42346.392307692317 57199.780769230776 54511.973076923088 1.1372222219125194 1.0594059403832208 66000.000000000015 44575.875000000007 47613.750000000007 47087.500000000007 5946.253523432767 1.0000000180025095e-35 2673.6846364669877 41526.250000000007 33738.850000000006 9532.6702392357183 17199.600000000002 42346.55000000001 -0.88545602565320969 0.93506493482205955 0.68301270189221941 11812.000000000002
decision_type=2 2 2 2 2 2 2 2 2 2 2 2 2 2 2 2 2 2 2 2 2 2 2 2 2 2 2 2 2 2 2 2 2 2 2 2 2 2 2 2 2 2 2 2 2 2 2 2 2 2 2 2 2 2
left_child=6 -2 5 -4 -5 8 20 19 10 34 11 21 -12 15 -15 -9 -10 35 -14 23 42 -3 -21 -6 25 26 30 -19 -26 37 -22 47 33 -33 36 -18 -7 38 -27 -34 41 45 48 44 -28 -41 -45 -8 50 -36 -1 52 -52 -53
right_child=1 2 3 4 7 9 31 13 16 -11 12 -13 18 14 -16 -17 17 27 -20 22 24 -23 -24 -25 28 29 43 -29 -30 -31 -32 32 39 -35 49 -37 -38 -39 -40 40 -42 -43 -44 46 -46 -47 -48 -49 -50 -51 51 53 -54 -55
leaf_value=-19.590042744088677 138.00371755239124 2.5530574503932142 104.54010152450461 79.487868563255162 3.561663571061759 -35.301244032453766 -8.7930248129130959 31.859605598888177 57.759374405816693 -62.12598771189915 66.704334337389142 -63.275773940888968 4.9062104924747967 85.712979259364658 28.362969694695355 -20.872242386902812 -26.49380363539893 34.092346252000247 32.319397631773015 -36.43463816055398 -9.4202789639010263 -14.899989516807914 7.201579030858408 43.312373317303042 -54.84912461462099 -21.476678822023665 3.7938702215542448 8.8585959593586896 -21.81512124312551 2.3661078643798827 24.859057477736314 6.9121760306173909 -19.396232816972805 38.046536994284779 8.92397760545885 2.4250059138117606 -8.0675409325132978 -2.2589268228830384 -7.1072797003289523 7.4397306717976468 -18.386591007453351 13.325616345321921 -43.427687130489865 -27.599510932568677 -20.154604393621405 -10.176369427595091 -11.271939537351495 -26.608881570041767 -17.487541166116262 -5.5575595092773433 -36.408918422236859 -17.357517203993464 -25.082601029245474 -32.560679327332146
leaf_weight=13.999999999999998 10.999999999999998 246 14.999999999999998 15.999999999999998 26 10.000000000000002 15.000000000000002 26 14.999999999999998 12.999999999999998 10.999999999999998 9.9999999999999982 195 14.999999999999998 70 19 10.000000000000002 44 29 15.000000000000002 10.000000000000002 49 9.9999999999999982 9.9999999999999982 12.000000000000002 261 18 24 17 15.999999999999998 14.999999999999998 18 12.999999999999998 13.999999999999998 11.000000000000002 10.999999999999998 13.999999999999998 11.999999999999998 21 10.000000000000002 11.999999999999998 17 10.999999999999998 15.000000000000002 15.999999999999998 21 14.999999999999998 9.9999999999999982 12.999999999999998 17 42 13.000000000000002 17 9.9999999999999982
leaf_count=14 11 246 15 16 26 10 15 26 15 13 11 10 195 15 70 19 10 44 29 15 10 49 10 10 12 261 18 24 17 16 15 18 13 14 11 11 14 12 21 10 12 17 11 15 16 21 15 10 13 17 42 13 17 10
internal_value=0.0882644 11.8062 10.3005 29.8366 24.3754 4.18007 -16.1918 19.7194 6.58938 -19.664 3.51 -2.43319 11.2213 28.5579 38.5724 9.59807 22.5597 16.569 8.46809 0.867272 -19.7982 -0.34998 -19.0209 14.693 -17.1596 -15.8089 -6.31375 25.2124 -35.626 -18.532 11.1643 -0.98569 2.60025 20.6096 -8.94964 -11.406 -19.5144 -19.6697 -20.4095 -5.31163 -2.23273 1.83551 -29.1869 -13.1479 -7.50197 -4.48801 -19.5004 -15.9971 -27.7112 0.143021 -29.076 -30.6697 -33.1934 -24.0801
internal_weight=1620 942 931 222 207 709 678 191 644 65 540 305 235 130 85 45 104 89 224 61 548 295 25 36 428 399 89 68 29 310 25 130 105 32 52 21 24 294 282 73 60 48 120 64 34 31 30 25 109 28 96 82 59 23
internal_count=1620 942 931 222 207 709 678 191 644 65 540 305 235 130 85 45 104 89 224 61 548 295 25 36 428 399 89 68 29 310 25 130 105 32 52 21 24 294 282 73 60 48 120 64 34 31 30 25 109 28 96 82 59 23
is_linear=0
shrinkage=0.03


Tree=128
num_leaves=52
num_cat=0
split_feature=23 19 6 20 23 8 20 19 22 16 12 16 9 0 22 22 23 20 18 0 24 8 22 23 24 2 9 17 9 3 17 11 9 22 23 3 14 0 17 22 16 16 18 9 12 18 22 19 9 16 18
split_gain=3.23202e+08 1.87112e+08 1.19793e+08 1.25431e+08 6.64026e+07 4.13654e+07 3.93301e+07 3.88808e+07 3.31013e+07 1.13291e+08 7.616e+07 3.87079e+07 2.8752e+07 2.81033e+07 2.30067e+07 1.90416e+07 1.82219e+07 1.80359e+07 1.69762e+07 1.58818e+07 1.41516e+07 1.11132e+07 1.11002e+07 1.06759e+07 1.04074e+07 1.0176e+07 7.95633e+06 6.61493e+06 1.12138e+07 5.95209e+06 5.01653e+06 4.06793e+06 4.30779e+06 3.42477e+06 9.82855e+06 4.85558e+06 3.10099e+06 4.38758e+06 3.26332e+06 2.51508e+06 2.4488e+06 2.14277e+06 1.53816e+06 1.4558e+06 1.34253e+06 1.31859e+06 1.30688e+06 1.78044e+06 1.1428e+06 639845 566291
threshold=46586.150000000009 33738.850000000006 1.0000000180025095e-35 109046.05000000002 101415.65000000001 0.25000000000000017 44507.650000000001 39280.900000000001 2386.4287379632869 0.0049140049140049555 1.0578517921571582 -1.0000000180025095e-35 -0.46472317204376817 57604.375000000007 18596.605127991981 10834.934566728369 80540.469230769246 89710.050000000017 66358.60000000002 54834.375000000007 38478.575000000004 0.93301270189221952 1776.4495160311678 23002.84615384616 39027.365000000013 46989.750000000007 -0.29696027566504662 0.075411471302971281 -0.66312265824079519 59043.125000000007 0.0014535342998975684 0.80274509788022386 -0.61559370248597534 2777.0393656196543 43869.192307692319 44993.750000000007 0.21012658222621433 51514.000000000007 0.079999999983787221 5946.253523432767 0.0050251573518178558 0.0049140049140049555 17199.600000000002 -0.88545602565320969 0.93506493482205955 11812.000000000002 9829.5761284022901 44636.950000000004 0.8542199457734333 0.0049505253806327873 17322.450000000004
decision_type=2 2 2 2 2 2 2 2 2 2 2 2 2 2 2 2 2 2 2 2 2 2 2 2 2 2 2 2 2 2 2 2 2 2 2 2 2 2 2 2 2 2 2 2 2 2 2 2 2 2 2
left_child=7 -2 6 4 8 -6 -3 20 9 10 -4 15 -8 19 -13 -10 22 -18 -11 25 39 23 -15 36 -25 -14 -23 30 -29 -21 33 -26 -33 34 -9 46 37 38 -22 42 41 -38 43 -1 48 -46 47 -35 -45 -37 -42
right_child=1 2 3 -5 5 -7 12 27 11 18 -12 14 13 16 -16 -17 17 -19 -20 29 21 26 -24 24 31 -27 -28 28 -30 -31 -32 32 -34 35 -36 49 40 -39 -40 -41 50 -43 -44 44 45 -47 -48 -49 -50 -51 -52
leaf_value=-19.006509915615649 133.90090416160788 -50.292773142063872 75.44323618708431 95.88181917440204 27.425883905541799 104.79048990549136 -43.180624659880429 -10.050437690167385 49.32168866129016 63.754632883640298 -13.857651477648517 2.6301236718741698 -9.9139862444125306 25.924419556674579 26.147895282563709 16.484327173988138 63.244010807452824 18.792976060347126 115.16183963737866 -26.237606959833162 -14.799299257417211 -53.21724986178814 -3.4893001803458339 15.208144115691489 2.5211171708195845 3.3855764867897169 -21.164494936759009 -8.0094850943699338 32.079288723778177 -0.66034069164379228 -24.362667411577583 -25.931380612341712 -11.131116550961604 3.2472524047316167 30.050385813382594 -11.982701351084604 -21.615031297219549 3.5986835226682157 -31.195782228426165 -42.136593778455584 -34.859503920373839 -8.9450008603359787 -16.966919797941017 -34.477555900788872 -16.84076678676459 -31.593530019627938 6.8731193314937116 -10.89373430871016 -23.942385843291536 -22.09975158691406 -26.132715280109938
leaf_weight=13.999999999999998 10.999999999999998 13.999999999999998 10.999999999999998 19 13.000000000000002 11.999999999999998 12.999999999999998 12.000000000000002 30 15.000000000000002 38 248 70 14.999999999999998 44 34 9.9999999999999982 45 9.9999999999999982 32 70 12.000000000000002 49 13.999999999999998 15.999999999999998 198 17 12.000000000000002 12.999999999999998 10.999999999999998 9.9999999999999982 21 113 17 9.9999999999999982 14.000000000000002 94 9.9999999999999982 12.999999999999998 10.999999999999998 11.999999999999998 13.999999999999998 12.999999999999998 46 13.000000000000002 9.9999999999999982 17 14.999999999999998 12.999999999999998 9.9999999999999982 22
leaf_count=14 11 14 11 19 13 12 13 12 30 15 38 248 70 15 44 34 10 45 10 32 70 12 49 14 16 198 17 12 13 11 10 21 113 17 10 14 94 10 13 11 12 14 13 46 13 10 17 15 13 10 22
internal_value=0.0858254 11.4535 9.99254 20.5573 17.3915 64.8306 -0.96736 -15.7076 14.619 32.8647 6.30225 10.8182 0.602449 1.93586 6.18165 31.9298 14.328 26.9751 84.6945 -2.8089 -19.2061 -16.6459 3.43418 -15.3351 -9.45188 -0.0905809 -34.5651 -0.956526 12.8813 -19.7114 -4.2604 -11.7621 -13.4682 -2.12095 8.23057 -5.24761 -19.4351 -15.1423 -17.4019 -28.3161 -22.2339 -19.9824 -26.884 -28.2078 -29.7537 -23.3641 0.174399 -3.39453 -32.2007 -16.2725 -29.306
internal_weight=1620 942 931 474 455 25 457 678 430 74 49 356 443 430 292 64 119 55 25 311 548 428 64 399 164 268 29 130 25 43 105 150 134 95 22 73 235 93 83 120 142 108 109 96 82 23 49 32 59 24 34
internal_count=1620 942 931 474 455 25 457 678 430 74 49 356 443 430 292 64 119 55 25 311 548 428 64 399 164 268 29 130 25 43 105 150 134 95 22 73 235 93 83 120 142 108 109 96 82 23 49 32 59 24 34
is_linear=0
shrinkage=0.03


Tree=129
num_leaves=62
num_cat=0
split_feature=23 14 10 6 24 0 21 7 20 19 7 22 27 8 22 19 22 22 24 15 10 7 18 10 23 18 21 7 19 10 24 18 22 8 4 14 10 27 10 0 10 7 7 20 11 4 21 10 13 19 21 7 22 19 22 15 6 20 12 15 21
split_gain=3.04194e+08 1.81038e+08 2.79147e+08 1.00393e+08 1.09314e+08 1.18205e+08 6.98254e+07 4.20605e+07 4.12585e+07 3.89821e+07 5.12281e+07 8.26654e+07 3.80431e+07 4.09313e+07 5.24402e+07 3.65908e+07 3.30721e+07 3.27807e+07 3.25443e+07 3.19197e+07 3.17196e+07 3.08842e+07 5.54797e+07 2.95105e+07 2.28937e+07 2.07173e+07 2.05185e+07 1.4281e+07 1.40264e+07 1.356e+07 1.33223e+07 1.32155e+07 1.15509e+07 1.04637e+07 1.01939e+07 1.08745e+07 9.52909e+06 8.33052e+06 7.63151e+06 7.59416e+06 7.49069e+06 7.16189e+06 1.5393e+07 8.32042e+06 3.86091e+06 4.06582e+06 3.16953e+06 5.26113e+06 3.45482e+06 2.44345e+06 2.36888e+06 2.35531e+06 5.06164e+06 2.0667e+06 1.91198e+06 1.464e+06 2.21375e+06 3.16648e+06 645549 642428 616518
threshold=46586.150000000009 0.17388612090385749 0.91023613416931248 1.0000000180025095e-35 57604.375000000007 58895.625000000007 105242.65000000002 -0.24999999999999997 45079.750000000007 64348.700000000004 -0.93301270189221919 5019.7633581603322 1.0000000180025095e-35 0.6830127018922193 3074.2507273311589 39280.900000000001 2673.6846364669877 16839.402744777424 52155.750000000007 2210.0000000000005 0.12053668025532312 0.68301270189221941 81692.800000000017 -0.35460488704253562 90862.826923076937 57309.350000000006 69519.050000000017 -0.93301270189221919 68445.250000000015 0.12053668025532312 38478.575000000004 100615.55 15109.288661150951 0.93301270189221952 40974.750000000007 0.22962962958798439 -0.95297903005573326 1.0000000180025095e-35 0.91023613416931248 38856.625000000007 0.95297903005573359 -0.93301270189221919 -0.6830127018922193 36095.900000000009 1.0594059403832208 58500.000000000007 43684.500000000007 -0.70581670320594803 0.91666666645373474 41380.850000000006 30881.712500000005 1.0000000180025095e-35 2673.6846364669877 33738.850000000006 9532.6702392357183 -5600.0833333333348 1.0000000180025095e-35 8135.3000000000011 0.93506493482205955 -5667.2916666666633 13408.137500000003
decision_type=2 2 2 2 2 2 2 2 2 2 2 2 2 2 2 2 2 2 2 2 2 2 2 2 2 2 2 2 2 2 2 2 2 2 2 2 2 2 2 2 2 2 2 2 2 2 2 2 2 2 2 2 2 2 2 2 2 2 2 2 2
left_child=15 2 -2 7 12 6 -6 16 -9 -7 -11 -12 13 14 20 30 -3 18 -15 25 -5 22 24 -23 -10 -14 -25 -16 29 -21 50 -27 -30 34 35 39 37 -18 44 -32 -35 54 43 -43 45 -36 47 49 -48 -44 55 52 -37 -53 -17 56 58 -58 59 -1 -59
right_child=1 3 -4 4 5 9 -8 8 21 10 11 -13 19 17 27 41 36 -19 -20 28 -22 23 -24 26 -26 31 -28 -29 32 -31 33 -33 -34 40 38 51 -38 -39 -40 -41 -42 42 46 -45 -46 -47 48 -49 -50 -51 -52 53 -54 -55 -56 -57 57 60 -60 -61 -62
leaf_value=-37.637130124060469 -6.500817928829707 67.679876178709932 211.87670126735571 18.431007843726913 157.15766011418521 -12.072010105196281 59.791542157624896 -51.380027891360449 -9.0913986924343231 -5.6252625890363719 130.92561716816215 32.311338384040049 73.122636779180851 -14.687993323445994 -18.621924822223715 -8.4601514849125916 4.6339250195716053 21.689364785884621 -73.496609167722198 -4.0471277138527393 87.461381079303322 46.092145033178859 -69.57602217812574 -6.131270914509737 25.391734335534856 22.576985347061058 16.600742451719295 9.4337274499054491 -38.187714698715951 36.913443924859664 -9.3660901694722671 53.40019495578791 4.547886523181246 -51.633926053638291 -20.274065111839921 3.8818028798814632 -6.8578039105338311 39.277203138511595 2.7159440053619952 24.268114892820645 -20.533272924590527 5.396795524463319 9.2783268861512855 36.035617565129769 -1.8605443301870803 -6.5138948314901768 17.044756135090736 -22.430033286078856 -5.3417155059672288 -8.6007254000921929 -40.883884487667594 -26.445287436175814 -19.252710730511204 -10.604298630265998 -25.43704110627127 -16.806110216505985 -32.529888980263159 -12.290767934698803 -26.025948219551946 -28.758225045109413 -21.849359164096338
leaf_weight=20.999999999999993 11.000000000000002 11.999999999999998 9.9999999999999982 12.000000000000002 11.000000000000002 18 17 15.999999999999998 187 17 9.9999999999999982 32 9.9999999999999982 53 20 15.000000000000002 11.999999999999996 18 9.9999999999999982 14.000000000000002 11.999999999999998 15.999999999999998 12.999999999999998 86 19 76 61 87 10.000000000000002 14.999999999999998 10.000000000000002 14.999999999999998 12.999999999999998 12.000000000000002 261 18 16.000000000000004 13 15.999999999999998 14.999999999999998 17 17 11.000000000000002 14.999999999999998 11.999999999999998 21 10.000000000000002 18 15.999999999999998 18 10.999999999999998 15.000000000000002 15.999999999999998 14.999999999999998 9.9999999999999982 13.999999999999998 17 17.000000000000004 14.999999999999998 15.000000000000005 9.9999999999999982
leaf_count=21 11 12 10 12 11 18 17 16 187 17 10 32 10 53 20 15 12 18 10 14 12 16 13 86 19 76 61 87 10 15 10 15 13 12 261 18 16 13 16 15 17 17 11 15 12 21 10 18 16 18 11 15 16 15 10 14 17 17 15 15 10
internal_value=0.0837074 11.1121 97.9996 9.12048 18.8214 45.7825 98.4658 -0.991072 -4.33609 26.522 38.297 56.0462 11.0551 2.82416 13.1859 -15.2382 24.0889 -13.9294 -24.1244 22.4507 53.166 -2.35272 -9.71002 7.53211 -5.90012 32.2749 3.30659 4.17716 3.3437 17.1933 -18.6322 27.7108 -14.1176 -16.1481 -14.8762 -5.91817 11.1969 22.7333 -17.4453 10.8306 -33.5358 -0.92818 2.511 19.8264 -18.5431 -19.2521 -5.09599 -9.73816 3.30067 -1.81033 -27.4712 -12.4674 -7.02947 -18.5864 -15.3253 -26.0814 -27.4291 -22.3836 -31.7298 -34.0276 -15.8987
internal_weight=1620 942 21 921 470 105 28 451 398 77 59 42 365 212 131 678 53 81 63 153 24 382 219 163 206 101 147 107 52 29 548 91 23 428 399 89 41 25 310 25 29 130 105 32 294 282 73 47 26 29 120 64 34 30 25 109 95 44 51 36 27
internal_count=1620 942 21 921 470 105 28 451 398 77 59 42 365 212 131 678 53 81 63 153 24 382 219 163 206 101 147 107 52 29 548 91 23 428 399 89 41 25 310 25 29 130 105 32 294 282 73 47 26 29 120 64 34 30 25 109 95 44 51 36 27
is_linear=0
shrinkage=0.03


Tree=130
num_leaves=61
num_cat=0
split_feature=23 19 23 14 7 7 20 8 18 16 19 13 12 18 10 18 23 10 9 9 10 8 8 6 20 17 14 24 19 11 8 23 24 9 7 7 20 8 17 2 21 21 2 3 2 14 0 17 20 16 21 16 16 1 7 20 7 9 20 20
split_gain=2.86309e+08 1.71762e+08 1.06549e+08 9.74503e+07 5.87458e+07 7.48564e+07 5.68333e+07 4.48331e+07 3.9133e+07 3.72145e+07 3.44358e+07 2.94933e+07 3.25513e+07 2.31143e+07 2.45768e+07 2.16319e+07 2.08871e+07 1.8732e+07 3.1022e+07 3.53417e+07 1.98128e+07 2.43058e+07 2.23195e+07 1.81118e+07 1.39386e+07 1.32623e+07 2.22958e+07 1.25452e+07 1.18054e+07 1.06626e+07 9.85288e+06 9.49412e+06 9.61449e+06 7.0523e+06 6.74248e+06 1.44884e+07 7.83195e+06 3.95601e+06 8.73185e+06 5.45398e+06 3.56225e+06 6.40291e+06 3.25175e+06 3.92538e+06 3.52266e+06 2.84164e+06 4.07177e+06 3.10738e+06 2.69744e+06 2.3082e+06 2.23084e+06 2.01161e+06 1.70682e+06 1.39549e+06 1.8135e+06 2.61854e+06 1.78621e+06 940423 560310 543676
threshold=46586.150000000009 33738.850000000006 70608.661538461558 0.19209099601679602 -0.6830127018922193 -0.93301270189221919 77666.550000000003 0.93301270189221952 53973.05000000001 -0.075399971249820216 39280.900000000001 0.9829059827387997 1.1160714283701159 98091.500000000015 0.8542199457734333 51612.650000000009 77587.769230769249 0.12053668025532312 -0.98182534576205283 0.78574730703237894 -0.70581670320594803 -0.9330127018922193 -0.68301270189221952 1.0000000180025095e-35 61602.30000000001 0.079999999983956085 0.20451705158070699 38478.575000000004 59082.100000000006 0.94392523346930191 0.93301270189221952 23002.84615384616 39027.365000000013 -0.29696027566504662 -0.93301270189221919 -0.6830127018922193 36095.900000000009 0.25000000000000017 0.0010234886395476695 51256.875000000007 47172.125000000007 51781.162500000013 44575.875000000007 47613.750000000007 47087.500000000007 0.21012658222621433 51514.000000000007 0.079999999983787221 50188.150000000009 0.0050251573518178558 30881.712500000005 0.0049140049140049555 0.0049505253806327873 29138.000000000004 -0.24999999999999997 7752.5000000000009 0.68301270189221941 -0.88545602565320969 10943.050000000001 16760.100000000002
decision_type=2 2 2 2 2 2 2 2 2 2 2 2 2 2 2 2 2 2 2 2 2 2 2 2 2 2 2 2 2 2 2 2 2 2 2 2 2 2 2 2 2 2 2 2 2 2 2 2 2 2 2 2 2 2 2 2 2 2 2 2
left_child=10 -2 7 -4 5 -5 29 9 40 15 27 13 23 14 -6 24 -14 20 -19 -20 21 -11 -22 -13 -3 26 -17 50 -27 -7 31 45 -33 -32 52 36 -36 39 -39 -34 -9 -42 -37 44 48 46 47 -29 -44 51 53 -47 -12 54 55 -1 58 -57 -56 -51
right_child=1 2 3 4 11 6 -8 8 -10 17 34 12 16 -15 -16 25 -18 18 19 -21 22 -23 -24 -25 -26 28 -28 30 -30 -31 33 32 37 -35 35 42 -38 38 -40 -41 41 -43 43 -45 -46 49 -48 -49 -50 59 -52 -53 -54 -55 56 57 -58 -59 -60 -61
leaf_value=-35.766966492303531 128.09862964836327 23.144201666342237 111.53493575637405 -9.8731302508928902 24.143065858818147 28.110919976485395 117.37498696185173 -20.690347341121228 -74.012329695418074 -11.256696583329985 -8.3793169344971492 22.86006892069555 22.631508128863711 -46.022808448111654 -19.785057691239629 80.023714039700067 -4.140778235703884 57.734600104254646 -1.7960969668435336 26.753354865513092 -33.842905888676221 15.96629080548211 -4.6574755709289617 55.114028018123314 -24.398681595261031 41.254612842316313 22.058006235548287 -13.827309791466991 3.5789177338973333 65.274431855383 -50.097708851207379 14.819019022190822 -9.4858278232053284 -19.920877433910704 5.2358385628148119 -18.485795945029221 34.961708197183171 -14.942399606202772 18.36023165111699 -23.664936059856693 15.19873931733688 -16.096734116736876 -11.165886478623792 -17.254692036021837 12.796461671528061 -20.372854412496409 3.8622171281115851 -29.821420858252139 6.9440579147969395 -31.165916839144124 -39.668417818224107 -8.1039228772102518 -24.425399231863494 -17.211640459027205 -40.037302298038561 -10.825164770177896 -22.786086886221899 -21.656008493002354 -31.022199621367868 -22.896051152006109
leaf_weight=9.9999999999999982 10.999999999999998 11.000000000000002 10.999999999999998 14.999999999999998 25 17.000000000000004 13.999999999999998 18 10.999999999999998 46 15.000000000000002 36 55 9.9999999999999982 21 12.000000000000002 50 10.999999999999998 140 54 28 82 147 28 10.999999999999998 14.000000000000002 11.999999999999998 70 15.999999999999998 11.999999999999998 12.000000000000002 13.999999999999998 87 17 17 12.999999999999998 14.999999999999998 17.000000000000004 11.999999999999998 34 10.000000000000002 13.999999999999998 19.000000000000004 11.999999999999998 17 94 9.9999999999999982 12.999999999999998 11.999999999999998 20 10.999999999999998 13.999999999999998 9.9999999999999982 17 14.000000000000002 10.999999999999995 17 23.000000000000004 17 13.999999999999998
leaf_count=10 11 11 11 15 25 17 14 18 11 46 15 36 55 10 21 12 50 11 140 54 28 82 147 28 11 14 12 70 16 12 12 14 87 17 17 13 15 17 12 34 10 14 19 12 17 94 10 13 12 20 11 14 10 17 14 11 17 23 17 14
internal_value=0.0820255 10.7813 9.38151 24.3171 20.8888 47.787 67.8773 2.48542 -23.9076 4.88436 -14.7827 13.9369 20.1863 -4.92521 4.08944 24.4492 9.89096 1.9531 8.95455 6.16033 -2.78523 6.18186 -9.34382 37.0352 -0.629942 34.649 51.2528 -18.0751 21.2397 43.6605 -15.6646 -14.4304 -8.88238 -32.5372 -0.900393 2.43657 19.2354 -11.1029 -1.14616 -13.4863 -10.6402 -3.04787 -4.94352 -1.98344 1.86225 -18.2968 -14.1885 -16.3653 -4.1557 -20.9756 -26.6525 -18.7914 -14.8696 -25.3038 -26.7787 -22.26 -30.866 -18.194 -35.2093 -27.8379
internal_weight=1620 942 931 294 283 58 43 637 53 584 678 225 169 56 46 76 105 508 205 194 303 128 175 64 22 54 24 548 30 29 428 399 164 29 130 105 32 150 29 121 42 24 73 60 48 235 93 83 31 142 120 108 25 109 92 44 48 34 31 34
internal_count=1620 942 931 294 283 58 43 637 53 584 678 225 169 56 46 76 105 508 205 194 303 128 175 64 22 54 24 548 30 29 428 399 164 29 130 105 32 150 29 121 42 24 73 60 48 235 93 83 31 142 120 108 25 109 92 44 48 34 31 34
is_linear=0
shrinkage=0.03


Tree=131
num_leaves=58
num_cat=0
split_feature=13 12 1 3 11 17 7 21 7 14 21 1 10 19 1 3 14 21 20 8 16 9 21 19 19 21 21 20 24 3 3 16 12 21 21 13 7 16 9 8 20 24 20 10 12 21 10 21 10 7 19 9 11 21 10 15 14
split_gain=2.56075e+08 2.26716e+08 8.36819e+07 1.21021e+08 7.29421e+07 7.19398e+07 6.51163e+07 6.19698e+07 5.28773e+07 3.67072e+07 4.45723e+07 3.64213e+07 3.43063e+07 2.77447e+07 2.75578e+07 2.69135e+07 3.43554e+07 2.38822e+07 2.19643e+07 2.15986e+07 2.9509e+07 2.06304e+07 1.55574e+07 1.50018e+07 1.49785e+07 1.47853e+07 1.28812e+07 1.21985e+07 1.57559e+07 1.22339e+07 1.21404e+07 1.18547e+07 1.08244e+07 9.73798e+06 2.2217e+07 1.5813e+07 8.9173e+06 1.75864e+07 1.05949e+07 8.66723e+06 1.01635e+07 7.0709e+06 9.82295e+06 5.73479e+06 5.45118e+06 4.67509e+06 4.18663e+06 3.93179e+06 3.70084e+06 3.29605e+06 3.27725e+06 3.13729e+06 4.01831e+06 2.34008e+06 2.52863e+06 1.49191e+06 1.4379e+06
threshold=0.92888820113139203 1.0267857140995378 42920.000000000007 54696.875000000007 0.87850467273699395 0.079999999986392706 -0.24999999999999997 89578.10000000002 -0.93301270189221919 0.19209099601679602 42173.025000000009 41550.000000000007 0.74851074817110097 76360.200000000012 33323.000000000007 52530.000000000007 0.25063291133513876 105242.65000000002 117473.20000000001 0.93301270189221952 0.0037543201186628354 1.0000000180025095e-35 55839.462500000009 90719.950000000012 59514.000000000007 54083.125000000007 56634.912499999999 53487.80000000001 44503.850000000006 39433.875000000007 58601.875000000007 0.0048899755501222728 1.0595238092715407 73333.637500000026 69242.625000000015 0.93069306912624761 0.68301270189221941 0.0037543201186628354 0.91023613416931248 -0.68301270189221952 19984.050000000007 52316.875000000007 49240.350000000013 -0.060268340127661524 1.0632911389685982 45449.325000000012 1.0000000180025095e-35 97092.762500000012 0.5163939593874618 0.68301270189221941 15189.1 1.0000000180025095e-35 0.84848484835942506 45281.237500000003 0.23931566428755774 -6333.3333333333312 0.21410579340463037
decision_type=2 2 2 2 2 2 2 2 2 2 2 2 2 2 2 2 2 2 2 2 2 2 2 2 2 2 2 2 2 2 2 2 2 2 2 2 2 2 2 2 2 2 2 2 2 2 2 2 2 2 2 2 2 2 2 2 2
left_child=5 -2 4 7 23 9 8 -4 -5 10 39 14 26 30 27 16 -16 -15 36 32 51 -14 -17 31 25 -12 43 29 -29 -6 -10 33 41 34 -3 -35 37 -8 -38 -1 48 42 46 -13 53 49 -11 -20 50 -46 -41 52 -21 -34 -55 -43 -57
right_child=1 2 3 6 11 -7 18 -9 13 19 24 12 21 17 15 22 -18 -19 47 20 -22 -23 -24 -25 -26 -27 -28 28 -30 -31 -32 -33 44 35 -36 -37 38 -39 -40 40 -42 55 -44 -45 45 -47 -48 -49 -50 -51 -52 -53 -54 54 -56 56 -58
leaf_value=-32.418703067210501 151.09815208812753 21.942653815356646 143.99992215298184 -10.269363407913925 7.231506591263706 61.005117113268057 -1.2758304244172787 45.987102407901851 54.47287116798195 -24.252502839520115 29.002501790910486 -22.083827190248982 -21.847968565308214 90.121848347981754 28.311889224535218 9.3648255505478151 4.8446484509888057 42.46485667129447 43.711248797426116 -28.621305405637042 -71.720385734605486 -82.933098204962093 -26.085041709614689 -7.0707631585149491 53.892758937526402 -14.562318993645745 12.838593286843821 -11.650107493013948 -52.918217078482755 -13.069347703694802 17.467217198008115 59.306276421665167 11.890025647653115 -12.899991465166575 66.481911789914392 36.701819789474072 29.764722808954367 -36.522848146672828 -4.2972048708540278 -18.608595457226816 11.799444456396634 -1.1719117260767409 -47.770002213106814 -0.18365049248499588 -13.71496177813974 -31.045278958407316 -16.452850852733679 16.896575009185486 -28.045073474606141 2.8110021832881085 -0.20140021851344136 -37.295875582553371 -5.4464156690990659 -14.991073202184722 5.7655122768288791 -6.3053785330789127 -17.572019878365527
leaf_weight=18 9.9999999999999982 36 10.000000000000002 19 60 10.999999999999998 50 13.999999999999998 10.999999999999998 153 19.000000000000004 38 10.000000000000002 17 72 17 254 22 10.000000000000002 14.000000000000002 15.999999999999998 9.9999999999999982 32 9.9999999999999982 10.999999999999998 10.999999999999998 19 48 9.9999999999999982 48 29 11.999999999999998 10.999999999999998 12.000000000000002 13.999999999999998 10.999999999999998 12.999999999999998 17 22 19 15.999999999999998 11.999999999999998 12.999999999999998 14.999999999999998 65 11.999999999999998 106 9.9999999999999982 14.999999999999998 12.999999999999998 15.999999999999998 9.9999999999999982 12.999999999999998 11.000000000000002 9.9999999999999982 17 26
leaf_count=18 10 36 10 19 60 11 50 14 11 153 19 38 10 17 72 17 254 22 10 14 16 10 32 10 11 11 19 48 10 48 29 12 11 12 14 11 13 17 22 19 16 12 13 15 65 12 106 10 15 13 16 10 13 11 10 17 26
internal_value=0.0798386 9.69345 8.22327 23.4241 3.12598 -14.7165 16.4243 87.254 34.6214 -16.0545 -1.50633 -0.554399 -17.994 45.4173 2.41407 6.91849 10.0347 63.4159 1.79055 -19.676 -37.7835 -52.6513 -13.792 27.6238 24.1001 13.0333 -8.30721 -7.7596 -18.8442 -1.79481 27.7543 31.709 -17.5306 27.0975 34.5215 10.8787 -3.85419 -10.2603 8.40304 -14.0186 -8.95884 -20.3765 -22.3613 -15.8977 -9.89234 -13.67 -21.068 30.4548 -15.6118 -10.9605 -10.2185 -22.9543 -17.5244 0.741746 -5.12636 -10.5379 -13.1428
internal_weight=1620 982 972 244 728 638 220 24 98 627 125 633 92 79 541 375 326 39 122 502 53 20 49 95 41 30 72 166 58 108 40 85 449 73 50 23 102 67 35 84 66 327 272 53 122 90 259 20 50 78 35 37 27 32 21 55 43
internal_count=1620 982 972 244 728 638 220 24 98 627 125 633 92 79 541 375 326 39 122 502 53 20 49 95 41 30 72 166 58 108 40 85 449 73 50 23 102 67 35 84 66 327 272 53 122 90 259 20 50 78 35 37 27 32 21 55 43
is_linear=0
shrinkage=0.03


Tree=132
num_leaves=63
num_cat=0
split_feature=23 14 10 1 16 3 10 27 10 3 16 23 20 19 10 19 21 10 3 10 17 4 3 10 23 23 17 10 7 16 7 24 20 20 23 21 8 4 14 0 10 10 7 7 20 20 7 3 21 10 13 21 19 7 16 19 16 1 7 20 7 19
split_gain=2.54643e+08 1.62914e+08 2.56124e+08 9.58006e+07 1.08599e+08 8.47897e+07 4.85148e+07 6.37414e+07 4.65537e+07 4.23637e+07 4.21956e+07 4.00323e+07 3.67972e+07 3.12272e+07 3.10169e+07 3.0622e+07 2.70982e+07 2.28971e+07 1.97652e+07 2.04886e+07 1.91393e+07 1.74038e+07 2.95869e+07 1.6099e+07 1.55214e+07 1.54913e+07 1.47126e+07 1.26767e+07 1.20133e+07 2.2983e+07 1.20771e+07 1.14282e+07 1.1159e+07 1.08135e+07 1.01929e+07 9.6065e+06 8.56625e+06 8.32002e+06 9.3778e+06 7.2081e+06 6.9064e+06 6.33877e+06 6.23146e+06 1.35434e+07 7.09387e+06 3.99206e+06 3.34785e+06 7.11619e+06 2.75253e+06 4.85475e+06 3.1162e+06 2.23259e+06 2.21175e+06 2.17415e+06 4.16246e+06 1.90344e+06 1.62071e+06 1.35947e+06 1.71627e+06 2.44707e+06 1.54908e+06 866712
threshold=46586.150000000009 0.17388612090385749 0.91023613416931248 42920.000000000007 -0.0027522199815387389 57426.875000000007 0.61559370248597567 1.0000000180025095e-35 0.12053668025532312 56820.000000000007 -0.075399971249820216 48338.519230769241 118089.15000000001 38442.000000000007 0.17992617227144031 39280.900000000001 54377.125000000007 0.12053668025532312 55525.625000000007 -0.78574730703237872 0.023928574677305199 43387.500000000007 50231.250000000007 -0.98182534576205283 65313.965384615389 83682.400000000009 0.075479115462628796 -0.51639395938746235 -0.24999999999999997 0.0048899755501222728 0.68301270189221941 38478.575000000004 69122.050000000017 68445.250000000015 98090.592307692321 95185.900000000023 0.93301270189221952 40974.750000000007 0.22962962958798439 38856.625000000007 0.91023613416931248 0.95297903005573359 -0.93301270189221919 -0.6830127018922193 36095.900000000009 101367.35000000002 -0.93301270189221919 62500.000000000007 43684.500000000007 -0.70581670320594803 0.91666666645373474 30881.712500000005 41380.850000000006 1.0000000180025095e-35 0.0049140049140049555 33738.850000000006 0.0049505253806327873 29138.000000000004 -0.24999999999999997 7752.5000000000009 0.68301270189221941 17291.200000000004
decision_type=2 2 2 2 2 2 2 2 2 2 2 2 2 2 2 2 2 2 2 2 2 2 2 2 2 2 2 2 2 2 2 2 2 2 2 2 2 2 2 2 2 2 2 2 2 2 2 2 2 2 2 2 2 2 2 2 2 2 2 2 2 2
left_child=15 2 -2 6 5 -5 8 11 10 17 27 -8 28 -13 -10 31 -9 18 45 -20 -15 26 -23 32 -25 33 -16 -3 29 -11 -30 51 -12 -18 35 -19 37 38 39 -33 46 -38 56 44 -44 -6 61 -48 49 52 -50 57 -45 54 -40 -55 -17 58 59 -1 -60 -39
right_child=1 3 -4 4 9 -7 7 16 14 12 23 13 -14 20 21 42 25 34 19 -21 -22 22 -24 24 -26 -27 -28 -29 30 -31 -32 36 -34 -35 -36 -37 41 40 53 -41 -42 -43 43 48 -46 -47 47 -49 50 -51 -52 -53 -54 55 -56 -57 -58 -59 60 -61 -62 -63
leaf_value=-34.000973347578899 -7.4954242768158759 54.682852917601714 201.67210885529471 140.04202662948728 -6.1752228887030407 31.316141052246092 -78.473053087291163 55.893422901050464 63.285501333072482 -1.952699010973779 45.906257239615549 21.407859505101253 52.015140035262959 -16.204983974864014 0.8535353356740436 -7.9566146592904383 -1.6063315895474706 63.280542795917732 69.929404710501657 15.530125499463262 -47.180940206536334 59.156763957009382 12.932488838264948 -8.3962452791780926 9.0734538814906482 -24.004231742101769 37.394020310078773 15.598699008360605 -13.504358643832271 38.974227732188666 10.452504243945757 -9.6202032591564794 1.1872586620444117 24.537046603649557 80.139394434560643 21.473406743720023 -47.124001131924707 -20.991207472115502 -13.120260529577484 23.145346718087101 3.2610555892849558 -18.52001915379574 5.2745550931964003 9.0604975272513695 33.567493455899474 16.407794754352974 -17.221979715764309 2.818607079606307 16.10141209772317 -21.294628317817139 -5.1594804865677162 -38.230565657229036 -7.9494676828120934 -25.001166458129877 9.8344470819152239 -9.8045012639532008 -23.589515039425084 -15.916433217901933 -33.360250094987187 -17.022267404595429 -21.778116297136268 -32.444622620927525
leaf_weight=9.9999999999999982 11.000000000000002 15.000000000000002 9.9999999999999982 12.000000000000002 14.000000000000002 13.999999999999998 9.9999999999999982 10.999999999999998 14.999999999999998 32 10.000000000000002 17 14.999999999999998 97 55 15.000000000000002 27 10.000000000000005 12.000000000000002 12.999999999999998 22 20 33 192 60 12.999999999999998 11.999999999999998 14.999999999999998 51 20 30 10.000000000000002 9.9999999999999982 30 9.9999999999999982 9.9999999999999982 12.000000000000002 12.000000000000002 24 14.999999999999998 15.999999999999998 17 17 11.000000000000002 14.999999999999998 13.999999999999998 251 17 10.000000000000002 18 15.999999999999998 10.999999999999998 18 15.000000000000002 9.9999999999999982 14.999999999999998 9.9999999999999982 17 31 34 17 13.999999999999998
leaf_count=10 11 15 10 12 14 14 10 11 15 32 10 17 15 97 55 15 27 10 12 13 22 20 33 192 60 13 12 15 51 20 30 10 10 30 10 10 12 12 24 15 16 17 17 11 15 14 251 17 10 18 16 11 18 15 10 15 10 17 31 34 17 14
internal_value=0.0780836 10.1683 92.5918 8.2791 23.8275 81.8417 2.25843 -8.99037 8.10236 17.2652 1.55346 -20.8262 7.63455 -16.5329 22.7405 -13.9405 12.3427 34.408 22.4835 41.8165 -21.9665 17.6238 30.4542 -2.17549 -4.23483 5.42899 7.44412 35.2576 2.59388 13.833 -4.62946 -17.0453 23.6641 12.1722 55.3299 42.588 -14.7447 -13.5939 -5.50065 10.0529 -15.9149 -30.4775 -0.849538 2.35846 18.6002 5.13439 -16.9592 -15.9502 -4.77688 -9.1029 3.04803 -25.2317 -1.48835 -11.5825 -6.35975 -17.4608 -14.279 -23.886 -25.3397 -20.9495 -29.3121 -27.2592
internal_weight=1620 942 21 921 257 26 664 227 437 231 302 146 148 136 135 678 81 83 53 25 119 120 53 272 252 70 67 30 133 52 81 548 20 57 30 20 428 399 89 25 310 29 130 105 32 28 294 268 73 47 26 120 29 64 34 30 25 109 92 44 48 26
internal_count=1620 942 21 921 257 26 664 227 437 231 302 146 148 136 135 678 81 83 53 25 119 120 53 272 252 70 67 30 133 52 81 548 20 57 30 20 428 399 89 25 310 29 130 105 32 28 294 268 73 47 26 120 29 64 34 30 25 109 92 44 48 26
is_linear=0
shrinkage=0.03


Tree=133
num_leaves=47
num_cat=0
split_feature=23 19 6 20 10 23 11 9 8 19 3 19 27 16 16 24 24 19 16 8 4 24 10 9 24 11 16 11 16 11 2 18 21 18 21 19 16 6 20 10 24 15 19 10 2 20
split_gain=2.39684e+08 1.55366e+08 9.32056e+07 1.02077e+08 8.20035e+07 5.76378e+07 3.6386e+07 3.32958e+07 3.32295e+07 2.88184e+07 2.48553e+07 2.37764e+07 2.12905e+07 1.63175e+07 2.08378e+07 1.68608e+07 1.0759e+07 9.42673e+06 1.81612e+07 8.066e+06 7.82799e+06 7.27287e+06 6.4991e+06 5.96778e+06 5.56965e+06 7.64766e+06 6.14386e+06 5.99386e+06 4.2626e+06 3.24809e+06 3.22891e+06 2.6026e+06 3.41164e+06 2.6744e+06 2.41053e+06 5.04108e+06 2.12679e+06 2.16867e+06 2.59438e+06 1.65591e+06 1.41566e+06 1.11384e+06 670415 614838 543772 446511
threshold=46586.150000000009 33738.850000000006 1.0000000180025095e-35 109046.05000000002 -0.78574730703237872 101415.65000000001 0.81689655158605456 -0.46472317204376817 0.25000000000000017 39280.900000000001 38942.875000000007 76360.200000000012 1.0000000180025095e-35 0.0050505372572776661 0.0049889909738903846 54494.375000000007 38478.575000000004 77666.550000000003 0.0037543201186628354 0.93301270189221952 40974.750000000007 39027.365000000013 0.91023613416931248 -0.29696027566504662 40006.30000000001 0.86899563300175509 0.0049751551641986644 1.0545454543517814 -1.0000000180025095e-35 1.0594059403832208 66000.000000000015 43309.400000000009 45281.237500000003 35938.650000000009 42282.762500000004 45379.450000000004 0.086956521739130502 1.0000000180025095e-35 8135.3000000000011 -0.78574730703237872 51376.875000000007 -5685.5833333333348 9938.5500000000011 0.40966402954315184 44388.375000000007 10943.050000000001
decision_type=2 2 2 2 2 2 2 2 2 2 2 2 2 2 2 2 2 2 2 2 2 2 2 2 2 2 2 2 2 2 2 2 2 2 2 2 2 2 2 2 2 2 2 2 2 2
left_child=9 -2 6 4 -4 10 -3 -8 -7 16 -6 13 -12 14 -9 -15 36 -13 -19 20 21 -18 29 -21 34 -26 31 -28 -23 30 -22 33 -33 -27 -11 -36 37 41 -39 -30 -34 45 -40 -44 -43 -1
right_child=1 2 3 -5 5 8 7 11 -10 24 12 17 -14 15 -16 -17 19 18 -20 23 22 28 -24 -25 25 26 27 -29 39 -31 -32 32 40 -35 35 -37 -38 38 42 -41 -42 44 43 -45 -46 -47
leaf_value=-35.04257853442838 121.44346707550255 -54.784691656989025 95.547968288112344 85.804571235217352 -28.833521429832945 23.628538186459132 -45.163529818920381 -1.2921588289030652 92.956178412319218 -22.246736919939025 6.6084207069117653 41.671691096844057 21.001415447898879 -9.1473084510228695 31.260566601179033 -51.230624709931931 14.443522397305102 18.984769368300935 -10.764767779468064 -45.721964903271882 -18.012158230316221 6.5363864485180105 3.16383164636837 -17.967667694091794 24.062518056621986 -1.72188932676573 30.081484920388391 -1.2712826714633909 -8.7701185925337501 -1.1547159141351366 -5.7500738899628692 13.633508894636824 -0.82270610775863884 -21.475371580732627 9.7713675312004433 -20.211071886119274 -36.045978076730975 -28.839055377884417 -20.017770402238174 -19.161624313282172 -15.008900830486033 -17.275868612753364 -5.2099710972378439 -15.01195727896183 -26.061226683611643 -26.305942943676097
leaf_weight=15.999999999999998 10.999999999999998 10.999999999999998 10.999999999999998 19 13.999999999999998 13.000000000000002 13.999999999999998 241 11.999999999999998 11.999999999999998 262 9.9999999999999982 143 57 19 9.9999999999999982 13.999999999999998 70 25 12.000000000000002 261 12.999999999999998 15.999999999999998 17 12.999999999999998 11.000000000000002 10.000000000000002 11.999999999999998 41 11.999999999999998 21 10.999999999999998 17.000000000000004 13.999999999999998 10.000000000000002 9.9999999999999982 12.999999999999998 14.999999999999998 10.999999999999998 21 9.9999999999999982 11.000000000000005 10.000000000000002 13.999999999999998 19 10.999999999999998
leaf_count=16 11 11 11 19 14 13 14 241 12 12 262 10 143 57 19 10 14 70 25 12 261 13 16 17 13 11 10 12 41 12 21 11 17 14 10 10 13 15 11 21 10 11 10 14 19 11
internal_value=0.0768913 9.86626 8.53504 17.854 14.9983 12.9816 -1.13237 0.202875 57.1437 -13.5237 10.3336 1.6832 11.6943 -2.30574 1.09779 -15.4954 -16.5357 14.0963 11.1528 -14.3035 -13.1867 -5.33646 -15.438 -29.57 -0.824097 2.72588 -0.56178 13.0515 -9.04308 -16.4511 -17.1014 -5.32881 -0.376016 -12.8254 -11.6706 -5.24567 -24.4787 -23.041 -18.4025 -12.3151 -6.11296 -27.0704 -13.8602 -10.9665 -22.9081 -31.5935
internal_weight=1620 942 931 474 455 444 457 446 25 678 419 432 405 327 260 67 548 105 95 428 399 89 310 29 130 98 85 22 75 294 282 63 38 25 32 20 120 107 50 62 27 57 35 24 30 27
internal_count=1620 942 931 474 455 444 457 446 25 678 419 432 405 327 260 67 548 105 95 428 399 89 310 29 130 98 85 22 75 294 282 63 38 25 32 20 120 107 50 62 27 57 35 24 30 27
is_linear=0
shrinkage=0.03


Tree=134
num_leaves=56
num_cat=0
split_feature=23 14 10 1 16 4 10 23 1 10 4 16 20 16 9 19 20 24 16 20 11 10 10 23 10 10 16 16 22 20 24 22 22 7 7 23 14 22 4 7 4 10 20 21 10 13 21 19 22 15 6 20 12 15 21
split_gain=2.25567e+08 1.53587e+08 2.35055e+08 8.73721e+07 1.00526e+08 7.78477e+07 4.51025e+07 5.48836e+07 4.61074e+07 4.31595e+07 3.91267e+07 3.91133e+07 3.29449e+07 2.95073e+07 2.91642e+07 2.71207e+07 2.56346e+07 2.45426e+07 2.08527e+07 4.51655e+07 1.7886e+07 1.84545e+07 1.51489e+07 1.45361e+07 1.18946e+07 1.09903e+07 1.09228e+07 2.69063e+07 1.06022e+07 1.02839e+07 1.01326e+07 8.56045e+06 7.52753e+06 5.71472e+06 1.25947e+07 6.72082e+06 4.96308e+06 5.13191e+06 8.17974e+06 4.55185e+06 3.99728e+06 4.14942e+06 3.46222e+06 2.49195e+06 4.48401e+06 2.81878e+06 2.07309e+06 1.95395e+06 1.81604e+06 1.29466e+06 1.71718e+06 2.50925e+06 620793 572090 555126
threshold=46586.150000000009 0.17388612090385749 0.91023613416931248 42920.000000000007 -0.0027522199815387389 54913.125000000007 0.61559370248597567 48338.519230769241 41550.000000000007 0.12053668025532312 54354.375000000007 -0.075399971249820216 118089.15000000001 0.088483499821170555 -0.98182534576205283 39280.900000000001 74296.250000000015 56603.750000000007 0.0049751551641986644 79061.150000000009 1.0601851849334778 0.29696027566504685 -0.98182534576205283 65313.965384615389 -0.51639395938746235 -0.12053668025532321 0.0048899755501222728 0.0050505372572776661 6858.8681809133968 69122.050000000017 38478.575000000004 12397.728458434989 2777.0393656196543 -0.93301270189221919 -0.6830127018922193 42346.392307692317 0.13707268499901715 2777.0393656196543 36682.500000000007 -0.24999999999999997 59377.500000000007 0.78574730703237883 81692.800000000017 43684.500000000007 -0.61559370248597534 0.91666666645373474 30881.712500000005 41380.850000000006 9532.6702392357183 -5600.0833333333348 1.0000000180025095e-35 8135.3000000000011 0.93506493482205955 -5667.2916666666633 13408.137500000003
decision_type=2 2 2 2 2 2 2 2 2 2 2 2 2 2 2 2 2 2 2 2 2 2 2 2 2 2 2 2 2 2 2 2 2 2 2 2 2 2 2 2 2 2 2 2 2 2 2 2 2 2 2 2 2 2 2
left_child=15 2 -2 6 5 -5 9 -8 13 11 18 24 26 16 -11 30 -9 -10 25 -20 21 -16 29 -24 -3 32 28 -28 -12 -13 46 36 -6 48 35 -35 -32 38 -38 -40 41 -39 -27 44 47 -45 49 -36 -17 50 52 -52 53 -1 -53
right_child=1 3 -4 4 10 -7 7 8 17 14 12 22 -14 -15 20 33 -18 -19 19 -21 -22 -23 23 -25 -26 42 27 -29 -30 -31 31 -33 -34 34 43 -37 37 40 39 -41 -42 -43 -44 45 -46 -47 -48 -49 -50 -51 51 54 -54 -55 -56
leaf_value=-33.097815600933068 -6.2895730260900526 52.58169613212938 194.09766530726216 134.1687771341623 -5.8150759654736701 29.988971804355049 -77.221060561378408 -4.6819193925260087 -74.384343703088675 61.030997848005491 -17.083673718962423 44.144293774897491 49.010252149973489 -44.017715521950763 -1.4045313762796336 -6.9817038156812545 20.334117754169252 -15.899672074825203 97.452740526751029 18.151863208527256 -17.878227164292138 27.592049063857957 -8.2983893864208191 8.6078614939786426 14.727056543211273 27.689082889041376 55.011395857527454 0.34043608858735852 4.1245934105887621 1.213706499231924 3.688316961972768 13.453542942764734 22.685205977799054 5.7503376888043309 6.5740509988333429 33.4492878495886 9.3735169184602647 -17.730090264735853 -7.3512609670505729 -16.842934592834052 -1.1699486717017922 -30.012531225768431 52.568543012260214 15.25217430870131 -22.200422033853087 -4.9685163244401442 -36.267235777571393 -8.4719074684662328 -23.508993072509764 -13.768369468526638 -28.306603639836894 -10.106532238073513 -22.007740785712436 -24.819358332551857 -19.137613503484442
leaf_weight=20.999999999999993 11.000000000000002 15.000000000000002 9.9999999999999982 12.000000000000002 12.999999999999998 13.999999999999998 9.9999999999999982 126 12.000000000000002 14.999999999999998 33 10.000000000000002 14.999999999999998 12.999999999999998 26 15.000000000000002 52 13.999999999999998 12.000000000000002 13.999999999999998 11.999999999999998 82 192 60 14.999999999999998 11.000000000000002 10.999999999999998 30 59 9.9999999999999982 12.999999999999998 9.9999999999999982 23 18 12.999999999999998 13.999999999999998 14.999999999999998 148 70 131 10.999999999999998 30 9.9999999999999982 10.000000000000002 14.999999999999998 15.999999999999998 10.999999999999998 19 9.9999999999999982 13.999999999999998 17 17.000000000000004 14.999999999999998 15.000000000000005 9.9999999999999982
leaf_count=21 11 15 10 12 13 14 10 126 12 15 33 10 15 13 26 15 52 14 12 14 12 82 192 60 15 11 11 30 59 10 13 10 23 18 13 14 15 148 70 131 11 30 10 10 15 16 11 19 10 14 17 17 15 15 10
internal_value=0.0746398 9.57134 89.6004 7.73704 22.5857 78.4019 1.98734 -8.85862 -5.67414 7.62203 16.2722 1.31645 7.01707 -0.563132 21.7164 -13.1194 2.63343 -43.0743 32.7469 54.9855 16.7553 20.6165 -2.27366 -4.27126 33.7663 22.5244 2.24771 15.1065 -3.49298 22.792 -16.0413 -13.875 12.4058 -0.799496 2.2726 17.9352 -14.5319 -15.1175 -11.9477 -13.5427 -18.7319 -19.8159 39.7296 -4.60829 -8.72441 2.8372 -23.7496 -2.35796 -13.6601 -22.4543 -23.7184 -19.278 -27.5041 -29.7268 -13.5098
internal_weight=1620 942 21 921 257 26 664 227 217 437 231 302 148 191 135 678 178 26 83 26 120 108 272 252 30 57 133 41 92 20 548 428 36 130 105 32 418 405 216 201 189 178 21 73 47 26 120 32 25 109 95 44 51 36 27
internal_count=1620 942 21 921 257 26 664 227 217 437 231 302 148 191 135 678 178 26 83 26 120 108 272 252 30 57 133 41 92 20 548 428 36 130 105 32 418 405 216 201 189 178 21 73 47 26 120 32 25 109 95 44 51 36 27
is_linear=0
shrinkage=0.03


Tree=135
num_leaves=60
num_cat=0
split_feature=23 14 10 1 16 3 10 23 1 10 3 16 20 16 9 19 20 24 10 3 9 4 2 20 3 20 16 16 3 20 22 24 23 22 19 17 7 7 20 22 14 3 2 7 9 20 2 3 2 20 22 22 19 1 7 20 7 9 12
split_gain=2.12296e+08 1.44602e+08 2.21299e+08 8.22539e+07 9.46322e+07 7.32859e+07 4.24574e+07 5.16717e+07 4.34034e+07 4.06105e+07 3.68315e+07 3.68148e+07 3.10098e+07 2.77761e+07 2.74558e+07 2.55218e+07 2.41222e+07 2.31044e+07 1.96396e+07 1.79818e+07 1.87227e+07 1.6025e+07 2.98757e+07 1.45651e+07 1.428e+07 1.15999e+07 1.13144e+07 1.02823e+07 3.85332e+07 1.01019e+07 9.97736e+06 9.54243e+06 9.2768e+06 8.05716e+06 6.75432e+06 6.68305e+06 5.38002e+06 1.18549e+07 6.35773e+06 5.1038e+06 4.67044e+06 5.10026e+06 6.22085e+06 3.92753e+06 9.4043e+06 3.01724e+06 2.85146e+06 3.51292e+06 2.89658e+06 2.47379e+06 1.95224e+06 1.70991e+06 1.52693e+06 1.22213e+06 1.52508e+06 2.15561e+06 1.39546e+06 778591 546241
threshold=46586.150000000009 0.17388612090385749 0.91023613416931248 42920.000000000007 -0.0027522199815387389 57426.875000000007 0.61559370248597567 48338.519230769241 41550.000000000007 0.12053668025532312 56820.000000000007 -0.075399971249820216 118089.15000000001 0.088483499821170555 -0.98182534576205283 39280.900000000001 74296.250000000015 56603.750000000007 0.12053668025532312 55525.625000000007 -0.61559370248597534 43387.500000000007 53698.125000000007 44100.350000000006 45443.750000000007 44812.350000000006 0.086956521739130502 0.0048899755501222728 58308.125000000007 36872.150000000009 6858.8681809133968 38478.575000000004 98090.592307692321 12397.728458434989 86836.700000000012 0.079999999983956085 -0.93301270189221919 -0.6830127018922193 36095.900000000009 2263.136266797504 0.13707268499901715 42805.500000000007 44801.625000000007 -0.93301270189221919 -0.95297903005573326 45755.30000000001 44575.875000000007 47613.750000000007 47087.500000000007 50188.150000000009 5946.253523432767 9532.6702392357183 21995.150000000005 29138.000000000004 -0.24999999999999997 7752.5000000000009 0.68301270189221941 -0.88545602565320969 0.93506493481960629
decision_type=2 2 2 2 2 2 2 2 2 2 2 2 2 2 2 2 2 2 2 2 2 2 2 2 2 2 2 2 2 2 2 2 2 2 2 2 2 2 2 2 2 2 2 2 2 2 2 2 2 2 2 2 2 2 2 2 2 2 2
left_child=15 2 -2 6 5 -5 9 -8 13 11 18 25 27 16 -11 31 -9 -10 19 39 -21 24 -23 29 -16 -3 -25 30 -29 -13 -12 50 34 40 -20 -27 51 38 -38 -6 -33 42 45 52 -45 -42 -39 48 49 -48 53 -17 -43 54 55 -1 58 -57 -56
right_child=1 3 -4 4 10 -7 7 8 17 14 12 23 -14 -15 21 36 -18 -19 32 20 -22 22 -24 26 -26 35 -28 28 -30 -31 -32 33 -34 -35 -36 -37 37 46 -40 -41 41 43 -44 44 -46 -47 47 -49 -50 -51 -52 -53 -54 -55 56 57 -58 -59 -60
leaf_value=-31.2722412894976 -6.1025860100823461 6.2881118955706583 188.33238832379334 130.17698013936189 -11.674845902726451 29.095682999161962 -74.927365228634073 -4.5415731373294586 -72.17125371759586 59.21219364393626 -16.572711828525694 3.3620502926440947 47.54968169963913 -42.707264551643206 13.28265003341844 -6.7736400119200431 19.7252649518121 -15.426065076462766 56.379131161529209 14.0483588205585 66.040837377122614 62.689202752439122 13.678124983342832 -0.6292302105703711 -21.631854564870586 63.225529260635362 30.427341652947504 -33.169131197542761 32.245741963687522 -27.303565219326419 4.0010651997019195 3.5785125959556523 74.79895882483757 13.053932480009474 21.254053235951034 28.117073046995859 4.7868998684799458 -17.151840841278776 31.569946755920814 14.453636073062292 -5.7499635770028084 -21.242546192822527 8.4659820910711971 8.2025383148445989 -16.065308778068726 -25.396054823694147 -10.233149175593987 -16.145825963926708 11.853418220386169 7.108426794887575 -35.189020420796162 -22.810705796043472 -36.174343346321933 -14.241832743862217 -34.090015504847017 -8.6627328006641324 -19.767063158269508 -18.49167585298612 -25.195704602958742
leaf_weight=9.9999999999999982 11.000000000000002 10.000000000000002 9.9999999999999982 12.000000000000002 11.000000000000002 13.999999999999998 9.9999999999999982 126 12.000000000000002 14.999999999999998 33 13.999999999999998 14.999999999999998 12.999999999999998 54 15.000000000000002 52 13.999999999999998 10.000000000000005 13.000000000000002 11.999999999999998 15.999999999999998 37 216 12.999999999999998 10.000000000000002 10.999999999999998 10.999999999999998 30 31 59 12.999999999999998 9.9999999999999982 9.9999999999999982 9.9999999999999982 9.9999999999999982 17 12.999999999999998 14.999999999999998 17 17.000000000000004 18.000000000000004 18 14.999999999999998 315 11.999999999999998 19.000000000000004 11.999999999999998 17 11.999999999999998 10.999999999999998 9.9999999999999982 9.9999999999999982 17 19.000000000000004 10.999999999999995 17 23.000000000000004 11.999999999999998
leaf_count=10 11 10 10 12 11 14 10 126 12 15 33 14 15 13 54 15 52 14 10 13 12 16 37 216 13 10 11 11 30 31 59 13 10 10 10 10 17 13 15 17 17 18 18 15 315 12 19 12 17 12 11 10 10 17 19 11 17 23 12
internal_value=0.0731474 9.28625 86.9391 7.50641 21.9136 76.0687 1.92766 -8.59545 -5.50556 7.39462 15.788 1.27808 6.80841 -0.546684 21.0665 -12.7268 2.55469 -41.7924 31.7722 20.7288 39.1686 16.2529 28.5642 -2.20495 6.48601 32.76 0.888436 2.18124 14.6573 -17.7768 -3.38861 -15.5613 51.1485 -13.4591 39.0099 45.8987 -0.775628 2.20515 17.4008 4.18375 -14.0963 -14.6644 -5.35844 -15.8843 -14.9601 -13.9388 -4.47061 -1.69899 1.93872 -3.51891 -23.0418 -13.2539 -26.6852 -21.7848 -23.1616 -19.0288 -26.9025 -15.3465 -30.7392
internal_weight=1620 942 21 921 257 26 664 227 217 437 231 302 148 191 135 678 178 26 83 53 25 120 53 272 67 30 227 133 41 45 92 548 30 428 20 20 130 105 32 28 418 405 47 358 330 29 73 60 48 31 120 25 28 109 92 44 48 34 31
internal_count=1620 942 21 921 257 26 664 227 217 437 231 302 148 191 135 678 178 26 83 53 25 120 53 272 67 30 227 133 41 45 92 548 30 428 20 20 130 105 32 28 418 405 47 358 330 29 73 60 48 31 120 25 28 109 92 44 48 34 31
is_linear=0
shrinkage=0.03


Tree=136
num_leaves=49
num_cat=0
split_feature=13 12 6 19 20 27 10 20 14 21 17 10 14 24 24 19 16 18 16 20 24 11 14 1 9 12 16 18 2 21 19 24 6 16 4 18 20 21 3 9 17 20 18 10 19 10 13 14
split_gain=1.9463e+08 1.7019e+08 7.24592e+07 7.30897e+07 5.83371e+07 5.26978e+07 5.12561e+07 4.08864e+07 2.54433e+07 3.47017e+07 2.52969e+07 2.20948e+07 2.16776e+07 1.99477e+07 2.53727e+07 2.07477e+07 1.84398e+07 2.2841e+07 1.97333e+07 1.81045e+07 1.75277e+07 1.67849e+07 1.59239e+07 1.9142e+07 1.4408e+07 1.82606e+07 1.23582e+07 1.20347e+07 1.0835e+07 1.05183e+07 2.18539e+07 1.93462e+07 8.52069e+06 7.23153e+06 7.86522e+06 7.04604e+06 6.62452e+06 7.32042e+06 5.43036e+06 5.38246e+06 5.0282e+06 4.27619e+06 2.64299e+06 2.61761e+06 3.80187e+06 1.49333e+06 1.26272e+06 301440
threshold=0.92888820113139203 1.0267857140995378 1.0000000180025095e-35 37061.05000000001 72853.900000000009 1.0000000180025095e-35 0.95297903005573359 74296.250000000015 0.19526098129531513 42173.025000000009 0.021524947067177325 0.95297903005573359 0.21012658223940803 59776.875000000007 64045.625000000007 83762.10000000002 0.0050505372572776661 54543.700000000004 0.0050761748317067487 63299.650000000001 58759.375000000007 0.88636363622729286 0.27088607588859814 42920.000000000007 -0.29696027566504662 1.0471698111201655 0.0037543201186628354 52191.000000000007 54240.625000000007 54083.125000000007 59333.55000000001 42040.780000000006 1.0000000180025095e-35 0.086956521739130502 36865.500000000007 48886.600000000006 49240.350000000013 34587.625000000007 46585.625000000007 0.06026834012766185 0.079999999981614014 19984.050000000007 16818.850000000002 0.40966402954315184 15189.1 -0.1799261722714405 0.89830508459575686 0.24087591236571201
decision_type=2 2 2 2 2 2 2 2 2 2 2 2 2 2 2 2 2 2 2 2 2 2 2 2 2 2 2 2 2 2 2 2 2 2 2 2 2 2 2 2 2 2 2 2 2 2 2 2
left_child=4 -2 16 -4 8 6 13 12 9 32 33 20 40 15 -15 -5 17 21 -18 -14 -9 -3 23 38 26 -26 -19 35 -24 31 -31 -11 42 34 45 -23 37 -36 -20 -27 -7 43 -1 44 -34 47 -35 -10
right_child=1 2 3 5 -6 7 -8 11 10 29 -12 -13 19 14 -16 -17 18 24 22 -21 -22 27 28 -25 25 39 -28 -29 -30 30 -32 -33 41 46 36 -37 -38 -39 -40 -41 -42 -43 -44 -45 -46 -47 -48 -49
leaf_value=-19.858560910810496 130.96822327264465 26.666849015040423 82.984465299565741 7.2538885315867709 58.71204825221902 56.045056251319664 -52.992334417678023 23.410822986353224 -2.8220710860148506 5.5729615232259899 -64.152076829966944 86.162098243637843 17.023473635499116 47.74349044997971 -0.54197495845326205 -24.814269066426291 -39.807739203488019 9.1522520935733009 3.2534813450451021 -11.89213327254372 58.767573502029848 -5.6439560338868757 -7.744130482369278 36.8004868839989 -16.4632035946664 34.746477415075795 -30.017779934465381 -29.228392601682426 -47.498975368190457 -28.154362656999332 28.859029759287044 64.49919262045681 -16.693650791334065 -25.077991814738159 -17.336113841589633 7.6539824780314953 -33.603947601118634 -6.5785562541067346 -19.057365910044883 17.566476794587967 28.560245112966982 4.7545948503903688 -39.513133424060179 -22.389041675289736 5.0866969823473287 6.1875621519697477 -37.9501155011516 -10.209538747957437
leaf_weight=17.000000000000004 9.9999999999999982 15.999999999999998 13.999999999999998 188 9.9999999999999982 11.000000000000002 12.999999999999998 32 10.000000000000002 10.000000000000002 9.9999999999999982 9.9999999999999982 77 23 17 20 19 18 23 26 21 192 14.000000000000002 11.999999999999998 12.999999999999998 21 12.000000000000002 17 10.999999999999998 10.000000000000002 14.999999999999998 9.9999999999999982 16.000000000000004 19.000000000000004 330 44 19 69 17 77 13.999999999999998 19 9.9999999999999982 14.999999999999998 12.999999999999998 13.999999999999998 11.999999999999998 9.9999999999999982
leaf_count=17 10 16 14 188 10 11 13 32 10 10 10 10 77 23 17 20 19 18 23 26 21 192 14 12 13 21 12 17 11 10 15 10 16 19 330 44 19 69 17 77 14 19 10 15 13 14 12 10
internal_value=0.0716482 8.45289 7.1791 15.713 -12.8279 13.6115 4.84524 25.5817 -13.9763 -2.4346 -17.1356 45.3522 15.823 7.89719 27.2719 4.15995 -0.681747 2.09014 -12.5099 9.7199 37.5044 -3.03653 -5.73114 3.73436 11.866 16.8484 -6.56333 -4.92481 -25.3559 19.0498 6.03224 35.2105 -13.186 -16.1491 -15.1813 -3.16247 -16.3097 -15.4779 -6.25243 21.2796 40.8288 -7.12188 -27.2571 -12.2496 -6.94602 -1.30131 -30.1669 -6.54837
internal_weight=1620 982 972 466 638 452 261 191 628 135 493 63 128 248 40 208 506 410 96 103 53 269 77 52 141 111 30 253 25 45 25 20 90 483 452 236 418 399 40 98 25 63 27 44 29 34 31 20
internal_count=1620 982 972 466 638 452 261 191 628 135 493 63 128 248 40 208 506 410 96 103 53 269 77 52 141 111 30 253 25 45 25 20 90 483 452 236 418 399 40 98 25 63 27 44 29 34 31 20
is_linear=0
shrinkage=0.03


Tree=137
num_leaves=58
num_cat=0
split_feature=27 12 1 2 17 12 19 11 9 6 16 22 18 22 18 2 0 0 17 20 22 20 16 11 0 20 18 22 24 16 11 9 9 22 18 6 16 20 7 0 20 19 16 18 18 22 18 19 19 22 7 16 19 22 22 19 11
split_gain=1.83162e+08 1.38071e+08 8.1313e+07 9.77159e+07 5.90801e+07 5.06067e+07 4.55189e+07 2.70446e+07 2.55551e+07 2.09331e+07 4.84313e+07 4.92774e+07 1.95659e+07 1.84035e+07 2.62374e+07 4.87881e+07 1.58518e+07 1.56084e+07 2.00938e+07 1.47917e+07 2.004e+07 1.41e+07 1.29457e+07 1.11792e+07 1.24759e+07 1.53955e+07 9.5139e+06 1.11453e+07 9.2875e+06 8.8173e+06 1.35398e+07 1.11522e+07 8.70217e+06 8.45871e+06 7.82447e+06 6.99291e+06 1.34227e+07 1.27738e+07 8.39656e+06 6.40895e+06 5.70386e+06 6.36829e+06 5.33912e+06 5.25332e+06 5.20358e+06 5.01658e+06 4.39386e+06 4.40107e+06 3.95142e+06 3.89742e+06 3.71077e+06 3.64181e+06 3.11339e+06 2.49945e+06 2.36482e+06 1.35747e+06 1.34689e+06
threshold=1.0000000180025095e-35 1.0267857140995378 44730.000000000007 58203.750000000007 0.079999999988028161 1.1224489793604502 35545.650000000009 0.79947598236161477 0.06026834012766185 1.0000000180025095e-35 1.0000000180025095e-35 21038.210522748308 69246.750000000015 7881.3238384653259 59082.100000000006 54645.625000000007 63125.000000000007 44169.125000000007 0.0014919387178839571 61602.30000000001 15267.931457769178 70988.60000000002 0.0051020740191197742 0.94696969682763654 58470.625000000007 54827.850000000006 102926.25000000001 11099.517664528525 49854.80000000001 0.0049140049140049555 0.94323144084612609 0.35460488704253579 0.17992617227144045 18596.605127991981 79169.450000000012 1.0000000180025095e-35 -1.0000000180025095e-35 18491.000000000004 -0.24999999999999997 64045.625000000007 52451.500000000007 55231.500000000007 -0.075399971249820216 49014.400000000009 75914.050000000003 5321.1271400236519 67657.500000000015 81692.800000000017 74458.200000000026 12987.479613952821 -0.93301270189221919 0.0037543201186628354 32134.200000000001 2726.8224263306388 6275.0735145815543 15418.600000000002 0.94352583267596157
decision_type=2 2 2 2 2 2 2 2 2 2 2 2 2 2 2 2 2 2 2 2 2 2 2 2 2 2 2 2 2 2 2 2 2 2 2 2 2 2 2 2 2 2 2 2 2 2 2 2 2 2 2 2 2 2 2 2 2
left_child=2 -2 4 -4 6 9 35 -8 16 26 23 -12 39 14 22 -16 -5 40 21 33 -21 29 -9 24 25 -11 27 32 54 30 -19 -31 -3 -15 -29 38 37 55 52 -10 41 56 -40 50 -34 -42 -18 -48 -30 -47 -38 -44 53 -1 -23 -37 -7
right_child=1 5 3 8 -6 17 7 13 12 10 11 -13 -14 19 15 -17 46 18 -20 20 -22 28 -24 -25 -26 -27 -28 34 48 31 -32 -33 44 -35 -36 36 43 -39 42 -41 45 -43 51 -45 -46 49 47 -49 -50 -51 -52 -53 -54 -55 -56 -57 -58
leaf_value=-7.7738734938937357 127.07807952503167 31.50453240512816 96.129321466111037 46.748785487509664 48.912870150737874 5.1890413167275975 -52.147187766651122 -3.3562161037692593 23.734390239149025 41.671995917932307 120.60279006545605 30.633326572727512 -39.991866298995859 -5.2827483912844251 52.122753281308356 -7.6733541627939301 23.095168074139895 -15.766690904048451 49.706201518290754 -29.919360355076996 -0.56640900049454124 17.175460229250458 23.075756408206662 -4.6014327556307952 56.82452174982749 6.0513659440432335 -9.8555654329866975 21.631434790428642 -7.7829366733059997 37.227342112871753 15.005638406500935 3.7790703112013797 17.955551573498408 16.092682270687586 56.546570960318697 -12.203217507859929 -23.303548375954581 31.614348062051306 -40.572427032703665 -7.1449557419328498 -27.736833349568954 -15.258176845859836 -17.952507505988649 -36.200813666617513 -9.2026755858304181 8.4784189008958251 14.651449183944823 -12.174522554001005 -34.487397104395498 -17.285386715450802 -11.836979386908954 -26.992948370455874 3.0406142669028426 -21.848291888790232 -1.1464231246814391 1.853214274491414 20.790751711401608
leaf_weight=31 9.9999999999999982 11.999999999999998 12.999999999999998 15.999999999999998 15.999999999999998 10.000000000000005 9.9999999999999982 212 10.000000000000002 20 11.000000000000002 10.999999999999998 12.999999999999998 210 25 24 15.999999999999998 17 10.999999999999998 52 35 10.000000000000002 18 9.9999999999999982 11.999999999999998 24 10.999999999999998 14.000000000000002 10.000000000000002 25 52 13.999999999999998 10.000000000000002 18 9.9999999999999982 16.000000000000004 31 10.999999999999998 12.999999999999998 14.999999999999998 14.999999999999998 10.999999999999998 135 9.9999999999999982 17 10.000000000000002 12.000000000000002 9.9999999999999982 9.9999999999999982 10.999999999999998 143 58 13.999999999999998 18 17 9.9999999999999982 9.9999999999999982
leaf_count=31 10 12 13 16 16 10 10 212 10 20 11 11 13 210 25 24 16 17 11 52 35 10 18 10 12 24 11 14 10 25 52 14 10 18 10 16 31 11 13 15 15 11 135 10 17 10 12 10 10 11 143 58 14 18 17 10 10
internal_value=0.0699401 17.5394 -5.75418 19.4676 -8.14156 14.7348 -8.98039 -3.46769 8.54226 27.6077 37.4946 75.9604 -10.2904 -2.63952 2.97086 22.8788 21.7895 5.77657 10.7077 -7.60809 -18.1249 7.9098 -1.27848 24.5772 29.7866 22.3004 15.8154 20.3062 -5.79756 13.8749 7.41216 25.2607 10.3629 -3.58889 36.3538 -15.7735 -11.8095 4.66752 -19.0246 5.25201 -6.43858 2.99132 -21.9562 -15.1236 0.884956 -14.5447 11.1851 2.45778 -21.2405 -5.03473 -13.8921 -20.6819 -9.41916 -12.9781 5.67769 -6.8104 13.0547
internal_weight=1620 405 1215 105 1110 395 1094 604 92 162 88 22 38 594 279 49 54 233 166 315 87 155 230 66 56 44 74 63 47 108 69 39 39 228 24 490 221 37 269 25 67 31 206 184 27 36 38 22 20 21 174 193 63 49 27 26 20
internal_count=1620 405 1215 105 1110 395 1094 604 92 162 88 22 38 594 279 49 54 233 166 315 87 155 230 66 56 44 74 63 47 108 69 39 39 228 24 490 221 37 269 25 67 31 206 184 27 36 38 22 20 21 174 193 63 49 27 26 20
is_linear=0
shrinkage=0.03


Tree=138
num_leaves=54
num_cat=0
split_feature=23 21 23 14 7 7 20 8 16 23 19 16 28 16 19 20 18 10 22 10 8 8 22 16 23 20 11 15 20 22 21 23 22 6 7 19 15 7 7 23 21 14 21 10 11 7 19 1 0 22 20 23 19
split_gain=1.77017e+08 1.40331e+08 7.38605e+07 7.63883e+07 4.00276e+07 7.03889e+07 4.62829e+07 3.32378e+07 2.80566e+07 2.56405e+07 2.75798e+07 2.43009e+07 2.19936e+07 3.20871e+07 2.16306e+07 2.04648e+07 1.99855e+07 1.78679e+07 4.72331e+07 1.65632e+07 2.12642e+07 2.03339e+07 1.60035e+07 1.46073e+07 1.19287e+07 1.15282e+07 2.11908e+07 1.40152e+07 9.55842e+06 8.62094e+06 1.21407e+07 8.50538e+06 6.32135e+06 8.24388e+06 6.2102e+06 6.14213e+06 5.98781e+06 5.1677e+06 1.06543e+07 5.71822e+06 3.39228e+06 2.64067e+06 2.15599e+06 4.04202e+06 2.53064e+06 1.99394e+06 1.78803e+06 1.70002e+06 2.68429e+06 1.65146e+06 1.18897e+06 949719 909613
threshold=46586.150000000009 39135.48750000001 68080.376923076939 0.19209099601679602 -0.6830127018922193 -0.93301270189221919 77666.550000000003 0.6830127018922193 -0.075399971249820216 49217.080769230779 38442.000000000007 0.088483499821170555 1.0000000180025095e-35 0.0051020740191197742 39280.900000000001 58561.80000000001 83762.10000000002 0.12053668025532312 3074.2507273311589 -0.70581670320594803 -0.9330127018922193 -0.68301270189221952 7467.7184414164321 0.0049140049140049555 60148.657692307701 66207.60000000002 0.87254901943928254 2199.0416666666683 48830.150000000009 12397.728458434989 42023.850000000013 16901.850000000002 2673.6846364669877 1.0000000180025095e-35 -0.24999999999999997 15418.600000000002 -5841.4583333333312 -0.93301270189221919 -0.6830127018922193 42346.392307692317 38107.937500000007 0.21012658223285954 43684.500000000007 -0.70581670320594803 0.8658823527739038 -0.24999999999999997 41380.850000000006 34707.000000000007 44240.945000000007 9532.6702392357183 9107.2500000000018 11910.353846153846 9938.5500000000011
decision_type=2 2 2 2 2 2 2 2 2 2 2 2 2 2 2 2 2 2 2 2 2 2 2 2 2 2 2 2 2 2 2 2 2 2 2 2 2 2 2 2 2 2 2 2 2 2 2 2 2 2 2 2 2
left_child=14 -2 7 -4 5 -5 23 8 15 -9 -11 12 13 -6 29 22 -14 19 -19 20 -10 -21 -3 -7 -20 26 -12 -27 -24 30 31 41 33 34 -33 -34 -35 49 39 -39 -37 47 43 46 -44 50 -40 52 -49 -16 -43 -47 -1
right_child=1 2 3 4 11 6 -8 9 17 10 25 -13 16 -15 37 -17 -18 18 24 21 -22 -23 28 -25 -26 27 -28 -29 -30 -31 -32 32 35 36 -36 40 -38 38 42 -41 -42 45 44 -45 -46 51 -48 48 -50 -51 -52 -53 -54
leaf_value=-22.511115374340434 109.99127121460339 67.478605957031249 83.974510427310761 -13.728559937002769 11.595755369820093 23.015863010208918 100.16795350419714 -59.494129004525668 -11.247932577951877 29.638202290636428 30.655433419860234 -33.70202993032094 3.9910670627959783 46.231222330616035 -6.479703425224252 -2.4646494119209157 -40.422984013428554 54.338040988582584 -5.5581063469303018 -33.821901467007947 15.004445649194658 -4.4287965025961356 6.0973203958991817 64.546862149625213 14.783759305577584 -60.432432317450477 -16.264559795922811 -11.358886322846283 43.202471409316892 11.977275638064821 -45.845016166068419 4.4730000008677981 8.1653671294863859 -1.673285145627859 -14.420036662553608 -18.22666827073618 26.333879312051309 5.4694335880595668 8.575916121199322 31.020346033623881 -4.124059242543594 -22.548618328596771 13.765669681961466 -18.977739055486012 -5.106217947195697 -28.195405792540491 -6.7176624588940017 -0.095546104029605256 -16.115190911496416 -22.23788354250464 -15.095739782364644 -20.827032694779042 -14.867883271258604
leaf_weight=19 11.999999999999998 10.999999999999998 14.999999999999998 19 169 25 13.999999999999998 9.9999999999999982 43 13.999999999999998 9.9999999999999982 10.999999999999998 51 28 15.000000000000002 17 10.999999999999998 19 61 25 78 136 13.000000000000002 10.999999999999998 45 10.000000000000002 61 10.999999999999998 11.999999999999998 10.999999999999998 10.999999999999998 21 9.9999999999999982 18.000000000000004 61 107 10.999999999999998 18 11.000000000000002 13.999999999999998 18 28 11.000000000000002 18 14.999999999999998 30 18 17 21 9.9999999999999982 67 38 60
leaf_count=19 12 11 15 19 169 25 14 10 43 14 10 11 51 28 15 17 11 19 61 25 78 136 13 11 45 10 61 11 12 11 11 21 10 18 61 107 11 18 11 14 18 28 11 18 15 30 18 17 21 10 67 38 60
internal_value=0.0688583 8.48171 7.16022 17.9425 14.9968 35.3737 54.0228 0.531633 4.15098 -13.8122 -9.45049 9.77821 11.6372 16.5395 -11.6193 24.6609 -3.9412 1.47475 10.9113 -2.71049 5.67348 -9.01112 37.4416 35.8496 3.08336 -15.4245 -9.62225 -34.903 24.0091 -14.2288 -14.7677 -14.1092 -10.0322 -4.72242 -9.58198 -14.3912 9.00401 -0.616922 2.30433 16.7099 -16.2008 -17.6863 -4.02461 -7.85338 2.90008 -20.164 -0.907011 -14.2203 -8.96765 -12.8466 -17.3138 -24.1145 -16.7323
internal_weight=1620 942 930 354 339 69 50 576 460 116 106 270 259 197 678 53 62 407 125 282 121 161 36 36 106 92 71 21 25 548 537 526 246 111 82 135 29 130 105 32 125 280 73 47 26 163 29 117 38 25 95 68 79
internal_count=1620 942 930 354 339 69 50 576 460 116 106 270 259 197 678 53 62 407 125 282 121 161 36 36 106 92 71 21 25 548 537 526 246 111 82 135 29 130 105 32 125 280 73 47 26 163 29 117 38 25 95 68 79
is_linear=0
shrinkage=0.03


Tree=139
num_leaves=63
num_cat=0
split_feature=23 18 27 12 15 10 23 10 16 1 16 16 20 0 20 9 6 7 14 16 18 16 20 20 16 10 23 10 6 10 10 7 7 3 7 16 12 10 15 0 20 6 7 9 16 23 20 9 18 1 0 7 7 15 23 10 18 20 3 20 0 16
split_gain=1.66591e+08 1.37462e+08 7.14325e+07 1.26168e+08 4.54199e+07 4.18845e+07 3.11384e+07 2.30425e+07 2.37402e+07 2.11147e+07 2.77547e+07 2.04633e+07 2.02505e+07 1.89573e+07 1.8381e+07 1.82355e+07 1.73397e+07 1.80114e+07 1.61755e+07 3.51834e+07 1.46148e+07 1.4559e+07 2.22202e+07 1.68731e+07 1.14156e+07 1.08673e+07 1.49267e+07 1.24735e+07 1.00379e+07 1.59381e+07 9.95495e+06 7.53924e+06 6.8838e+06 5.98208e+06 5.35136e+06 5.15011e+06 5.28588e+06 4.99593e+06 6.94249e+06 4.66286e+06 3.68149e+06 3.60189e+06 4.49668e+06 3.98237e+06 3.54598e+06 3.53291e+06 3.52706e+06 2.93616e+06 2.85261e+06 2.39184e+06 2.2552e+06 2.24585e+06 2.891e+06 2.04356e+06 1.90587e+06 2.82715e+06 2.61865e+06 1.79651e+06 1.75118e+06 1.65988e+06 1.63981e+06 1.51611e+06
threshold=46586.150000000009 33410.900000000009 1.0000000180025095e-35 1.0267857140995378 2111.488333333335 0.61559370248597567 48599.492307692308 0.12053668025532312 -0.075399971249820216 34262.000000000007 0.0049140049140049555 0.0049751551641986644 21100.000000000004 44169.125000000007 48978.100000000013 -0.91023613416931226 1.0000000180025095e-35 -0.93301270189221919 0.19526098129531513 -0.0027522199815387389 59082.100000000006 0.0050505372572776661 50502.200000000004 58561.80000000001 0.0037543201186628354 0.12053668025532312 85769.303846153853 0.74851074817110097 1.0000000180025095e-35 -0.78574730703237872 -0.98182534576205283 -0.6830127018922193 -0.93301270189221919 39433.875000000007 -0.24999999999999997 0.0037543201186628354 1.0698924728232979 0.5163939593874618 -5377.54 42661.350000000006 26021.500000000004 1.0000000180025095e-35 -0.93301270189221919 -0.91023613416931226 0.0049889909738903846 42087.469230769238 53487.80000000001 -0.70581670320594825 41667.000000000007 34707.000000000007 44107.92500000001 -0.24999999999999997 0.68301270189221941 -6014.7750000000005 36571.30000000001 -0.95297903005573326 39280.900000000001 40674.500000000007 44318.375000000007 49130.400000000001 41565.725000000006 0.0037543201186628354
decision_type=2 2 2 2 2 2 2 2 2 2 2 2 2 2 2 2 2 2 2 2 2 2 2 2 2 2 2 2 2 2 2 2 2 2 2 2 2 2 2 2 2 2 2 2 2 2 2 2 2 2 2 2 2 2 2 2 2 2 2 2 2 2
left_child=12 -2 5 -4 11 7 -7 8 20 31 15 25 41 33 -12 -11 30 -18 -8 -20 -3 22 -10 -23 -21 26 -5 -27 34 -30 -15 -9 39 46 44 54 50 38 -34 -31 -39 51 -43 60 57 -40 -6 -45 -42 -49 -37 -1 53 -53 55 -36 58 -14 -56 -59 -44 -55
right_child=1 2 3 4 13 6 18 9 21 10 14 -13 28 16 -16 -17 17 -19 19 24 -22 23 -24 -25 -26 27 -28 -29 29 32 -32 -33 37 -35 35 36 -38 40 45 -41 48 42 43 47 -46 -47 -48 49 -50 -51 -52 52 -54 61 56 -57 -58 59 -60 -61 -62 -63
leaf_value=-12.683950909477524 113.17956866290118 8.5468327785812246 121.38507124192645 26.675092990521303 10.416671867370605 -62.666744082233691 17.593787453536585 6.3868190144604018 -13.559632353553161 37.246721712085304 78.349805988910745 59.95864489103618 -14.68007709168551 28.444275463774005 23.061515508972771 3.1868378788191314 -4.7023139999549421 28.15616160139253 -53.694192366688881 -0.52500107929838602 56.731495246509517 -0.90911336701491774 9.6377304219322575 -37.020604660251131 -17.891795726483497 48.40580517823669 -8.6657724186412057 19.202103397045626 31.691905901959835 -29.995113369019553 0.72252606808071884 -26.687499654319613 28.948858804230643 -22.46745826721191 -28.200671691894531 -3.0443344070887792 -36.776381356953003 7.5454661937751393 -3.3847238625420464 -5.8697787075148096 -21.621693986217419 -23.253257900025488 -7.5792446014171322 -20.025190846925959 9.3624921592570214 14.872636130529505 -8.3350374515123082 -14.852548564326735 -1.2077701301385859 -4.4372929182849479 -22.333443932651488 -36.395566315453898 -15.507236082429946 -19.541872828684244 0.15369520312157745 -10.040136095463543 -21.087721089278116 5.9203594642828303 -10.430802563063175 -9.7953671768283055 7.7383253926679121 -29.002941193006837
leaf_weight=34 10.999999999999998 13.000000000000002 9.9999999999999982 29 13.999999999999998 9.9999999999999982 19 16.000000000000004 56 21 12.000000000000002 17 17 12.999999999999998 9.9999999999999982 43 19 71 15.999999999999998 92 9.9999999999999982 26 110 21 54 26 17 27 12.999999999999998 12.000000000000002 106 9.9999999999999982 9.9999999999999982 18 10.999999999999998 10.000000000000002 14.999999999999998 9.9999999999999982 35 18 16.000000000000004 34 13.000000000000002 40 15.999999999999998 12.999999999999998 25 43 9.9999999999999982 37 11.999999999999998 11.999999999999998 48 46 32 26 9.9999999999999982 12.000000000000002 25 11.999999999999998 11.999999999999998 24
leaf_count=34 11 13 10 29 14 10 19 16 56 21 12 17 17 13 10 43 19 71 16 92 10 26 110 21 54 26 17 27 13 12 106 10 10 18 11 10 15 10 35 18 16 34 13 40 16 13 25 43 10 37 12 12 48 46 32 26 10 12 25 12 12 24
internal_value=0.0672319 8.22857 6.97652 16.7189 13.9479 -0.110662 -11.3955 6.0845 0.764527 17.2837 24.4393 29.6049 -11.2715 7.11151 53.437 14.4035 11.293 21.2218 -8.52975 -11.6026 29.6517 -2.36718 1.80864 -17.0884 -6.95621 24.3374 13.6238 33.5927 -6.02254 0.22091 3.77232 -6.38747 -3.10132 -8.21358 -10.3404 -13.4746 -23.0812 0.895958 6.34098 -15.5876 -7.86977 -16.3948 -13.4359 -11.1195 -2.57754 1.58056 -1.59415 -13.387 -13.805 -10.0471 -13.6193 -19.6141 -21.4154 -24.8507 -10.0379 -15.5008 -7.00247 -7.24859 -4.49871 -1.94542 -0.225154 -22.8225
internal_weight=1620 942 931 392 382 539 191 348 236 112 86 116 678 266 22 64 209 90 181 162 23 213 166 47 146 99 46 53 335 137 119 26 124 57 198 141 37 94 58 30 36 343 179 145 57 48 39 120 26 80 22 164 130 82 104 37 67 41 57 24 25 70
internal_count=1620 942 931 392 382 539 191 348 236 112 86 116 678 266 22 64 209 90 181 162 23 213 166 47 146 99 46 53 335 137 119 26 124 57 198 141 37 94 58 30 36 343 179 145 57 48 39 120 26 80 22 164 130 82 104 37 67 41 57 24 25 70
is_linear=0
shrinkage=0.03


Tree=140
num_leaves=43
num_cat=0
split_feature=23 14 1 17 19 6 23 10 8 18 1 4 7 22 10 7 9 20 20 7 18 23 20 19 23 20 19 9 9 0 20 6 20 17 7 10 18 12 7 14 7 19
split_gain=1.57974e+08 7.57341e+07 7.55765e+07 6.29807e+07 3.79557e+07 3.41731e+07 4.23392e+07 3.89072e+07 3.06707e+07 4.97655e+07 2.89474e+07 4.29463e+07 2.67833e+07 2.64978e+07 2.18596e+07 1.94283e+07 3.88072e+07 1.79448e+07 1.78416e+07 1.76401e+07 5.37255e+07 1.6489e+07 1.60998e+07 1.27147e+07 1.12433e+07 1.01872e+07 9.2022e+06 8.63809e+06 1.16316e+07 1.13233e+07 1.09869e+07 6.31205e+06 9.20609e+06 1.30707e+07 6.11582e+06 5.40815e+06 4.32434e+06 4.1123e+06 3.71591e+06 3.22609e+06 2.72925e+06 2.03043e+06
threshold=60896.976923076923 0.17713777378566078 44730.000000000007 0.079999999988028161 35545.650000000009 1.0000000180025095e-35 104778.66923076924 -0.61559370248597534 0.93301270189221952 38671.850000000006 38830.000000000007 44500.000000000007 -0.24999999999999997 5019.7633581603322 0.74851074817110097 -0.93301270189221919 -0.98182534576205283 42906.80000000001 74296.250000000015 0.68301270189221941 81692.800000000017 45139.30000000001 58561.80000000001 117409.10000000002 90862.826923076937 86836.700000000012 70887.60000000002 0.91023613416931248 0.78574730703237894 57105.000000000007 110861.50000000001 1.0000000180025095e-35 19984.050000000007 0.0010234886395476695 -0.24999999999999997 -0.61559370248597534 59082.100000000006 1.1171428568801482 0.68301270189221941 0.24189526178373685 -0.93301270189221919 53142.55000000001
decision_type=2 2 2 2 2 2 2 2 2 2 2 2 2 2 2 2 2 2 2 2 2 2 2 2 2 2 2 2 2 2 2 2 2 2 2 2 2 2 2 2 2 2
left_child=2 -2 3 4 21 12 7 -7 10 41 11 18 -3 -13 35 22 -17 -18 -6 20 24 31 26 -8 25 -14 -9 28 29 -21 36 34 40 -34 39 -12 -29 -30 -36 -1 -33 -10
right_child=1 5 -4 -5 8 6 23 15 9 -11 14 13 19 -15 -16 16 17 -19 -20 27 -22 -23 -24 -25 -26 -27 -28 30 37 -31 -32 32 33 -35 38 -37 -38 -39 -40 -41 -42 -43
leaf_value=-13.713183901304021 84.776081221485867 43.636896454831387 56.127249156215726 51.449426825861011 -1.4365683180085713 69.712216244259395 67.411175810329553 -17.956238108531078 2.7262357516689151 -79.327777714532274 -3.8077443231385328 67.197544159584837 0.31140984887685152 9.8381077717155812 -56.570305054919558 60.703427817777076 47.311755171846755 9.4455277598142491 31.83192605921764 -8.5603713828638952 -63.548310458350734 -52.415970918636511 -37.674713388391446 26.553779577306798 21.50743004224687 -26.316282463831616 17.792137786933726 7.0524863320530029 50.817265215439356 27.764867698182449 26.210690901472759 -20.919836196186385 -12.208026485975044 20.256846286147386 -21.98360894020021 -17.304538333109381 -17.243194453853583 23.245183120576463 -13.077816834067361 0.3792013866870434 -11.17503377755598 -13.991181185190912
leaf_weight=40 12.999999999999998 13.999999999999998 17 15.999999999999998 370 10.999999999999998 19.000000000000004 10.000000000000002 13.000000000000002 11.999999999999998 55 14.000000000000002 90 14.999999999999998 9.9999999999999982 15.999999999999998 11.999999999999998 165 14.999999999999998 17.000000000000004 12.999999999999998 9.9999999999999982 10.999999999999998 10.999999999999998 19 14.999999999999998 18 10.000000000000002 10.000000000000002 13.999999999999998 10.999999999999998 32 25 20 141 52 19 9.9999999999999982 61 23 138 12.999999999999998
leaf_count=40 13 14 17 16 370 11 19 10 13 12 55 14 90 15 10 16 12 165 15 17 13 10 11 11 19 15 18 10 10 14 11 32 25 20 141 52 19 10 61 23 138 13
internal_value=0.0654823 13.5366 -6.44866 -7.44336 -8.33793 11.7222 18.9962 14.8316 -3.0665 -29.0666 -1.20072 2.52362 3.51193 37.6647 -14.3701 12.2005 16.1018 12.038 -0.132456 1.03005 -5.76955 -14.4574 -7.09743 52.5682 0.334199 -3.51394 5.00629 11.2619 19.4351 7.88101 0.818548 -13.6558 -9.82827 2.23366 -16.7563 -10.377 -8.86982 37.2156 -19.3021 -8.57585 -13.0206 -5.65394
internal_weight=1620 528 1092 1075 1059 515 273 243 569 38 531 414 242 29 117 232 193 177 385 228 137 490 39 30 124 105 28 91 51 31 40 480 215 45 265 107 29 20 202 63 170 26
internal_count=1620 528 1092 1075 1059 515 273 243 569 38 531 414 242 29 117 232 193 177 385 228 137 490 39 30 124 105 28 91 51 31 40 480 215 45 265 107 29 20 202 63 170 26
is_linear=0
shrinkage=0.03


Tree=141
num_leaves=47
num_cat=0
split_feature=27 13 17 20 13 18 15 23 20 13 10 16 10 22 16 19 8 18 8 16 16 16 10 4 10 22 10 18 22 10 14 22 16 23 20 7 19 18 9 20 22 14 16 16 2 12
split_gain=1.48699e+08 1.17573e+08 6.09214e+07 6.62763e+07 5.48515e+07 4.24732e+07 4.10015e+07 2.8417e+07 4.32104e+07 2.74395e+07 2.40674e+07 2.8058e+07 2.05012e+07 5.01449e+07 1.98079e+07 2.01544e+07 1.85071e+07 2.84822e+07 1.76231e+07 2.55008e+07 2.54994e+07 1.72002e+07 1.68079e+07 1.22298e+07 1.1546e+07 1.4545e+07 1.15185e+07 1.42432e+07 1.13626e+07 1.06644e+07 9.42422e+06 8.53904e+06 1.05185e+07 7.50351e+06 9.5914e+06 1.01511e+07 6.89448e+06 6.64539e+06 1.07707e+07 8.39283e+06 5.28675e+06 2.33643e+06 2.08801e+06 1.89506e+06 1.28394e+06 649662
threshold=1.0000000180025095e-35 0.98252427165291889 0.079999999986905032 65278.250000000007 0.92888820113139203 33236.650000000001 2111.488333333335 56505.676923076928 62457.700000000004 0.93599999984872639 0.74851074817110097 -0.00086798958295125617 0.12053668025532312 3074.2507273311589 0.0048899755501222728 104210.00000000001 0.93301270189221952 32134.200000000001 1.0000000180025095e-35 0.088483499821170555 1.0000000180025095e-35 0.0050505372572776661 0.4647231720437684 38408.750000000007 -0.98182534576205283 1035.1161032554153 -0.1799261722714405 89710.050000000017 1571.9571843699166 0.29696027566504685 0.19684022774502252 19046.750971418423 0.0049140049140049555 16901.850000000002 61017.05000000001 -0.93301270189221919 66693.750000000015 57016.650000000001 -0.85421994577343319 76044.800000000017 13763.580557610812 0.21012658223285954 0.0037543201186628354 0.0050251573518178558 45253.125000000007 0.95726495710531245
decision_type=2 2 2 2 2 2 2 2 2 2 2 2 2 2 2 2 2 2 2 2 2 2 2 2 2 2 2 2 2 2 2 2 2 2 2 2 2 2 2 2 2 2 2 2 2 2
left_child=2 -2 4 -4 7 -6 14 16 -9 31 12 -12 21 -14 30 -16 33 42 24 20 23 -11 -22 -20 -8 -26 27 -27 -13 -25 -3 32 36 41 35 -35 -7 -32 -39 -40 -24 44 45 -43 -1 -18
right_child=1 6 3 -5 5 9 18 8 -10 10 11 28 13 -15 15 -17 17 -19 19 -21 22 -23 40 29 25 26 -28 -29 -30 -31 37 -33 -34 34 -36 -37 -38 38 39 -41 -42 43 -44 -45 -46 -47
leaf_value=-19.037295412542694 107.91978654089054 0.1790627303976097 0.21564418555786885 95.620505674207536 56.235411890833838 -1.5569311383662332 21.615471064395301 56.857770534835687 -20.229356252655727 -0.0033318687045371023 -58.415273123496824 18.635834303159971 62.445811359582358 3.4098586264818613 82.065289735536297 23.027908856986773 -18.158800178997886 -70.867499197967788 -12.074268094057535 -30.684796681923441 73.095287711266252 -19.052384986661924 42.517107510953323 -5.9232901814441812 -34.687927967418318 -0.46600060855915187 -23.009412454973184 34.156409053329597 -13.608626515030451 23.163929515846899 45.712134362140688 -2.1959865618766621 47.343677820103771 -25.086780848886775 -31.123539368528753 -5.412240373701974 26.205301609852867 46.728436159323195 -0.41957880684025373 24.542751555931211 14.627293149258227 -16.241159253765481 -30.693014197019068 -24.387064722682023 -10.761715353667803 -9.2735327769508054
leaf_weight=21 11.999999999999998 14.999999999999998 16.000000000000004 10.999999999999998 11.999999999999998 12.999999999999998 19 13.000000000000002 12.999999999999998 217 11.999999999999998 10.999999999999998 14.999999999999998 91 11.000000000000002 9.9999999999999982 21 11.999999999999998 18 9.9999999999999982 9.9999999999999982 53 11.000000000000002 14.999999999999998 11.999999999999998 92 17 11.999999999999998 87 46 12.999999999999998 13.999999999999998 12.999999999999998 26 15.999999999999998 248 21 12.999999999999998 18 37 13.999999999999998 113 9.9999999999999982 34 90 11.999999999999998
leaf_count=21 12 15 16 11 12 13 19 13 13 217 12 11 15 91 11 10 21 12 18 10 10 53 11 15 12 92 17 12 87 46 13 14 13 26 16 248 21 13 18 37 14 113 10 34 90 12
internal_value=0.064138 15.8045 -5.18353 39.2938 -6.1976 0.640506 12.9651 -12.2738 18.3843 -0.589177 -2.97082 -15.3068 0.641217 11.815 27.8406 54.1948 -13.5986 -30.179 6.65137 15.0395 19.0738 -3.74827 40.3548 9.60639 -0.196946 -3.32693 -0.190645 3.55784 -9.97401 16.0133 22.0252 18.3596 24.4743 -11.9293 -8.61302 -7.28765 15.6168 26.0656 22.2479 16.3873 27.0194 -15.6521 -18.686 -18.1406 -12.3431 -14.9657
internal_weight=1620 405 1215 27 1188 559 393 629 26 547 486 110 376 106 117 21 603 55 276 124 114 270 35 79 152 133 121 104 98 61 96 61 47 548 290 274 34 81 68 55 25 258 43 147 111 33
internal_count=1620 405 1215 27 1188 559 393 629 26 547 486 110 376 106 117 21 603 55 276 124 114 270 35 79 152 133 121 104 98 61 96 61 47 548 290 274 34 81 68 55 25 258 43 147 111 33
is_linear=0
shrinkage=0.03


Tree=142
num_leaves=54
num_cat=0
split_feature=23 19 27 12 15 10 14 17 22 16 7 16 16 22 16 19 20 19 23 16 22 24 16 9 22 21 24 17 16 23 22 6 19 15 7 16 21 7 7 22 10 14 4 20 14 1 13 7 24 20 12 6 19
split_gain=1.4073e+08 1.36489e+08 6.25256e+07 1.11513e+08 3.88354e+07 3.40261e+07 2.77826e+07 7.52605e+07 2.09139e+07 3.85018e+07 3.40469e+07 3.37649e+07 2.02998e+07 1.94991e+07 1.82579e+07 1.89734e+07 1.81442e+07 1.78422e+07 1.73996e+07 1.23334e+07 1.19456e+07 9.38445e+06 8.44246e+06 8.01718e+06 7.50095e+06 1.15327e+07 7.3562e+06 7.32716e+06 7.0246e+06 6.52805e+06 5.78073e+06 7.33222e+06 5.54298e+06 5.50462e+06 5.35846e+06 5.20211e+06 4.52168e+06 6.59413e+06 6.71994e+06 7.7155e+06 5.20212e+06 3.40975e+06 3.39009e+06 2.1903e+06 2.05497e+06 1.83118e+06 1.80351e+06 1.61097e+06 1.52431e+06 1.06255e+06 979602 816856 588771
threshold=46586.150000000009 33738.850000000006 1.0000000180025095e-35 1.0267857140995378 2111.488333333335 0.8542199457734333 0.19526098129531513 0.023928574677305199 3134.6584318337341 0.0051020740191197742 1.0000000180025095e-35 0.0049140049140049555 0.0037543201186628354 955.12968491362312 0.0048899755501222728 104210.00000000001 110861.50000000001 39280.900000000001 74897.723076923096 0.0049140049140049555 16535.08119240309 45478.875000000007 0.092297831428266211 -0.85421994577343319 12397.728458434989 42023.850000000013 52370.600000000006 0.079999999985254144 -0.080000000000000002 16901.850000000002 2673.6846364669877 1.0000000180025095e-35 15418.600000000002 -5841.4583333333312 -0.24999999999999997 0.0050505372572776661 42282.762500000004 -0.93301270189221919 -0.6830127018922193 10258.786145648386 -0.61559370248597534 0.23341523337310963 59377.500000000007 32912.900000000009 0.21012658223285954 32868.000000000007 0.92129629607756358 -0.24999999999999997 36378.525000000009 9107.2500000000018 0.93506493481960629 1.0000000180025095e-35 10980.200000000003
decision_type=2 2 2 2 2 2 2 2 2 2 2 2 2 2 2 2 2 2 2 2 2 2 2 2 2 2 2 2 2 2 2 2 2 2 2 2 2 2 2 2 2 2 2 2 2 2 2 2 2 2 2 2 2
left_child=17 -2 5 -4 14 8 -7 12 9 10 11 -3 26 -6 23 -16 19 24 22 -15 -20 -14 28 -5 25 29 -8 -25 -10 44 31 34 -32 -33 -31 -12 40 43 39 -39 45 46 -34 -38 48 -19 -40 49 52 -46 -49 -50 -1
right_child=1 2 3 4 13 6 7 -9 18 -11 35 -13 21 16 15 -17 -18 36 20 -21 -22 -23 -24 27 -26 -27 -28 -29 -30 30 32 33 42 -35 -36 -37 37 38 41 -41 -42 -43 -44 -45 47 -47 -48 50 51 -51 -52 -53 -54
leaf_value=-25.433784095084302 112.14241318161423 12.701906412015147 113.83071176056815 41.760156161074605 -32.426140755318308 27.946044443619151 14.109117511188812 -87.244800773795333 18.357001904114981 68.100974516997468 -2.8026845660434203 73.242693778373095 -7.6730100303121107 1.4266313738081322 79.625509206410982 22.343911081446279 41.278052420108878 6.78774636126579 37.627571155146548 15.78886125228261 3.0474974363636593 -43.97380141959006 -26.187847867776419 21.472266918629536 11.71339409905511 -43.515947069735134 -7.9711959616593475 -4.8496703957222609 -2.6907289306075239 4.5300955239969403 8.2390120130482281 -1.2358954852193755 -16.438673823989348 25.619222049197635 -13.018392220760912 -25.54984037793372 -20.797121855480828 32.09475679631818 17.508863079382632 -1.0679453001872148 -23.207304005724318 -9.6575362111811032 0.99112443769300307 -1.8209391563983004 -20.290114480558238 -8.0197816405681337 -0.45927455939868889 -29.369894373870093 -14.184771832778118 -13.256167672529662 -19.715285605364304 -8.602541291462515 -14.803243243529064
leaf_weight=10.000000000000002 10.999999999999998 33 9.9999999999999982 14.999999999999998 10.999999999999998 11.999999999999998 21 12.999999999999998 14.999999999999998 10.999999999999998 36 10.999999999999998 10.000000000000002 160 11.000000000000002 9.9999999999999982 13.999999999999998 14.000000000000002 17 81 19 18 12.999999999999998 69 10.999999999999998 10.999999999999998 38 10.999999999999998 260 21 9.9999999999999982 18.000000000000004 114 10.999999999999998 61 11.999999999999998 10.000000000000002 17.000000000000004 10.000000000000002 9.9999999999999982 13.999999999999998 17 10.999999999999998 11.999999999999998 28 15.999999999999998 9.9999999999999982 11.999999999999998 43 67 56 54 9.9999999999999982
leaf_count=10 11 33 10 15 11 12 21 13 15 11 36 11 10 160 11 10 14 14 17 81 19 18 13 69 11 11 38 11 260 21 10 18 114 11 61 12 10 17 10 10 14 17 11 12 28 16 10 12 43 67 56 54 10
internal_value=0.0629968 7.56417 6.31663 15.4315 12.8264 -0.313953 -15.024 -20.2032 3.54702 15.3154 8.93696 27.9689 -10.0967 6.50497 27.3041 52.5839 8.19642 -10.3586 -0.197729 6.25833 19.4361 -31.0828 -2.65786 21.6665 -12.7285 -13.2313 -0.101475 17.8514 -1.5364 -12.5898 -9.01774 -3.94088 -13.186 9.00346 -8.52419 -8.53083 -0.366153 3.63525 8.50367 19.8535 -8.17765 0.190053 -14.9053 -10.5017 -15.7237 -1.10991 8.56706 -17.9096 -12.6658 -15.3485 -21.4597 -11.0892 -20.2188
internal_weight=1620 942 931 392 382 539 112 100 427 103 92 44 87 266 116 21 255 678 324 241 36 28 288 95 548 537 59 80 275 526 246 111 135 29 82 48 130 86 64 27 44 37 125 22 280 30 20 163 117 95 68 97 20
internal_count=1620 942 931 392 382 539 112 100 427 103 92 44 87 266 116 21 255 678 324 241 36 28 288 95 548 537 59 80 275 526 246 111 135 29 82 48 130 86 64 27 44 37 125 22 280 30 20 163 117 95 68 97 20
is_linear=0
shrinkage=0.03


end of trees

feature_importances:
Column_18=1073
Column_16=768
Column_23=571
Column_6=472
Column_20=463
Column_7=457
Column_21=423
Column_14=421
Column_22=368
Column_10=344
Column_12=320
Column_8=315
Column_0=310
Column_19=281
Column_9=276
Column_11=275
Column_24=224
Column_2=223
Column_15=217
Column_17=196
Column_1=192
Column_3=136
Column_13=111
Column_27=101
Column_4=82
Column_5=76
Column_25=7
Column_28=2

parameters:
[boosting: gbdt]
[objective: regression]
[metric: rmse]
[tree_learner: serial]
[device_type: cpu]
[data_sample_strategy: bagging]
[data: ]
[valid: ]
[num_iterations: 500]
[learning_rate: 0.03]
[num_leaves: 63]
[num_threads: -1]
[seed: 42]
[deterministic: 0]
[force_col_wise: 0]
[force_row_wise: 0]
[histogram_pool_size: -1]
[max_depth: 8]
[min_data_in_leaf: 10]
[min_sum_hessian_in_leaf: 0.001]
[bagging_fraction: 0.8]
[pos_bagging_fraction: 1]
[neg_bagging_fraction: 1]
[bagging_freq: 0]
[bagging_seed: 400]
[bagging_by_query: 0]
[feature_fraction: 0.8]
[feature_fraction_bynode: 1]
[feature_fraction_seed: 30056]
[extra_trees: 0]
[extra_seed: 12879]
[early_stopping_round: 0]
[early_stopping_min_delta: 0]
[first_metric_only: 0]
[max_delta_step: 0]
[lambda_l1: 0.1]
[lambda_l2: 0.1]
[linear_lambda: 0]
[min_gain_to_split: 0]
[drop_rate: 0.1]
[max_drop: 50]
[skip_drop: 0.5]
[xgboost_dart_mode: 0]
[uniform_drop: 0]
[drop_seed: 17869]
[top_rate: 0.2]
[other_rate: 0.1]
[min_data_per_group: 100]
[max_cat_threshold: 32]
[cat_l2: 10]
[cat_smooth: 10]
[max_cat_to_onehot: 4]
[top_k: 20]
[monotone_constraints: ]
[monotone_constraints_method: basic]
[monotone_penalty: 0]
[feature_contri: ]
[forcedsplits_filename: ]
[refit_decay_rate: 0.9]
[cegb_tradeoff: 1]
[cegb_penalty_split: 0]
[cegb_penalty_feature_lazy: ]
[cegb_penalty_feature_coupled: ]
[path_smooth: 0]
[interaction_constraints: ]
[verbosity: -1]
[saved_feature_importance_type: 0]
[use_quantized_grad: 0]
[num_grad_quant_bins: 4]
[quant_train_renew_leaf: 0]
[stochastic_rounding: 1]
[linear_tree: 0]
[max_bin: 255]
[max_bin_by_feature: ]
[min_data_in_bin: 3]
[bin_construct_sample_cnt: 200000]
[data_random_seed: 175]
[is_enable_sparse: 1]
[enable_bundle: 1]
[use_missing: 1]
[zero_as_missing: 0]
[feature_pre_filter: 1]
[pre_partition: 0]
[two_round: 0]
[header: 0]
[label_column: ]
[weight_column: ]
[group_column: ]
[ignore_column: ]
[categorical_feature: ]
[forcedbins_filename: ]
[precise_float_parser: 0]
[parser_config_file: ]
[objective_seed: 16083]
[num_class: 1]
[is_unbalance: 0]
[scale_pos_weight: 1]
[sigmoid: 1]
[boost_from_average: 1]
[reg_sqrt: 0]
[alpha: 0.9]
[fair_c: 1]
[poisson_max_delta_step: 0.7]
[tweedie_variance_power: 1.5]
[lambdarank_truncation_level: 30]
[lambdarank_norm: 1]
[label_gain: ]
[lambdarank_position_bias_regularization: 0]
[eval_at: ]
[multi_error_top_k: 1]
[auc_mu_weights: ]
[num_machines: 1]
[local_listen_port: 12400]
[time_out: 120]
[machine_list_filename: ]
[machines: ]
[gpu_platform_id: -1]
[gpu_device_id: -1]
[gpu_use_dp: 0]
[num_gpu: 1]

end of parameters

pandas_categorical:null
