tree
version=v4
num_class=1
num_tree_per_iteration=1
label_index=0
max_feature_idx=28
objective=regression
feature_names=Column_0 Column_1 Column_2 Column_3 Column_4 Column_5 Column_6 Column_7 Column_8 Column_9 Column_10 Column_11 Column_12 Column_13 Column_14 Column_15 Column_16 Column_17 Column_18 Column_19 Column_20 Column_21 Column_22 Column_23 Column_24 Column_25 Column_26 Column_27 Column_28
monotone_constraints=-1 0 0 0 0 0 0 0 0 0 0 -1 -1 -1 -1 -1 0 0 0 0 0 0 0 0 0 0 0 0 0
feature_infos=[32871.599999999999:67815] [28080:47520] [41475:67815] [38018.75:64218.75] [35550:60108.75] [0:1] [0:1] [-1:1] [-1:1] [-1:1] [-1:1] [0.74426966275283279:1.0624999997845701] [0.85989949726527237:1.2361111107769367] [0.78857142838225458:1.1558441555519716] [0.12819939640721773:0.29927007294857033] [-11002.566666666666:7192.5] [-0.083616698009966073:0.092544987146529589] [0:0.10436704898520052] [7231.1000000000004:176563.5] [7231.1000000000004:176563.5] [7231.1000000000004:176563.5] [7382.0500000000011:159148.65000000002] [58.260964633958451:52453.146250503138] [7853.9769230769225:134261.53076923077] [32871.599999999999:67815] [0:1] [0:1] [0:1] [0:1]
tree_sizes=5887 5962 5947 5980 6014 5887 5930 5971 6006 5982 5970 6015 5962 5914 5913 5916 5876 5911 5882 5895 5881 5944 5951 5984 6027 5889 5898 6005 5822 5992 5976 5923 5822 5890 5957 5870 5986 5964 5954 5903 5932 5996 5990 6027 6036 6029 6001 6031 6120 5935 6062 6021 5994 6032 6029 6034 5951 5994 5863 5959 5971 6014 6019 5962 5924 5921 5969 5980 6002 5987 5969 6012 6004 6077 6070 6007 5970 5999 5987 6082 6042 5929 5991 5961 6059 6085 5982 5945 6084 5953 6020 6011 5995 6090 6001 6116 6032 6039 6082 5213 5999 6053 5959 6109 6105 5144 5755 6134 6020 6020 6075 6101 6061 6010 6039 6173 6057 5974 6131 5825 6048 6166 5883 5546 6069 5813 5352 6127 6089 6043 6012 4894 6143 5383 6081 4827

Tree=0
num_leaves=63
num_cat=0
split_feature=18 21 18 5 17 21 21 16 21 18 18 18 16 18 2 8 21 1 18 16 18 18 4 18 27 18 16 18 12 8 18 16 21 2 18 14 19 7 18 18 16 18 16 18 21 18 19 21 16 7 18 3 18 18 18 16 16 8 7 18 19 18
split_gain=7.05998e+11 1.73537e+11 1.00718e+11 6.92731e+10 6.23636e+10 2.74781e+10 2.17967e+10 1.74879e+10 1.7194e+10 1.07127e+10 7.94038e+09 6.68888e+09 5.68683e+09 4.92542e+09 4.82147e+09 4.61829e+09 4.14966e+09 3.76609e+09 3.0206e+09 3.00495e+09 2.62481e+09 2.21118e+09 2.07886e+09 1.67957e+09 1.62061e+09 1.47319e+09 1.54519e+09 1.46587e+09 1.34269e+09 2.06548e+09 1.24783e+09 1.23188e+09 1.14346e+09 1.05802e+09 1.05732e+09 1.01729e+09 9.51407e+08 9.19924e+08 9.07889e+08 8.93878e+08 8.76821e+08 7.42478e+08 7.05367e+08 6.34322e+08 6.20739e+08 6.01539e+08 5.75596e+08 6.50121e+08 5.6795e+08 4.33209e+08 4.03364e+08 3.72936e+08 3.57962e+08 2.95325e+08 2.85574e+08 2.59481e+08 2.53021e+08 2.37791e+08 2.30219e+08 2.14953e+08 2.10142e+08 2.09577e+08
threshold=43515.05000000001 80396.025000000023 28020.850000000002 1.0000000180025095e-35 0.061650782740210804 60559.200000000012 95185.900000000023 -1.0000000180025095e-35 95185.900000000023 68579.150000000009 63299.650000000001 15226.050000000001 0.0050505372572776661 90719.950000000012 48941.750000000007 0.93301270189221952 59886.812500000007 35115.000000000007 35545.650000000009 -1.0000000180025095e-35 73051.500000000015 49889.750000000007 42000.000000000007 55728.200000000004 1.0000000180025095e-35 75549.150000000009 0.0050505372572776661 95253.60000000002 1.1814593759708412 -0.68301270189221952 54543.700000000004 0.0037543201186628354 21224.912500000002 56840.000000000007 36237.30000000001 0.20184295528345614 31199.500000000004 -0.6830127018922193 85153.35000000002 54148.900000000009 0.0050505372572776661 62843.05000000001 -0.075365239294710326 21334.200000000001 70679.66250000002 78385.60000000002 108144.60000000002 111192.00000000003 0.05017507414820211 0.25000000000000011 39280.900000000001 51632.500000000007 66084.35000000002 12077.150000000001 52594.650000000009 0.0037543201186628354 0.0050761748317067487 0.6830127018922193 -0.6830127018922193 46445.350000000006 80863.300000000017 18575.650000000005
decision_type=2 2 2 2 2 2 2 2 2 2 2 2 2 2 2 2 2 2 2 2 2 2 2 2 2 2 2 2 2 2 2 2 2 2 2 2 2 2 2 2 2 2 2 2 2 2 2 2 2 2 2 2 2 2 2 2 2 2 2 2 2 2
left_child=2 3 11 5 6 17 15 22 60 16 30 35 20 -8 -11 25 33 24 40 43 52 57 34 -18 31 -3 38 44 29 -23 -7 59 56 42 -4 -1 -20 -15 -27 -26 -9 -33 54 -13 -14 -22 -39 -48 -30 -16 -38 -28 -12 -37 -5 -32 61 -19 -25 -2 -6 -21
right_child=1 4 7 9 8 10 13 18 -10 14 12 19 27 37 49 -17 23 21 36 32 45 28 -24 58 39 26 51 -29 48 -31 55 41 -34 -35 -36 53 50 46 -40 -41 -42 -43 -44 -45 -46 -47 47 -49 -50 -51 -52 -53 -54 -55 -56 -57 -58 -59 -60 -61 -62 -63
leaf_value=49096.020903437355 49940.829937884962 50669.94919126694 50053.368022233299 50655.401029515255 51727.221532324671 50114.751302755525 50967.308801390907 49586.79347225518 53084.974487135536 50946.828458457581 50500.143020331845 49373.913296697283 50242.971021281803 51874.146191996078 51548.972201198907 50216.516640222428 50825.711804435115 50025.280782318456 49525.371596733065 49089.188849140097 50859.36962548014 50231.138223398993 50712.218520105242 51379.379572192272 50043.67203238864 51003.88734622849 50686.839034411976 50704.437893988317 50207.917284565643 50545.89034580614 50388.382783247936 49754.751656206732 49271.986876121286 50993.899511582073 50382.634564765089 48887.674354463314 49731.954601808364 51782.511493536178 51378.246995725021 50335.85107783979 49296.587480128241 49982.274666669997 50420.038731685723 49690.926369090448 50449.933642383272 51113.587886106441 51254.067544147045 51616.842141425594 49971.594720394693 51861.517717142597 49837.589718371753 50925.7000640486 50677.961190237402 48982.117981638665 50853.705347237963 50255.814304364161 49002.859783468928 50177.775019318586 51132.71779940695 50075.200820166989 52023.815273880959 49248.242008375317
leaf_weight=41 14.999999999999998 19 17 29 13.000000000000002 26 10.999999999999998 78 20 11.999999999999998 13.999999999999998 13.000000000000002 29 18 16.000000000000004 9.9999999999999982 11.999999999999998 54 12.999999999999998 42 29 54 9.9999999999999982 12.999999999999998 25 19.000000000000004 13.000000000000002 11.999999999999998 26 28 56 37 48 9.9999999999999982 18 127 56 10.999999999999998 9.9999999999999982 14.999999999999998 10.999999999999998 20 9.9999999999999982 10.999999999999998 24 13.999999999999998 10.000000000000002 13.999999999999998 13.999999999999998 10.999999999999998 82 13.999999999999998 53 70 9.9999999999999982 18 32 10.999999999999998 10.000000000000002 37 9.9999999999999982 14.999999999999998
leaf_count=41 15 19 17 29 13 26 11 78 20 12 14 13 29 18 16 10 12 54 13 42 29 54 10 13 25 19 13 12 26 28 56 37 48 10 18 127 56 11 10 15 11 20 10 11 24 14 10 14 14 11 82 14 53 70 10 18 32 11 10 37 10 15
internal_value=50092.3 50627.6 49359.7 50420 51431.5 50284.9 51139.8 49790.6 52437.5 51040.2 50507.2 49052.1 50629 51558.1 51458.8 50823.5 50865.3 50102.8 49688.9 49203 50760.5 50192.5 50332.9 51124.9 49990.4 50904.2 50982.5 50405.8 50267.7 50337.2 50293.7 49930.5 49148.4 50709.8 50223 48950.4 49771 51678.8 51137 50153.6 49550.1 49834.3 50650.1 49516.9 50337.2 50944.3 51573.5 51471.1 50125.1 51682.4 49794.5 50813.3 50641.5 48920.7 50708.1 50356.4 49082.8 50051.2 51277.1 50036.2 51864 49129.5
internal_weight=1620 936 684 744 192 611 149 285 43 133 275 399 175 64 39 85 94 336 240 161 110 187 45 35 149 75 56 65 122 82 100 109 137 59 35 238 151 53 29 40 89 57 49 24 53 43 35 24 40 27 138 27 67 197 39 74 89 65 23 52 23 57
internal_count=1620 936 684 744 192 611 149 285 43 133 275 399 175 64 39 85 94 336 240 161 110 187 45 35 149 75 56 65 122 82 100 109 137 59 35 238 151 53 29 40 89 57 49 24 53 43 35 24 40 27 138 27 67 197 39 74 89 65 23 52 23 57
is_linear=0
shrinkage=1


Tree=1
num_leaves=63
num_cat=0
split_feature=18 21 25 5 17 21 21 23 16 23 18 1 16 18 23 18 11 18 18 18 23 18 18 14 10 2 2 12 23 18 10 18 10 20 24 10 2 24 19 1 21 18 7 21 23 17 10 24 21 23 18 16 18 20 12 12 16 9 18 19 18 18
split_gain=6.64426e+11 1.63358e+11 9.54133e+10 6.52153e+10 5.87051e+10 2.58621e+10 2.09037e+10 1.93563e+10 1.59862e+10 1.0749e+10 7.47351e+09 7.09738e+09 5.35149e+09 4.67883e+09 4.15487e+09 3.37109e+09 3.09916e+09 3.05877e+09 2.91512e+09 2.81807e+09 2.95683e+09 2.47104e+09 2.4018e+09 2.26876e+09 1.85687e+09 1.75817e+09 1.75524e+09 1.53366e+09 1.52311e+09 1.38019e+09 1.24588e+09 1.17424e+09 1.11936e+09 1.21567e+09 1.05638e+09 1.00615e+09 9.87689e+08 8.87366e+08 8.32519e+08 6.45827e+08 5.84222e+08 5.66685e+08 5.54598e+08 5.15184e+08 5.15006e+08 5.11499e+08 5.0404e+08 4.7465e+08 3.95131e+08 3.49668e+08 3.36572e+08 3.23351e+08 2.97038e+08 2.65446e+08 2.58637e+08 2.49025e+08 2.441e+08 2.33289e+08 2.32484e+08 2.17959e+08 1.79568e+08 1.43856e+08
threshold=43515.05000000001 80396.025000000023 1.0000000180025095e-35 1.0000000180025095e-35 0.075411471307569006 60559.200000000012 95185.900000000023 92010.219230769246 -1.0000000180025095e-35 60896.976923076923 63299.650000000001 41020.000000000007 0.0050505372572776661 90719.950000000012 51540.996153846158 64146.500000000007 0.84641379296280916 35545.650000000009 75549.150000000009 54543.700000000004 47790.346153846156 73051.500000000015 50657.150000000001 0.17388612090385749 0.91023613416931248 47087.500000000007 59666.250000000007 1.0658391177286974 82097.876923076925 95253.60000000002 -0.29696027566504651 54543.700000000004 0.56806474673115537 104550.10000000002 37907.400000000009 0.74851074817110097 51003.125000000007 51929.975000000013 89710.050000000017 34707.000000000007 70679.66250000002 78385.60000000002 -0.24999999999999997 30881.712500000005 45139.30000000001 0.0014919387178839571 1.0000000180025095e-35 47087.500000000007 36710.037500000006 12936.61153846154 66084.35000000002 0.0037543201186628354 18132.050000000003 43195.30000000001 1.1166071426234068 1.1785714283661013 0.0037543201186628354 -0.40966402954315195 39280.900000000001 45837.55000000001 59514.000000000007 51237.650000000001
decision_type=2 2 2 2 2 2 2 2 2 2 2 2 2 2 2 2 2 2 2 2 2 2 2 2 2 2 2 2 2 2 2 2 2 2 2 2 2 2 2 2 2 2 2 2 2 2 2 2 2 2 2 2 2 2 2 2 2 2 2 2 2 2
left_child=2 3 8 5 6 14 18 28 25 19 31 23 21 -8 34 -11 -13 43 35 57 -21 50 45 49 36 44 42 -22 -6 40 -27 61 46 -34 -2 -3 -24 -17 -28 -25 -14 -23 -20 -10 -1 55 -15 51 -19 -4 -12 -36 -18 -49 -29 -16 60 59 -50 -5 -33 -7
right_child=1 4 11 9 7 10 13 -9 17 15 12 16 29 32 22 37 52 48 26 20 27 41 24 39 -26 30 38 54 -30 -31 -32 56 33 -35 47 -37 -38 -39 -40 -41 -42 -43 -44 -45 -46 -47 -48 53 58 -51 -52 -53 -54 -55 -56 -57 -58 -59 -60 -61 -62 -63
leaf_value=-41.684483528848013 -390.84667203336147 602.71193816489347 -966.07058749377484 469.088865060334 1584.2972515527945 -60.273416978990696 849.02947001689188 3158.3798251241719 -686.60129009726825 974.78473331151827 395.7289511303191 -487.80447913965247 146.20086116830095 1504.1879481907893 -41.760548623250628 1316.5313613696806 -970.54426703759214 -413.54374949269476 747.52272926210719 416.74637782332923 1242.744912044702 744.17104099548965 14.207081579488401 -1152.6400559562762 508.67790963680187 198.08876148186098 1109.6350094077222 939.31812435433858 2091.9047339527028 593.95995674070241 673.29023103921725 227.70200431034479 1083.3975719368809 1585.4864758663368 -77.826034354724527 216.92663534628377 208.0437862847821 1705.1509547948474 771.81409139333675 -1040.8830168551704 346.98359245331949 990.90102144281934 461.2694508044554 -488.76132480389674 231.71320515547646 161.46702912887724 1795.7214185855262 35.063910416932863 -337.53272003876282 -783.3432793057126 568.15886373918613 -203.66767019157732 -832.39157102010154 -88.965614880026365 704.93063776299505 -205.2258779877011 158.67040939499657 428.44908545960772 -247.04384804877816 661.93853891692549 337.93128270348836 82.013489099969931
leaf_weight=16.000000000000004 10.999999999999998 14.000000000000002 25 10.000000000000002 16.000000000000004 11.000000000000002 10.999999999999998 14.999999999999998 14.999999999999998 19 13.999999999999998 24 29 17 50 14.000000000000002 27 23 19.000000000000004 9.9999999999999982 14.999999999999998 29 36 168 13.999999999999998 10.000000000000002 19.000000000000004 12.000000000000002 10.999999999999998 11.999999999999998 9.9999999999999982 26 10.000000000000002 9.9999999999999982 39 10.999999999999998 69 12.999999999999998 11.999999999999998 85 24 13.999999999999998 9.9999999999999982 74 9.9999999999999982 9.9999999999999982 17 32 39 22 53 35 54 30 9.9999999999999982 9.9999999999999982 18 13.999999999999998 82 15.999999999999998 30 14.999999999999998
leaf_count=16 11 14 25 10 16 11 11 15 15 19 14 24 29 17 50 14 27 23 19 10 15 29 36 168 14 10 19 12 11 12 10 26 10 10 39 11 69 13 12 85 24 14 10 74 10 10 17 32 39 22 53 35 54 30 10 10 18 14 82 16 30 15
internal_value=0.0386104 519.387 -710.621 317.962 1299.34 186.844 1020.55 2290.23 -283.581 919.724 402.529 -1004.66 520.73 1425.63 10.2483 1291.08 -790.583 -384.46 709.467 722.116 880.258 648.284 103.262 -1079.3 185.231 227.117 823.12 1004.07 1798.06 304.204 437.857 195.365 1541.3 1341.08 -109.33 434.507 141.662 1509.25 981.768 -1115.52 237.604 826.614 650.739 -522.838 63.9533 -36.1508 1654.79 -86.2899 -298.631 -882.383 532.772 -137.54 -879.582 -24.9969 836.45 -69.301 256.231 534.567 -276.464 589.847 287.251 21.8148
internal_weight=1620 936 684 744 192 611 150 42 279 133 275 405 175 65 336 46 105 233 85 87 47 110 189 300 119 46 60 37 27 65 20 100 54 20 147 25 105 27 31 253 53 43 29 89 26 70 34 136 144 47 67 74 81 62 22 60 74 40 121 26 56 26
internal_count=1620 936 684 744 192 611 150 42 279 133 275 405 175 65 336 46 105 233 85 87 47 110 189 300 119 46 60 37 27 65 20 100 54 20 147 25 105 27 31 253 53 43 29 89 26 70 34 136 144 47 67 74 81 62 22 60 74 40 121 26 56 26
is_linear=0
shrinkage=0.03


Tree=2
num_leaves=63
num_cat=0
split_feature=18 21 18 5 17 21 21 23 16 23 18 18 16 18 8 23 18 16 18 18 23 18 18 4 12 23 23 18 16 23 18 21 24 18 19 14 7 18 16 7 18 18 18 18 11 21 18 21 2 18 24 2 2 18 23 12 18 21 16 16 18 7
split_gain=6.25296e+11 1.53774e+11 8.92333e+10 6.13917e+10 5.52601e+10 2.434e+10 1.96783e+10 1.82184e+10 1.54854e+10 1.01172e+10 7.03372e+09 5.96091e+09 5.03592e+09 4.40361e+09 4.18932e+09 3.91027e+09 3.20812e+09 2.76571e+09 2.67639e+09 2.65301e+09 2.78314e+09 2.32628e+09 2.28735e+09 1.90875e+09 1.44315e+09 1.44118e+09 1.43488e+09 1.29952e+09 1.27205e+09 1.16386e+09 1.10511e+09 1.07143e+09 9.94613e+08 9.6176e+08 8.44052e+08 8.38864e+08 8.17266e+08 8.08383e+08 7.82242e+08 7.12398e+08 6.23181e+08 6.09356e+08 5.903e+08 5.62586e+08 5.94323e+08 5.49854e+08 5.3385e+08 4.52393e+08 3.6109e+08 3.54514e+08 3.33088e+08 3.23808e+08 3.19444e+08 3.16784e+08 2.93421e+08 2.43377e+08 2.34619e+08 2.34173e+08 2.29687e+08 2.25206e+08 2.03434e+08 1.99989e+08
threshold=43515.05000000001 80396.025000000023 28020.850000000002 1.0000000180025095e-35 0.075411471307569006 60559.200000000012 95185.900000000023 92010.219230769246 -1.0000000180025095e-35 60896.976923076923 63299.650000000001 14856.300000000001 0.0050505372572776661 90719.950000000012 0.93301270189221952 51540.996153846158 61631.000000000007 -1.0000000180025095e-35 35545.650000000009 54543.700000000004 47790.346153846156 73051.500000000015 55728.200000000004 42000.000000000007 1.0658391177286974 80540.469230769246 82097.876923076925 95253.60000000002 0.0051282388444369173 70608.661538461558 54543.700000000004 21224.912500000002 37907.400000000009 36237.30000000001 31199.500000000004 0.20184295528345614 -0.6830127018922193 63299.650000000001 0.0050505372572776661 0.68301270189221941 85153.35000000002 49889.750000000007 21334.200000000001 108144.60000000002 0.94399999985264305 70679.66250000002 78385.60000000002 42282.762500000004 48220.250000000007 39280.900000000001 48373.750000000007 54374.375000000007 53831.875000000007 66358.60000000002 68359.726923076945 1.1166071426234068 70625.900000000009 10946.112500000001 0.0037543201186628354 0.0050761748317067487 18575.650000000005 -0.24999999999999997
decision_type=2 2 2 2 2 2 2 2 2 2 2 2 2 2 2 2 2 2 2 2 2 2 2 2 2 2 2 2 2 2 2 2 2 2 2 2 2 2 2 2 2 2 2 2 2 2 2 2 2 2 2 2 2 2 2 2 2 2 2 2 2 2
left_child=2 3 11 5 6 15 14 26 23 19 30 35 21 -8 25 32 -11 42 38 61 -21 53 41 33 -22 39 -6 45 37 52 -7 59 -2 -4 -20 -1 -15 -24 -10 51 -27 54 -13 -38 -45 -14 -23 -34 -43 -36 -49 -3 -18 -12 -17 -26 -30 -37 -32 60 -19 -5
right_child=1 4 8 9 7 10 13 -9 18 16 12 17 27 36 -16 22 29 31 34 20 24 46 28 -25 55 40 -28 -29 56 -31 58 -33 47 -35 49 57 43 -39 -40 -41 -42 48 -44 44 -46 -47 -48 50 -50 -51 -52 -53 -54 -55 -56 -57 -58 -59 -60 -61 -62 -63
leaf_value=-943.91777752883399 -379.22690060177359 609.33192558715052 -40.507422421104032 567.22678873097323 1537.0635413431671 21.16283153709324 823.78804265202712 3064.256066846026 -475.45647729773526 818.99898211518598 399.47322950932016 -676.65975648271262 141.82990657216493 1680.4618249309392 110.29261944761372 -87.726018709974213 1121.926086359797 -946.80820536425153 -533.52745616650759 404.36778097926975 1205.7094363100166 721.92261154961341 256.81516743613633 590.00976990350398 911.37146726497917 772.46135645177969 2029.7129687500003 576.28839528990181 -54.924691788956913 1693.2706652227723 278.663294357871 -771.99816073284808 -228.06527357670294 273.51180827272526 -338.68121924089235 -1159.7089421809071 1209.7547961891701 559.98576133199253 -749.52648754222969 421.40950920482675 1060.3886129173136 -22.676900309092961 -376.10989851668069 1651.741866054389 1286.9894983756187 336.61727980744291 961.38481050531914 -106.32879794973634 130.90405235186722 -239.64155631619454 -4.9280017996860801 809.90117014848067 1395.4255552242366 555.85715323259728 84.9319581480284 683.99207998143561 144.97687141040765 -1073.3552988720337 153.93660314106808 -1027.8112687641615 -794.2847907181291 414.19015119945732
leaf_weight=40 10.999999999999998 15.999999999999998 17 27 16.000000000000004 26 10.999999999999998 14.999999999999998 78 11.999999999999998 17 14.000000000000002 29 18 9.9999999999999982 44 11.000000000000002 47 12.999999999999998 9.9999999999999982 14.999999999999998 29 39 9.9999999999999982 12.000000000000002 15.000000000000002 10.999999999999998 11.999999999999998 11.000000000000002 9.9999999999999982 56 48 17 18 56 71 12.999999999999998 9.9999999999999982 10.999999999999998 9.9999999999999982 15.999999999999998 20 10.999999999999998 13.000000000000002 9.9999999999999982 24 13.999999999999998 68 44 82 51 18 12.999999999999998 50 10.999999999999998 9.9999999999999982 9.9999999999999982 120 18 33 14.999999999999998 12.999999999999998
leaf_count=40 11 16 17 27 16 26 11 15 78 12 17 14 29 18 10 44 11 47 13 10 15 29 39 10 12 15 11 12 11 10 56 48 17 18 56 71 13 10 11 10 16 20 11 13 10 24 14 68 44 82 51 18 13 50 11 10 10 120 18 33 15 13
internal_value=0.0810206 503.905 -689.335 308.477 1260.63 181.26 990.145 2222.01 -283.759 892.332 390.503 -978.888 505.173 1383.17 688.321 9.9401 1252.61 -841.51 -379.495 700.62 854.061 628.909 100.175 226.541 974.181 765.141 1744.52 295.128 236.119 1402.8 189.527 -892.677 -106.065 121.307 -302.209 -1078.39 1495.39 319.701 -510.134 651.376 924.001 20.0763 -546.443 1398.45 1499.41 230.503 801.937 -83.7086 82.9495 -280.048 -62.912 717.579 1275.25 516.832 -53.1029 811.58 40.5023 -1106.05 248.573 -952.775 -911.246 518.647
internal_weight=1620 936 684 744 192 611 150 42 285 133 275 399 175 65 85 336 46 168 240 87 47 110 189 45 37 75 27 65 70 34 100 143 147 35 151 231 54 49 89 44 31 119 25 36 23 53 43 136 64 138 119 34 24 67 55 22 21 191 74 95 62 40
internal_count=1620 936 684 744 192 611 150 42 285 133 275 399 175 65 85 336 46 168 240 87 47 110 189 45 37 75 27 65 70 34 100 143 147 35 151 231 54 49 89 44 31 119 25 36 23 53 43 136 64 138 119 34 24 67 55 22 21 191 74 95 62 40
is_linear=0
shrinkage=0.03


Tree=3
num_leaves=63
num_cat=0
split_feature=18 21 18 5 17 21 21 21 16 18 18 18 16 2 18 21 1 1 14 16 18 18 14 18 4 18 27 18 12 10 16 16 18 21 18 2 10 16 14 18 18 16 22 18 16 18 2 16 16 18 18 9 18 20 10 18 18 16 16 19 18 18
split_gain=5.88483e+11 1.44753e+11 8.39702e+10 5.77946e+10 5.20172e+10 2.29068e+10 1.85518e+10 1.57356e+10 1.45744e+10 9.05385e+09 6.62018e+09 5.60659e+09 4.73898e+09 4.06914e+09 3.64138e+09 3.50084e+09 3.2092e+09 2.9122e+09 2.61636e+09 2.60142e+09 2.51869e+09 2.18999e+09 1.97344e+09 1.85849e+09 1.79717e+09 1.46833e+09 1.40268e+09 1.22357e+09 1.16459e+09 1.32215e+09 1.09495e+09 1.04644e+09 1.03994e+09 1.00858e+09 9.1986e+08 9.05817e+08 8.93075e+08 7.95577e+08 7.88866e+08 7.76647e+08 7.65817e+08 7.37066e+08 6.80263e+08 6.43748e+08 6.08635e+08 5.55569e+08 5.53256e+08 5.26536e+08 5.1287e+08 5.02917e+08 4.25384e+08 3.1856e+08 2.99909e+08 2.57066e+08 2.51336e+08 2.28185e+08 2.24633e+08 2.16073e+08 2.11928e+08 2.0853e+08 1.94312e+08 1.91028e+08
threshold=43515.05000000001 80396.025000000023 28020.850000000002 1.0000000180025095e-35 0.075411471307569006 60559.200000000012 102112.97500000002 95185.900000000023 -1.0000000180025095e-35 68579.150000000009 63299.650000000001 14856.300000000001 0.0050505372572776661 48941.750000000007 75549.150000000009 59886.812500000007 35115.000000000007 42920.000000000007 0.276283618527008 -1.0000000180025095e-35 35545.650000000009 73051.500000000015 0.25440806040471847 49889.750000000007 42000.000000000007 59082.100000000006 1.0000000180025095e-35 95253.60000000002 1.1814593759708412 0.78574730703237883 0.0037543201186628354 0.0037543201186628354 54543.700000000004 21224.912500000002 34717.450000000004 56840.000000000007 0.74851074817110097 0.0050505372572776661 0.20184295528345614 54148.900000000009 112238.65000000001 0.0050505372572776661 10834.934566728369 62843.05000000001 -0.075365239294710326 21334.200000000001 45478.875000000007 0.05017507414820211 0.05017507414820211 78385.60000000002 39280.900000000001 -0.61559370248597534 66084.35000000002 103240.45000000001 -0.70581670320594803 52594.650000000009 9938.5500000000011 0.0037543201186628354 0.0050761748317067487 80863.300000000017 46445.350000000006 18575.650000000005
decision_type=2 2 2 2 2 2 2 2 2 2 2 2 2 2 2 2 2 2 2 2 2 2 2 2 2 2 2 2 2 2 2 2 2 2 2 2 2 2 2 2 2 2 2 2 2 2 2 2 2 2 2 2 2 2 2 2 2 2 2 2 2 2
left_child=2 3 11 5 6 16 14 59 24 15 32 38 21 -11 36 35 26 31 40 45 41 52 -19 -18 34 -17 30 47 29 -25 60 -16 -7 58 -4 44 -3 50 -1 -28 53 -10 -15 -32 55 -13 -36 -14 -30 -23 -22 -33 -12 -8 -24 -5 -40 -34 61 -6 -2 -21
right_child=1 4 8 9 7 10 18 -9 20 13 12 19 27 42 17 25 23 22 -20 33 37 49 54 28 -26 -27 39 -29 48 -31 43 51 57 -35 46 -37 -38 -39 56 -41 -42 -43 -44 -45 -46 -47 -48 -49 -50 -51 -52 -53 -54 -55 -56 -57 -58 -59 -60 -61 -62 -63
leaf_value=-915.67086161549241 -140.90557015728473 565.91327730219405 -108.8082497426626 513.58988160438139 1486.484769203244 20.530378313886708 1546.6140826113856 2798.1460921138741 -461.21105038612353 780.32150923295455 372.04207862367019 -656.50392204122329 373.90039728632036 1676.9756969368807 871.65987275680698 722.69064064926238 -37.153149974576891 1345.1846088471284 1029.051251614153 -918.46425258757949 -328.9184098767679 700.33937419458755 1005.6504474783412 180.64227973144364 572.48470814317761 1124.4716678255891 -44.789568741938979 559.14265100400314 107.2541325781811 547.92298371267793 -314.64505960387356 607.16943343233459 270.3183032879345 -748.88636645660074 76.459553511438273 824.90627784653475 202.4863176665435 -493.50638635481363 -1134.7599566276269 227.55816293880636 1717.4249313708563 -727.24328177787163 1316.8603440241227 -102.78542130655315 293.52095432394799 -364.9282483240076 364.74852611699379 163.46651333065481 -117.31297199655087 932.74780917553198 -220.82249797755014 375.23072437183265 534.76694631113162 1293.0179338779426 795.71400316572863 691.28337926883501 -1045.7585770588646 149.34401696726761 -997.07008437972047 1766.6090392945546 -13.160781774803633 -770.61407595198671
leaf_weight=40 14.999999999999998 14.000000000000002 10.999999999999998 29 13.000000000000002 26 10.000000000000002 19 78 11.999999999999998 13.999999999999998 14.000000000000002 14.999999999999998 10.000000000000002 9.9999999999999982 15.999999999999998 65 10.999999999999998 11.999999999999998 47 60 29 10.000000000000002 72 9.9999999999999982 19 25 11.999999999999998 26 9.9999999999999982 37 11.999999999999998 56 48 12.000000000000002 9.9999999999999982 10.999999999999998 15.999999999999998 57 14.999999999999998 18 10.999999999999998 17 20 9.9999999999999982 10.999999999999998 11.999999999999998 38 13.999999999999998 13.999999999999998 75 11.000000000000002 53 9.9999999999999982 21 9.9999999999999982 134 18 33 9.9999999999999982 37 14.999999999999998
leaf_count=40 15 14 11 29 13 26 10 19 78 12 14 14 15 10 10 16 65 11 12 47 60 29 10 72 10 19 25 12 26 10 37 12 56 48 12 10 11 16 57 15 18 11 17 20 10 11 12 38 14 14 75 11 53 10 21 10 134 18 33 10 37 15
internal_value=0.118294 488.886 -668.695 299.278 1223.08 175.844 960.649 2155.83 -275.262 865.77 378.833 -949.58 490.081 1250.58 723.484 704.955 9.64451 828.146 1432.59 -816.346 -368.139 610.114 994.731 92.3831 219.799 943.383 -94.1875 286.323 161.372 226.045 -149.911 613.764 183.854 -865.971 117.688 562.158 407.449 -293.165 -1046.08 57.6535 1556.98 -494.871 1455.93 -240.619 506.965 -530.176 221.52 223.615 28.559 777.996 -269.073 498.347 501.37 1404.76 866.451 560.804 -1072.9 241.133 -924.279 1615.4 -50.21 -883.993
internal_weight=1620 936 684 744 192 611 150 42 285 133 275 399 175 39 100 94 336 75 50 168 240 110 42 187 45 35 149 65 122 82 109 33 100 143 35 59 25 151 231 40 38 89 27 57 49 25 24 53 40 43 135 23 67 20 31 39 191 74 95 23 52 62
internal_count=1620 936 684 744 192 611 150 42 285 133 275 399 175 39 100 94 336 75 50 168 240 110 42 187 45 35 149 65 122 82 109 33 100 143 35 59 25 151 231 40 38 89 27 57 49 25 24 53 40 43 135 23 67 20 31 39 191 74 95 23 52 62
is_linear=0
shrinkage=0.03


Tree=4
num_leaves=63
num_cat=0
split_feature=18 21 23 5 17 18 21 23 16 16 23 18 2 18 18 8 16 18 6 12 13 27 18 14 6 2 6 10 23 18 2 23 16 2 18 18 23 16 6 9 18 18 21 18 10 7 6 18 23 16 16 23 14 12 6 8 23 2 22 22 24 19
split_gain=5.53822e+11 1.36244e+11 7.92081e+10 5.44046e+10 4.89678e+10 2.15847e+10 1.74653e+10 1.63582e+10 1.3685e+10 9.15757e+09 8.99951e+09 5.88871e+09 4.80177e+09 4.31177e+09 3.97166e+09 3.79299e+09 3.24295e+09 3.20347e+09 2.88524e+09 2.41e+09 2.24303e+09 1.87014e+09 1.80772e+09 1.57458e+09 1.50843e+09 1.8028e+09 1.48816e+09 1.38289e+09 1.30754e+09 1.29681e+09 1.28499e+09 1.28166e+09 1.1736e+09 1.15377e+09 9.76723e+08 7.11674e+08 6.6471e+08 6.3504e+08 6.31933e+08 6.29258e+08 6.28368e+08 6.18208e+08 5.28876e+08 5.08538e+08 4.48794e+08 4.14069e+08 4.10283e+08 3.33388e+08 3.25111e+08 3.18963e+08 2.90503e+08 2.82814e+08 2.67783e+08 2.61705e+08 2.47762e+08 2.33044e+08 2.14979e+08 1.8813e+08 1.53167e+08 1.42922e+08 1.18089e+08 1.02203e+08
threshold=43515.05000000001 80396.025000000023 26535.988461538465 1.0000000180025095e-35 0.075411471307569006 57309.350000000006 95185.900000000023 92010.219230769246 -1.0000000180025095e-35 0.0051282388444369173 60896.976923076923 69246.750000000015 58933.750000000007 83762.10000000002 90719.950000000012 0.93301270189221952 0.05017507414820211 33738.850000000006 1.0000000180025095e-35 0.97168539304328594 0.89090909074950042 1.0000000180025095e-35 50657.150000000001 0.17388612090385749 1.0000000180025095e-35 61250.000000000007 1.0000000180025095e-35 0.4647231720437684 82097.876923076925 77461.900000000009 51890.625000000007 80540.469230769246 0.0037543201186628354 46852.500000000007 73724.550000000017 95253.60000000002 46993.715384615389 0.0049140049140049555 1.0000000180025095e-35 0.61559370248597556 28020.850000000002 36237.30000000001 36710.037500000006 12077.150000000001 0.98182534576205305 -0.6830127018922193 1.0000000180025095e-35 39280.900000000001 54282.426923076935 0.0050505372572776661 0.05017507414820211 68668.026923076934 0.21012658223285954 1.2142857140036487 1.0000000180025095e-35 1.0000000180025095e-35 12936.61153846154 45782.500000000007 934.24049763427956 5435.2013828951067 41670.725000000006 39029.200000000004
decision_type=2 2 2 2 2 2 2 2 2 2 2 2 2 2 2 2 2 2 2 2 2 2 2 2 2 2 2 2 2 2 2 2 2 2 2 2 2 2 2 2 2 2 2 2 2 2 2 2 2 2 2 2 2 2 2 2 2 2 2 2 2 2
left_child=2 3 12 5 6 16 15 28 27 11 19 26 23 34 -8 31 22 40 -12 -5 59 36 44 56 -16 -26 32 41 -6 46 -20 38 -7 -29 48 -15 57 -28 -3 -33 -10 -4 -19 -25 49 -38 -13 61 -11 -2 -40 -32 -22 54 -24 -27 -1 -21 -49 -14 -60 -44
right_child=1 4 8 10 7 9 14 -9 17 13 18 29 20 35 24 -17 -18 42 30 21 52 -23 53 43 25 55 37 33 -30 -31 51 39 -34 -35 -36 -37 45 -39 50 -41 -42 -43 47 -45 -46 -47 -48 58 -50 -51 -52 -53 -54 -55 -56 -57 -58 -59 60 -61 -62 -63
leaf_value=-881.97036883715134 -54.170580525657222 396.85121084081061 -102.71082362051227 1021.090541057181 1441.866581424689 289.77606290514922 771.2201794763514 2889.5485958195363 -667.98786877962084 -144.11406987033854 790.4168787273378 420.65334066376425 -573.23599549737582 285.72342053865117 1145.5591304347827 97.700783821332578 -367.4429761184071 -392.06009157576653 1061.6939992252067 268.51612227336 -717.53030350130882 804.77276990070493 88.684485872633076 -1064.751726615327 1145.0925382889852 1464.0111664603955 372.02020802119006 134.94839192305457 1910.7567926520269 854.16258090195493 1328.7276224662157 989.75492856526216 -20.111258369608127 580.97590391416804 142.14181987543213 583.51349355916034 713.64007563164898 591.47132230201862 753.1695015158582 699.13353023616412 -471.30598528367312 183.58137219286979 -235.47066135519799 -968.41762337561886 116.54553781407479 492.07684249650185 617.5445228293413 -129.10827677719467 10.877554421496034 -221.4541819969383 560.69668093417556 1627.4733415841586 -863.43444833009403 -17.483547894426884 191.88471570985911 1735.88846296616 -724.66289645200266 450.79869721720036 -334.79199377111485 -416.99254648760331 -225.07833792760326 -348.81994924950783
leaf_weight=25 138 9.9999999999999982 13.000000000000002 13.999999999999998 16.000000000000004 51 10.999999999999998 14.999999999999998 21 31 12.999999999999998 12.999999999999998 13.000000000000002 17.000000000000004 15.999999999999998 9.9999999999999982 22 37 11.999999999999998 10.000000000000002 19 17 58 133 9.9999999999999982 10.000000000000002 51 10.000000000000002 10.999999999999998 21 11.000000000000002 18.000000000000004 13.999999999999998 10.999999999999998 26 12.999999999999998 13.999999999999998 15.999999999999998 20 12.999999999999998 56 13.999999999999998 9.9999999999999982 111 12.999999999999998 20 50 12.999999999999998 20 10.999999999999998 13.999999999999998 9.9999999999999982 61 12.999999999999998 33 18 18 11.999999999999998 10.999999999999998 11.999999999999998 58 38
leaf_count=25 138 10 13 14 16 51 11 15 21 31 13 13 13 17 16 10 22 37 12 10 19 17 58 133 10 10 51 10 11 21 11 18 14 11 26 13 14 16 20 13 56 14 10 111 13 20 50 13 20 11 14 10 61 13 33 18 18 12 11 12 58 38
internal_value=0.145105 474.3 -648.673 290.349 1186.59 170.591 931.968 2091.58 -274.489 338.922 839.976 451.316 -927.261 111.825 1302.24 647.623 -18.2503 -365.56 1179.77 659.167 -751.814 588.455 10.7575 -991.165 1408.78 1516.31 325.942 188.249 1639.24 647.71 1330.3 720.718 223.103 370.228 -7.17771 416.276 501.243 425.23 613.441 870.521 -525.743 45.8665 -291.432 -1021.34 -51.8961 585.134 577.647 -262.512 -83.4306 -66.6606 675.793 1478.03 -829.721 108.309 126.278 1644.35 -817.955 369.533 -225.147 -500.199 -243.028 -325.744
internal_weight=1620 936 684 744 192 611 150 42 292 323 133 216 392 107 65 85 288 244 46 87 105 73 266 287 54 38 132 48 27 84 33 75 65 21 77 30 56 67 44 31 77 27 167 244 162 34 63 130 51 149 34 21 80 104 91 28 43 22 82 25 69 48
internal_count=1620 936 684 744 192 611 150 42 292 323 133 216 392 107 65 85 288 244 46 87 105 73 266 287 54 38 132 48 27 84 33 75 65 21 77 30 56 67 44 31 77 27 167 244 162 34 63 130 51 149 34 21 80 104 91 28 43 22 82 25 69 48
is_linear=0
shrinkage=0.03


Tree=5
num_leaves=63
num_cat=0
split_feature=18 21 25 5 17 21 21 24 16 18 18 1 16 8 13 6 21 1 13 18 1 14 6 12 18 14 4 18 27 6 18 12 18 18 18 18 8 7 9 3 20 1 12 16 21 18 1 18 4 6 20 6 4 3 21 21 10 18 21 19 18 18
split_gain=5.21247e+11 1.28238e+11 7.5136e+10 5.12572e+10 4.61016e+10 2.03219e+10 1.6138e+10 1.32181e+10 1.2533e+10 8.12623e+09 5.92446e+09 5.54649e+09 4.21741e+09 4.01322e+09 3.30211e+09 3.22838e+09 3.14268e+09 2.86637e+09 2.43875e+09 2.37059e+09 2.20775e+09 2.26862e+09 2.1831e+09 3.96067e+09 1.95263e+09 1.79846e+09 1.69353e+09 1.32867e+09 1.24867e+09 1.99563e+09 1.07257e+09 9.97058e+08 9.11631e+08 8.54827e+08 7.40916e+08 7.27022e+08 7.13299e+08 6.57031e+08 6.29423e+08 6.17331e+08 5.5694e+08 5.4106e+08 5.30421e+08 4.95742e+08 4.85237e+08 4.4661e+08 4.33803e+08 4.11871e+08 3.82734e+08 3.73941e+08 5.49119e+08 3.6226e+08 3.61705e+08 3.30585e+08 3.18103e+08 2.81914e+08 2.68442e+08 2.68097e+08 2.63808e+08 2.34113e+08 2.2149e+08 1.78058e+08
threshold=43515.05000000001 80396.025000000023 1.0000000180025095e-35 1.0000000180025095e-35 0.061650782740210804 60559.200000000012 102112.97500000002 57604.375000000007 -1.0000000180025095e-35 68579.150000000009 63299.650000000001 41020.000000000007 0.0050505372572776661 0.93301270189221952 1.0379487177747688 1.0000000180025095e-35 59886.812500000007 35115.000000000007 0.89345454530201451 35545.650000000009 42920.000000000007 0.25307125302469863 1.0000000180025095e-35 1.1814593759708412 73051.500000000015 0.17388612090385749 42000.000000000007 59082.100000000006 1.0000000180025095e-35 1.0000000180025095e-35 95253.60000000002 1.1814593759708412 54543.700000000004 34184.000000000007 50055.350000000013 76936.35000000002 1.0000000180025095e-35 -1.0000000180025095e-35 0.40966402954315223 52272.500000000007 85153.35000000002 34707.000000000007 1.1160714283721289 -0.075399971249820216 69519.050000000017 78385.60000000002 31500.000000000004 31199.500000000004 38408.750000000007 1.0000000180025095e-35 67572.300000000003 1.0000000180025095e-35 45167.500000000007 49976.250000000007 36710.037500000006 52075.262500000004 0.4647231720437684 57692.600000000006 14335.612500000003 45645.400000000001 18132.050000000003 39280.900000000001
decision_type=2 2 2 2 2 2 2 2 2 2 2 2 2 2 2 2 2 2 2 2 2 2 2 2 2 2 2 2 2 2 2 2 2 2 2 2 2 2 2 2 2 2 2 2 2 2 2 2 2 2 2 2 2 2 2 2 2 2 2 2 2 2
left_child=2 3 8 5 6 17 13 -6 26 16 32 25 24 20 37 -8 39 28 -13 47 38 -22 31 56 51 58 33 -18 29 -2 44 34 -7 -1 -19 -23 55 -11 52 43 -9 -27 -17 59 -14 -26 -31 -10 -35 50 -34 -12 -3 -25 -21 -30 -24 -51 -4 -5 -20 -56
right_child=1 4 11 9 7 10 15 40 19 14 12 18 30 -15 -16 42 27 22 60 54 21 35 23 53 45 41 -28 -29 36 46 -32 -33 49 48 -36 -37 -38 -39 -40 -41 -42 -43 -44 -45 -46 -47 -48 -49 -50 57 -52 -53 -54 -55 61 -57 -58 -59 -60 -61 -62 -63
leaf_value=-129.55414016572558 -340.49456739193926 540.17374715438734 -839.15365085132885 432.3684250332447 1465.3986378110189 19.320175563768409 1000.6621703673244 2273.5159042388605 -561.2670162592251 1201.4356935307017 348.54350945723678 -432.3399234958506 110.52911720877366 164.45249152002256 698.60191522277228 1644.8490780431937 678.97942291828417 -54.749814224048031 -858.87777069880076 -367.12637936282471 1272.5869248838683 544.85214147586635 416.2032978805691 115.78960584879687 660.4899963756443 -1022.2030269835664 545.3057818301362 1060.945680014725 -117.15720287566486 -242.13162133547337 525.14626670648238 -189.75972032157534 -18.257787813753694 96.117636757149583 113.05619297173574 857.95227146192519 272.15424052625593 1531.2963591167349 373.7149980178682 745.59432027382422 2728.5742871900825 -920.48020926667164 1342.6304216364504 309.69435312822833 293.46453527706183 879.52070229388301 -31.148936124025621 -417.13178196708935 329.44368427998313 163.45631096263924 231.61510571897239 513.83918740643708 757.56225604134318 -55.399809110527798 -297.63513871683188 66.577968528226279 634.11316629890268 349.80505178504728 -673.76593612938586 597.72698971438717 -738.85674654863669 -218.41774501303374
leaf_weight=9.9999999999999982 32 15.000000000000002 30 13.999999999999998 21 26 17 10.000000000000002 27 17 17 24 24 11.999999999999998 9.9999999999999982 19 15.999999999999998 39 27 23 10.999999999999998 9.9999999999999982 10.000000000000002 31 29 168 9.9999999999999982 19 14.000000000000002 9.9999999999999982 11.999999999999998 19 10.999999999999998 15.000000000000002 60 26 9.9999999999999982 12.000000000000002 9.9999999999999982 9.9999999999999982 11.999999999999998 85 12.999999999999998 11.999999999999998 29 13.999999999999998 67 62 10.999999999999998 9.9999999999999982 28 50 15.999999999999998 14.999999999999998 39 15.999999999999998 12.999999999999998 25 17 23 54 82
leaf_count=10 32 15 30 14 21 26 17 10 27 17 17 24 24 12 10 19 16 39 27 23 11 10 10 31 29 168 10 19 14 10 12 19 11 15 60 26 10 12 10 10 12 85 13 12 29 14 67 62 11 10 28 50 16 15 39 16 13 25 17 23 54 82
internal_value=0.19895 460.198 -629.249 281.734 1151.24 165.491 900.439 2016.2 -250.294 815.225 356.684 -890.181 461.923 680.71 1179.77 1346.57 662.884 8.94926 -700.924 -339.616 750.842 892.172 87.1438 221.057 575.158 -956.165 201.894 888.765 -89.1801 -141.755 269.706 8.71755 172.238 105.255 46.9622 772.73 54.0835 1342.72 587.054 527.609 2532.95 -988.405 1526.64 481.694 210.99 733.678 -58.8278 -461.439 195.717 225.867 161.272 472.48 654.449 59.9678 -264.055 -19.2694 541.582 297.18 -780.89 536.493 -779.873 -244.175
internal_weight=1620 936 684 744 192 611 149 43 279 133 275 405 175 100 39 49 94 336 105 233 88 47 187 69 110 300 46 35 149 109 65 118 100 36 99 36 40 29 41 59 22 253 32 49 53 43 77 89 26 74 39 67 31 46 144 30 23 35 47 37 81 121
internal_count=1620 936 684 744 192 611 149 43 279 133 275 405 175 100 39 49 94 336 105 233 88 47 187 69 110 300 46 35 149 109 65 118 100 36 99 36 40 29 41 59 22 253 32 49 53 43 77 89 26 74 39 67 31 46 144 30 23 35 47 37 81 121
is_linear=0
shrinkage=0.03


Tree=6
num_leaves=63
num_cat=0
split_feature=18 21 23 5 21 14 18 16 18 2 23 6 2 16 6 21 18 12 6 23 14 23 18 7 24 18 14 10 6 1 10 12 18 2 9 2 18 16 16 2 6 20 23 18 18 24 16 18 18 20 23 18 1 7 23 16 22 2 21 24 23 18
split_gain=4.90548e+11 1.20729e+11 7.01767e+10 6.60322e+10 3.11044e+10 2.97972e+10 1.60999e+10 1.21287e+10 6.10752e+09 5.15864e+09 5.11646e+09 5.58679e+09 4.24661e+09 4.13732e+09 3.78757e+09 3.24256e+09 2.8459e+09 2.61116e+09 2.43346e+09 2.11418e+09 2.02973e+09 1.72371e+09 1.57663e+09 1.54003e+09 1.38123e+09 1.33294e+09 1.3105e+09 1.28376e+09 1.21486e+09 1.18431e+09 1.16258e+09 1.14651e+09 9.89866e+08 8.74614e+08 7.84379e+08 7.59112e+08 7.45928e+08 7.17673e+08 7.01259e+08 6.37064e+08 6.19249e+08 5.88705e+08 5.7537e+08 5.60002e+08 5.27857e+08 5.16911e+08 4.86432e+08 5.39631e+08 4.08979e+08 2.99423e+08 2.81904e+08 2.37661e+08 2.27288e+08 2.09521e+08 1.80283e+08 1.79005e+08 1.75544e+08 1.69087e+08 1.61793e+08 1.41573e+08 1.18409e+08 1.1832e+08
threshold=43515.05000000001 95185.900000000023 26535.988461538465 1.0000000180025095e-35 65651.60000000002 0.21717973125094933 68157.550000000017 -1.0000000180025095e-35 74296.250000000015 48941.750000000007 51540.996153846158 1.0000000180025095e-35 58348.750000000007 0.0050761748317067487 1.0000000180025095e-35 59886.812500000007 33738.850000000006 1.1814593759708412 1.0000000180025095e-35 78473.150000000009 0.20204603576131075 90862.826923076937 109487.05 -0.24999999999999997 44240.945000000007 55728.200000000004 0.17388612090385749 0.4647231720437684 1.0000000180025095e-35 32868.000000000007 0.8542199457734333 1.2022471907383376 77771.35000000002 47258.250000000007 0.61559370248597556 56840.000000000007 63299.650000000001 0.0037543201186628354 0.0050505372572776661 62500.000000000007 1.0000000180025095e-35 34107.200000000004 43869.192307692319 28020.850000000002 36237.30000000001 51929.975000000013 0.0050505372572776661 37927.400000000009 12077.150000000001 67262.650000000009 55459.396153846166 18132.050000000003 38370.000000000007 -0.6830127018922193 12936.61153846154 0.0049140049140049555 19630.93091376514 62812.500000000007 44917.387500000004 52010.125000000007 112049.05384615385 40574.200000000004
decision_type=2 2 2 2 2 2 2 2 2 2 2 2 2 2 2 2 2 2 2 2 2 2 2 2 2 2 2 2 2 2 2 2 2 2 2 2 2 2 2 2 2 2 2 2 2 2 2 2 2 2 2 2 2 2 2 2 2 2 2 2 2 2
left_child=2 3 12 4 10 -3 15 27 18 -8 28 23 26 32 34 35 43 24 30 56 57 -16 45 50 -13 -17 54 44 37 -29 38 -25 -10 -20 -7 40 -35 -2 -6 -34 -5 -30 -42 -9 -4 -15 47 -18 -28 -32 -12 -22 -43 -27 -1 61 -11 -14 -39 -19 -23 -49
right_child=1 5 7 6 8 14 9 16 13 19 11 17 20 22 21 25 46 59 33 -21 51 60 -24 31 -26 53 48 29 41 -31 49 -33 39 36 -36 -37 -38 58 -40 -41 42 52 -44 -45 -46 -47 -48 55 -50 -51 -52 -53 -54 -55 -56 -57 -58 -59 -60 -61 -62 -63
leaf_value=-830.74004637699193 -64.358015992946534 2651.9181291118416 -97.010811320297577 247.07218977219989 345.49826708849116 754.41402480952979 709.57165289256204 -629.17619631220384 620.50231495553658 1223.4513936781607 116.59546401882763 258.14016549938123 -593.74486909906921 295.13479352815881 1052.2914060566216 603.26133926265493 -337.46633215738132 45.950768559894286 192.5279570048564 1753.3958229961831 -862.62442541399571 1455.6525164380653 767.70223236386141 1.9656540888593317 511.7155001864154 1089.3970175365691 -1002.6028323100584 114.68026568271142 -137.60652855755876 566.23325743391706 -113.28005356288189 -316.94401419974662 765.67577707192322 279.0365810621422 1109.8154914122138 752.37535175587868 537.70111608813613 -377.47669026020145 110.93205778958504 1033.0017956822521 365.36397376862578 -12.234753060712071 607.51377147627068 -443.52630431149731 167.5298449707031 500.63262646787649 -437.68728768001324 -266.98406201280142 -913.76770521883998 117.72356924226969 295.6113701596467 -745.21682275079604 109.40501169893751 874.09989336993226 -680.29763853843167 -111.84991319030296 1434.012291924505 -443.79255157976519 -237.19655979346365 175.10871051378484 1677.0868394183169 -195.73256213973681
leaf_weight=25 21 17 13.000000000000002 9.9999999999999982 36 12.000000000000002 11.999999999999998 21 31 26 15.999999999999998 17 13.999999999999998 38 9.9999999999999982 11.999999999999998 51 21 10.999999999999998 12.999999999999998 35 22 9.9999999999999982 118 46 13.999999999999998 133 10.000000000000002 30 10.999999999999998 10.000000000000002 10.999999999999998 29 12.999999999999998 12.999999999999998 9.9999999999999982 50 11.999999999999998 17 12.999999999999998 14.999999999999998 50 24 56 13.999999999999998 15.999999999999998 14.999999999999998 45 104 9.9999999999999982 15.999999999999998 47 19 11.000000000000002 15.999999999999998 12.999999999999998 9.9999999999999982 18 22 11.999999999999998 9.9999999999999982 43
leaf_count=25 21 17 13 10 36 12 12 21 31 26 16 17 14 38 10 12 51 21 11 13 35 22 10 118 46 14 133 10 30 11 10 11 29 13 13 10 50 12 17 13 15 50 24 56 14 16 15 45 104 10 16 47 19 11 16 13 10 18 22 12 10 43
internal_value=0.230724 446.479 -610.4 339.394 213.798 1530.93 894.882 -258.194 455.175 1276.12 46.9375 128.856 -872.625 599.342 1242.98 651.561 -343.93 309.866 320.5 1413.14 -716.76 1418.92 422.131 20.7983 422.976 872.304 -936.26 177.439 -89.7648 352.771 197.186 -25.4526 753.914 441.718 942.908 511.887 484.853 -202.676 270.611 850.677 461.375 -26.8949 515.552 -494.909 40.2703 356.836 -274.063 -257.639 -964.022 2.23266 206.746 -796.32 21.3701 998.526 -773.829 -217.036 1285.75 -511.042 -287.669 93.3045 1529.86 -232.43
internal_weight=1620 936 684 852 695 84 157 292 284 61 411 257 392 137 67 96 244 96 147 49 114 42 64 161 63 37 278 48 154 21 73 129 73 74 25 59 63 55 53 42 49 99 39 77 27 54 167 152 237 20 32 82 69 25 41 101 36 32 34 33 32 88
internal_count=1620 936 684 852 695 84 157 292 284 61 411 257 392 137 67 96 244 96 147 49 114 42 64 161 63 37 278 48 154 21 73 129 73 74 25 59 63 55 53 42 49 99 39 77 27 54 167 152 237 20 32 82 69 25 41 101 36 32 34 33 32 88
is_linear=0
shrinkage=0.03


Tree=7
num_leaves=63
num_cat=0
split_feature=18 18 25 12 5 24 23 24 16 23 18 18 1 14 16 18 8 18 18 16 13 18 14 4 24 16 18 18 16 18 14 18 18 12 18 12 20 18 16 14 23 18 22 16 22 16 18 19 18 23 16 18 16 18 7 23 24 18 1 18 16 22
split_gain=4.61619e+11 1.12003e+11 6.65887e+10 4.40082e+10 4.32307e+10 1.70719e+10 1.37579e+10 1.31966e+10 1.11042e+10 8.43472e+09 6.70934e+09 6.33006e+09 4.90741e+09 4.18865e+09 4.17866e+09 2.80177e+09 2.58488e+09 2.52137e+09 2.32241e+09 2.81401e+09 2.17482e+09 2.10381e+09 1.58775e+09 1.55571e+09 1.50543e+09 1.44202e+09 1.38902e+09 1.37939e+09 2.23813e+09 1.30003e+09 1.29061e+09 7.85976e+08 7.31851e+08 7.04844e+08 4.95443e+08 4.78382e+08 4.70069e+08 4.31318e+08 4.29788e+08 3.86488e+08 7.49602e+08 3.83443e+08 3.81191e+08 3.77688e+08 3.66519e+08 3.12549e+08 2.913e+08 2.70534e+08 2.6038e+08 2.51822e+08 2.21507e+08 2.12684e+08 2.01496e+08 1.96491e+08 1.94991e+08 2.70407e+08 1.75582e+08 1.70537e+08 1.30364e+08 1.13062e+08 1.08932e+08 1.06847e+08
threshold=43515.05000000001 76150.700000000012 1.0000000180025095e-35 1.0326530610178755 1.0000000180025095e-35 54574.05000000001 56950.515384615392 57604.375000000007 -1.0000000180025095e-35 60896.976923076923 55375.350000000013 108144.60000000002 41020.000000000007 0.2506329113478229 0.0050761748317067487 64146.500000000007 0.93301270189221952 109487.05 64146.500000000007 0.0051282388444369173 0.89345454530201451 36237.30000000001 0.17388612090385749 42000.000000000007 42085.42500000001 0.0050251573518178558 87880.050000000003 54543.700000000004 -1.0000000180025095e-35 50493.250000000007 0.2264631042752803 40304.150000000009 59082.100000000006 1.0326530610178755 12077.150000000001 1.1836734691412578 55405.200000000004 31199.500000000004 0.0050505372572776661 0.24189526180302526 68080.376923076939 60197.850000000006 15267.931457769178 0.0037543201186628354 11099.517664528525 0.0050505372572776661 34184.000000000007 50162.150000000009 94202.10000000002 12936.61153846154 0.088483499821170555 39280.900000000001 0.0050761748317067487 18132.050000000003 -0.24999999999999997 43869.192307692319 39027.365000000013 46043.900000000009 34707.000000000007 51021.950000000004 0.0049140049140049555 5617.2952447916568
decision_type=2 2 2 2 2 2 2 2 2 2 2 2 2 2 2 2 2 2 2 2 2 2 2 2 2 2 2 2 2 2 2 2 2 2 2 2 2 2 2 2 2 2 2 2 2 2 2 2 2 2 2 2 2 2 2 2 2 2 2 2 2 2
left_child=2 4 8 7 6 14 24 -3 23 27 39 13 22 -7 30 41 18 42 36 -20 61 37 49 31 44 26 -15 54 32 38 -5 46 -29 -17 -24 47 -12 -10 57 40 -8 -11 50 -37 56 51 -1 -31 -44 -4 -16 -23 -13 -22 55 -6 -2 -26 -36 -58 -53 -14
right_child=1 3 12 5 9 11 10 -9 21 15 16 52 20 25 17 33 -18 -19 19 -21 53 45 34 -25 29 -27 -28 28 -30 35 -32 -33 -34 -35 58 43 -38 -39 -40 -41 -42 -43 48 -45 -46 -47 -48 -49 -50 -51 -52 60 -54 -55 -56 -57 59 -59 -60 -61 -62 -63
leaf_value=-124.71083916692447 -346.24705223159032 1383.3720669361633 -805.91713100722109 1085.2068309096535 354.6822650448637 1383.3720669361633 61.658937635964449 2527.6544311118778 -528.35722036439108 673.13772412592789 372.16781430502067 1383.3720669361633 -485.04210705445524 761.27233279789709 276.65682212017941 1522.2822911509897 -74.752795400837911 771.30580998192158 494.5123752700311 69.204487308478505 -808.70144098823789 -277.35884277343752 -972.29147045485865 519.39537467125615 -126.13031906326093 535.97483190658238 1094.3747987054155 720.41061253324449 400.1426491359685 96.789299866135408 667.71040717583196 294.79285811999614 1073.65359375 1146.1823509064886 -924.36146252648291 96.789299866135408 210.52109488915818 -384.75392301816055 -241.89225295205154 -3.352951328611594 343.49200963992882 958.77181582611388 262.59442897185107 -57.783858558391699 -69.641591547915795 -388.39857320486021 86.360324401855465 258.03934169982529 450.46542792111831 -651.40596666430997 90.771113710309024 -210.8090715537094 1237.064715771754 -695.6652399347272 336.88585497674143 559.68038068804822 -258.33674518991012 -30.122756754134141 -842.46941192960219 -135.91624653268369 -110.65887324057334 -346.72115317486703
leaf_weight=10.000000000000002 9.9999999999999982 18 25 9.9999999999999982 10.000000000000002 12.999999999999998 20.000000000000004 18 27 10.000000000000002 21 17 10.000000000000002 32 14.000000000000002 10.000000000000002 12.999999999999998 11.999999999999998 114 15.999999999999998 27 47 136 9.9999999999999982 23 13.999999999999998 19 14.000000000000002 14.999999999999998 15.999999999999998 23 11.999999999999998 9.9999999999999982 12.999999999999998 53 26 74 72 12.999999999999998 65 9.9999999999999982 9.9999999999999982 13.000000000000002 26 17 11.999999999999998 13.999999999999998 15.999999999999998 14.999999999999998 22 9.9999999999999982 63 18 54 12.999999999999998 17 14.000000000000002 60 64 13.999999999999998 11.999999999999998 13.999999999999998
leaf_count=10 10 18 25 10 10 13 20 18 27 10 21 17 10 32 14 10 13 12 114 16 27 47 136 10 23 14 19 14 15 16 23 12 10 13 53 26 74 72 13 65 10 10 13 26 17 12 14 16 15 22 10 63 18 54 13 17 14 60 64 14 12 14
internal_value=0.229903 433.12 -592.122 982.604 237.103 815.744 126.989 1951 -235.373 749.24 250.993 1066.41 -837.764 913.386 522.937 1087.53 336.04 380.538 359.798 442.26 -659.743 -319.449 -899.831 190.26 -48.7598 812.545 887.268 563.968 691.659 -6.7545 797.121 97.6481 871.44 1315.59 -930.125 79.3852 246.607 -424.412 -82.1309 37.7972 126.671 820.014 289.053 23.1209 -185.97 -241.642 -1.73842 170.458 364.485 -735.129 199.903 -226.901 1383.37 -734.295 438.056 485.344 -237.692 -56.8471 -880.324 -197.828 -194.954 -406.128
internal_weight=1620 936 684 246 690 210 568 36 279 122 333 113 405 78 97 43 238 64 225 130 105 233 300 46 235 65 51 79 39 180 33 36 24 23 253 84 95 99 96 95 30 20 52 52 55 134 24 32 28 47 24 122 35 81 40 27 38 83 117 28 75 24
internal_count=1620 936 684 246 690 210 568 36 279 122 333 113 405 78 97 43 238 64 225 130 105 233 300 46 235 65 51 79 39 180 33 36 24 23 253 84 95 99 96 95 30 20 52 52 55 134 24 32 28 47 24 122 35 81 40 27 38 83 117 28 75 24
is_linear=0
shrinkage=0.03


Tree=8
num_leaves=63
num_cat=0
split_feature=18 21 25 5 17 18 21 23 16 16 23 18 1 8 18 6 16 23 6 13 18 20 18 14 4 18 6 1 23 18 16 7 18 18 18 16 12 24 12 1 21 6 20 18 21 23 23 6 14 20 18 9 8 19 18 24 7 23 23 8 9 7
split_gain=4.34492e+11 1.0736e+11 6.26611e+10 4.27641e+10 3.87488e+10 1.70862e+10 1.38157e+10 1.32731e+10 1.04512e+10 7.32008e+09 7.19132e+09 4.69568e+09 4.61638e+09 3.49075e+09 3.45158e+09 2.64362e+09 2.63498e+09 2.36341e+09 2.35472e+09 2.04565e+09 1.99517e+09 2.12284e+09 1.98298e+09 1.4929e+09 1.46472e+09 1.44738e+09 1.18123e+09 1.17757e+09 1.09609e+09 1.02776e+09 1.01192e+09 8.54425e+08 7.94542e+08 7.39925e+08 5.8081e+08 5.66277e+08 5.38973e+08 5.29896e+08 4.8968e+08 4.69408e+08 3.50885e+08 3.4601e+08 3.26068e+08 2.74232e+08 2.74023e+08 2.51745e+08 2.36956e+08 2.16991e+08 4.03922e+08 2.41206e+08 2.16085e+08 2.00584e+08 1.85801e+08 1.57284e+08 1.47415e+08 1.14181e+08 1.08829e+08 8.8124e+07 8.62086e+07 7.58992e+07 7.12152e+07 6.63321e+07
threshold=43515.05000000001 80396.025000000023 1.0000000180025095e-35 1.0000000180025095e-35 0.075411471307569006 57309.350000000006 102112.97500000002 92010.219230769246 -1.0000000180025095e-35 0.0051282388444369173 60896.976923076923 69246.750000000015 41020.000000000007 0.93301270189221952 83762.10000000002 1.0000000180025095e-35 0.05017507414820211 86813.665384615393 1.0000000180025095e-35 0.89345454530201451 54543.700000000004 41771.700000000004 35545.650000000009 0.17388612090385749 42000.000000000007 50657.150000000001 1.0000000180025095e-35 39920.000000000007 82097.876923076925 77461.900000000009 0.0037543201186628354 0.68301270189221941 73724.550000000017 40304.150000000009 98091.500000000015 0.0049140049140049555 1.0698924728376873 55917.500000000007 1.1160714283721289 34707.000000000007 30881.712500000005 1.0000000180025095e-35 74518.60000000002 34184.000000000007 36710.037500000006 60689.396153846166 12936.61153846154 1.0000000180025095e-35 0.26717557246118789 58101.750000000007 46043.900000000009 -0.40966402954315195 -0.68301270189221952 45837.55000000001 39280.900000000001 41670.725000000006 -0.24999999999999997 46115.119230769233 22261.569230769233 -0.68301270189221952 0.17992617227144045 -0.5
decision_type=2 2 2 2 2 2 2 2 2 2 2 2 2 2 2 2 2 2 2 2 2 2 2 2 2 2 2 2 2 2 2 2 2 2 2 2 2 2 2 2 2 2 2 2 2 2 2 2 2 2 2 2 2 2 2 2 2 2 2 2 2 2
left_child=2 3 8 5 6 16 13 28 24 11 20 26 23 17 32 -8 25 31 -12 58 51 -22 40 46 33 42 30 -20 -6 41 -7 37 45 43 -16 -28 -23 -3 -17 59 -10 -13 50 -1 -24 -11 -4 49 -49 -27 -2 53 -21 -5 -46 -56 -42 -57 -14 -25 -31 -34
right_child=1 4 12 10 7 9 15 -9 22 14 18 29 19 -15 34 38 -18 -19 27 52 21 36 44 39 -26 47 35 -29 -30 60 -32 -33 61 -35 -36 -37 -38 -39 -40 -41 56 -43 -44 -45 54 -47 -48 48 -50 -51 -52 -53 -54 -55 55 57 -58 -59 -60 -61 -62 -63
leaf_value=-121.00655588886521 -127.37316502187957 577.09126989632011 -781.83593080801779 373.87110322555679 1270.9170957880431 259.39527462237038 931.84004057320431 2576.1623996274834 -556.29398592715245 -110.57853585570396 696.59006724117376 370.26939691674613 -444.90165101396263 140.06555453781255 267.10607209689942 1511.5227609620417 -331.97563058982604 984.66332051701568 995.89981428179806 -791.18180222380704 430.78755355929729 964.5825352789592 -336.41002701400157 -981.82567650278645 503.96779475750304 -74.486002209351795 327.43545309824486 1376.2369339576862 1697.5838513513513 836.03349203279674 -28.294000322057844 398.41616343517177 166.72448907511117 286.02216215779953 543.51864864864865 534.29680755046581 689.88703415547525 776.47695347850674 1225.4393076097329 -839.20230275962103 -308.27704839575381 550.62548512350293 81.083772924198115 83.787888040745514 -270.98631533727621 56.812146407023519 -631.95220800339371 303.92213458086997 93.352106631270075 86.087881843581812 -41.046432787702088 328.33478245511969 -677.78968312171617 536.47109059588502 -285.3877704109633 -120.52106213492635 -410.80337102662133 -202.1535327599714 -319.15295124922648 -914.12403640457262 684.38230468749998 68.856382396801109
leaf_weight=10.000000000000002 34 32 25 10.000000000000002 16.000000000000004 51 18 14.999999999999998 14.999999999999998 41 12.999999999999998 12.999999999999998 14.000000000000002 11.999999999999998 19.000000000000004 19 22 19 17 24 15.999999999999998 19.000000000000004 23 47 9.9999999999999982 9.9999999999999982 51 15.999999999999998 10.999999999999998 10.000000000000002 13.999999999999998 14.999999999999998 15.000000000000002 11.999999999999998 10.999999999999998 15.999999999999998 11.999999999999998 22 12.999999999999998 85 12.999999999999998 50 15.999999999999998 13.999999999999998 39 9.9999999999999982 22 10.999999999999998 32 51 112 13.999999999999998 57 15.999999999999998 11.999999999999998 15.999999999999998 61 54 9.9999999999999982 121 10.999999999999998 10.999999999999998
leaf_count=10 34 32 25 10 16 51 18 15 15 41 13 13 14 12 19 19 22 19 17 24 16 19 23 47 10 10 51 16 11 10 14 15 15 12 11 16 12 22 13 85 13 50 16 14 39 10 22 11 32 51 112 14 57 16 12 16 61 54 10 121 11 11
internal_value=0.291564 420.269 -574.392 256.977 1052.56 150.801 826.065 1857.6 -228.324 300.568 744.27 401.054 -812.68 621.406 97.5319 1233.33 -17.2128 686.81 1048 -640.018 582.66 715.644 -309.89 -872.878 184.603 8.93513 289.101 1183.91 1450.37 576.426 197.483 603.486 -8.93801 94.7399 369.926 377.558 860.809 659.608 1399.48 -902.254 -421.308 514.055 -47.127 -1.69104 -240.782 -77.7098 -713.168 96.224 147.799 59.6854 -61.2234 425.008 -712.322 475.605 -222.342 -198.905 -393.232 -183.693 -394.048 -933.637 760.217 125.741
internal_weight=1620 936 684 744 192 611 150 42 279 323 133 216 405 100 107 50 288 88 46 105 87 47 233 300 46 266 132 33 27 84 65 69 77 36 30 67 31 54 32 253 89 63 162 24 144 51 47 104 43 61 146 40 81 26 121 82 74 70 24 168 21 26
internal_count=1620 936 684 744 192 611 150 42 279 323 133 216 405 100 107 50 288 88 46 105 87 47 233 300 46 266 132 33 27 84 65 69 77 36 30 67 31 54 32 253 89 63 162 24 144 51 47 104 43 61 146 40 81 26 121 82 74 70 24 168 21 26
is_linear=0
shrinkage=0.03


Tree=9
num_leaves=63
num_cat=0
split_feature=18 21 25 5 21 14 18 16 8 2 2 18 18 16 14 16 21 18 11 6 18 2 18 6 14 16 18 18 18 16 18 24 2 6 3 24 6 20 6 18 6 20 18 16 18 18 20 18 2 21 3 10 18 18 3 16 2 8 18 7 18 21
split_gain=4.08906e+11 1.01241e+11 5.89638e+10 5.50782e+10 2.60257e+10 2.5042e+10 1.35735e+10 9.83682e+09 5.28492e+09 4.34267e+09 4.3255e+09 3.95916e+09 3.89539e+09 3.48764e+09 3.34583e+09 3.18169e+09 2.75335e+09 2.66759e+09 1.92422e+09 1.92417e+09 1.86617e+09 1.69964e+09 1.49146e+09 1.41116e+09 1.40373e+09 1.28201e+09 1.25277e+09 1.2164e+09 1.14718e+09 1.12879e+09 9.61004e+08 8.00485e+08 6.98667e+08 6.1864e+08 5.67165e+08 1.58455e+09 5.12724e+08 4.60219e+08 4.55851e+08 4.30802e+08 3.98023e+08 3.56529e+08 3.31461e+08 2.64812e+08 2.67602e+08 2.54719e+08 2.52949e+08 2.36259e+08 2.26877e+08 2.16824e+08 1.92116e+08 1.86824e+08 1.79025e+08 1.47228e+08 1.06525e+08 1.00933e+08 6.71678e+07 6.60295e+07 6.00798e+07 5.87759e+07 4.63371e+07 4.33501e+07
threshold=43515.05000000001 95185.900000000023 1.0000000180025095e-35 1.0000000180025095e-35 65651.60000000002 0.21717973125094933 68157.550000000017 -1.0000000180025095e-35 0.93301270189221952 60701.875000000007 48941.750000000007 74296.250000000015 51021.950000000004 0.05017507414820211 0.2798053527463355 0.0050505372572776661 58500.075000000012 62314.950000000004 0.84641379296280916 1.0000000180025095e-35 35545.650000000009 47258.250000000007 72743.500000000015 1.0000000180025095e-35 0.17388612090385749 0.0051282388444369173 99120.200000000026 55728.200000000004 63299.650000000001 0.0051282388444369173 78385.60000000002 57366.875000000007 56840.000000000007 1.0000000180025095e-35 57280.625000000007 51632.500000000007 1.0000000180025095e-35 67262.650000000009 1.0000000180025095e-35 38172.30000000001 1.0000000180025095e-35 74518.60000000002 31199.500000000004 0.0050505372572776661 39280.900000000001 58518.350000000006 36095.900000000009 46043.900000000009 51890.625000000007 14335.612500000003 50867.500000000007 0.12053668025532312 69246.750000000015 76533.60000000002 49341.875000000007 0.0049140049140049555 64045.625000000007 -0.24999999999999997 41210.450000000004 -0.24999999999999997 37631.55000000001 30881.712500000005
decision_type=2 2 2 2 2 2 2 2 2 2 2 2 2 2 2 2 2 2 2 2 2 2 2 2 2 2 2 2 2 2 2 2 2 2 2 2 2 2 2 2 2 2 2 2 2 2 2 2 2 2 2 2 2 2 2 2 2 2 2 2 2 2
left_child=2 3 7 4 12 -3 16 19 11 24 -8 28 25 17 23 30 32 33 56 39 42 -21 45 -7 49 41 -17 -18 57 -30 -13 -25 36 -14 35 -12 -5 -10 54 -1 -20 47 61 44 60 -15 -38 -2 -40 -4 -29 -33 -19 -24 -26 58 -11 -6 -46 -44 -22 -9
right_child=1 5 9 6 8 14 10 20 37 18 34 15 13 22 -16 26 27 52 40 21 43 -23 53 31 38 -27 -28 50 29 -31 -32 51 -34 -35 -36 -37 46 -39 48 -41 -42 -43 59 -45 55 -47 -48 -49 -50 -51 -52 -53 -54 -55 -56 -57 -58 -59 -60 -61 -62 -63
leaf_value=-128.51020273922052 -123.96446726450387 2428.4530455043855 -744.4688975550248 212.04184019183165 144.51079557229545 994.57814830043844 648.28008199896692 -539.71567014176321 -121.49530313759793 -436.41577172649778 1202.3616925719894 605.84089897853187 82.765112318936957 -285.8315703318379 673.84723237345042 316.17003557086286 551.47723695146271 361.94711513089817 -748.80695669828469 144.42453738147063 -300.6266353998501 664.65982779625608 74.934584598104436 1098.4126229940878 -939.19656145106057 -319.5546620547845 599.64276451145361 825.27260578416121 436.60847237365959 96.956195539719999 838.04145151869159 1290.0294911317565 685.20075591738862 213.93262375122723 1142.6008348331152 1682.2690392736486 332.22771484374999 126.82988163727009 -865.34081190664551 132.23728412892561 -604.92407500944114 95.284650219271626 -294.14351146735765 -369.27816854681851 -233.12452299786668 -115.04764176936803 511.94631962384835 -32.590847937225973 -783.54115913719829 -595.21910910087706 1027.9031296410892 1528.5329318711179 512.05766961348684 228.52012569616335 -862.90370687025484 -102.1536945983004 -325.0679742381198 229.82931522764005 -171.90970375800725 -382.79956566398755 -242.01140138340944 -442.29810966554749
leaf_weight=13.000000000000002 33 17 30 9.9999999999999982 12.999999999999998 17 11.999999999999998 15.000000000000002 12.000000000000002 12.000000000000002 19.000000000000004 36 77 9.9999999999999982 11.999999999999998 40 13.999999999999998 14.999999999999998 48 13.000000000000002 27 9.9999999999999982 13.000000000000002 10.999999999999998 93 15.999999999999998 22 16.000000000000004 78 9.9999999999999982 32 11.000000000000002 9.9999999999999982 56 19 10.999999999999998 10.999999999999998 14.999999999999998 71 9.9999999999999982 33 15.999999999999998 9.9999999999999982 11.999999999999998 27 37 25 111 43 17 9.9999999999999982 15.999999999999998 17 9.9999999999999982 46 11.999999999999998 11.999999999999998 26 36 52 30 11.999999999999998
leaf_count=13 33 17 30 10 13 17 12 15 12 12 19 36 77 10 12 40 14 15 48 13 27 10 13 11 93 16 22 16 78 10 32 11 10 56 19 11 11 15 71 10 33 16 10 12 27 37 25 111 43 17 10 16 17 10 46 12 12 26 36 52 30 12
internal_value=0.310369 407.735 -557.196 309.673 194.967 1400.81 816.998 -221.493 415.761 -788.347 1167.04 457.692 42.3355 122.241 1136.84 574.193 593.593 197.483 -620.881 179.114 -300.625 372.512 -55.1422 1236.45 -846.733 -64.3658 417.561 784.153 338.08 398.166 716.182 1341.76 456.323 138.113 1292.5 1383.33 405.189 16.422 -875.219 -15.0599 -691.006 -38.6632 -408.712 -233.584 -220.978 -151.914 458.105 -53.6022 -826.458 -691.863 906.847 1436.48 443.04 142.411 -914.587 -183.218 -382.322 201.832 -198.473 -368.997 -270.254 -498.211
internal_weight=1620 936 684 852 695 84 157 279 284 405 61 257 411 235 67 130 96 165 105 46 233 23 70 55 300 176 62 40 127 88 68 38 56 133 49 30 46 27 253 23 81 160 89 144 132 47 36 144 114 47 26 27 32 23 139 75 24 39 63 62 57 27
internal_count=1620 936 684 852 695 84 157 279 284 405 61 257 411 235 67 130 96 165 105 46 233 23 70 55 300 176 62 40 127 88 68 38 56 133 49 30 46 27 253 23 81 160 89 144 132 47 36 144 114 47 26 27 32 23 139 75 24 39 63 62 57 27
is_linear=0
shrinkage=0.03


Tree=10
num_leaves=63
num_cat=0
split_feature=18 21 25 17 12 18 21 17 18 23 17 23 1 8 8 23 14 18 21 18 17 18 23 14 24 8 1 22 14 18 12 23 12 20 18 18 20 7 20 24 18 22 12 22 23 8 19 12 18 9 20 19 21 21 8 7 1 7 20 26 7 23
split_gain=3.84791e+11 9.53306e+10 5.54695e+10 3.78832e+10 3.43746e+10 1.51962e+10 1.02051e+10 8.94738e+09 8.66214e+09 6.40491e+09 6.07643e+09 5.16059e+09 4.08177e+09 3.01199e+09 2.77787e+09 2.35873e+09 2.13114e+09 2.074e+09 1.93633e+09 1.85025e+09 1.81129e+09 1.78128e+09 1.94819e+09 1.70364e+09 1.46347e+09 1.44764e+09 1.83092e+09 1.3658e+09 1.31822e+09 1.20451e+09 9.90854e+08 9.47155e+08 9.40366e+08 4.90054e+08 4.75526e+08 4.34011e+08 3.27791e+08 3.14059e+08 2.99018e+08 2.98634e+08 2.82175e+08 2.71836e+08 2.24391e+08 2.20215e+08 2.14537e+08 2.13455e+08 3.82826e+08 2.06162e+08 1.96729e+08 1.86663e+08 1.84559e+08 1.41838e+08 1.35974e+08 1.32038e+08 2.65797e+08 1.13053e+08 1.11502e+08 9.46729e+07 8.38672e+07 6.43477e+07 5.73363e+07 5.28601e+07
threshold=43515.05000000001 80396.025000000023 1.0000000180025095e-35 0.041245326282528236 1.0297193875575261 57309.350000000006 102112.97500000002 0.023928574677305199 104210.00000000001 60896.976923076923 0.075456790108121383 51227.934615384627 41020.000000000007 0.93301270189221952 0.93301270189221952 80540.469230769246 0.276283618527008 61631.000000000007 69923.362500000017 36237.30000000001 0.075365239281317054 54543.700000000004 47790.346153846156 0.25307125301684774 42085.42500000001 -0.68301270189221952 33745.000000000007 8156.9189980174297 0.17388612090385749 50188.150000000009 1.1814593759708412 70608.661538461558 1.0658391177286974 68710.750000000015 112238.65000000001 12077.150000000001 74518.60000000002 -0.6830127018922193 103240.45000000001 41670.725000000006 31763.850000000002 11311.305142582461 1.2142857139906964 3134.6584318337341 12936.61153846154 -0.68301270189221952 46948.05000000001 1.1166071426234068 18132.050000000003 -0.40966402954315195 42370.100000000006 45837.55000000001 42481.312500000015 50758.67500000001 -1.0000000180025095e-35 -0.5 34707.000000000007 -0.5 42647.200000000004 1.0000000180025095e-35 -0.24999999999999997 22261.569230769233
decision_type=2 2 2 2 2 2 2 2 2 2 2 2 2 2 2 2 2 2 2 2 2 2 2 2 2 2 2 2 2 2 2 2 2 2 2 2 2 2 2 2 2 2 2 2 2 2 2 2 2 2 2 2 2 2 2 2 2 2 2 2 2 2
left_child=2 3 7 5 8 24 10 19 -3 21 13 41 28 15 18 33 34 -11 30 40 48 49 -23 -17 53 -9 50 -20 44 36 -13 37 -24 -6 38 -30 52 -19 -8 57 -1 -7 43 -31 -4 58 -47 -34 -14 51 -27 -5 -26 54 -2 -44 -37 -21 -41 -60 -42 -22
right_child=1 4 12 9 6 11 16 25 -10 17 -12 14 20 -15 -16 23 -18 31 27 39 61 22 32 -25 29 26 -28 -29 35 42 -32 -33 47 -35 -36 56 -38 -39 -40 45 60 -43 55 -45 -46 46 -48 -49 -50 -51 -52 -53 -54 -55 -56 -57 -58 -59 59 -61 -62 -63
leaf_value=-454.03989620893429 -350.26102486275329 1381.6705643224429 -736.4076011578685 351.11959100402214 549.34482022372151 -137.24732767634364 1288.3865353822309 -106.6090467463313 2382.5471587171046 638.7263759039256 1268.9269626669848 302.74804780377758 -740.07456533959862 131.87511625936207 -141.65459885055952 1128.5761285895271 810.82395790289263 1127.364605152027 556.23939587621635 -238.43082102069408 -403.69666580578496 297.91134485225865 960.62382864238418 684.6515562707641 -173.53807686078667 225.32282085154299 625.10972856880414 345.538582529434 -888.19973270458297 168.79773780429485 66.336480891612354 1365.1976976330448 732.24030604338827 321.14707902892565 1381.6705643224429 -842.96881598693494 84.824430373171538 875.46349505009528 1046.6407531781886 -298.91581345419849 -282.88729745646469 30.225209978470886 50.672670103389081 68.531210529124664 -594.0880611036481 -28.98627914696409 -204.32536489803621 529.31610438582914 -629.98853066510685 305.87465321642281 47.161509020006335 505.33986546486801 -58.478316247701954 -111.69004192276756 -144.48124355852107 -66.86219463758232 -767.66268080879479 -354.35847074192878 -172.93744281719256 -247.20856748002686 -360.65182159251412 -299.02546149829823
leaf_weight=35 11 12.000000000000002 25 10.000000000000002 34 19 12.000000000000002 10.999999999999998 17 11.999999999999998 12.999999999999998 145 27 11.999999999999998 10.999999999999998 10.999999999999998 11.999999999999998 10.999999999999998 50 13.000000000000002 12.000000000000002 9.9999999999999982 14.999999999999998 30 9.9999999999999982 10.000000000000005 9.9999999999999982 64 136 29 18 9.9999999999999982 12.000000000000002 11.999999999999998 17 53 13.999999999999998 13.000000000000002 9.9999999999999982 12.999999999999998 12.999999999999998 15.999999999999998 14.000000000000002 62 22 17 33 9.9999999999999982 56 13.999999999999998 10.999999999999998 15.999999999999998 114 9.9999999999999982 12 11.999999999999998 64 14.999999999999998 23 22 53 9.9999999999999982
leaf_count=35 11 12 25 10 34 19 12 11 17 12 13 145 27 12 11 11 12 11 50 13 12 10 15 30 10 10 10 64 136 29 18 10 12 12 17 53 14 13 10 13 13 16 14 62 22 17 33 10 56 14 11 16 114 10 12 12 64 15 23 22 53 10
internal_value=0.341064 395.57 -540.477 241.697 991.388 141.764 821.137 -214.872 1942.2 700.339 659.879 283.005 -764.674 578.703 324.796 640.112 1173.29 986.972 343.364 -286.378 -602.315 547.826 673.472 806.209 -16.6849 188.349 293.018 438.358 -821.28 7.67257 276.698 1107.65 773.898 490.641 1282.46 -848.885 -52.3467 995.117 1168.55 -213.865 -383.712 -60.8204 78.4489 100.635 -671.193 -190.868 -144.887 642.815 -666.647 398.881 132.666 447.597 -67.8897 -204.356 -243.988 0.710814 -802.466 -301.575 -230.189 -209.715 -345.786 -357.687
internal_weight=1620 936 684 744 192 611 163 279 29 133 112 323 405 99 288 87 51 46 277 237 105 87 47 41 288 42 31 114 300 255 163 34 37 46 39 253 138 24 22 136 101 35 117 91 47 108 50 22 83 40 21 26 124 33 23 26 117 28 58 45 66 22
internal_count=1620 936 684 744 192 611 163 279 29 133 112 323 405 99 288 87 51 46 277 237 105 87 47 41 288 42 31 114 300 255 163 34 37 46 39 253 138 24 22 136 101 35 117 91 47 108 50 22 83 40 21 26 124 33 23 26 117 28 58 45 66 22
is_linear=0
shrinkage=0.03


Tree=11
num_leaves=63
num_cat=0
split_feature=18 23 25 12 16 18 18 18 16 16 18 16 18 1 18 24 18 8 16 11 18 4 9 11 18 18 18 8 18 18 12 12 18 16 18 18 7 28 18 23 11 23 16 16 16 18 23 22 16 18 22 18 10 20 8 1 9 22 19 20 7 3
split_gain=3.62118e+11 8.92455e+10 5.21959e+10 3.38082e+10 3.13247e+10 2.29083e+10 9.84296e+09 9.62354e+09 8.74682e+09 7.17795e+09 5.40156e+09 4.55022e+09 3.96016e+09 3.83976e+09 3.31217e+09 2.25517e+09 2.23211e+09 2.22317e+09 1.75422e+09 1.70688e+09 1.65728e+09 1.26628e+09 1.24865e+09 1.16412e+09 1.08025e+09 1.06153e+09 9.63993e+08 9.48657e+08 8.35353e+08 6.40109e+08 6.05152e+08 5.6268e+08 5.0114e+08 4.99884e+08 6.36487e+08 4.17308e+08 3.78966e+08 3.65789e+08 2.98334e+08 2.90643e+08 2.85589e+08 2.55859e+08 2.47142e+08 2.85721e+08 2.45354e+08 2.26078e+08 2.21746e+08 2.20457e+08 2.15279e+08 2.05445e+08 1.69804e+08 1.64534e+08 1.60483e+08 1.41355e+08 1.39713e+08 1.0496e+08 1.02336e+08 9.30455e+07 9.06573e+07 6.50984e+07 5.17081e+07 4.89903e+07
threshold=43515.05000000001 80540.469230769246 1.0000000180025095e-35 1.0297193875575261 -1.0000000180025095e-35 69246.750000000015 90719.950000000012 58518.350000000006 -1.0000000180025095e-35 0.0050505372572776661 55375.350000000013 0.05017507414820211 89710.050000000017 41020.000000000007 106497.85000000002 54574.05000000001 96709.700000000012 0.93301270189221952 0.05017507414820211 0.84641379296280916 35545.650000000009 42000.000000000007 0.06026834012766185 0.80822429891277703 71103.950000000026 75914.050000000003 50188.150000000009 -0.24999999999999997 63299.650000000001 40304.150000000009 1.1160714283721289 1.1132075469638896 55071.80000000001 0.05017507414820211 73724.550000000017 12077.150000000001 0.93301270189221952 1.0000000180025095e-35 31199.500000000004 74459.973076923096 0.95922883995513952 12671.796153846155 0.0050251573518178558 0.0049140049140049555 -0.075467952801286139 34184.000000000007 90862.826923076937 17856.541177399289 0.0050505372572776661 40574.200000000004 1644.4962698710331 18132.050000000003 0.56806474673115537 56078.450000000004 -0.5 34707.000000000007 -0.51639395938746191 5617.2952447916568 47232.500000000007 58101.750000000007 -0.24999999999999997 51377.500000000007
decision_type=2 2 2 2 2 2 2 2 2 2 2 2 2 2 2 2 2 2 2 2 2 2 2 2 2 2 2 2 2 2 2 2 2 2 2 2 2 2 2 2 2 2 2 2 2 2 2 2 2 2 2 2 2 2 2 2 2 2 2 2 2 2
left_child=2 4 8 14 7 10 17 32 21 12 18 28 25 23 -3 -8 33 22 26 57 38 29 30 41 53 39 48 -17 36 45 -5 -29 40 -11 -35 -25 -12 -30 -10 -7 44 -4 43 49 -2 -1 -24 -18 -6 59 -28 -21 -33 -9 -13 -37 -42 -15 -56 -22 -40 -27
right_child=1 3 13 6 5 9 15 24 20 16 11 54 -14 19 -16 27 47 -19 -20 51 42 -23 46 35 -26 61 50 31 37 -31 -32 52 -34 34 -36 55 -38 -39 60 -41 56 -43 -44 -45 -46 -47 -48 -49 -50 -51 -52 -53 -54 -55 58 -57 -58 -59 -60 -61 -62 -63
leaf_value=-112.23939225905009 431.55299904594216 1563.1919484839104 -730.13496946839086 1014.8084765624998 -51.330573597509051 487.58624504304498 670.7365290454826 1014.3645895010964 -469.80241899215866 323.80980063580449 171.3243915212214 -44.736513905626666 1071.1021974734044 -432.79849822091569 2302.1900164984468 928.97630814646948 383.6049695154137 288.35193079490023 -320.55105064097023 -717.95424743427122 -262.63747810990338 466.25189582447013 435.34698177621368 -862.80040976004886 1264.9522382036425 611.18911470675346 139.94147490088619 1392.9257976973684 386.14319143700789 263.68015796503744 673.07222965655944 1216.6975948660711 638.89032496675532 -70.120571851493906 174.14289622604468 -817.72737884004232 350.01892900955573 219.61423868590293 -277.00398824257422 326.02357081636467 408.01864057326156 -582.30891500259338 -327.96748331705726 -65.209661615545102 624.10790126082918 73.707522693390544 625.83656428912218 572.86804687500012 -188.9433939505912 -167.03071754685686 40.902710989327645 -615.28360165636548 1006.6156779857673 850.47356995033113 -92.086484387086145 -744.66872909760139 276.44036857982661 -304.66075901761968 -210.07611240816431 -176.21936910194924 -360.21618625164945 707.16213438870614
leaf_weight=10.000000000000002 14.000000000000002 10.000000000000002 26 11.000000000000002 134 46 9.9999999999999982 17 27 13.999999999999998 100 13.999999999999998 13.999999999999998 10.000000000000002 15.999999999999998 12.999999999999998 11.000000000000002 18 18 27 62 9.9999999999999982 12.000000000000002 133 14.999999999999998 21 20 17 38 11.999999999999998 9.9999999999999982 16.000000000000004 13.999999999999998 11.999999999999998 47 53 11.999999999999998 18 9.9999999999999982 13.999999999999998 14.999999999999998 24 17 11.999999999999998 9.9999999999999982 13.999999999999998 12.999999999999998 13.999999999999998 10.999999999999998 43 70 54 9.9999999999999982 14.999999999999998 10.000000000000002 64 10.000000000000002 13.999999999999998 14.999999999999998 9.9999999999999982 52 17
leaf_count=10 14 10 26 11 134 46 10 17 27 14 100 14 14 10 16 13 11 18 18 27 62 10 12 133 15 21 20 17 38 12 10 16 14 12 47 53 12 18 10 14 15 24 17 12 10 14 13 14 11 43 70 54 10 15 10 64 10 14 15 10 52 17
internal_value=0.345805 383.753 -524.296 1038.56 252.675 175.581 839.865 721.657 -208.446 435.129 57.023 170.637 599.159 -741.777 2025.04 1097.11 247.246 573.288 -35.9643 -584.304 -283.066 169.313 683.917 -796.679 1046.47 530.716 -14.0391 1171.91 238.381 85.767 856.038 1243.03 478.065 163.056 124.428 -823.644 190.765 333.103 -384.923 450.494 430.907 -660.482 -219.888 -205.174 506.408 -3.91447 536.5 491.452 -61.8932 -219.71 63.0422 -650.35 1140.06 940.43 -121.049 -778.434 356.698 -359.626 -163.435 -250.896 -347.263 655.868
internal_weight=1620 936 684 156 780 670 130 110 279 210 460 207 112 405 26 66 98 64 253 105 233 46 46 300 47 98 235 56 168 36 21 43 63 73 59 250 112 56 89 60 49 50 144 127 24 24 25 25 145 115 90 81 26 32 39 117 25 24 25 72 62 38
internal_count=1620 936 684 156 780 670 130 110 279 210 460 207 112 405 26 66 98 64 253 105 233 46 46 300 47 98 235 56 168 36 21 43 63 73 59 250 112 56 89 60 49 50 144 127 24 24 25 25 145 115 90 81 26 32 39 117 25 24 25 72 62 38
is_linear=0
shrinkage=0.03


Tree=12
num_leaves=63
num_cat=0
split_feature=18 21 23 5 18 14 18 16 23 16 2 6 18 6 18 21 18 18 23 16 14 6 23 18 18 1 18 16 2 21 12 9 16 2 16 18 14 6 18 18 23 6 16 18 1 18 21 22 19 1 3 21 23 18 3 16 7 23 20 18 2 22
split_gain=3.40793e+11 8.48669e+10 4.88105e+10 4.59805e+10 2.17697e+10 2.10698e+10 1.14414e+10 8.47326e+09 5.337e+09 5.12164e+09 3.62713e+09 3.57711e+09 3.01103e+09 2.93988e+09 2.59079e+09 2.30105e+09 2.1783e+09 2.01933e+09 1.67996e+09 1.64012e+09 1.61747e+09 1.40596e+09 1.32192e+09 1.29714e+09 1.16562e+09 1.05589e+09 1.02795e+09 9.91384e+08 8.33073e+08 7.23763e+08 7.00207e+08 6.19707e+08 6.17323e+08 5.9566e+08 5.73001e+08 4.94914e+08 4.77783e+08 4.73651e+08 4.02164e+08 4.00988e+08 3.81877e+08 3.73984e+08 3.67068e+08 3.74921e+08 3.63787e+08 3.54772e+08 3.48065e+08 3.35788e+08 3.03961e+08 2.04909e+08 1.88644e+08 1.74324e+08 1.58226e+08 1.51806e+08 1.42989e+08 1.35628e+08 1.24365e+08 9.63836e+07 8.65057e+07 8.57013e+07 7.18e+07 4.4142e+07
threshold=43515.05000000001 95185.900000000023 26535.988461538465 1.0000000180025095e-35 69246.750000000015 0.21717973125094933 68157.550000000017 -1.0000000180025095e-35 56950.515384615392 0.0050505372572776661 48941.750000000007 1.0000000180025095e-35 14856.300000000001 1.0000000180025095e-35 96709.700000000012 58500.075000000012 76936.35000000002 33738.850000000006 78473.150000000009 0.0051282388444369173 0.19684022774502252 1.0000000180025095e-35 90862.826923076937 54769.950000000004 50657.150000000001 33323.000000000007 55071.80000000001 0.0037543201186628354 62500.000000000007 69519.050000000017 1.1814593759708412 0.61559370248597556 0.086956521739130502 56840.000000000007 0.0037543201186628354 58518.350000000006 0.20184295528345614 1.0000000180025095e-35 26300.050000000007 57309.350000000006 43869.192307692319 1.0000000180025095e-35 0.0050505372572776661 37927.400000000009 41020.000000000007 38172.30000000001 19081.250000000004 1462.8493601956525 66207.60000000002 41970.000000000007 55386.875000000007 10946.112500000001 112049.05384615385 46043.900000000009 54558.125000000007 0.0049140049140049555 -0.24999999999999997 12671.796153846155 72035.650000000009 41210.450000000004 46562.625000000007 5617.2952447916568
decision_type=2 2 2 2 2 2 2 2 2 2 2 2 2 2 2 2 2 2 2 2 2 2 2 2 2 2 2 2 2 2 2 2 2 2 2 2 2 2 2 2 2 2 2 2 2 2 2 2 2 2 2 2 2 2 2 2 2 2 2 2 2 2
left_child=2 3 12 4 8 -3 15 21 19 16 -8 23 36 31 29 33 34 38 50 24 44 45 -15 54 53 -23 -17 -25 58 41 47 -7 -16 37 -6 60 57 -5 -9 -26 -39 -11 43 -19 -14 -4 -22 -13 -28 -31 -12 -38 -24 -2 -10 59 -37 -1 -18 -45 -21 -46
right_child=1 5 7 6 9 13 10 17 11 14 18 30 20 22 32 26 28 42 -20 35 46 25 52 27 39 -27 48 -29 -30 49 -32 -33 -34 -35 -36 56 51 40 -40 -41 -42 -43 -44 55 61 -47 -48 -49 -50 -51 -52 -53 -54 -55 -56 -57 -58 -59 -60 -61 -62 -63
leaf_value=-732.28212744661914 -116.21246423850104 2224.1394764254383 -123.03152609322814 183.03194838722155 476.25876098070279 609.71580643078494 592.4112512913224 -539.77620198118086 19.174781068920417 -45.186178796646445 1150.3826646351438 486.44580744257036 -555.54774204433897 874.61148360148513 619.69153748629367 444.36802270266088 660.37350901083164 -279.95842238334762 1484.0538352814885 -332.155130277593 -738.76501559763562 130.17137420004983 1220.8105056914592 217.40258416567136 69.907152611281347 523.23253125989754 893.57458470394715 -20.009919450949717 912.65468362356876 209.51593183144755 89.617478099860776 923.08113728530543 339.93854630098997 626.72610496596531 228.81329368666846 -58.209074898764719 -862.0370638844937 299.86642099544702 -374.3823468234454 277.43005907719674 502.44969907064569 149.50705774837508 -369.71720952116101 -217.95825716395754 -419.94309038521021 113.59915980272955 -629.62992726818436 322.37676845909306 680.12745094823481 354.03826067985369 973.00682154605249 -791.25182455375727 1431.7904517326733 -37.288656442136798 -65.51725118827116 -88.159917772598845 -188.99438892326725 -605.91262654958678 537.21953893713044 -156.38286053010299 -226.50705025665027 -319.55724398226351
leaf_weight=28 31 17 13.000000000000002 9.9999999999999982 65 12.000000000000002 11.999999999999998 18 53 13.999999999999998 19 14.999999999999998 19 9.9999999999999982 17.000000000000004 9.9999999999999982 25 51 12.999999999999998 14.000000000000002 57 14.000000000000002 22 64 50 10.999999999999998 17.000000000000004 21 12.999999999999998 26 9.9999999999999982 12.999999999999998 12.999999999999998 9.9999999999999982 9.9999999999999982 19 71 14.999999999999998 59 9.9999999999999982 21 24 14.999999999999998 52 10.000000000000002 9.9999999999999982 64 52 12.999999999999998 13.999999999999998 17 120 9.9999999999999982 75 27 12.999999999999998 10.000000000000002 11.999999999999998 10.999999999999998 36 11.999999999999998 10.999999999999998
leaf_count=28 31 17 13 10 65 12 12 18 53 14 19 15 19 10 17 10 25 51 13 14 57 14 22 64 50 11 17 21 13 26 10 13 13 10 10 19 71 15 59 10 21 24 15 52 10 10 64 52 13 14 17 120 10 75 27 13 10 12 11 36 12 11
internal_value=0.360528 372.307 -508.599 282.525 177.72 1281.54 746.061 -214.863 58.8367 414.847 1067.43 156.143 -727.292 1039.41 263.425 540.959 546.412 -286.524 1182.32 -47.7384 -626.581 149.25 1194.17 77.262 -0.6634 304.514 715.16 158.793 702.531 171.912 324.855 775.694 499.997 415.477 443.615 -189.56 -797.182 368.293 -413.696 104.898 419.105 77.8476 -227.675 -213.424 -458.84 -20.1021 -681.608 359.779 803.648 260.856 1069.55 -818.002 1291 -60.458 -9.45485 -179.584 -103.802 -695.977 624.336 -192.974 -284.449 -369.124
internal_weight=1620 936 684 852 695 84 157 292 463 232 61 242 392 67 108 96 124 244 49 221 161 48 42 165 166 25 40 85 49 78 77 25 30 56 75 55 231 46 77 60 36 38 167 152 40 23 121 67 30 40 36 191 32 106 80 101 29 40 36 88 26 21
internal_count=1620 936 684 852 695 84 157 292 463 232 61 242 392 67 108 96 124 244 49 221 161 48 42 165 166 25 40 85 49 78 77 25 30 56 75 55 231 46 77 60 36 38 167 152 40 23 121 67 30 40 36 191 32 106 80 101 29 40 36 88 26 21
is_linear=0
shrinkage=0.03


Tree=13
num_leaves=63
num_cat=0
split_feature=21 21 25 17 5 21 23 23 16 6 23 6 1 6 23 4 6 7 6 12 6 2 17 20 27 7 20 24 7 24 12 17 23 12 6 1 23 23 11 16 11 23 24 27 6 8 27 2 27 8 6 23 7 19 11 23 1 23 12 7 20 20
split_gain=3.13768e+11 8.21725e+10 4.65548e+10 3.09256e+10 3.05059e+10 1.19166e+10 1.16191e+10 1.03594e+10 7.91433e+09 7.2074e+09 4.81495e+09 3.62142e+09 3.39971e+09 2.49878e+09 2.77646e+09 2.21888e+09 2.12178e+09 2.0014e+09 1.93399e+09 1.56141e+09 1.54178e+09 1.49738e+09 1.48656e+09 1.48059e+09 1.33457e+09 1.32233e+09 1.29047e+09 1.22677e+09 1.21401e+09 1.1747e+09 1.10176e+09 1.0352e+09 8.51132e+08 8.08342e+08 7.43406e+08 6.94115e+08 6.59782e+08 5.54256e+08 5.05694e+08 4.64822e+08 4.62175e+08 4.60329e+08 4.46258e+08 4.34182e+08 4.0798e+08 3.99464e+08 3.70935e+08 3.70149e+08 3.34204e+08 3.18346e+08 3.12916e+08 3.0861e+08 2.47504e+08 2.40965e+08 2.2432e+08 2.20957e+08 2.16284e+08 2.07258e+08 1.79993e+08 1.76426e+08 1.58359e+08 1.54336e+08
threshold=44665.812500000007 79102.900000000009 1.0000000180025095e-35 0.075411471307569006 1.0000000180025095e-35 60559.200000000012 86813.665384615393 92010.219230769246 -0.0027522199815387389 1.0000000180025095e-35 61477.526923076934 1.0000000180025095e-35 41020.000000000007 1.0000000180025095e-35 55191.75384615385 42210.000000000007 1.0000000180025095e-35 -0.24999999999999997 1.0000000180025095e-35 0.97168539304328594 1.0000000180025095e-35 48941.750000000007 0.075365239281317054 67572.300000000003 1.0000000180025095e-35 0.68301270189221941 55099.350000000013 57267.500000000007 -0.24999999999999997 41358.375000000007 1.0658391177286974 0.07542285723351326 70608.661538461558 1.1565945280765215 1.0000000180025095e-35 31500.000000000004 70258.611538461555 82097.876923076925 0.87850467273699395 0.0050505372572776661 0.94696969682763654 50046.838461538471 48014.875000000007 1.0000000180025095e-35 1.0000000180025095e-35 0.6830127018922193 1.0000000180025095e-35 48220.250000000007 1.0000000180025095e-35 0.93301270189221952 1.0000000180025095e-35 55459.396153846166 0.25000000000000011 67926.150000000009 0.94696969682476662 12671.796153846155 34707.000000000007 44678.207692307704 1.1565945280765215 -0.24999999999999997 35397.900000000001 81692.800000000017
decision_type=2 2 2 2 2 2 2 2 2 2 2 2 2 2 2 2 2 2 2 2 2 2 2 2 2 2 2 2 2 2 2 2 2 2 2 2 2 2 2 2 2 2 2 2 2 2 2 2 2 2 2 2 2 2 2 2 2 2 2 2 2 2
left_child=2 4 8 6 5 13 28 27 15 25 16 23 31 17 41 34 47 51 -12 -18 29 43 50 49 57 54 52 -5 32 -10 -20 44 -3 -16 -1 -22 -30 -25 -23 -28 61 60 -43 -13 -4 -34 -40 -6 59 53 -14 -2 -19 -7 -8 -33 -46 -21 -45 -31 -15 -11
right_child=1 3 12 7 10 11 9 -9 20 40 18 21 22 14 33 -17 19 26 30 24 35 38 -24 37 -26 -27 39 -29 36 48 -32 55 45 -35 -36 -37 -38 -39 46 -41 -42 42 -44 58 56 -47 -48 -49 -50 -51 -52 -53 -54 -55 -56 -57 -58 -59 -60 -61 -62 -63
leaf_value=-92.337570365743403 62.825480395788432 311.45975354842557 -812.28039686474278 1088.0719388089003 81.181471814448273 -29.457054897876489 600.06159268465899 2224.5812427566225 -439.05927033847985 1224.7958976063826 571.52925448803194 38.734948506874616 -657.86741474083078 -84.517347403421084 461.38747305505558 581.49055664062496 911.49123685024756 -333.73168191474775 1158.6039422910908 318.44191003697517 -210.35577511809592 628.74735438582911 -328.35463261807126 179.76089008797467 707.66398375536767 867.66976528234648 -31.582346582382634 1524.466770575495 474.24406929634699 -214.1271108809141 770.46235537190091 -686.65144842504981 678.03062143412853 159.62768341713763 202.00876460560576 8.5040486204469357 178.37825203321253 396.82456468421992 356.4471415968448 -190.43159467554801 1068.4619502195249 7.6454648959474856 208.79293785474573 358.1500878099173 -762.42711239181085 495.20640929383109 483.7510688491314 339.73284357958499 -134.95573564771789 -115.00836637585368 -531.43961917012837 241.75790553435115 -192.76912422375798 149.38100135395544 396.65407115369743 -547.75060449623959 -664.25325407608693 465.47621090886179 209.91306756331454 -299.17862159587895 10.488494714330107 1444.9216948605372
leaf_weight=14.000000000000002 26 12.999999999999998 137 19.000000000000004 10.000000000000002 14.000000000000002 12.000000000000002 14.999999999999998 42 14.000000000000002 13.999999999999998 9.9999999999999982 50 28 19 9.9999999999999982 9.9999999999999982 17 18.000000000000004 12.999999999999998 30 9.9999999999999982 22 58 12.999999999999998 17 95 9.9999999999999982 11.000000000000002 32 11.999999999999998 25 24 13.999999999999998 17 23 18 12.999999999999998 62 20 11.999999999999998 22 18 11.999999999999998 75 23 33 9.9999999999999982 18 14.999999999999998 33 12.999999999999998 35 12.999999999999998 9.9999999999999982 24 39 34 21 81 36 11.999999999999998
leaf_count=14 26 13 137 19 10 14 12 15 42 14 14 10 50 28 19 10 10 17 18 13 30 10 22 58 13 17 95 10 11 32 12 25 24 14 17 23 18 13 62 20 12 22 18 12 75 23 33 10 18 15 33 13 35 13 10 24 39 34 21 81 36 12
internal_value=0.373706 351.878 -495.477 875.34 202.827 111.93 687.167 1582.1 -187.846 957.013 612.154 264.647 -698.189 -4.32036 94.9312 195.266 485.437 -70.3416 869.657 563.29 -257.405 362.268 -550.014 136.582 503.837 667.624 -115.525 1243.27 452.892 -300.774 1006.42 -749.85 530.115 334.237 69.2086 -115.542 291.847 220.007 423.386 -59.3498 1251.48 18.7494 98.4569 212.39 -774.967 589.805 401.131 211.504 -256.137 -4.63372 -608.301 122.935 -239.405 56.8835 509.817 -619.873 -729.453 425.57 264.737 -275.304 -31.1435 1331.54
internal_weight=1620 948 672 210 738 604 166 44 267 77 134 261 405 343 137 41 90 206 44 70 226 148 105 113 60 39 167 29 89 173 30 300 60 33 31 53 29 71 105 115 38 104 40 43 251 47 95 20 131 42 83 39 52 27 22 49 114 47 33 113 64 26
internal_count=1620 948 672 210 738 604 166 44 267 77 134 261 405 343 137 41 90 206 44 70 226 148 105 113 60 39 167 29 89 173 30 300 60 33 31 53 29 71 105 115 38 104 40 43 251 47 95 20 131 42 83 39 52 27 22 49 114 47 33 113 64 26
is_linear=0
shrinkage=0.03


Tree=14
num_leaves=63
num_cat=0
split_feature=18 21 25 5 18 14 18 16 16 21 18 2 14 18 21 18 18 6 16 4 18 6 18 18 11 18 6 16 2 16 21 16 18 20 16 2 10 18 9 13 6 9 18 19 10 18 10 21 16 16 2 14 18 1 18 18 24 7 24 16 20 19
split_gain=3.02099e+11 7.52709e+10 4.34798e+10 4.08151e+10 1.93723e+10 1.86908e+10 1.01827e+10 7.29988e+09 4.5882e+09 4.47224e+09 3.22635e+09 3.22233e+09 2.6028e+09 2.30867e+09 2.03662e+09 1.96672e+09 1.79181e+09 1.58085e+09 1.45483e+09 1.4323e+09 1.39285e+09 1.13469e+09 1.07919e+09 1.03144e+09 9.81336e+08 9.18953e+08 7.97606e+08 9.95642e+08 7.50848e+08 6.47747e+08 6.13796e+08 6.01312e+08 5.94943e+08 5.89039e+08 5.69427e+08 5.37418e+08 5.3703e+08 5.33135e+08 4.85635e+08 5.76431e+08 4.30273e+08 4.15597e+08 3.16316e+08 3.08035e+08 3.07706e+08 3.06993e+08 3.04923e+08 2.96886e+08 2.31708e+08 2.01841e+08 2.01111e+08 1.84725e+08 1.39184e+08 1.37878e+08 1.37154e+08 1.28244e+08 1.26226e+08 9.87247e+07 8.55394e+07 8.17886e+07 7.35815e+07 6.69478e+07
threshold=43515.05000000001 95185.900000000023 1.0000000180025095e-35 1.0000000180025095e-35 69246.750000000015 0.21717973125094933 68157.550000000017 -1.0000000180025095e-35 0.0050505372572776661 57181.287500000006 21334.200000000001 48941.750000000007 0.2798053527463355 96709.700000000012 58500.075000000012 76936.35000000002 55375.350000000013 1.0000000180025095e-35 0.05017507414820211 38408.750000000007 36237.30000000001 1.0000000180025095e-35 50657.150000000001 12267.550000000001 0.82765255619113109 59082.100000000006 1.0000000180025095e-35 0.0037543201186628354 62500.000000000007 0.05017507414820211 105242.65000000002 -0.075365239294710326 83762.10000000002 45079.750000000007 0.086956521739130502 56840.000000000007 0.8542199457734333 58518.350000000006 -0.66312265824079519 0.98252427165291889 1.0000000180025095e-35 -0.82298386589365657 38172.30000000001 43711.450000000004 0.12053668025532312 56701.80000000001 0.98182534576205305 30881.712500000005 0.0050505372572776661 0.0051282388444369173 53831.875000000007 0.20184295528345614 51489.05000000001 43670.000000000007 39280.900000000001 16098.500000000002 50093.125000000007 -0.24999999999999997 60701.875000000007 0.0049140049140049555 52166.900000000009 45645.400000000001
decision_type=2 2 2 2 2 2 2 2 2 2 2 2 2 2 2 2 2 2 2 2 2 2 2 2 2 2 2 2 2 2 2 2 2 2 2 2 2 2 2 2 2 2 2 2 2 2 2 2 2 2 2 2 2 2 2 2 2 2 2 2 2 2
left_child=2 3 7 4 9 -3 14 17 15 18 23 -8 21 29 35 36 52 42 22 -19 47 -7 46 51 53 -16 27 -18 58 -10 -23 -25 -31 -28 -15 40 60 -20 41 -40 -5 -13 -1 -42 -32 -24 -2 -9 54 55 -27 -4 -11 -12 -22 -33 -26 -49 -17 -56 -6 -39
right_child=1 5 10 6 8 12 11 20 13 16 24 38 -14 34 25 28 26 19 37 -21 48 30 45 31 56 50 33 -29 -30 32 44 49 -34 -35 -36 -37 -38 61 39 -41 43 -43 -44 -45 -46 -47 -48 57 -50 -51 -52 -53 -54 -55 59 -57 -58 -59 -60 -61 -62 -63
leaf_value=-118.56026423447001 -52.267131188833645 2094.6805126096488 -688.1263876556734 169.93755491955446 405.54335004664176 850.69476870888161 558.2236552492252 -468.90070933360926 324.66009303042762 -35.603485069122918 -392.00235552838734 1121.743642517469 570.91079771435943 585.8906654331139 516.67415729303013 551.07907639583266 214.52781099860044 58.888728531941318 -276.89026906199263 536.31192188059106 -223.22787625646893 948.21939162795616 69.730284382262681 -518.71670359504662 -641.37321408991215 704.94339922930715 113.73423885264295 -27.515040958639567 863.28396558921759 39.638983492375708 1098.3512806689046 -698.69706082758137 231.31908913260176 332.33800138912096 317.42832622033035 591.83920637376241 260.95323080880297 -35.72355185650764 1414.7451179610143 1066.0191186725206 298.71318676329491 852.3566078969593 104.88131023746907 478.85375455047443 1351.6597816639073 217.63819104646379 105.27500748058982 -250.3034927576669 -321.59062493946925 -762.49826693127011 920.8750549195546 -788.20525936800891 58.710668451897448 -238.31366491336627 -170.76757536632701 -625.41271784022638 -524.96834185728096 -337.56935555479077 671.52887352195944 -84.207168928414347 486.65481033208118 -127.14787576637521
leaf_weight=13.000000000000002 129 17 27 9.9999999999999982 20 17 11.999999999999998 14.999999999999998 17 25 13 15.999999999999998 11.999999999999998 17.000000000000004 19 25 56 10.000000000000002 23 12.999999999999998 47 10.999999999999998 49 24 17 11.000000000000002 13.999999999999998 21 12.999999999999998 37 12.000000000000002 66 24 56 12.999999999999998 9.9999999999999982 15.999999999999998 14.000000000000002 10.000000000000002 11.999999999999998 17 11.000000000000002 9.9999999999999982 19 14.999999999999998 17 11.999999999999998 15.999999999999998 11.999999999999998 31 9.9999999999999982 134 32 10 63 54 29 68 10.999999999999998 11.999999999999998 39 14.999999999999998
leaf_count=13 129 17 27 10 20 17 12 15 17 25 13 16 12 17 19 25 56 10 23 13 47 11 49 24 17 11 14 21 13 37 12 66 24 56 13 10 16 14 10 12 17 11 10 19 15 17 12 16 12 31 10 134 32 10 63 54 29 68 11 12 39 15
internal_value=0.408693 350.604 -478.787 266.05 167.307 1206.89 702.774 -190.512 390.996 55.1607 -677.28 1005.95 978.841 247.679 509.285 515.52 160.182 154.591 -27.5889 329.89 -258.68 1066.65 8.07105 -715.799 -488.947 673.172 215.515 148.566 663.851 161.294 1160.77 -663.812 115.309 288.842 470.998 391.231 417.856 -169.286 1114.24 1230.22 346.431 1015.54 -21.3781 394.851 1243.55 108.099 -38.7942 -344.084 -195.374 -686.515 811.645 -771.859 17.3549 -326.502 -182.706 -666.267 -569.286 -321.265 589.642 -157.049 459.892 -83.2865
internal_weight=1620 936 684 852 695 84 157 279 232 463 405 61 67 108 96 124 204 46 259 23 233 55 207 336 69 40 147 77 49 78 38 175 61 70 30 56 75 52 49 22 46 27 23 36 27 66 141 99 134 151 21 161 57 23 122 120 46 84 36 75 59 29
internal_count=1620 936 684 852 695 84 157 279 232 463 405 61 67 108 96 124 204 46 259 23 233 55 207 336 69 40 147 77 49 78 38 175 61 70 30 56 75 52 49 22 46 27 23 36 27 66 141 99 134 151 21 161 57 23 122 120 46 84 36 75 59 29
is_linear=0
shrinkage=0.03


Tree=15
num_leaves=63
num_cat=0
split_feature=18 21 25 5 18 14 18 5 23 2 18 2 6 6 8 6 21 23 23 6 18 2 18 18 17 27 6 7 18 9 23 17 9 22 2 13 18 6 2 23 18 6 1 23 23 19 1 27 18 1 22 1 14 9 19 3 28 18 19 23 1 21
split_gain=2.84314e+11 7.0853e+10 4.09153e+10 3.84241e+10 1.82338e+10 1.75911e+10 9.58613e+09 6.72919e+09 4.49903e+09 3.10786e+09 3.03451e+09 3.03339e+09 2.99961e+09 2.46451e+09 2.34341e+09 2.10972e+09 1.91735e+09 1.55269e+09 1.41153e+09 1.67797e+09 1.3946e+09 1.14525e+09 1.10427e+09 9.70138e+08 9.34969e+08 9.24175e+08 8.93633e+08 1.06948e+09 8.83924e+08 7.67977e+08 6.81285e+08 5.51402e+08 5.30141e+08 5.21958e+08 5.0615e+08 5.04435e+08 4.5958e+08 4.04893e+08 3.58754e+08 3.26317e+08 2.97782e+08 2.72307e+08 5.14982e+08 2.69798e+08 2.69015e+08 2.65535e+08 2.64619e+08 2.50222e+08 2.35607e+08 1.96427e+08 1.91144e+08 1.90413e+08 1.73518e+08 1.71716e+08 1.59463e+08 1.30888e+08 1.29743e+08 1.22435e+08 1.18082e+08 1.07699e+08 1.01738e+08 1.00856e+08
threshold=43515.05000000001 95185.900000000023 1.0000000180025095e-35 1.0000000180025095e-35 69246.750000000015 0.21717973125094933 68157.550000000017 1.0000000180025095e-35 56950.515384615392 51960.625000000007 21334.200000000001 48941.750000000007 1.0000000180025095e-35 1.0000000180025095e-35 0.93301270189221952 1.0000000180025095e-35 58500.075000000012 78473.150000000009 80540.469230769246 1.0000000180025095e-35 35545.650000000009 60701.875000000007 55231.500000000007 12267.550000000001 0.075434243158852596 1.0000000180025095e-35 1.0000000180025095e-35 -0.24999999999999997 55071.80000000001 0.17992617227144045 50046.838461538471 0.075365239281317054 0.61559370248597556 2839.1818280547309 56840.000000000007 1.0833333330816866 112238.65000000001 1.0000000180025095e-35 52221.875000000007 43869.192307692319 38172.30000000001 1.0000000180025095e-35 31500.000000000004 47649.769230769241 47362.076923076929 66207.60000000002 31500.000000000004 1.0000000180025095e-35 56348.900000000009 34707.000000000007 19630.93091376514 31500.000000000004 0.20184295528345614 -0.82298386589365657 39280.900000000001 58308.125000000007 1.0000000180025095e-35 74039.35000000002 67926.150000000009 19802.973076923081 43670.000000000007 30881.712500000005
decision_type=2 2 2 2 2 2 2 2 2 2 2 2 2 2 2 2 2 2 2 2 2 2 2 2 2 2 2 2 2 2 2 2 2 2 2 2 2 2 2 2 2 2 2 2 2 2 2 2 2 2 2 2 2 2 2 2 2 2 2 2 2 2
left_child=2 3 7 4 8 -3 16 20 26 25 23 -8 22 32 18 40 34 50 19 -11 51 -15 55 52 59 57 27 43 -18 -20 46 49 -7 -14 37 58 -23 -5 -24 -39 -9 54 -43 -2 -29 -30 -28 -35 -32 -25 53 61 -4 -13 56 -10 -22 -6 -27 -12 -26 -1
right_child=1 5 10 6 9 13 11 15 12 14 24 17 33 21 -16 -17 28 -19 29 -21 41 36 38 31 60 35 30 44 45 -31 48 -33 -34 47 -36 -37 -38 39 -40 -41 -42 42 -44 -45 -46 -47 -48 -49 -50 -51 -52 -53 -54 -55 -56 -57 -58 -59 -60 -61 -62 -63
leaf_value=-454.92685469267383 -91.88622990379649 2032.207602796052 -667.5587792608394 164.88990495436263 -50.571396991238721 554.96415938952725 541.61534397598143 -115.03060994854408 16.098723519289358 183.19054847618199 -626.32356133643623 1034.0680797493815 417.45424627130683 794.55316638304464 -3.1010251519231518 412.13977004583359 402.2511194693688 1370.0946719942749 730.54155245072604 469.85701476088082 -218.28111569094963 1029.256839261968 30.101205285846859 -724.7121763037419 -369.31292915962831 408.80711357874571 -188.33452830097463 -297.86327141970196 818.90717105263127 479.15970676611988 59.528474549659876 -521.94023787894514 844.44267563215647 192.90905512415029 574.25983118038369 122.50279144054151 1293.3441000517955 272.91756053394039 181.86451307990063 460.08325209197272 101.76602413366338 -216.32112729573115 25.81903197592877 84.355142344479091 -151.30116795120725 620.20909641877381 -23.867523856404553 326.86269082308939 213.97936753454286 -641.28382328698399 1108.4458025216586 -300.01621637204272 -764.57673631501677 838.1026171874995 -185.77054623957082 -69.098034137708567 -339.91174021946563 97.181497029219528 268.72232296178839 -513.54991145069653 -231.23504099628707 -347.18122349330355
leaf_weight=14.999999999999998 11.999999999999998 17 27 9.9999999999999982 10.000000000000002 12.000000000000002 11.999999999999998 13.000000000000002 61 23 13.999999999999998 9.9999999999999947 23 9.9999999999999982 9.9999999999999982 18 9.9999999999999982 12.999999999999998 24 95 23 13.999999999999998 18 47 11 15.000000000000002 9.9999999999999982 14.999999999999998 17.000000000000004 22 34 30 12.999999999999998 33 9.9999999999999982 12.999999999999998 18 14.999999999999998 64 21 9.9999999999999982 18 13.999999999999998 22 47 12.999999999999998 69 21 11.999999999999998 98 9.9999999999999982 53 134 16.000000000000007 79 22 12.999999999999998 9.9999999999999982 9.9999999999999982 34 10 23
leaf_count=15 12 17 27 10 10 12 12 13 61 23 14 10 23 10 10 18 10 13 24 95 23 14 18 47 11 15 10 15 17 22 34 30 13 33 10 13 18 15 64 21 10 18 14 22 47 13 69 21 12 98 10 53 134 16 79 22 13 10 10 34 10 23
internal_value=0.421895 340.153 -464.455 258.117 162.311 1170.93 681.857 -184.81 53.5095 379.327 -657.006 976.017 142.851 949.692 442.73 169.846 494.121 1081.08 469.9 414.184 -245.952 1091.38 70.6173 -694.361 -474.357 188.686 -44.3417 -113.128 653.137 611.616 8.53432 -643.942 708.258 297.345 379.576 275.377 1181.37 336.1 148.628 383.07 -20.7386 -188.586 -110.634 22.0652 -187.182 735.151 -44.8979 245.51 100.197 -668.807 973.209 -338.311 -748.731 917.147 -210.162 -6.53949 -263.023 23.4208 354.067 -547.676 -304.969 -390.795
internal_weight=1620 936 684 852 695 84 157 279 463 232 405 61 242 67 174 41 96 49 164 118 238 42 165 336 69 58 221 96 40 46 125 175 25 77 56 38 32 46 82 36 23 147 32 34 62 30 79 54 46 145 36 91 161 26 115 83 36 20 25 48 21 38
internal_count=1620 936 684 852 695 84 157 279 463 232 405 61 242 67 174 41 96 49 164 118 238 42 165 336 69 58 221 96 40 46 125 175 25 77 56 38 32 46 82 36 23 147 32 34 62 30 79 54 46 145 36 91 161 26 115 83 36 20 25 48 21 38
is_linear=0
shrinkage=0.03


Tree=16
num_leaves=63
num_cat=0
split_feature=18 21 25 5 18 14 18 16 23 16 1 2 6 14 18 18 21 23 6 4 16 11 18 18 6 18 14 16 18 16 2 21 18 18 10 22 2 18 6 6 18 6 23 10 18 22 27 16 18 21 3 16 1 2 16 3 22 8 1 20 1 16
split_gain=2.67571e+11 6.66946e+10 3.85006e+10 3.61736e+10 1.71595e+10 1.65563e+10 9.02488e+09 6.47932e+09 4.23403e+09 4.12738e+09 2.87482e+09 2.85555e+09 2.8232e+09 2.33615e+09 2.07464e+09 1.80604e+09 1.80483e+09 1.46141e+09 1.40618e+09 1.3487e+09 1.32616e+09 1.25392e+09 1.24492e+09 1.03914e+09 9.95645e+08 9.28088e+08 9.19918e+08 8.58201e+08 8.31795e+08 5.89278e+08 5.57862e+08 5.49462e+08 5.37901e+08 5.26317e+08 5.09739e+08 4.9126e+08 4.76707e+08 3.87189e+08 3.81004e+08 3.66079e+08 3.26017e+08 3.16258e+08 3.07066e+08 2.84992e+08 2.80334e+08 2.42175e+08 2.3554e+08 2.25057e+08 2.25726e+08 1.96935e+08 1.93673e+08 1.78288e+08 1.57217e+08 1.49046e+08 1.3394e+08 1.23182e+08 1.18247e+08 9.25199e+07 8.59979e+07 7.80051e+07 7.23622e+07 7.07172e+07
threshold=43515.05000000001 95185.900000000023 1.0000000180025095e-35 1.0000000180025095e-35 69246.750000000015 0.21717973125094933 68157.550000000017 -1.0000000180025095e-35 56950.515384615392 0.0050505372572776661 41020.000000000007 48941.750000000007 1.0000000180025095e-35 0.2798053527463355 96709.700000000012 77771.35000000002 58500.075000000012 78473.150000000009 1.0000000180025095e-35 38408.750000000007 0.0051282388444369173 0.84641379296280916 34717.450000000004 55231.500000000007 1.0000000180025095e-35 50657.150000000001 0.17388612090385749 0.0037543201186628354 55071.80000000001 0.05017507414820211 62500.000000000007 105242.65000000002 109487.05 83762.10000000002 0.8542199457734333 2839.1818280547309 56840.000000000007 58518.350000000006 1.0000000180025095e-35 1.0000000180025095e-35 57309.350000000006 1.0000000180025095e-35 43869.192307692319 0.12053668025532312 38172.30000000001 7881.3238384653259 1.0000000180025095e-35 0.0050505372572776661 37927.400000000009 30881.712500000005 55386.875000000007 0.0049140049140049555 34707.000000000007 51890.625000000007 0.0050251573518178558 58308.125000000007 934.24049763427956 -0.5 34707.000000000007 52166.900000000009 30945.000000000004 0.0049140049140049555
decision_type=2 2 2 2 2 2 2 2 2 2 2 2 2 2 2 2 2 2 2 2 2 2 2 2 2 2 2 2 2 2 2 2 2 2 2 2 2 2 2 2 2 2 2 2 2 2 2 2 2 2 2 2 2 2 2 2 2 2 2 2 2 2
left_child=2 3 7 4 8 -3 16 18 20 15 26 -8 23 24 29 34 36 50 44 -20 25 -12 49 55 -7 54 52 -25 -18 -11 -17 -26 -16 -31 59 51 38 -22 -5 58 -27 -23 -40 -33 -1 -30 -37 48 -24 -9 -13 -14 -4 -41 -2 -10 -50 -39 -28 -6 -58 -51
right_child=1 5 10 6 9 13 11 22 12 14 21 17 35 -15 32 30 28 -19 19 -21 37 41 47 27 31 40 39 -29 45 33 -32 43 -34 -35 -36 46 -38 57 42 53 -42 -43 -44 -45 -46 -47 -48 -49 56 61 -52 -53 -54 -55 -56 -57 60 -59 -60 -61 -62 -63
leaf_value=-111.60603330422902 -43.055371175045529 1971.5978577302628 -608.15781347308712 159.99218827351484 389.92177283653842 802.16947659676521 525.50116929235537 -441.36941535596026 15.616552656832381 305.98067986739301 -308.51648619845696 1022.337009571335 326.58899861343025 535.03760717975206 343.82554327041055 573.85577402645777 390.30306630956062 1329.3056169489503 48.300677961594971 511.47585741814765 -254.47948247799926 -608.73878735706865 -241.52163678601914 201.04190261066643 891.88747782939197 61.959087722686945 -763.85850551322494 -21.172591361818718 843.93586285581659 35.157106899045544 826.18979112861575 1032.431505681818 611.69826884501697 215.43489235019285 255.59808629086137 187.13926892790548 557.2026162206065 -34.833770043758932 264.78425377043669 -697.02091228243671 249.07268917272586 -481.84838640011327 446.34617650325828 1274.3508231581127 98.743268656211328 644.01866998017726 317.1032797226747 -314.043939199666 -79.620867083214776 -332.97525681109346 851.53010827850869 502.65651086788364 -484.90718760225781 -633.68090971812683 -158.04062045560025 -67.034472125989822 -241.05329916709709 -142.77822154927696 -698.2990176755693 468.00792982036563 -160.0765829150491 -246.19803924812757
leaf_weight=13.000000000000002 96 17 28 9.9999999999999982 22 17 11.999999999999998 14.999999999999998 61 17 24 19 13.000000000000002 11.999999999999998 19.000000000000004 29 9.9999999999999982 12.999999999999998 10.000000000000002 12.999999999999998 26 48 42 61 10.999999999999998 50 93 21 10.000000000000002 37 11.999999999999998 12.000000000000002 10.999999999999998 24 17 33 9.9999999999999982 13.000000000000002 14.999999999999998 71 9.9999999999999982 33 21 14.999999999999998 9.9999999999999982 20 21 12.999999999999998 14.999999999999998 51 17 9.9999999999999982 19 43 9.9999999999999982 22 11.999999999999998 15.999999999999998 46 44 73 11.999999999999998
leaf_count=13 96 17 28 10 22 17 12 15 61 17 24 19 13 12 19 29 10 13 10 13 26 48 42 61 11 50 93 21 10 37 12 12 11 24 17 33 10 13 15 71 10 33 21 15 10 20 21 13 15 51 17 10 19 43 10 22 12 16 46 44 73 12
internal_value=0.430467 330.006 -450.55 250.415 157.456 1136.03 661.558 -179.283 51.9088 367.983 -637.333 946.977 138.579 921.403 232.058 486.086 479.401 1048.91 145.845 311.176 -43.0168 -501.092 -243.507 68.5017 1004.58 -0.686598 -684.834 144.177 633.681 150.174 649.54 1092.78 443.752 106.323 404.659 288.461 368.268 -170.544 326.075 -707.893 93.5073 -557.701 371.638 1171.04 -20.1181 713.24 238.174 -194.086 -182.89 -341.341 944.261 404.985 -559.468 -664.864 -54.0418 -6.34522 -158.048 -94.6754 -742.68 442.609 -171.778 -316.863
internal_weight=1620 936 684 852 695 84 157 279 463 232 405 61 242 67 108 124 96 49 46 23 221 105 233 165 55 166 300 82 40 78 41 38 30 61 83 77 56 55 46 253 60 81 36 27 23 30 54 155 142 78 36 23 47 114 106 83 100 29 139 66 85 63
internal_count=1620 936 684 852 695 84 157 279 463 232 405 61 242 67 108 124 96 49 46 23 221 105 233 165 55 166 300 82 40 78 41 38 30 61 83 77 56 55 46 253 60 81 36 27 23 30 54 155 142 78 36 23 47 114 106 83 100 29 139 66 85 63
is_linear=0
shrinkage=0.03


Tree=17
num_leaves=63
num_cat=0
split_feature=21 23 25 5 12 21 8 5 21 21 8 1 20 8 23 2 23 12 17 2 20 7 14 8 7 20 19 14 1 8 8 23 27 22 14 7 23 7 21 4 2 1 27 7 1 23 7 22 21 23 14 22 20 23 8 8 20 23 21 23 13 8
split_gain=2.46216e+11 6.45786e+10 3.64599e+10 2.83151e+10 2.42314e+10 1.17951e+10 6.80717e+09 6.34382e+09 6.24754e+09 4.81277e+09 3.0559e+09 2.70178e+09 2.20808e+09 2.12792e+09 2.08351e+09 1.62255e+09 1.47178e+09 1.29651e+09 1.17986e+09 1.14715e+09 1.1117e+09 1.31613e+09 1.02255e+09 9.0771e+08 1.11763e+09 1.03659e+09 8.71365e+08 8.63577e+08 8.21298e+08 7.39492e+08 6.06529e+08 5.46902e+08 5.46562e+08 5.44951e+08 8.45278e+08 5.41122e+08 5.15006e+08 4.64857e+08 4.43365e+08 4.18139e+08 3.08454e+08 3.01246e+08 2.74076e+08 2.72484e+08 2.3226e+08 1.94926e+08 1.87591e+08 1.7966e+08 2.47813e+08 1.70951e+08 1.69184e+08 1.65444e+08 1.58491e+08 1.50351e+08 1.46182e+08 1.1633e+08 9.89522e+07 9.18704e+07 7.42548e+07 6.72103e+07 5.8445e+07 5.51707e+07
threshold=44665.812500000007 80540.469230769246 1.0000000180025095e-35 1.0000000180025095e-35 1.0297193875575261 61770.23750000001 0.93301270189221952 1.0000000180025095e-35 61444.850000000006 95185.900000000023 0.93301270189221952 41020.000000000007 51897.150000000001 0.93301270189221952 95195.73461538463 47258.250000000007 51227.934615384627 0.97168539304328594 0.075365239281317054 53831.875000000007 60073.900000000009 1.0000000180025095e-35 0.25440806040471847 0.6830127018922193 1.0000000180025095e-35 68445.250000000015 106497.85000000002 0.17388612090385749 30945.000000000004 -0.68301270189221952 0.93301270189221952 61188.596153846163 1.0000000180025095e-35 22600.91594536461 0.2506329113478229 -0.5 66742.703846153861 -0.5 69923.362500000017 37758.000000000007 45253.125000000007 34707.000000000007 1.0000000180025095e-35 1.0000000180025095e-35 34262.000000000007 59876.080769230779 1.0000000180025095e-35 8976.1217819383874 74733.062500000015 47531.580769230779 0.23341523337310963 12397.728458434989 45079.750000000007 12936.61153846154 -0.68301270189221952 1.0000000180025095e-35 64348.700000000004 108381.55384615385 10729.587500000003 47113.176923076935 0.89599999985875789 0.25000000000000017
decision_type=2 2 2 2 2 2 2 2 2 2 2 2 2 2 2 2 2 2 2 2 2 2 2 2 2 2 2 2 2 2 2 2 2 2 2 2 2 2 2 2 2 2 2 2 2 2 2 2 2 2 2 2 2 2 2 2 2 2 2 2 2 2
left_child=2 3 7 5 14 13 9 28 17 22 15 27 37 16 -3 40 44 -5 54 38 36 -22 -6 24 -18 -25 -8 53 35 42 55 -15 39 34 -11 61 -17 -9 -10 -19 -7 58 46 -24 51 -42 -30 -21 -49 -41 -37 -2 -46 -4 -13 -31 -12 -36 -29 -48 -56 -1
right_child=1 4 11 8 6 10 26 12 19 33 56 18 -14 31 -16 20 23 32 -20 47 21 -23 43 25 -26 -27 -28 41 29 30 -32 -33 -34 -35 57 50 -38 -39 -40 49 45 -43 -44 -45 52 -47 59 48 -50 -51 -52 -53 -54 -55 60 -57 -58 -59 -60 -61 -62 -63
leaf_value=-237.52404192509533 -117.76635799942456 1387.8835362861569 -597.0352888446215 702.93924619932432 864.4158781327352 19.434343124726858 29.62464246595227 195.04070140996248 526.82154600838157 1087.6658311775661 -165.0574366684715 -606.14972477956428 572.34839346404124 -324.73642542334744 1964.4403291223405 328.69909675630799 169.25095834697794 168.5761310319711 -288.66348553273468 1021.0884384684917 399.74501606737448 176.6390685490635 613.49439895545572 87.463572650039367 -0.30257909572709746 460.85963656038848 406.67107025971279 -741.97893904931425 -188.61424170378211 -83.717305904161066 -268.93639172262397 -96.686418696698084 506.46289292993009 1123.0274700088862 687.06299292233894 -289.44338624563267 458.96371827726909 -51.140166394725348 772.71044630984045 281.70981184039198 81.374675413830431 -636.47158315584602 -117.41455405787416 451.15226262642631 36.970494022306013 255.68183406748665 -294.35673393264153 712.71033009746259 933.3844169081126 413.14815372242646 -415.27813077502077 -1.5925311441624417 -62.105196243231823 -478.64824961114249 -459.53600035174759 27.730469330792651 -31.537962767346073 855.00520846225254 -688.49070272270853 -210.97671870964615 -535.56785002460629 -143.2132211386191
leaf_weight=13.000000000000002 52 12.000000000000002 25 10.999999999999998 9.9999999999999982 18 11.000000000000002 12.000000000000002 15.000000000000002 14.999999999999998 10.000000000000002 24 9.9999999999999982 19 13.999999999999998 70 50 14.999999999999998 22 11.999999999999998 35 75 18 17.000000000000004 116 10.999999999999998 10.999999999999998 71 32 14.999999999999998 11.999999999999998 19 15.999999999999998 21 10.000000000000002 15.999999999999998 47 15.999999999999998 13.999999999999998 17 10.000000000000002 85 17 24 30 13.999999999999998 52 10.000000000000002 14.999999999999998 22 30 13.999999999999998 28 22 21 19 9.9999999999999982 9.9999999999999982 97 11.999999999999998 38 10.999999999999998
leaf_count=13 52 12 25 11 10 18 11 12 15 15 10 24 10 19 14 70 50 15 22 12 35 75 18 17 116 11 11 71 32 15 12 19 16 21 10 16 47 16 14 17 10 85 17 24 30 14 52 10 15 22 30 14 28 22 21 19 10 10 97 12 38 11
internal_value=0.458295 311.834 -438.785 201.884 869.552 116.206 701.345 -166.543 577.484 799.28 258.557 -618.177 192.057 0.606294 1704.67 285.152 25.9827 400.123 -486.099 794.219 316.846 247.926 589.398 77.5658 50.8389 235.273 219.135 -664.227 -226.106 -188.182 -86.5208 -211.265 351.603 992.772 911.642 -311.857 381.375 54.6844 647.774 304.867 113.51 -686.57 -229.453 522.02 -54.7174 183.693 -249.15 906.945 848.306 356.722 -372.232 -93.1632 -10.8837 -542.754 -538.021 -21.5389 -98.7869 774.87 -711.524 -279.077 -509.329 -195.072
internal_weight=1620 948 672 792 156 645 130 267 147 108 289 405 38 356 26 269 318 81 105 66 227 110 52 194 166 28 22 300 229 159 46 38 70 56 35 70 117 28 29 54 42 253 113 42 124 24 96 37 25 39 46 66 58 47 83 34 20 20 168 64 59 24
internal_count=1620 948 672 792 156 645 130 267 147 108 289 405 38 356 26 269 318 81 105 66 227 110 52 194 166 28 22 300 229 159 46 38 70 56 35 70 117 28 29 54 42 253 113 42 124 24 96 37 25 39 46 66 58 47 83 34 20 20 168 64 59 24
is_linear=0
shrinkage=0.03


Tree=18
num_leaves=63
num_cat=0
split_feature=18 21 25 5 18 14 18 5 23 8 23 18 2 18 18 21 23 10 18 22 22 24 18 11 18 18 18 24 20 22 8 8 11 20 2 14 10 1 14 23 9 18 20 2 22 24 24 2 2 18 9 14 28 1 20 9 24 9 22 22 22 23
split_gain=2.37183e+11 5.91586e+10 3.40026e+10 3.20825e+10 1.52625e+10 1.47589e+10 8.094e+09 5.62277e+09 3.76883e+09 2.74282e+09 2.61858e+09 2.56829e+09 2.53869e+09 2.10033e+09 1.87818e+09 1.58028e+09 1.29815e+09 1.27753e+09 1.16036e+09 1.15455e+09 9.18703e+08 8.71269e+08 8.22949e+08 7.78713e+08 7.68474e+08 7.61417e+08 6.35017e+08 6.23651e+08 6.0115e+08 5.04494e+08 9.90129e+08 4.91084e+08 4.41695e+08 4.37306e+08 4.16094e+08 3.66577e+08 3.43911e+08 3.08136e+08 2.58784e+08 5.16053e+08 2.20894e+08 2.1648e+08 2.06684e+08 2.03692e+08 1.90264e+08 1.84856e+08 1.81379e+08 1.74053e+08 1.64837e+08 1.63918e+08 1.60113e+08 1.41582e+08 1.39209e+08 1.15317e+08 1.14812e+08 1.08961e+08 1.05067e+08 8.90361e+07 9.83563e+07 8.5769e+07 6.98734e+07 6.03796e+07
threshold=43515.05000000001 95185.900000000023 1.0000000180025095e-35 1.0000000180025095e-35 69246.750000000015 0.21717973125094933 68157.550000000017 1.0000000180025095e-35 56950.515384615392 0.93301270189221952 71601.403846153858 21334.200000000001 48941.750000000007 90719.950000000012 55375.350000000013 58500.075000000012 78473.150000000009 0.8542199457734333 35545.650000000009 9635.9362825713306 18596.605127991981 42085.42500000001 12267.550000000001 0.82765255619113109 59082.100000000006 76936.35000000002 50493.250000000007 52630.625000000007 54050.250000000007 27294.740151761671 0.6830127018922193 -0.68301270189221952 0.80898876386314755 103240.45000000001 56840.000000000007 0.27088607589096414 0.61559370248597567 44730.000000000007 0.24189526180302526 68080.376923076939 -0.78574730703237861 41414.350000000006 36095.900000000009 52483.125000000007 19630.93091376514 43442.975000000006 37717.80000000001 53831.875000000007 47087.500000000007 31763.850000000002 -0.82298386589365657 0.20184295528345614 1.0000000180025095e-35 43670.000000000007 44100.350000000006 0.8542199457734333 50093.125000000007 0.17992617227144045 982.87138303228892 11099.517664528525 5785.1100068371825 46724.053846153853
decision_type=2 2 2 2 2 2 2 2 2 2 2 2 2 2 2 2 2 2 2 2 2 2 2 2 2 2 2 2 2 2 2 2 2 2 2 2 2 2 2 2 2 2 2 2 2 2 2 2 2 2 2 2 2 2 2 2 2 2 2 2 2 2
left_child=2 3 7 4 8 -3 15 18 21 10 19 22 -8 -7 38 34 44 31 49 43 -21 46 51 53 -17 55 54 -27 40 30 33 -9 -24 -15 36 -28 42 -30 39 -10 -16 52 -5 -6 50 -34 -2 -26 -33 -1 -14 -4 57 -13 -23 -12 -25 58 -20 -48 -54 -59
right_child=1 5 11 6 9 13 12 17 14 -11 25 23 16 29 28 24 -18 -19 41 20 -22 26 32 56 47 27 35 -29 37 -31 -32 48 45 -35 -36 -37 -38 -39 -40 -41 -42 -43 -44 -45 -46 -47 59 -49 -50 -51 -52 -53 60 -55 -56 -57 -58 61 -60 -61 -62 -63
leaf_value=-361.47342840211002 -266.13230662128711 1858.7799369517538 -610.53809415359774 248.39277502111486 297.81355699693836 481.4889278267525 495.88014495092978 -101.1058734130859 46.007242639378298 -76.04068808752163 414.25786272321426 -346.75924290314879 947.4347141862628 1058.4724751925355 254.57205597227988 452.05062878354056 1253.6885308325382 448.05617200945863 -56.491881707824106 163.90146796060583 417.31339076450882 -17.857136104826782 -480.39048457596459 -568.55973924067985 623.3415305637667 436.43991660723549 111.81578619197923 641.24871781066713 130.40149483212821 1118.5854103053437 629.37650205869932 60.548169431780806 -662.22368627482172 799.50202597128384 523.04926786819306 -21.509676801734994 174.33301567718271 247.96977414739968 -7.1876338512227278 279.3289081112701 420.25770401454201 -114.72937821848092 412.43954881486849 456.47653671318949 1021.992128326114 -582.92946310626962 -148.59782938849065 821.87545521349023 233.19343484104266 -276.17667091410431 761.82302067158344 -698.44102733501109 -208.88277885932425 -206.62865369740092 -85.664031780135005 292.11848971225248 -463.08211340206185 -265.33733398437494 -167.3416868946033 -46.151661080841968 -297.51592025432177 -174.78069591009793
leaf_weight=35 9.9999999999999982 17 27 10.999999999999998 10.999999999999998 10.999999999999998 11.999999999999998 11.000000000000002 20.000000000000004 12.999999999999998 30 13 9.9999999999999947 21 30 19 12.999999999999998 9.9999999999999982 9.9999999999999982 66 15.999999999999998 36 31 17 11.000000000000002 24 44 34 80 12.999999999999998 10.999999999999998 10.000000000000002 49 10.999999999999998 9.9999999999999982 32 12.999999999999998 27 65 9.9999999999999982 9.9999999999999982 42 22 28 9.9999999999999982 95 29 9.9999999999999982 9.9999999999999982 56 16.000000000000007 134 23 10 60 9.9999999999999982 29 11.000000000000002 27 9.9999999999999982 13.999999999999998 20
leaf_count=35 10 17 27 11 11 11 12 11 20 13 30 13 10 21 30 19 13 10 10 66 16 36 31 17 11 24 44 34 80 13 11 10 49 11 10 32 13 27 65 10 10 42 22 28 10 95 29 10 10 56 16 134 23 10 60 10 29 11 27 10 14 20
internal_value=0.464261 310.761 -424.136 235.801 148.257 1069.89 622.997 -169.206 48.7146 346.806 371.929 -599.669 893.29 867.248 130.485 450.498 989.407 154.985 -225.096 278.162 213.796 -40.8445 -634.033 -431.658 594.868 487.302 -9.02056 557.397 197.637 942.028 886.179 59.3092 -587.618 972.219 346.5 55.7242 307.068 160.272 26.4781 99.2021 296.938 -172.768 358.673 412.602 890.764 -610.352 -152.307 721.329 147.602 -309.344 836.569 -684.088 -195.852 -286.991 -60.2815 384.528 -503.212 -169.807 -137.615 -122.515 -243.131 -207.664
internal_weight=1620 936 684 852 695 84 157 279 463 232 219 405 61 67 242 96 49 41 238 121 82 221 336 69 40 98 172 58 147 56 43 31 175 32 56 76 46 107 95 30 40 147 33 39 36 144 49 21 20 91 26 161 105 23 96 40 46 68 37 39 37 31
internal_count=1620 936 684 852 695 84 157 279 463 232 219 405 61 67 242 96 49 41 238 121 82 221 336 69 40 98 172 58 147 56 43 31 175 32 56 76 46 107 95 30 40 147 33 39 36 144 49 21 20 91 26 161 105 23 96 40 46 68 37 39 37 31
is_linear=0
shrinkage=0.03


Tree=19
num_leaves=63
num_cat=0
split_feature=18 23 25 5 11 21 18 5 21 18 6 18 6 23 6 6 18 2 13 8 22 18 7 8 23 18 18 24 13 17 6 23 2 13 21 21 17 22 18 7 23 8 13 6 1 18 8 7 22 7 24 24 24 18 6 3 22 18 23 1 18 23
split_gain=2.23202e+11 5.58052e+10 3.19962e+10 2.57954e+10 2.09826e+10 1.07216e+10 6.53681e+09 5.29251e+09 4.8619e+09 2.91014e+09 2.86391e+09 2.41546e+09 2.3901e+09 2.24357e+09 2.8551e+09 1.81816e+09 1.58369e+09 1.3683e+09 1.21549e+09 1.1496e+09 1.10765e+09 1.0917e+09 9.933e+08 9.09045e+08 8.11406e+08 9.45731e+08 7.74218e+08 7.5744e+08 7.46648e+08 7.44927e+08 7.22683e+08 5.92667e+08 5.6475e+08 5.59242e+08 4.9137e+08 4.53525e+08 4.31478e+08 4.18608e+08 3.25731e+08 3.17535e+08 3.16977e+08 3.15846e+08 3.04199e+08 2.49491e+08 4.26179e+08 2.40653e+08 2.35272e+08 2.10236e+08 2.08994e+08 2.08593e+08 2.02956e+08 1.73347e+08 1.70458e+08 1.66774e+08 1.65221e+08 1.60975e+08 1.60911e+08 1.54293e+08 1.50224e+08 1.49478e+08 1.47759e+08 1.40968e+08
threshold=43515.05000000001 82097.876923076925 1.0000000180025095e-35 1.0000000180025095e-35 0.87241379295598065 65651.60000000002 90719.950000000012 1.0000000180025095e-35 61444.850000000006 104210.00000000001 1.0000000180025095e-35 21334.200000000001 1.0000000180025095e-35 51540.996153846158 1.0000000180025095e-35 1.0000000180025095e-35 59514.000000000007 60701.875000000007 1.1261261259281683 0.93301270189221952 8337.4081549669172 35545.650000000009 -0.24999999999999997 0.93301270189221952 47531.580769230779 55728.200000000004 12267.550000000001 44240.945000000007 1.1382978720957866 0.075434243158852596 1.0000000180025095e-35 68668.026923076934 51890.625000000007 0.99859296457813607 80909.962500000009 72962.250000000015 0.075365239281317054 17856.541177399289 77461.900000000009 -0.24999999999999997 43155.746153846158 1.0000000180025095e-35 0.99859296457813607 1.0000000180025095e-35 31500.000000000004 38172.30000000001 -0.24999999999999997 -0.93301270189221919 10347.564272282862 -0.93301270189221919 41670.725000000006 52010.125000000007 43442.975000000006 104210.00000000001 1.0000000180025095e-35 55525.625000000007 6106.3298589506885 31763.850000000002 57199.780769230776 42920.000000000007 74296.250000000015 47362.076923076929
decision_type=2 2 2 2 2 2 2 2 2 2 2 2 2 2 2 2 2 2 2 2 2 2 2 2 2 2 2 2 2 2 2 2 2 2 2 2 2 2 2 2 2 2 2 2 2 2 2 2 2 2 2 2 2 2 2 2 2 2 2 2 2 2
left_child=2 3 7 5 9 13 23 21 24 -3 19 26 53 30 22 45 -10 -14 27 34 35 57 58 38 46 54 -4 -16 -24 -13 39 37 42 -27 48 47 52 -22 -6 -2 -32 -19 -18 50 -45 -9 -5 -12 -7 -42 -23 -20 -28 -8 -26 -40 -34 -1 -15 -37 -58 -41
right_child=1 4 11 8 6 10 12 15 16 -11 20 29 17 14 18 -17 32 41 51 -21 31 43 28 -25 25 33 36 -29 -30 -31 40 -33 56 -35 -36 59 -38 -39 55 61 49 -43 -44 44 -46 -47 -48 -49 -50 -51 -52 -53 -54 -55 -56 -57 60 -59 -60 -61 -62 -63
leaf_value=-350.66012513772034 -45.884892476434864 1168.8216437190592 -663.58943814013037 338.96328810413422 407.8328495065789 199.03414800626092 693.86173306002456 -111.25280367086859 393.6338476079053 1841.5289809484646 276.84111937267943 -484.20981329586795 683.81555905785888 93.554220698841817 186.96483889078041 375.3138912913285 792.73253674195519 921.78463876856449 20.198975164042828 -99.479598647363929 190.03219783368505 -311.20857685810813 -8.8747296182469331 242.31810030753149 256.39377467799824 770.64549883868233 -641.24092767589809 372.47584690066151 -266.24315376900336 -267.63028908101296 -103.73960488681135 381.18046316964285 1004.0931358292081 464.99447378615702 355.75149432699186 487.83324644183153 -462.09051916787786 384.07343250536735 496.33783338490076 -270.9676080686051 -56.557507837468926 1133.5672576407846 541.59043916305689 -189.22791487720127 31.006141383394279 83.657560249555232 156.48868995460305 446.54647173236509 78.441078960712133 52.420595096181955 -174.95993926034538 156.30523150504902 -565.45996635942424 501.93247776144801 411.05738435444073 685.1066897431931 737.48074218749991 -267.90613777364638 224.55362737996688 670.3545006961632 907.11225605339405 -150.19252028797544
leaf_weight=35 18 10.000000000000002 161 16.000000000000004 17 32 10.000000000000002 13.000000000000002 9.9999999999999982 17 9.9999999999999982 48 9.9999999999999982 17 17 18 10.000000000000002 9.9999999999999982 21 14.999999999999998 45 10.999999999999998 118 17 11.000000000000002 11.000000000000002 50 41 10.999999999999998 21 26 44 9.9999999999999982 11.999999999999998 12.999999999999998 10 30 12.999999999999998 10.000000000000002 14.999999999999998 23 23 9.9999999999999982 18 13.999999999999998 9.9999999999999982 10.999999999999998 24 22 50 104 13.999999999999998 95 9.9999999999999982 17 9.9999999999999982 13.000000000000002 56 14.999999999999998 10 14.999999999999998 22
leaf_count=35 18 10 161 16 17 32 10 13 10 17 10 48 10 17 17 18 10 10 21 15 45 11 118 17 11 11 50 41 11 21 26 44 10 12 13 10 30 13 10 15 23 23 10 18 14 10 11 24 22 50 104 14 95 10 17 10 13 56 15 10 15 22
internal_value=0.457967 301.471 -411.438 202.639 844.528 121.201 669.524 -164.144 562.643 1597.61 281.177 -581.713 877.196 27.8359 82.6014 150.382 748.195 1004.03 214.843 137.403 356.614 -218.367 6.12743 426.066 400.128 470.757 -615.039 298.998 -31.0101 -418.777 -62.4867 297.864 808.544 613.879 190.505 466.831 -570.019 234.11 509.61 -149.571 -14.0041 1098.7 670.481 -167.611 -93.079 -26.5137 265.474 397.591 150.14 18.0546 -188.252 74.9318 -592.015 600.872 351.425 593.661 879.258 -300.085 155.469 581.975 831.26 -199.754
internal_weight=1620 936 684 792 144 646 117 279 146 27 238 405 63 408 254 41 68 43 93 82 156 238 161 54 78 51 336 58 129 69 154 102 58 23 67 54 175 58 37 55 99 33 20 147 32 23 27 34 54 73 115 35 145 20 28 20 38 91 32 20 28 37
internal_count=1620 936 684 792 144 646 117 279 146 27 238 405 63 408 254 41 68 43 93 82 156 238 161 54 78 51 336 58 129 69 154 102 58 23 67 54 175 58 37 55 99 33 20 147 32 23 27 34 54 73 115 35 145 20 28 20 38 91 32 20 28 37
is_linear=0
shrinkage=0.03


Tree=20
num_leaves=63
num_cat=0
split_feature=21 21 25 17 5 21 21 21 16 21 6 2 2 6 27 4 10 2 6 22 22 27 22 6 6 10 9 11 6 24 27 19 6 9 6 9 4 11 6 11 4 14 21 21 11 21 7 22 6 14 27 24 21 21 21 2 7 24 19 3 2 2
split_gain=2.05252e+11 5.40408e+10 3.03636e+10 2.06852e+10 1.98897e+10 7.83556e+09 7.46432e+09 6.39261e+09 5.32785e+09 2.79499e+09 2.51773e+09 2.30025e+09 1.8768e+09 1.8188e+09 1.99975e+09 1.80452e+09 1.67616e+09 1.44683e+09 1.39963e+09 1.2949e+09 1.28887e+09 1.22901e+09 1.19377e+09 1.09923e+09 1.06677e+09 1.10506e+09 1.06591e+09 9.93471e+08 9.58612e+08 8.29377e+08 7.5559e+08 7.31352e+08 7.28636e+08 6.2394e+08 5.0525e+08 4.8148e+08 4.58821e+08 5.04765e+08 4.47847e+08 4.29821e+08 4.01613e+08 3.9498e+08 3.84682e+08 3.46773e+08 3.18467e+08 3.15869e+08 3.07426e+08 2.84468e+08 2.82287e+08 2.5161e+08 2.32405e+08 2.31972e+08 2.10821e+08 1.7632e+08 1.70502e+08 1.69721e+08 1.6587e+08 1.51229e+08 1.48824e+08 1.42907e+08 1.40222e+08 1.2747e+08
threshold=44665.812500000007 79102.900000000009 1.0000000180025095e-35 0.075411471307569006 1.0000000180025095e-35 60559.200000000012 102112.97500000002 95185.900000000023 -0.0027522199815387389 57181.287500000006 1.0000000180025095e-35 60701.875000000007 48941.750000000007 1.0000000180025095e-35 1.0000000180025095e-35 42210.000000000007 -0.78574730703237872 56840.000000000007 1.0000000180025095e-35 11124.983996477047 9635.9362825713306 1.0000000180025095e-35 9473.5867969385836 1.0000000180025095e-35 1.0000000180025095e-35 0.78574730703237883 -0.1799261722714405 0.84641379296280916 1.0000000180025095e-35 41358.375000000007 1.0000000180025095e-35 73675.900000000009 1.0000000180025095e-35 -0.1799261722714405 1.0000000180025095e-35 0.17992617227144045 53024.375000000007 0.94696969682476662 1.0000000180025095e-35 0.80898876386314755 38408.750000000007 0.18812092721608106 72962.250000000015 70679.66250000002 0.94696969682763654 53288.437500000007 1.0000000180025095e-35 9707.5184272712668 1.0000000180025095e-35 0.25440806039853125 1.0000000180025095e-35 55917.500000000007 88114.03750000002 54083.125000000007 71256.650000000023 57130.000000000007 -0.93301270189221919 47138.750000000007 46409.150000000001 49095.625000000007 48941.750000000007 52349.375000000007
decision_type=2 2 2 2 2 2 2 2 2 2 2 2 2 2 2 2 2 2 2 2 2 2 2 2 2 2 2 2 2 2 2 2 2 2 2 2 2 2 2 2 2 2 2 2 2 2 2 2 2 2 2 2 2 2 2 2 2 2 2 2 2 2
left_child=2 4 8 6 5 13 19 51 15 38 20 32 21 16 17 34 46 57 -8 36 31 -11 42 29 26 56 -21 -13 -14 -10 47 -7 -4 -18 -1 43 -3 -38 -6 -34 -25 -40 60 -24 -20 -35 58 -30 -29 54 -31 -5 -28 -48 -22 -33 -26 -15 -2 -41 -12 -51
right_child=1 3 11 7 9 10 18 -9 23 12 22 27 28 14 -16 -17 33 -19 44 24 49 -23 35 40 25 -27 52 48 30 50 -32 55 39 45 -36 -37 37 -39 41 59 -42 -43 -44 -45 -46 -47 53 -49 -50 61 -52 -53 -54 -55 -56 -57 -58 -59 -60 -61 -62 -63
leaf_value=-84.568261504477618 17.149719278635072 439.88333282672801 -653.96378775271205 871.85170529801303 213.40378936607797 125.20676259524274 643.00955347893648 1703.8518308246071 -361.9951102982111 228.37122118817254 256.81129699102718 -271.05790906217578 488.37962922908054 -35.868446096113566 357.34382593866599 510.48392773920943 -278.98329120075527 359.25429845861487 1064.0336427238806 -40.674544852983821 21.602219425659882 620.93220287566487 121.70105252337257 -151.03401871040768 244.70535236667948 655.27415136072023 236.52374198290372 -540.77890499122918 832.15019415222753 -224.30753969713612 1006.4556953770661 262.50763856630056 -460.37428255590174 -144.53051062569401 158.06818761725174 357.54130363424406 822.48693610767305 515.52234375 557.18113522973385 -613.2925116511318 20.98085691814023 333.73222180132342 569.93865524443072 257.97844452759927 838.89329141916323 -37.54564048479439 -60.201717795887205 604.43229845412236 -421.6375967121412 -122.76280814178719 -107.33127031020696 1095.0749466274754 436.08116230275374 61.65176002923954 177.07790314627164 439.05172909576112 390.33760770552379 35.743139699178094 144.20955582059173 -533.67482611692776 387.90565736199812 -2.4638227319098136
leaf_weight=14.000000000000002 11.999999999999998 14.999999999999998 152 15.000000000000002 19 36 18 19 42 15 9.9999999999999982 24 11.999999999999998 54 20 9.9999999999999982 21 10.999999999999998 20 10.000000000000002 11.000000000000002 14 36 34 10.999999999999995 14.999999999999998 10.000000000000002 48 10.000000000000002 113 11.999999999999998 11.000000000000002 34 59 17 19 10.000000000000002 10.999999999999998 9.9999999999999982 75 19 28 9.9999999999999982 32 11.999999999999998 43 26 13.999999999999998 33 11.999999999999998 18 9.9999999999999982 9.9999999999999982 18 9.9999999999999982 9.9999999999999982 24.000000000000004 52 27 39 41 23
leaf_count=14 12 15 152 15 19 36 18 19 42 15 10 24 12 54 20 10 21 11 20 10 11 14 36 34 11 15 10 48 10 113 12 11 34 59 17 19 10 11 10 75 19 28 10 32 12 43 26 14 33 12 18 10 10 18 10 10 24 52 27 39 41 23
internal_value=0.46738 284.763 -400.575 709.268 163.889 90.4935 555.378 1287.27 -152.134 494.405 214.329 -564.285 612.429 -3.77214 80.905 162.201 -60.0985 33.3856 861.8 422.672 107.557 419.366 295.724 -209.206 354.563 439.481 212.043 -442.437 727.957 -245.823 806.242 207.85 -606.77 -130.354 48.5708 223.921 572.622 664.901 334.176 -557.891 -89.4449 393.843 397.596 186.116 982.482 -99.51 44.046 702.374 -492.82 5.28395 -208.329 965.148 337.976 -10.3257 87.146 348.259 345.395 -0.737628 105.258 -586.547 362.754 -43.9415
internal_weight=1620 948 672 210 738 604 166 44 267 134 261 405 77 343 137 41 206 117 50 116 113 29 148 226 80 50 30 105 48 173 36 57 300 123 31 87 36 21 57 148 53 38 61 68 32 102 83 24 81 56 131 25 20 44 21 21 35 106 39 114 51 35
internal_count=1620 948 672 210 738 604 166 44 267 134 261 405 77 343 137 41 206 117 50 116 113 29 148 226 80 50 30 105 48 173 36 57 300 123 31 87 36 21 57 148 53 38 61 68 32 102 83 24 81 56 131 25 20 44 21 21 35 106 39 114 51 35
is_linear=0
shrinkage=0.03


Tree=21
num_leaves=63
num_cat=0
split_feature=18 23 25 17 14 21 21 16 21 18 6 2 17 23 6 14 18 12 12 8 6 24 8 17 18 2 12 24 14 7 18 6 16 6 2 16 18 27 16 24 20 23 6 18 21 6 18 20 2 16 16 21 18 3 24 2 2 23 18 24 24 20
split_gain=1.97802e+11 4.97687e+10 2.82887e+10 2.28538e+10 1.99322e+10 9.47645e+09 5.33956e+09 4.76741e+09 4.26818e+09 2.65741e+09 2.56045e+09 2.16395e+09 2.02564e+09 2.00649e+09 2.5252e+09 1.71979e+09 1.41395e+09 1.34349e+09 1.22016e+09 1.21858e+09 1.17373e+09 1.17533e+09 1.02574e+09 9.37185e+08 9.35249e+08 9.04075e+08 8.86572e+08 7.13156e+08 6.89848e+08 6.73607e+08 6.69558e+08 6.38283e+08 5.35477e+08 5.05885e+08 5.02826e+08 4.40976e+08 4.92867e+08 4.34133e+08 4.00206e+08 3.47474e+08 3.42707e+08 3.42662e+08 3.1584e+08 2.58193e+08 2.41539e+08 2.39916e+08 2.14626e+08 2.00865e+08 3.25468e+08 1.91507e+08 2.11443e+08 1.57186e+08 1.43389e+08 1.30483e+08 1.17519e+08 1.09823e+08 1.02238e+08 9.02549e+07 8.59332e+07 8.45118e+07 7.23888e+07 6.94316e+07
threshold=43515.05000000001 82097.876923076925 1.0000000180025095e-35 0.041245326282528236 0.24296675187449793 65651.60000000002 95185.900000000023 -1.0000000180025095e-35 61444.850000000006 104210.00000000001 1.0000000180025095e-35 60701.875000000007 0.07545679011077143 51540.996153846158 1.0000000180025095e-35 0.2798053527463355 59514.000000000007 0.97168539304328594 1.1814593759708412 0.93301270189221952 1.0000000180025095e-35 41009.805000000008 0.93301270189221952 0.075365239281317054 34717.450000000004 48941.750000000007 1.2022471907383376 44240.945000000007 0.17388612090385749 -0.24999999999999997 64146.500000000007 1.0000000180025095e-35 0.05017507414820211 1.0000000180025095e-35 51890.625000000007 0.0050505372572776661 66358.60000000002 1.0000000180025095e-35 0.0037543201186628354 42768.42500000001 34107.200000000004 104778.66923076924 1.0000000180025095e-35 57016.650000000001 69519.050000000017 1.0000000180025095e-35 38172.30000000001 66693.750000000015 61250.000000000007 0.0050251573518178558 0.0049140049140049555 30881.712500000005 40574.200000000004 49095.625000000007 49557.325000000004 48941.750000000007 46790.875000000007 66561.61923076924 77461.900000000009 52010.125000000007 38478.575000000004 48393.850000000006
decision_type=2 2 2 2 2 2 2 2 2 2 2 2 2 2 2 2 2 2 2 2 2 2 2 2 2 2 2 2 2 2 2 2 2 2 2 2 2 2 2 2 2 2 2 2 2 2 2 2 2 2 2 2 2 2 2 2 2 2 2 2 2 2
left_child=2 3 7 5 9 13 19 20 17 -3 22 28 -11 31 26 33 -10 -5 27 58 46 -22 35 45 51 56 29 -16 53 -15 -27 38 -32 -8 57 36 -7 39 -2 -19 -33 -35 60 -41 -37 -13 -1 48 -36 50 52 -9 -26 -4 -42 -44 -12 -18 -6 -20 -30 -40
right_child=1 4 11 8 6 10 15 24 16 12 25 23 -14 14 18 -17 34 37 59 -21 21 -23 -24 -25 49 30 -28 -29 42 -31 32 40 -34 41 47 44 -38 -39 61 43 54 -43 55 -45 -46 -47 -48 -49 -50 -51 -52 -53 -54 -55 -56 -57 -58 -59 -60 -61 -62 -63
leaf_value=-107.46811054404454 -37.948079093463051 1042.162112699468 -524.02505796819389 668.94406621255177 382.26588130482452 179.794591941395 712.45825796771521 -383.82973975579466 368.27546826655322 1228.7788876856432 120.8312420290511 -518.41721007204342 1822.1618799867022 146.93092386691367 169.10647721877552 456.66280390463584 549.5957435411508 137.50583338713841 18.9976905945692 90.00880579924781 29.957861603085348 462.16534558012279 -95.435519562778097 -253.27489805748016 -190.37163303285877 161.96626045518246 -252.76861697635135 350.65646820847229 -676.37278253424654 -8.0593709320016682 433.76731415208843 -98.245667809014293 292.69035147965451 789.89188791322306 986.48257064494646 -26.118526235146085 428.32858988242577 465.80901496533528 -260.0728156309637 276.56920113160442 -8.3620020762645151 985.08502244546162 -607.16243427208087 456.53419689820544 152.64886398821642 -409.02667986452036 76.606733374265175 706.20680752840917 748.10499483471085 -259.35357850807145 -39.233141707791631 -272.82360209953197 -121.93026665141024 -412.89289962369111 71.752587019015934 -544.31124673355225 242.69231841216214 704.21421024133656 484.48128002565295 118.65071554514988 -619.08042006597611 -169.25197909531431
leaf_weight=13.000000000000002 21 13.999999999999998 28 11.999999999999998 17 26 14.999999999999998 14.999999999999998 9.9999999999999982 10.000000000000002 15.000000000000002 50 13.999999999999998 32 17 11.999999999999998 10.000000000000002 11.999999999999998 21 11.999999999999998 10.000000000000002 12.999999999999998 14.999999999999998 22 81 12.999999999999998 10.999999999999998 43 51 118 81 30 36 12.000000000000002 14.000000000000002 10.000000000000002 9.9999999999999982 14.999999999999998 12.999999999999998 29 42 18 50 9.9999999999999982 21 33 9.9999999999999982 11.999999999999998 11.999999999999998 18 12.999999999999998 63 43 19 27 64 10.999999999999998 9.9999999999999982 20 11.999999999999998 88 21
leaf_count=13 21 14 28 12 17 26 15 15 10 10 15 50 14 32 17 12 10 12 21 12 10 13 15 22 81 13 11 43 51 118 81 30 36 12 14 10 10 15 13 29 42 18 50 10 21 33 10 12 12 18 13 63 43 19 27 64 11 10 20 12 88 21
internal_value=0.4764 283.845 -387.276 190.511 796.69 113.858 584.405 -154.75 529.367 1385.76 264.257 -547.382 1581.04 26.0814 77.8727 781.812 703.225 377.093 202.24 353.644 124.14 275.192 128.316 -429.199 -209.84 335.585 5.95241 282.729 -588.589 25.0811 367.92 -59.3357 390.646 867.313 760.242 178.478 249.827 323.097 -141.178 280.293 -13.7713 942.117 -608.551 323.764 95.0833 -475.469 -27.4503 826.944 879.75 -167.006 -154.692 -294.635 -166.755 -480.071 23.0456 -568.98 173.12 630.024 438.674 55.4842 -640.573 -204.639
internal_weight=1620 936 684 792 144 646 106 279 146 38 238 405 24 408 254 57 68 78 93 49 46 23 82 105 233 156 161 60 300 150 130 154 117 45 58 67 36 66 55 51 99 30 253 39 31 83 23 38 26 155 137 78 124 47 69 114 26 20 37 33 139 34
internal_count=1620 936 684 792 144 646 106 279 146 38 238 405 24 408 254 57 68 78 93 49 46 23 82 105 233 156 161 60 300 150 130 154 117 45 58 67 36 66 55 51 99 30 253 39 31 83 23 38 26 155 137 78 124 47 69 114 26 20 37 33 139 34
is_linear=0
shrinkage=0.03


Tree=22
num_leaves=63
num_cat=0
split_feature=18 23 21 5 14 21 21 16 21 18 6 18 17 23 6 14 18 13 22 6 4 13 14 16 18 18 24 18 7 2 6 20 17 6 18 2 7 21 16 16 20 7 20 2 16 13 23 7 20 2 18 18 18 24 4 18 23 4 16 16 16 14
split_gain=1.86145e+11 4.68873e+10 2.66259e+10 2.15205e+10 1.87511e+10 8.92396e+09 5.03871e+09 4.40399e+09 4.01852e+09 2.50189e+09 2.40914e+09 2.34792e+09 1.90597e+09 1.88497e+09 2.3684e+09 1.62393e+09 1.33095e+09 9.97124e+08 9.50169e+08 8.64194e+08 1.02985e+09 8.34616e+08 7.11334e+08 6.8067e+08 6.6127e+08 6.60842e+08 6.58104e+08 6.54131e+08 6.33914e+08 6.25599e+08 6.00797e+08 5.74687e+08 5.68047e+08 5.59765e+08 4.8483e+08 4.73106e+08 4.60242e+08 4.01508e+08 4.01446e+08 3.76705e+08 3.39286e+08 6.55875e+08 3.23814e+08 2.8357e+08 2.75696e+08 2.68104e+08 2.4328e+08 1.90468e+08 1.89034e+08 3.06277e+08 1.64883e+08 1.57836e+08 1.49743e+08 1.4881e+08 1.40792e+08 1.39372e+08 1.32518e+08 1.2877e+08 1.27101e+08 1.11097e+08 1.07165e+08 9.95131e+07
threshold=43515.05000000001 82097.876923076925 30881.712500000005 1.0000000180025095e-35 0.24296675187449793 65651.60000000002 95185.900000000023 -1.0000000180025095e-35 61444.850000000006 104210.00000000001 1.0000000180025095e-35 21334.200000000001 0.07545679011077143 51540.996153846158 1.0000000180025095e-35 0.2798053527463355 59514.000000000007 1.1261261259281683 8337.4081549669172 1.0000000180025095e-35 38408.750000000007 1.1382978720957866 0.17388612090385749 0.0037543201186628354 11812.000000000002 65548.650000000009 44240.945000000007 37061.05000000001 -0.24999999999999997 61875.000000000007 1.0000000180025095e-35 48746.700000000004 0.0010234886395476695 1.0000000180025095e-35 98091.500000000015 51890.625000000007 0.68301270189221941 72962.250000000015 -0.075365239294710326 0.0037543201186628354 38774.200000000004 -0.6830127018922193 33685.500000000007 51890.625000000007 0.0050505372572776661 0.99859296457813607 101415.65000000001 -0.93301270189221919 66693.750000000015 61250.000000000007 54543.700000000004 58272.100000000013 38172.30000000001 52010.125000000007 51979.375000000007 75155.450000000026 17719.903846153851 42630.000000000007 -1.0000000180025095e-35 0.05017507414820211 0.0049140049140049555 0.20184295528345614
decision_type=2 2 2 2 2 2 2 2 2 2 2 2 2 2 2 2 2 2 2 2 2 2 2 2 2 2 2 2 2 2 2 2 2 2 2 2 2 2 2 2 2 2 2 2 2 2 2 2 2 2 2 2 2 2 2 2 2 2 2 2 2 2
left_child=2 3 11 5 9 13 29 19 22 -3 23 24 -11 30 21 34 -10 26 37 52 -21 28 -5 25 61 51 -16 -9 -15 33 39 -20 59 -6 -8 45 -25 47 -26 -2 -24 -42 -32 -33 60 -18 -36 -12 49 -37 -43 -7 -4 -19 -39 -38 -40 -44 -34 -13 -29 -1
right_child=1 4 7 8 6 10 15 27 16 12 18 32 -14 14 17 -17 35 53 31 20 -22 -23 40 36 38 -27 -28 44 -30 -31 42 43 58 -35 46 48 55 54 56 -41 41 50 57 -45 -46 -47 -48 -49 -50 -51 -52 -53 -54 -55 -56 -57 -58 -59 -60 -61 -62 -63
leaf_value=-545.24534471489039 -36.815030930143962 1011.1189985039894 -85.313044775885473 602.77530812480654 120.22240191529127 44.427216600150111 654.59055796030407 -255.22041920969659 357.3365952776918 1192.2804753248759 248.0397415493502 -394.69250926224225 1767.8847273936171 142.53672677013358 170.61514835001094 443.07613176330062 725.69888497834131 18.430460393462699 151.61139796183116 27.020376937412969 431.58307158724955 -245.25387484163849 216.40560932644161 -102.4440476730022 -409.78266612787354 385.78829936486164 341.02099794708033 -147.09984248417601 -7.8177942177241988 457.28691101866877 -104.05788084709779 218.43023935616296 -188.59792817423161 402.44985114020261 753.35717415686884 957.09799617686144 40.356243246529843 445.49434940149268 -560.10163482114012 -198.53714207266083 466.47859297132055 230.92743136292944 -9.7312973724730032 350.57136582238837 -277.8977863198138 490.8691887762995 955.88590179787832 409.05879769352958 685.19569408574387 725.84731630940087 382.17676148669557 186.82966625548244 74.33128842193301 144.53498341661816 620.84958984374998 179.4085190308549 -493.5192181279856 74.106928010271844 -323.0034049048013 -493.35037572200832 -54.975350220658399 -623.28503522343362
leaf_weight=25 21 13.999999999999998 11.000000000000002 9.9999999999999982 15 12.000000000000002 10.999999999999998 100 9.9999999999999982 10.000000000000002 9.9999999999999982 29 13.999999999999998 32 17 11.999999999999998 10.000000000000002 21 27 10.000000000000002 12.999999999999998 10.999999999999998 18 13.999999999999998 26 12.999999999999998 41 100 118 23 26 21 12.000000000000002 11 9.9999999999999982 14.000000000000002 13.000000000000002 10.000000000000002 116 34 19 21.000000000000004 48 54 13.999999999999998 9.9999999999999982 24 24 11.999999999999998 11.999999999999998 9.9999999999999982 17 9.9999999999999982 13.999999999999998 9.9999999999999982 12.999999999999998 47 25 14.999999999999998 21 12.999999999999998 122
leaf_count=25 21 14 11 10 15 12 11 100 10 10 10 29 14 32 17 12 10 21 27 10 13 11 18 14 26 13 41 100 118 23 26 21 12 11 10 14 13 10 116 34 19 21 48 54 14 10 24 24 12 12 10 17 10 14 10 13 47 25 15 21 13 122
internal_value=0.48818 275.379 -375.664 184.788 773.158 110.404 567.258 -144.524 513.611 1344.51 256.353 -527.26 1533.99 25.2248 75.4234 759.022 682.308 195.867 325.542 129.941 256.565 5.77172 365.857 124.49 -561.609 208.698 272.09 -197.758 24.3314 343.093 -57.5654 271.141 -376.844 240.711 842.105 737.626 35.772 427.608 -523.363 -136.968 330.182 370.628 -13.3593 313.912 -152.346 611.31 900.673 362.567 802.328 853.557 280.79 128.26 -9.2998 69.1404 535.825 110.304 -541.217 19.0425 -264.184 -437.031 -136.559 -610.393
internal_weight=1620 936 684 792 144 646 106 271 146 38 238 413 24 408 254 57 68 93 156 44 23 161 78 82 336 42 58 227 150 49 154 102 77 26 45 58 40 54 189 55 68 50 99 75 127 20 34 34 38 26 31 29 21 35 20 26 163 73 27 50 113 147
internal_count=1620 936 684 792 144 646 106 271 146 38 238 413 24 408 254 57 68 93 156 44 23 161 78 82 336 42 58 227 150 49 154 102 77 26 45 58 40 54 189 55 68 50 99 75 127 20 34 34 38 26 31 29 21 35 20 26 163 73 27 50 113 147
is_linear=0
shrinkage=0.03


Tree=23
num_leaves=63
num_cat=0
split_feature=18 23 25 5 14 21 21 16 21 18 8 18 23 17 8 18 18 16 8 18 18 11 2 18 23 18 24 16 18 20 18 13 18 2 13 18 14 24 2 13 20 21 8 14 23 16 16 20 2 21 18 22 21 14 2 18 16 20 18 8 23 22
split_gain=1.75182e+11 4.41391e+10 2.50883e+10 2.02845e+10 1.76516e+10 8.40559e+09 4.74382e+09 4.23417e+09 3.77467e+09 2.35548e+09 2.06255e+09 1.92952e+09 1.79688e+09 1.79337e+09 1.56131e+09 1.25282e+09 1.16586e+09 1.35441e+09 1.09551e+09 1.00877e+09 9.8419e+08 9.0066e+08 8.68519e+08 8.38865e+08 6.9304e+08 7.93498e+08 6.52641e+08 5.88762e+08 6.03378e+08 5.34467e+08 5.17709e+08 4.69855e+08 4.6332e+08 4.45143e+08 3.99602e+08 3.07404e+08 2.95248e+08 2.70457e+08 2.54804e+08 2.52413e+08 2.49663e+08 2.22751e+08 2.08589e+08 2.08339e+08 4.22759e+08 1.78289e+08 1.99933e+08 1.77901e+08 2.89641e+08 1.52442e+08 1.49593e+08 1.35229e+08 1.16349e+08 1.03223e+08 1.01399e+08 7.90518e+07 6.639e+07 6.35472e+07 5.15761e+07 5.04339e+07 4.79974e+07 4.66904e+07
threshold=43515.05000000001 82097.876923076925 1.0000000180025095e-35 1.0000000180025095e-35 0.24296675187449793 65651.60000000002 95185.900000000023 -1.0000000180025095e-35 61444.850000000006 104210.00000000001 0.93301270189221952 15778.800000000001 56950.515384615392 0.07545679011077143 0.6830127018922193 59514.000000000007 63299.650000000001 0.0050505372572776661 0.93301270189221952 77771.35000000002 55375.350000000013 0.80898876386314755 49988.125000000007 33738.850000000006 47531.580769230779 55728.200000000004 44408.92500000001 0.0051282388444369173 62843.05000000001 103240.45000000001 96709.700000000012 0.99859296457813607 50493.250000000007 51890.625000000007 1.1262135920098633 40304.150000000009 0.20184295528345614 37717.80000000001 62812.500000000007 0.99859296457813607 63778.750000000007 19081.250000000004 -0.24999999999999997 0.24189526180302526 68080.376923076939 0.0050251573518178558 0.0049140049140049555 66693.750000000015 60701.875000000007 10946.112500000001 40574.200000000004 13938.059630936486 30881.712500000005 0.19526098129531513 51256.875000000007 77461.900000000009 0.0049140049140049555 44100.350000000006 37061.05000000001 0.93301270189221952 16901.850000000002 6576.1906674137563
decision_type=2 2 2 2 2 2 2 2 2 2 2 2 2 2 2 2 2 2 2 2 2 2 2 2 2 2 2 2 2 2 2 2 2 2 2 2 2 2 2 2 2 2 2 2 2 2 2 2 2 2 2 2 2 2 2 2 2 2 2 2 2 2
left_child=2 3 7 5 9 12 18 22 24 -3 16 36 26 -11 29 -10 -7 19 55 -18 43 38 35 52 42 40 37 28 -22 -8 -19 -27 57 39 -34 53 54 -2 60 -17 -26 -23 -5 44 -14 46 50 48 -35 -38 58 -39 -9 -1 -4 -6 -54 -28 -25 -45 -13 -43
right_child=1 4 11 8 6 10 14 23 15 13 -12 21 20 -15 -16 33 17 30 -20 -21 27 41 -24 45 25 31 32 -29 -30 -31 -32 -33 34 47 -36 -37 49 51 -40 -41 -42 61 -44 59 -46 -47 -48 -49 -50 -51 -52 -53 56 -55 -56 -57 -58 -59 -60 -61 -62 -63
leaf_value=34.754753821506959 -240.5400519221844 981.00054355053192 -527.44441510509341 300.08655516061714 359.57784505208326 122.18207504662709 925.67501976469123 -361.19845677255796 346.72263696047338 1156.8662097772274 -91.289228762190874 -393.06820801526391 37.945601671079494 1715.2243051861703 479.94389041118734 704.14346263923244 320.688036134002 153.94133983784477 82.918297119140618 539.66270496140442 140.35952278712128 -529.51856608425976 348.647297684953 -213.92181896174063 401.38844872007968 695.12825591216188 -10.909482423346908 -10.034952249729885 321.85455581969001 688.74717209336177 322.36337890118483 415.34698217975205 168.68807452585901 937.04228351622123 16.798120387880143 158.99444996142202 -623.30487440664558 -92.200851580631763 -223.9030393754316 476.28891727258662 219.06416348071809 -455.05825755029048 128.67435164168074 6.1047692192058118 249.98399237755501 -247.00115681753104 -40.618403086560846 664.80970331869844 712.9232338382634 -562.42920216100492 -113.87809014623512 17.26654324192646 -279.73130088754255 -95.193890338557779 -416.5938738364361 457.28110803404849 -189.65395875232056 -67.002418899795629 -164.55695336000167 -60.08678637240795 -313.2438063698948 -393.06820801526391
leaf_weight=12.000000000000002 9.9999999999999982 13.999999999999998 28 16.000000000000004 17 39 25 14.999999999999998 9.9999999999999982 10.000000000000002 14.999999999999998 13.000000000000002 20.000000000000004 13.999999999999998 15.999999999999998 10.000000000000002 82 53 11.999999999999998 25 49 46 10.999999999999998 32 14.000000000000002 11.000000000000002 31 13.999999999999998 25 15.999999999999998 24 11.999999999999998 22 13.000000000000002 53 12.999999999999998 71 65 18 9.9999999999999982 13.999999999999998 58 10.999999999999998 39 9.9999999999999982 19 13.999999999999998 11.999999999999998 12.999999999999998 132 43 11.999999999999998 44 9.9999999999999982 13.999999999999998 20 9.9999999999999982 44 56 13.999999999999998 9.9999999999999982 14.999999999999998
leaf_count=12 10 14 28 16 17 39 25 15 10 10 15 13 20 14 16 10 82 53 12 25 49 46 11 32 14 11 31 14 25 16 24 12 22 13 53 13 71 65 18 10 14 58 11 39 10 19 14 12 13 132 43 12 44 10 14 20 10 44 56 14 10 15
internal_value=0.4947 267.168 -364.413 179.272 750.138 107.056 550.366 -145.435 498.513 1304.49 248.703 -515.191 24.3875 1488.34 736.434 662.012 271.603 303.19 332.86 372.306 98.4772 -433.447 117.395 -197.353 355.31 420.548 -29.0886 168.317 202.027 835.116 206.787 551.586 8.83339 715.682 61.5178 43.9288 -568.376 -94.4065 -310.692 593.153 311.33 -475.444 230.985 24.317 87.3512 -160.251 -148.721 778.445 828.144 -584.017 -160.234 -75.1407 -285.177 -24.4761 -491.572 413.481 -263.432 -43.8628 -182.73 -11.46 -377.351 -440.692
internal_weight=1620 936 684 792 144 646 106 279 146 38 238 405 408 24 57 68 223 184 49 107 171 160 46 233 78 51 237 88 74 41 77 23 150 58 75 35 245 87 41 20 28 119 27 83 30 164 145 38 26 203 131 77 69 22 42 37 54 75 88 53 23 73
internal_count=1620 936 684 792 144 646 106 279 146 38 238 405 408 24 57 68 223 184 49 107 171 160 46 233 78 51 237 88 74 41 77 23 150 58 75 35 245 87 41 20 28 119 27 83 30 164 145 38 26 203 131 77 69 22 42 37 54 75 88 53 23 73
is_linear=0
shrinkage=0.03


Tree=24
num_leaves=63
num_cat=0
split_feature=18 21 21 14 14 18 16 18 16 16 18 18 16 6 10 18 23 21 18 23 6 16 2 17 16 18 18 14 16 9 21 16 16 7 16 18 18 3 6 18 1 23 16 18 18 16 18 16 11 8 19 7 11 23 18 19 6 7 14 1 18 21
split_gain=1.64883e+11 3.95053e+10 2.81171e+10 2.07321e+10 1.05529e+10 9.24331e+09 4.86522e+09 4.66512e+09 2.99134e+09 2.73908e+09 2.41393e+09 2.08457e+09 1.63027e+09 1.58646e+09 1.48706e+09 1.4041e+09 1.24396e+09 9.68464e+08 8.91282e+08 8.13416e+08 8.05532e+08 6.18212e+08 6.02173e+08 5.01281e+08 3.95891e+08 4.04091e+08 3.74223e+08 3.66573e+08 3.65305e+08 3.62707e+08 3.54866e+08 3.01649e+08 2.88028e+08 2.76351e+08 2.55895e+08 3.70475e+08 2.33814e+08 2.05052e+08 2.00468e+08 1.74249e+08 1.43316e+08 1.25646e+08 1.12721e+08 1.11992e+08 1.04429e+08 1.02372e+08 9.32039e+07 1.18036e+08 8.25549e+07 7.32447e+07 5.95727e+07 5.02906e+07 3.90865e+07 3.69942e+07 3.58311e+07 3.44501e+07 2.99581e+07 3.82398e+07 2.78287e+07 2.24369e+07 2.06083e+07 2.05769e+07
threshold=46176.650000000009 95185.900000000023 30881.712500000005 0.21717973125094933 0.21717973125094933 69246.750000000015 -0.040941482945758438 68157.550000000017 0.0050505372572776661 0.05017507414820211 56701.80000000001 21334.200000000001 -1.0000000180025095e-35 1.0000000180025095e-35 0.91023613416931248 96709.700000000012 82097.876923076925 57903.36250000001 37631.55000000001 90862.826923076937 1.0000000180025095e-35 0.0037543201186628354 51256.875000000007 0.0010234886395476695 0.05017507414820211 73724.550000000017 50188.150000000009 0.20204603575485572 0.0049751551641986644 0.61559370248597556 43035.075000000004 0.0050505372572776661 0.086956521739130502 -0.24999999999999997 -1.0000000180025095e-35 94202.10000000002 58054.450000000004 60070.625000000007 1.0000000180025095e-35 72035.650000000009 35115.000000000007 112049.05384615385 -1.0000000180025095e-35 33738.850000000006 14255.250000000002 0.05017507414820211 42053.400000000009 0.0049140049140049555 0.80898876386314755 -0.5 48013.30000000001 1.0000000180025095e-35 0.97465346515731721 51882.29615384616 30133.000000000004 13675.800000000001 1.0000000180025095e-35 -0.93301270189221919 0.2133517592883212 32868.000000000007 45231.650000000001 19081.250000000004
decision_type=2 2 2 2 2 2 2 2 2 2 2 2 2 2 2 2 2 2 2 2 2 2 2 2 2 2 2 2 2 2 2 2 2 2 2 2 2 2 2 2 2 2 2 2 2 2 2 2 2 2 2 2 2 2 2 2 2 2 2 2 2 2
left_child=2 3 11 7 -3 9 14 17 37 10 12 22 52 29 30 24 34 -2 43 -15 21 -12 38 45 -10 -26 -14 55 -22 -6 51 46 -17 40 39 -36 59 -7 58 -9 -19 -21 -25 54 -29 -13 47 53 -40 -38 -51 -4 -5 -20 -8 -24 60 -58 -1 -11 -48 -46
right_child=1 4 6 5 13 8 18 16 15 36 20 23 26 19 -16 32 -18 33 31 41 28 -23 27 42 25 -27 -28 44 -30 -31 -32 -33 -34 -35 35 -37 49 -39 48 -41 -42 -43 -44 -45 61 -47 56 -49 -50 50 -52 -53 -54 -55 -56 -57 57 -59 -60 -61 -62 -63
leaf_value=-567.63414862204729 367.96073874858837 1560.9709765624998 39.355415709844891 311.25839464424058 403.87396401271337 367.96073874858837 -314.14042145532028 697.17374767945512 238.80633335849691 -245.4419883682703 164.95586139393328 -370.54370227931702 -30.625445843127686 588.42021773234455 488.34000292787454 367.96073874858837 1104.8414050897279 520.25961507967179 -158.00955610631354 855.91898278421945 228.39794490473716 -39.745878293890705 -425.89414679276314 -177.48387414853428 -80.308697744992159 113.39588456381119 48.368321192908986 -547.25678617457993 367.96073874858837 641.22342169608783 184.6036650519971 -240.42616852986873 221.79825349997017 426.87255033769679 510.47262352195929 776.49202293471535 -29.284405465633313 218.28744976480499 -451.29718791555848 906.58116762066834 701.84359703743814 1024.0304888613862 -304.05410466680462 -201.19774665512725 -503.9028218207701 -464.94431177799174 -109.63738062883751 -35.367850233021343 -545.35945495319811 -64.099579087059084 -166.08539603568414 -55.322711909832343 227.47837301459194 -104.57765888853842 -250.33045007401972 -349.9201571554222 -90.694483420632082 -11.283063336362931 -619.09313326968584 -175.57936073831993 -61.373882825696796 -458.00324402377134
leaf_weight=38 29 17 10.000000000000002 12.000000000000002 12.000000000000002 121 11.999999999999998 10.000000000000002 17 10.000000000000002 60 29 104 9.9999999999999982 9.9999999999999982 17.000000000000004 9.9999999999999982 10.000000000000002 54 22 66 17 17 12.000000000000002 11.999999999999998 49 112 49 10.999999999999998 12.999999999999998 14.999999999999998 18 12.999999999999998 12.999999999999998 11.000000000000002 9.9999999999999982 13.999999999999998 12.999999999999998 13.999999999999998 9.9999999999999982 9.9999999999999982 9.9999999999999982 14.999999999999998 50 46 21 34 9.9999999999999982 64 10.000000000000002 10.999999999999998 9.9999999999999982 11.999999999999998 15.999999999999998 47 14.999999999999998 12 10 58 9.9999999999999982 10.999999999999998 35
leaf_count=38 29 17 10 12 12 121 12 10 17 10 60 29 104 10 10 17 10 10 54 22 66 17 17 12 12 49 112 49 11 13 15 18 13 13 11 10 14 13 14 10 10 10 15 50 46 21 34 10 64 10 11 10 12 16 47 15 12 10 58 10 11 35
internal_value=0.479988 275.256 -332.847 210.513 893.949 148.86 -121.233 587.062 298.278 68.2787 95.9659 -496.228 36.4544 722.63 167.594 178.475 799.719 411.128 -168.712 836.142 188.627 119.769 -528.592 -354.5 111.134 75.2209 10.3377 -485.766 257.241 529.359 74.8218 -124.605 352.609 541.851 722.792 640.228 -129.876 367.961 -568.162 805.867 614.092 911.48 -248.663 -235.304 -508.656 -411.041 -110.269 -132.2 -529.076 -82.7313 -118.055 -8.02322 270.486 -145.963 -263.818 -391.482 -83.9233 -54.8129 -599.336 -211.558 -98.0019 -484.659
internal_weight=1620 888 732 804 84 691 319 113 242 449 394 413 240 67 45 108 51 62 274 42 154 77 336 77 78 61 216 162 77 25 35 165 30 33 41 21 55 134 174 20 20 32 27 109 130 50 147 80 78 35 21 20 24 70 59 32 67 22 96 20 45 81
internal_count=1620 888 732 804 84 691 319 113 242 449 394 413 240 67 45 108 51 62 274 42 154 77 336 77 78 61 216 162 77 25 35 165 30 33 41 21 55 134 174 20 20 32 27 109 130 50 147 80 78 35 21 20 24 70 59 32 67 22 96 20 45 81
is_linear=0
shrinkage=0.03


Tree=25
num_leaves=63
num_cat=0
split_feature=21 23 25 5 12 21 8 5 21 21 8 1 1 8 23 2 23 9 12 8 7 14 2 23 14 7 23 1 14 8 7 22 14 7 8 23 9 7 23 13 7 14 2 7 24 7 24 17 8 23 23 14 22 1 14 16 23 21 8 7 13 7
split_gain=1.51744e+11 4.03723e+10 2.24118e+10 1.74295e+10 1.54415e+10 7.25984e+09 4.49672e+09 4.0513e+09 3.91275e+09 2.91734e+09 1.98549e+09 1.70668e+09 1.69285e+09 1.45747e+09 1.26022e+09 1.05071e+09 9.15124e+08 9.18209e+08 8.87658e+08 7.53341e+08 7.96514e+08 7.43375e+08 7.40814e+08 6.95423e+08 6.54764e+08 6.47189e+08 5.89302e+08 5.61249e+08 5.40363e+08 5.13744e+08 4.40144e+08 4.37582e+08 4.79014e+08 4.6591e+08 4.23826e+08 4.09242e+08 3.67825e+08 3.56244e+08 3.23611e+08 3.19374e+08 2.54495e+08 2.35828e+08 2.26641e+08 2.26002e+08 2.16377e+08 1.87543e+08 1.66761e+08 1.60449e+08 2.37035e+08 1.37863e+08 1.34977e+08 1.18628e+08 1.04732e+08 1.02758e+08 9.85283e+07 9.71658e+07 9.18542e+07 9.10444e+07 9.09584e+07 7.46373e+07 1.08318e+08 6.13242e+07
threshold=44665.812500000007 80540.469230769246 1.0000000180025095e-35 1.0000000180025095e-35 1.0297193875575261 61770.23750000001 0.93301270189221952 1.0000000180025095e-35 61444.850000000006 95185.900000000023 0.93301270189221952 41020.000000000007 35620.000000000007 0.93301270189221952 95195.73461538463 47258.250000000007 51227.934615384627 0.35460488704253579 0.97168539304328594 1.0000000180025095e-35 1.0000000180025095e-35 0.20204603576131075 53831.875000000007 65469.053846153845 0.25440806040471847 0.93301270189221952 93751.403846153858 30945.000000000004 0.17388612090385749 -0.68301270189221952 -0.6830127018922193 24737.018531749356 0.2506329113478229 -0.6830127018922193 0.93301270189221952 61188.596153846163 -0.91023613416931226 -0.5 43869.192307692319 1.00363636337953 -0.5 0.19526098129531513 45253.125000000007 1.0000000180025095e-35 39701.55000000001 1.0000000180025095e-35 45253.125000000007 0.079999999984114015 1.0000000180025095e-35 59876.080769230779 50046.838461538471 0.23341523337310963 12397.728458434989 34707.000000000007 0.27088607589096414 1.0000000180025095e-35 40678.834615384621 50027.287500000013 0.6830127018922193 -0.5 0.89599999985519108 -0.6830127018922193
decision_type=2 2 2 2 2 2 2 2 2 2 2 2 2 2 2 2 2 2 2 2 2 2 2 2 2 2 2 2 2 2 2 2 2 2 2 2 2 2 2 2 2 2 2 2 2 2 2 2 2 2 2 2 2 2 2 2 2 2 2 2 2 2
left_child=2 3 7 5 14 13 9 27 18 24 15 28 40 16 -3 42 46 23 -5 20 -17 61 39 -18 -6 -19 -8 37 53 45 38 32 -11 -34 55 -15 -21 -1 -20 -10 -9 57 -7 -26 -30 56 52 -24 -49 -44 -47 -39 -2 -4 -48 58 -29 -32 -31 -23 -61 -13
right_child=1 4 11 8 6 10 26 12 22 31 -12 21 -14 35 -16 19 17 25 30 36 -22 59 47 -25 43 -27 -28 29 44 34 41 -33 33 -35 -36 -37 -38 51 -40 -41 -42 -43 49 -45 -46 50 54 48 -50 -51 -52 -53 -54 -55 -56 -57 -58 -59 -60 60 -62 -63
leaf_value=-154.56725400046193 -98.207015814196282 1105.481692116477 -464.45994036365659 562.80567884290542 687.86815879292999 5.2930185345391543 17.628254265588168 147.27396382099869 580.30928746727739 859.58081861413041 -85.486056937602029 -189.85669961465365 488.71335602108798 -273.3272086673756 1555.1088464095744 257.65888328158712 101.05042363741769 -35.018427608548954 212.91437582185944 402.42589672559762 85.860861346251767 -372.89155725279846 831.549709738552 365.03335280012374 496.39010127114983 167.43770244397612 328.76643533536702 -156.30860376787359 -570.01751851517338 -89.914679487512458 198.568196501779 929.0091362272351 748.54612692487513 512.62239257812473 -214.86535830158832 -76.126978261658039 272.40210676515846 -229.21680448733497 417.55915430417468 362.63443729211787 -37.246514916670947 119.31686397084016 60.093183206992556 350.33621377398862 -510.50060100361941 -226.72671073321118 33.666285147344517 557.37393207644607 753.3068519764073 206.53648728390957 -115.39391407864154 -334.21622725680021 -2.2191287114966007 -365.85992964659681 -41.716112099671975 70.042219032816377 -52.862096112225508 325.82775600464879 28.149741170146672 -365.17018860329199 -473.36664139537413 -284.31104853677482
leaf_weight=24 48 12.000000000000002 28 10.999999999999998 9.9999999999999982 18 12.000000000000002 11.000000000000002 19.000000000000004 15.999999999999998 20 11.000000000000002 9.9999999999999982 19 13.999999999999998 60 83 84 10.000000000000002 25 41 20 9.9999999999999982 9.9999999999999982 18 17 9.9999999999999982 27 121 14 10.000000000000002 14.999999999999998 10.999999999999996 14.000000000000004 11.999999999999998 19 101 15.999999999999998 21 9.9999999999999982 17 17 10.000000000000002 24 132 63 28 12.000000000000002 14.999999999999998 13.999999999999998 11.999999999999998 30 12.999999999999998 19 35 9.9999999999999982 10.999999999999998 11.999999999999998 10 12.999999999999998 43 18
leaf_count=24 48 12 28 11 10 18 12 11 19 16 20 11 10 19 14 60 83 84 10 25 41 20 10 10 18 17 10 27 121 14 10 15 11 14 12 19 101 16 21 10 17 17 10 24 132 63 28 12 15 14 12 30 13 19 35 10 11 12 10 13 43 18
internal_value=0.560001 245.006 -344.268 158.072 685.979 90.8514 551.713 -130.823 452.757 631.305 202.531 -484.917 155.744 0.159048 1352.62 223.968 21.1607 61.8355 312.408 249.471 188.073 -379.966 624.271 129.797 467.855 -0.809714 159.903 -178.423 -521.511 -147.086 272.313 781.976 726.053 637.511 -62.3845 -175.186 298.499 -249.292 356.937 506.753 35.5097 204.306 85.865 413.961 -539.179 -181.481 -42.4742 714.766 668.604 146.021 -209.091 -298.271 -77.7877 -425.462 -8.21252 -8.09537 -126.581 269.143 -40.8084 -429.448 -448.945 -249.259
internal_weight=1620 948 672 792 156 645 130 267 147 108 289 405 38 356 26 269 318 194 81 227 101 105 66 93 52 101 22 229 300 159 70 56 41 25 46 38 126 70 31 29 28 39 42 42 253 113 124 37 27 24 75 46 61 47 63 34 38 22 24 76 56 29
internal_count=1620 948 672 792 156 645 130 267 147 108 289 405 38 356 26 269 318 194 81 227 101 105 66 93 52 101 22 229 300 159 70 56 41 25 46 38 126 70 31 29 28 39 42 42 253 113 124 37 27 24 75 46 61 47 63 34 38 22 24 76 56 29
is_linear=0
shrinkage=0.03


Tree=26
num_leaves=63
num_cat=0
split_feature=21 23 25 5 14 21 21 5 21 6 21 10 1 6 23 10 10 22 8 6 6 8 24 14 22 21 24 12 23 6 16 1 21 8 12 21 10 22 10 9 11 22 14 7 21 23 11 23 6 3 23 7 21 7 4 7 3 23 19 1 16 19
split_gain=1.42818e+11 3.80396e+10 2.10893e+10 1.63825e+10 1.49977e+10 7.41088e+09 3.93637e+09 3.81343e+09 3.71758e+09 2.77646e+09 1.92764e+09 1.73515e+09 1.60512e+09 1.47874e+09 1.49731e+09 1.37936e+09 1.19936e+09 1.00455e+09 9.31745e+08 8.80811e+08 8.73101e+08 8.69624e+08 8.56639e+08 6.99428e+08 6.74356e+08 7.56352e+08 6.20823e+08 5.98574e+08 5.71891e+08 5.70265e+08 5.36025e+08 5.00293e+08 4.59595e+08 4.24035e+08 4.04695e+08 4.04166e+08 3.99408e+08 3.94283e+08 3.79044e+08 3.49242e+08 3.00942e+08 2.98969e+08 2.74191e+08 2.43776e+08 2.29813e+08 2.02842e+08 1.92487e+08 1.82877e+08 1.73301e+08 1.68426e+08 1.61476e+08 1.52116e+08 1.49707e+08 1.42517e+08 1.37843e+08 1.31797e+08 1.27267e+08 1.17445e+08 1.14833e+08 1.13021e+08 1.11113e+08 1.07497e+08
threshold=44665.812500000007 82097.876923076925 1.0000000180025095e-35 1.0000000180025095e-35 0.24296675187449793 61770.23750000001 95185.900000000023 1.0000000180025095e-35 61444.850000000006 1.0000000180025095e-35 91752.362500000003 0.8542199457734333 41020.000000000007 1.0000000180025095e-35 55191.75384615385 0.56806474673115537 -0.78574730703237872 8337.4081549669172 0.93301270189221952 1.0000000180025095e-35 1.0000000180025095e-35 0.93301270189221952 59268.125000000007 0.20204603576131075 5182.1502896045195 74733.062500000015 41358.375000000007 0.97476190453436795 68668.026923076934 1.0000000180025095e-35 0.0037543201186628354 31500.000000000004 80909.962500000009 1.0000000180025095e-35 1.1565945280765215 72962.250000000015 -0.35460488704253562 17491.566866238962 -0.70581670320594803 -0.35460488704253573 0.80898876386314755 9635.9362825713306 0.2798053527463355 1.0000000180025095e-35 52902.212500000009 53793.573076923079 0.9701818180062981 55459.396153846166 1.0000000180025095e-35 51761.250000000007 50046.838461538471 -0.24999999999999997 54083.125000000007 -0.93301270189221919 51979.375000000007 0.68301270189221941 53201.875000000007 46115.119230769233 75079.60000000002 34707.000000000007 0.0037543201186628354 60667.400000000009
decision_type=2 2 2 2 2 2 2 2 2 2 2 2 2 2 2 2 2 2 2 2 2 2 2 2 2 2 2 2 2 2 2 2 2 2 2 2 2 2 2 2 2 2 2 2 2 2 2 2 2 2 2 2 2 2 2 2 2 2 2 2 2 2
left_child=2 3 7 5 10 13 18 20 19 21 -3 39 29 16 38 33 43 35 -6 36 26 32 -12 -14 -10 46 -1 -21 37 -4 44 -22 41 -8 49 53 -5 -19 -15 -9 -31 -7 -17 47 -18 -29 61 -2 -25 -16 -40 -28 -45 -11 -37 -32 -30 -53 -27 -42 -23 -26
right_child=1 4 12 8 6 9 15 11 24 17 22 -13 23 14 34 42 30 28 -20 27 31 60 -24 48 25 58 51 45 56 40 55 -33 -34 -35 -36 54 -38 -39 50 -41 59 -43 -44 52 -46 -47 -48 -49 -50 -51 -52 57 -54 -55 -56 -57 -58 -59 -60 -61 -62 -63
leaf_value=-306.9019054102954 44.119492167330336 904.55789997506656 -547.52172564564842 271.4522039643594 378.66986443943733 147.42585492148572 667.27033127589777 142.67592488296157 812.92976401084718 215.46587474860766 1190.1446675531913 488.21724399075651 -241.83029719716492 191.60080435271308 402.99348764780393 579.86407596072615 -114.62638555166778 135.95248695722088 73.842883633936736 578.87694616336637 -153.23648166187576 -21.91996610074429 1593.2585713180695 -452.51621820588616 583.79269902505143 769.88559433109492 -122.80002506766731 282.99186842698316 350.7745449443247 -381.23892297470672 -261.39442309974959 26.333396559090449 290.28193619356813 850.0108767800682 119.83509016522709 396.8045664902487 26.941120484407282 308.42952746662871 -31.232226576734874 -69.035558305955092 -510.22975561230851 29.038197165371066 354.2436741471999 -56.699937112742454 -18.725115236392636 429.39141072927424 349.07028112430385 178.54554334275264 -353.67012615380338 232.29236855996621 48.794482931522779 -229.17840950591446 55.582766969796694 349.19731933593749 567.66880588644801 -147.89077454524252 249.05901013680707 -160.62408632314887 603.8373818456065 -440.3966961217231 -159.96537274955523 441.13715319925103
leaf_weight=42 26 13.999999999999998 152 12.000000000000002 37 46 18 13 11.999999999999998 9.9999999999999982 14.000000000000002 9.9999999999999982 29 9.9999999999999982 11.000000000000002 11.000000000000002 46 59 11.999999999999998 9.9999999999999982 30 11.000000000000002 9.9999999999999982 48 12.000000000000002 12.000000000000002 38 35 26 34 18 26 12.999999999999998 18 15.999999999999998 10.000000000000002 11.999999999999998 14.999999999999998 61 15 75 33 9.9999999999999982 26 44 11.999999999999998 9.9999999999999982 13.999999999999998 28 10.999999999999998 36 46 18 33 9.9999999999999982 20 22 47 9.9999999999999982 39 9.9999999999999982 11.999999999999998
leaf_count=42 26 14 152 12 37 46 18 13 12 10 14 10 29 10 11 11 46 59 12 10 30 11 10 48 12 12 38 35 26 34 18 26 13 18 16 10 12 15 61 15 75 33 10 26 44 12 10 14 28 11 36 46 18 33 10 20 22 47 10 39 10 12
internal_value=0.571775 237.719 -333.96 157.248 686.592 92.6259 502.457 -126.909 441.073 203.048 1197.56 151.118 -470.396 0.421938 74.2204 671.953 -50.0646 274.594 304.321 303.155 -173.09 85.7757 1364.02 -368.615 604.671 558.675 -206.411 367.343 224.009 -505.885 -107.837 -69.9664 125.518 785.434 235.722 372.042 149.816 171.283 16.698 29.4169 -462.782 98.0721 474.614 37.9928 -67.8142 321.203 467.075 91.4966 -416.612 319.08 -1.5119 -173.983 -10.7442 318.669 484.636 -202.201 304.77 -194.742 697.483 -486.746 -88.1026 514.591
internal_weight=1620 948 672 804 144 655 106 267 149 298 38 38 405 357 145 57 212 185 49 81 229 113 24 105 68 56 173 57 122 300 128 56 92 36 38 63 24 74 107 28 148 79 21 84 90 47 34 40 76 22 97 131 44 43 20 38 48 93 22 114 21 24
internal_count=1620 948 672 804 144 655 106 267 149 298 38 38 405 357 145 57 212 185 49 81 229 113 24 105 68 56 173 57 122 300 128 56 92 36 38 63 24 74 107 28 148 79 21 84 90 47 34 40 76 22 97 131 44 43 20 38 48 93 22 114 21 24
is_linear=0
shrinkage=0.03


Tree=27
num_leaves=63
num_cat=0
split_feature=18 21 21 14 17 18 18 14 8 18 21 2 8 6 17 23 2 18 7 6 20 24 20 11 18 12 17 21 6 7 9 6 17 8 19 1 18 17 8 18 2 3 24 24 18 18 6 2 6 20 23 7 19 10 8 18 6 1 1 19 3 24
split_gain=1.37752e+11 3.29576e+10 2.33829e+10 1.72367e+10 8.96716e+09 7.84212e+09 4.03828e+09 3.89447e+09 1.8881e+09 1.74841e+09 1.63333e+09 1.56911e+09 1.42916e+09 1.21743e+09 1.15753e+09 1.04919e+09 9.91194e+08 8.44985e+08 8.19114e+08 7.87787e+08 6.2812e+08 6.11105e+08 5.86687e+08 5.59619e+08 5.13479e+08 4.53954e+08 4.21526e+08 4.20599e+08 8.46804e+08 3.97989e+08 3.15642e+08 3.05877e+08 2.81762e+08 2.7079e+08 2.55428e+08 2.21295e+08 2.07676e+08 2.05217e+08 2.04593e+08 1.93235e+08 1.7985e+08 4.57663e+08 1.31394e+08 1.28732e+08 1.27982e+08 1.24293e+08 9.27915e+07 8.37914e+07 7.92396e+07 7.69441e+07 7.51983e+07 6.1475e+07 5.0487e+07 4.74325e+07 4.74623e+07 3.80586e+07 3.5101e+07 3.39512e+07 3.34985e+07 2.97117e+07 2.04226e+07 2.14419e+07
threshold=46176.650000000009 95185.900000000023 30881.712500000005 0.21717973125094933 0.075411471307569006 69246.750000000015 68157.550000000017 0.1979434446864379 0.93301270189221952 21334.200000000001 57181.287500000006 51960.625000000007 0.6830127018922193 1.0000000180025095e-35 0.026182079485456766 82097.876923076925 61250.000000000007 39280.900000000001 -0.6830127018922193 1.0000000180025095e-35 67572.300000000003 44240.945000000007 45985.850000000013 1.0593406591112766 11812.000000000002 1.1565945280765215 0.0010234886395476695 72962.250000000015 1.0000000180025095e-35 -0.93301270189221919 0.61559370248597556 1.0000000180025095e-35 0.075365239281317054 0.93301270189221952 35938.650000000009 30945.000000000004 34717.450000000004 0.0027522199809777779 1.0000000180025095e-35 40304.150000000009 51890.625000000007 55386.875000000007 43442.975000000006 43285.495000000003 80288.900000000009 54769.950000000004 1.0000000180025095e-35 63437.500000000007 1.0000000180025095e-35 48126.500000000007 23002.84615384616 -0.93301270189221919 43711.450000000004 0.98182534576205305 0.6830127018922193 30133.000000000004 1.0000000180025095e-35 43670.000000000007 30529.000000000004 15907.950000000003 45107.500000000007 40232.17500000001
decision_type=2 2 2 2 2 2 2 2 2 2 2 2 2 2 2 2 2 2 2 2 2 2 2 2 2 2 2 2 2 2 2 2 2 2 2 2 2 2 2 2 2 2 2 2 2 2 2 2 2 2 2 2 2 2 2 2 2 2 2 2 2 2
left_child=2 3 9 6 13 10 18 12 11 24 14 25 39 30 21 40 -15 36 22 20 33 35 -2 29 48 43 50 28 -13 -21 -3 -23 42 -12 -19 -5 55 46 -18 -4 -8 -42 -26 -7 -27 -22 49 -28 58 -36 -11 -48 -16 54 -38 -9 57 -44 -1 -34 61 -57
right_child=1 4 7 5 -6 8 15 17 -10 26 19 27 -14 16 52 -17 38 34 -20 23 45 31 -24 -25 32 44 47 -29 -30 -31 -32 -33 59 -35 37 -37 53 -39 -40 -41 41 -43 56 -45 -46 -47 51 -49 -50 -51 -52 -53 -54 -55 -56 60 -58 -59 -60 -61 -62 -63
leaf_value=-567.75294532097337 382.94728150422895 362.79918892852515 22.335057360775863 -217.58705261834774 1389.7986567408375 153.82207286235715 551.94801039514459 -286.32577100012912 -77.147884749783813 -423.74973122667905 30.191674089767364 1.1546959746710144 491.4171607170482 515.07139860042844 174.72156056621282 1013.995856667698 719.32861308787108 -238.50632377397895 336.17593069401727 132.04614663178262 53.456313316392595 -15.952127365085722 700.74530360457914 40.919537682658088 -502.63828672252413 8.5173160926331839 -270.58597748750475 336.17593069401727 307.58951449011425 272.75104898601234 583.7170173843034 70.22936283933403 -389.09824718601897 -130.2859178522707 -186.09673405827701 -64.746179112725073 -160.94637178837345 22.335057360775863 918.09627114986188 169.67947918278156 844.08720837309136 591.25255653144404 -478.88345634936098 277.46719894211009 139.04342432619049 149.09293720915224 -95.843512803747274 -159.88689651076857 -482.92501797264646 -100.3189781225969 -341.40303344321012 -9.856089841475395 274.7365188931002 -100.08404394772974 -233.70582630724007 -231.95899387668911 -412.78205439530018 -413.2206853070175 -520.20252240819343 -314.94102248733105 -239.78539661038306 -169.75839027463022
leaf_weight=46 12.000000000000002 12.000000000000002 14.000000000000002 9.9999999999999982 19 11.999999999999998 11.999999999999998 11.999999999999998 12.999999999999998 20 34 9.9999999999999982 9.9999999999999982 11.999999999999998 10.000000000000002 9.9999999999999982 10.000000000000002 9.9999999999999982 40 26 15.999999999999998 86 9.9999999999999982 19 62 14.000000000000002 16.000000000000004 114 43 50 12.999999999999998 65 21 12.999999999999998 10.999999999999998 56 59 14.999999999999998 18 9.9999999999999982 13.000000000000002 15.999999999999998 40 23 12.999999999999998 54 14.000000000000002 10.999999999999998 40 70 30 15.999999999999998 9.9999999999999982 9.9999999999999982 9.9999999999999982 11.000000000000002 38 17 61 10.999999999999998 34 12.999999999999998
leaf_count=46 12 12 14 10 19 12 12 12 13 20 34 10 10 12 10 10 10 10 40 26 16 86 10 19 62 14 16 114 43 50 13 65 21 13 11 56 59 15 18 10 13 16 40 23 13 54 14 11 40 70 30 16 10 10 10 11 38 17 61 11 34 13
internal_value=0.593223 251.748 -304.079 192.613 816.847 136.397 535.955 -111.101 274.024 -453.072 62.1743 293.985 191.983 647.492 8.0476 733.79 751.001 -147.312 372.301 122.652 70.4472 -12.1209 529.918 186.804 -482.711 164.449 -323.279 336.176 249.883 223.173 479.544 21.1678 -449.053 -14.3781 -93.1356 -88.1981 -196.667 -81.4183 849.92 65.6967 663.146 707.103 -466.01 235.634 71.6445 127.341 -95.4826 -226.243 -525.65 -112.183 -375.122 -50.1688 225.847 -162.872 -171.814 -234.519 -441.601 -460.058 -541.156 -364.667 -223.326 -199.111
internal_weight=1620 888 732 804 84 691 113 319 242 413 449 229 34 65 237 51 40 285 62 212 117 217 22 95 336 62 77 167 53 76 25 151 189 47 136 66 149 126 28 24 41 29 157 35 27 70 111 27 147 81 50 30 20 79 69 70 95 57 107 32 58 24
internal_count=1620 888 732 804 84 691 113 319 242 413 449 229 34 65 237 51 40 285 62 212 117 217 22 95 336 62 77 167 53 76 25 151 189 47 136 66 149 126 28 24 41 29 157 35 27 70 111 27 147 81 50 30 20 79 69 70 95 57 107 32 58 24
is_linear=0
shrinkage=0.03


Tree=28
num_leaves=63
num_cat=0
split_feature=21 21 21 17 5 21 21 24 16 6 12 20 6 20 21 8 6 27 10 2 6 1 14 22 22 17 17 19 2 19 16 6 21 14 20 9 21 24 1 20 9 11 21 21 9 9 16 27 2 21 20 20 17 22 9 21 19 27 22 2 20 20
split_gain=1.26623e+11 3.3792e+10 1.86569e+10 1.2941e+10 1.22267e+10 4.82328e+09 4.56439e+09 4.35557e+09 3.33927e+09 1.84907e+09 1.80886e+09 1.64949e+09 1.59737e+09 1.59136e+09 1.54673e+09 1.29034e+09 1.24092e+09 1.39014e+09 1.13573e+09 1.04709e+09 9.42685e+08 8.77816e+08 9.59013e+08 8.5635e+08 8.12485e+08 6.98851e+08 6.63544e+08 6.2889e+08 6.00303e+08 4.87723e+08 4.65547e+08 4.30889e+08 4.10566e+08 4.10136e+08 3.6682e+08 3.53507e+08 3.10036e+08 3.07008e+08 3.05744e+08 2.79317e+08 2.46343e+08 2.44098e+08 2.39123e+08 2.33027e+08 2.12006e+08 2.07833e+08 1.87678e+08 1.65131e+08 1.58362e+08 1.46446e+08 1.39861e+08 1.3591e+08 1.30699e+08 1.23573e+08 1.1693e+08 1.15412e+08 1.11812e+08 9.95738e+07 9.8999e+07 9.63496e+07 9.421e+07 9.3313e+07
threshold=44665.812500000007 79102.900000000009 30881.712500000005 0.075411471307569006 1.0000000180025095e-35 60559.200000000012 102112.97500000002 57604.375000000007 -0.040941482945758438 1.0000000180025095e-35 1.0849056601679423 51897.150000000001 1.0000000180025095e-35 45985.850000000013 16835.637500000004 0.93301270189221952 1.0000000180025095e-35 1.0000000180025095e-35 -0.78574730703237872 56840.000000000007 1.0000000180025095e-35 42920.000000000007 0.25307125302469863 9635.9362825713306 9473.5867969385836 0.0010234886395476695 0.075479115460650545 90719.950000000012 47979.750000000007 73675.900000000009 0.0037543201186628354 1.0000000180025095e-35 36400.80000000001 0.20948616596859607 60379.850000000006 0.17992617227144045 72962.250000000015 41358.375000000007 31500.000000000004 54050.250000000007 0.78574730703237894 0.94696969682763654 56003.600000000006 70679.66250000002 0.06026834012766185 -0.35460488704253573 0.0050761748317067487 1.0000000180025095e-35 51256.875000000007 54083.125000000007 79061.150000000009 35397.900000000001 0.079999999982974981 10258.786145648386 0.51639395938746258 21787.125000000004 79061.150000000009 1.0000000180025095e-35 17104.405842652679 48941.750000000007 60379.850000000006 67926.150000000009
decision_type=2 2 2 2 2 2 2 2 2 2 2 2 2 2 2 2 2 2 2 2 2 2 2 2 2 2 2 2 2 2 2 2 2 2 2 2 2 2 2 2 2 2 2 2 2 2 2 2 2 2 2 2 2 2 2 2 2 2 2 2 2 2
left_child=2 4 14 6 5 16 15 58 11 28 13 45 23 -11 33 21 18 19 44 51 -8 46 -23 29 36 55 -15 -9 -6 -7 39 37 -33 48 -25 43 59 -10 -34 -20 -24 -22 -30 -26 60 -4 56 -39 -1 -46 -31 -18 -28 -32 -27 -16 -3 -48 -5 -14 -2 -36
right_child=1 3 8 7 9 12 20 27 31 10 -12 -13 24 26 25 -17 17 -19 30 -21 41 22 40 34 35 54 52 -29 42 50 53 32 38 -35 61 -37 -38 47 -40 -41 -42 -43 -44 -45 49 -47 57 -49 -50 -51 -52 -53 -54 -55 -56 -57 -58 -59 -60 -61 -62 -63
leaf_value=-462.94769990808823 42.214986115492785 402.65567092483099 104.79072981164809 618.64314980996608 0.14253520701191214 97.205404824550115 498.42903347289365 1094.5071789913363 -276.86692761185418 411.78855659315082 277.35905477931357 478.47228949820641 198.35469153678062 866.22599662162168 -423.43925118736234 39.197274215319929 -55.817853198003924 297.2734234345848 -145.77002319770349 304.39239429370775 846.30300198227599 674.67424790709981 417.88946480938415 -132.87100954745677 88.502860799773572 -206.21263179216723 483.60107644260501 1453.5082469584925 162.10970693456059 202.26719964104723 -161.2944054611043 -208.58408113010265 -125.76535519929857 -510.60944695487501 -7.7168162452318381 287.98425576734286 470.88231822400991 -178.68923184073046 30.679481456962364 -30.126397664192051 243.84232297387453 653.83933714811474 356.70288937832447 200.1285831401504 -60.094805561239781 -64.724547926217056 140.71255404085724 -80.259593016903708 -377.3367646836046 54.701262367650074 361.2376917349938 19.488874259377276 632.72806751703206 -285.70629682182084 -330.41746770575492 -356.57718105601612 266.43545615159826 268.08791427233984 780.01392210705455 306.52480823377624 132.63649662037793 82.522780775509418
leaf_weight=56 23 11.000000000000002 14 11.000000000000002 9.9999999999999982 36 18 10.000000000000002 27 23 35 9.9999999999999982 9.9999999999999982 10.999999999999998 68 11.999999999999998 30 20 28 10.999999999999998 20 12.999999999999998 34 13.999999999999998 36 25 10.000000000000002 12.999999999999998 10.000000000000002 11.000000000000002 28 19 21 174 18 19 9.9999999999999982 114 24 57 9.9999999999999982 11.999999999999998 13.999999999999998 32 24 12 11 18 36 17 9.9999999999999982 76 21 9.9999999999999982 9.9999999999999982 44 12.999999999999998 12 9.9999999999999982 41 19 24
leaf_count=56 23 11 14 11 10 36 18 10 27 23 35 10 10 11 68 12 30 20 28 11 20 13 34 14 36 25 10 13 10 11 28 19 21 174 18 19 10 114 24 57 10 12 14 32 24 12 11 18 36 17 10 76 21 10 10 44 13 12 10 41 19 24
internal_value=0.636386 223.933 -314.358 559.616 128.351 70.8057 437.897 1016.79 -114.687 387.49 452.489 153.101 167.964 546.218 -439.518 334.117 -3.15299 66.7902 -49.6785 27.1711 677.519 368.075 447.479 82.9216 232.796 -360.805 661.521 1302.83 195.55 164.672 -107.509 -157.967 -92.0161 -482.865 -0.434164 173.589 316.816 -184.439 -42.445 -68.3473 378.976 776.391 276.632 141.249 36.0485 26.6046 271.031 -165.338 -429.894 -12.4791 279.321 -1.85684 586.332 -194.698 -242.54 -397.514 330.282 208.042 698.819 285.745 83.3379 43.9221
internal_weight=1620 948 672 210 738 604 166 44 259 134 100 36 261 65 413 116 343 137 206 117 50 104 57 113 148 147 42 23 34 57 123 223 64 266 56 87 61 159 45 85 44 32 24 68 83 26 47 132 92 41 21 106 31 38 35 112 24 23 21 51 42 42
internal_count=1620 948 672 210 738 604 166 44 259 134 100 36 261 65 413 116 343 137 206 117 50 104 57 113 148 147 42 23 34 57 123 223 64 266 56 87 61 159 45 85 44 32 24 68 83 26 47 132 92 41 21 106 31 38 35 112 24 23 21 51 42 42
is_linear=0
shrinkage=0.03


Tree=29
num_leaves=63
num_cat=0
split_feature=18 23 25 14 5 18 14 2 18 16 6 18 23 24 18 16 18 18 18 11 18 8 24 11 18 22 14 18 16 6 16 16 6 6 18 18 16 23 22 16 6 16 23 11 24 22 18 10 18 11 1 6 18 6 2 4 23 23 14 8 6 10
split_gain=1.22154e+11 2.94455e+10 2.07075e+10 1.27647e+10 1.26647e+10 4.78134e+09 3.756e+09 3.09924e+09 2.69925e+09 2.67612e+09 2.56582e+09 1.81409e+09 1.72551e+09 1.66385e+09 1.35657e+09 1.299e+09 1.27857e+09 9.81039e+08 9.70207e+08 9.45879e+08 8.86204e+08 8.23126e+08 7.34815e+08 6.25035e+08 4.60531e+08 4.08224e+08 3.97937e+08 3.19793e+08 2.70609e+08 2.69456e+08 3.65891e+08 2.97113e+08 2.30113e+08 2.26201e+08 2.16261e+08 2.1294e+08 2.29551e+08 1.91069e+08 1.84018e+08 1.79684e+08 1.7963e+08 4.15792e+08 4.12963e+08 1.79044e+08 1.5727e+08 1.48731e+08 1.45857e+08 1.32017e+08 1.22115e+08 1.09749e+08 1.05578e+08 7.82439e+07 7.1069e+07 6.79659e+07 5.20282e+07 5.04402e+07 5.03792e+07 4.46565e+07 4.36996e+07 4.07244e+07 3.85141e+07 3.83814e+07
threshold=46176.650000000009 82097.876923076925 1.0000000180025095e-35 0.24296675187449793 1.0000000180025095e-35 65548.650000000009 0.2061068701904871 60937.500000000007 54543.700000000004 0.0050505372572776661 1.0000000180025095e-35 104210.00000000001 47790.346153846156 44388.375000000007 15778.800000000001 0.05017507414820211 84370.60000000002 55728.200000000004 75914.050000000003 0.97457627102449618 34717.450000000004 0.93301270189221952 59268.125000000007 0.80898876386314755 59514.000000000007 8337.4081549669172 0.25440806040471847 106497.85000000002 -1.0000000180025095e-35 1.0000000180025095e-35 0.0037543201186628354 0.0049140049140049555 1.0000000180025095e-35 1.0000000180025095e-35 73724.550000000017 41414.350000000006 0.0050251573518178558 75796.138461538474 5435.2013828951067 0.0049751551641986644 1.0000000180025095e-35 0.0050505372572776661 57761.180769230778 0.81689655158114804 50093.125000000007 15109.288661150951 40304.150000000009 0.78574730703237883 58054.450000000004 0.80898876386314755 34707.000000000007 1.0000000180025095e-35 31199.500000000004 1.0000000180025095e-35 52088.125000000007 41370.000000000007 43869.192307692319 15962.94230769231 0.27364323328844098 1.0000000180025095e-35 1.0000000180025095e-35 -0.060268340127661524
decision_type=2 2 2 2 2 2 2 2 2 2 2 2 2 2 2 2 2 2 2 2 2 2 2 2 2 2 2 2 2 2 2 2 2 2 2 2 2 2 2 2 2 2 2 2 2 2 2 2 2 2 2 2 2 2 2 2 2 2 2 2 2 2
left_child=2 4 6 11 5 15 13 21 47 18 26 -3 -10 46 32 17 25 40 33 24 52 -5 -13 38 -14 -11 -9 45 -22 30 -19 -31 50 -7 -27 36 39 -20 57 -30 41 -2 -42 -26 60 -18 -1 55 -17 -34 -4 -46 -8 58 -51 -6 -55 -16 -37 -12 -25 -35
right_child=1 3 14 7 8 9 20 10 12 16 59 22 19 -15 23 48 27 29 37 -21 28 -23 -24 44 43 34 -28 -29 35 31 -32 -33 49 61 -36 53 -38 -39 -40 -41 42 -43 -44 -45 51 -47 -48 -49 -50 54 -52 -53 -54 56 -56 -57 -58 -59 -60 -61 -62 -63
leaf_value=23.042587466519272 5.6968232851908622 818.04374085771281 -518.66206595231267 331.41110797864815 281.68083711422736 146.3653116835209 -266.48919307118837 552.16100470690992 125.66283785678374 173.72948913443176 675.11140238242558 1101.0342702792552 453.8727294384081 512.46703320795939 -327.48009453479256 -185.30028418697526 101.78370344770717 118.4889626920021 373.01204989346593 321.53701482305462 16.380759783805683 22.577193875903923 1474.3127482982675 -479.69309998629382 749.46160349628713 -62.283053377733481 361.54185184439427 372.11461053527222 -144.98929388885003 130.52888883335382 -44.935334580699845 302.11029379600336 -359.99675095942979 234.61725199117288 53.208689799692436 -84.162740470018832 -270.78621335872936 520.48137591422881 -177.48233365076666 -10.980608136771929 18.036437766914002 -180.01506452576186 214.47453573690876 595.80649288477684 -394.95420122498115 225.02782485293199 146.23455851639852 120.61873207710886 -77.000176573695384 -466.28256557593596 -459.31536348368519 -327.48009453479256 -205.63554217494152 -80.412996518666489 -405.80179193548071 199.04773749168882 6.6118928816511824 -263.03065803690157 -141.56597339295502 780.40710240175372 -412.92792988232543 286.56015708971938
leaf_weight=14.000000000000002 105 13.999999999999998 98 22 16.000000000000004 17 29 15.999999999999998 9.9999999999999982 12.999999999999998 10.000000000000002 14.000000000000002 12.999999999999998 9.9999999999999982 11.000000000000002 20 13.999999999999998 53 23 14.999999999999998 13.999999999999998 11.999999999999998 9.9999999999999982 17 9.9999999999999982 33 29 9.9999999999999982 92 38 15.999999999999998 11.999999999999998 17 23 26 43 11.999999999999998 13.999999999999998 15.999999999999998 9.9999999999999982 73 11.999999999999998 10.999999999999998 52 33 25 9.9999999999999982 10.999999999999998 18 62 52 29 52 13.000000000000002 15.999999999999998 13.999999999999998 10.999999999999998 13.999999999999998 17 17 40 47
leaf_count=14 105 14 98 22 16 17 29 16 10 13 10 14 13 10 11 20 14 53 23 15 14 12 10 17 10 33 29 10 92 38 16 12 17 23 26 43 12 14 16 10 73 12 11 52 33 25 10 11 18 62 52 29 52 13 16 14 11 14 17 17 40 47
internal_value=0.604023 237.112 -286.3 629.645 161.063 101.174 -108.676 459.776 416.932 203.262 571.218 1101.04 500.986 189.404 -429.653 31.2718 102.764 50.9737 301.167 542.502 -143.318 222.797 1262.04 -361.118 586.208 22.2335 430.392 220.809 -110.977 119.202 80.5832 172.229 -474.245 245.918 -11.3844 -119.986 -146.722 430.064 -258.857 -131.875 10.5405 -13.488 43.9849 621.757 -396.103 181.16 53.2259 211.205 -134.337 -435.609 -498.408 -360.946 -227.724 -83.5697 -451.607 243.908 -40.6645 -310.022 -100.636 780.407 -433.646 269.852
internal_weight=1620 888 732 144 744 603 327 106 141 245 72 38 100 34 405 358 121 320 124 90 293 34 24 160 75 72 45 49 212 119 69 50 245 87 59 198 114 37 41 102 201 117 84 62 119 39 24 41 38 95 150 62 81 84 78 30 24 25 60 27 57 70
internal_count=1620 888 732 144 744 603 327 106 141 245 72 38 100 34 405 358 121 320 124 90 293 34 24 160 75 72 45 49 212 119 69 50 245 87 59 198 114 37 41 102 201 117 84 62 119 39 24 41 38 95 150 62 81 84 78 30 24 25 60 27 57 70
is_linear=0
shrinkage=0.03


Tree=30
num_leaves=63
num_cat=0
split_feature=18 23 21 14 5 21 16 21 18 18 23 6 18 17 6 23 8 23 6 11 12 8 22 18 8 7 16 24 6 6 2 18 16 23 16 18 23 22 16 14 16 24 11 6 16 21 18 7 23 7 18 22 18 28 18 23 24 18 14 18 8 18
split_gain=1.14989e+11 2.77616e+10 1.94528e+10 1.19999e+10 1.19111e+10 4.7383e+09 3.39323e+09 3.08056e+09 2.53738e+09 1.70806e+09 1.63683e+09 1.55242e+09 1.47588e+09 1.23671e+09 1.19245e+09 1.26271e+09 1.11571e+09 1.07995e+09 1.35179e+09 9.07773e+08 7.69969e+08 7.21923e+08 6.78693e+08 6.33194e+08 6.27843e+08 5.46043e+08 4.99235e+08 4.73437e+08 4.44847e+08 4.368e+08 4.35432e+08 3.90585e+08 3.54688e+08 3.53914e+08 3.31252e+08 3.40172e+08 3.09804e+08 2.87903e+08 2.7409e+08 2.6165e+08 2.20791e+08 1.98536e+08 1.68981e+08 1.56079e+08 1.52909e+08 1.49608e+08 1.29762e+08 1.25509e+08 1.16535e+08 9.52013e+07 7.57386e+07 7.93487e+07 7.38436e+07 7.22142e+07 7.16104e+07 6.86934e+07 6.62116e+07 6.17386e+07 5.69971e+07 5.4113e+07 5.3783e+07 5.26965e+07
threshold=46176.650000000009 82097.876923076925 30881.712500000005 0.24296675187449793 1.0000000180025095e-35 65651.60000000002 -0.040941482945758438 95185.900000000023 55071.80000000001 104210.00000000001 47790.346153846156 1.0000000180025095e-35 21334.200000000001 0.07545679011077143 1.0000000180025095e-35 43155.746153846158 0.6830127018922193 51540.996153846158 1.0000000180025095e-35 0.97457627102449618 1.1814593759708412 0.93301270189221952 8337.4081549669172 37061.05000000001 0.93301270189221952 -0.24999999999999997 0.0037543201186628354 44240.945000000007 1.0000000180025095e-35 1.0000000180025095e-35 51256.875000000007 59514.000000000007 -1.0000000180025095e-35 68668.026923076934 0.0050505372572776661 65548.650000000009 74459.973076923096 17856.541177399289 0.0037543201186628354 0.20204603575485572 0.0050505372572776661 39701.55000000001 0.81689655158114804 1.0000000180025095e-35 0.0037543201186628354 69519.050000000017 38172.30000000001 -0.24999999999999997 57565.511538461542 -0.93301270189221919 40574.200000000004 1070.0033673958881 14255.250000000002 1.0000000180025095e-35 77461.900000000009 50046.838461538471 52010.125000000007 33738.850000000006 0.16675568845983602 55231.500000000007 1.0000000180025095e-35 28020.850000000002
decision_type=2 2 2 2 2 2 2 2 2 2 2 2 2 2 2 2 2 2 2 2 2 2 2 2 2 2 2 2 2 2 2 2 2 2 2 2 2 2 2 2 2 2 2 2 2 2 2 2 2 2 2 2 2 2 2 2 2 2 2 2 2 2
left_child=2 4 12 9 5 17 14 21 47 -3 -10 24 30 -11 46 -16 28 29 25 31 27 54 36 57 34 48 -27 -20 -9 38 43 -12 -14 37 35 -7 49 -24 -2 -32 50 -31 -33 -1 61 -36 -4 -6 -19 -13 51 -25 -41 -35 -5 -43 -22 -8 -45 -40 -30 -34
right_child=1 3 6 7 8 11 23 16 10 13 19 22 32 -15 15 -17 -18 18 20 -21 56 -23 33 40 -26 26 -28 -29 60 41 39 42 44 53 45 -37 -38 -39 59 52 -42 55 -44 58 -46 -47 -48 -49 -50 -51 -52 -53 -54 -55 -56 -57 -58 -59 -60 -61 -62 -63
leaf_value=-501.80215929045261 -3.5192431990062918 793.67649725731383 -90.975345978607976 286.84404913651309 253.46665608386277 125.64302590902747 -221.05453257604299 541.28755225579482 121.93027402972231 949.58161819306906 441.71672496253672 236.58609925615031 -142.86796327953496 1412.7403873005319 93.7127908511562 541.75206146542394 380.01357940484269 75.945755936352171 130.7079210006701 311.95478599699919 8.2076232418403805 68.319640623991162 126.40019920907369 -58.52980264019493 -86.335736096970578 20.9226759123544 -115.40269077200342 276.59816569954501 655.05859065594029 -118.33501134923986 -324.9234658841998 727.20034402073009 -301.82666144017679 311.06469212991777 -33.398932764034448 318.20968421994274 480.11190825154961 286.9795305231691 -209.13197792710051 -456.22163509578667 -205.50155281530556 2.6513770979588775 577.96660452405229 -372.7251549081584 -373.07877040723628 107.20218095246082 54.106345244742734 146.94618181323477 194.60056459032796 337.1330112617465 -76.515854400397671 -137.94820347554813 -403.68612640644261 229.24361951897902 377.3930308418843 74.895039440432924 96.356786847075156 -172.15893167801079 -453.22011655745973 -126.51853299374612 757.39469224280435 -214.35213084003712
leaf_weight=96 12.999999999999998 13.999999999999998 11.000000000000002 17 24 23 59 14.999999999999998 9.9999999999999982 10.000000000000002 11.999999999999998 13.999999999999995 11.999999999999998 13.999999999999998 13.000000000000002 9.9999999999999982 15.999999999999998 20 17 14.999999999999998 21 11.999999999999998 45 14.999999999999998 13.999999999999998 83 34 43 10.000000000000002 10.999999999999998 32 9.9999999999999982 25 25 10.000000000000002 12.999999999999998 11.999999999999998 12.999999999999998 15.000000000000002 49 18 55 52 12.999999999999998 30 21 10.999999999999998 18 11.999999999999998 28.000000000000004 90 49 81 19 20 14.999999999999998 11.999999999999998 43 65 14.999999999999998 15.999999999999998 9.9999999999999982
leaf_count=96 13 14 11 17 24 23 59 15 10 10 12 14 12 14 13 10 16 20 17 15 21 12 45 15 14 83 34 43 10 11 32 10 25 25 10 13 12 13 15 49 18 55 52 13 30 21 11 18 12 28 90 49 81 19 20 15 12 43 65 15 16 10
internal_value=0.607898 230.074 -277.755 611.218 156.232 98.1524 -101.739 446.515 404.372 1068.27 487.271 202.629 -413.651 1224.5 139.47 290.015 596.461 30.4629 67.3416 528.138 157.022 271.228 257.944 -141.39 95.9088 11.2986 -18.7579 220.96 679.798 -41.5064 -440.881 571.479 -294.412 212.011 134.062 195.87 344.153 162.824 -118.664 -404.5 -106.163 -0.450144 603.169 -474.5 -322.127 61.8853 -18.5178 208.273 120.909 304.259 -94.4266 -119.455 -423.823 276.333 336.675 18.217 40.4562 -200.631 -440.299 -168.383 757.328 -277.516
internal_weight=1620 888 732 144 744 603 319 106 141 38 99 237 413 24 45 23 57 366 242 89 93 49 156 274 81 149 117 60 41 124 336 74 77 102 67 36 54 58 43 162 172 81 62 174 65 31 22 42 32 42 154 64 130 44 37 70 33 102 78 30 26 35
internal_count=1620 888 732 144 744 603 319 106 141 38 99 237 413 24 45 23 57 366 242 89 93 49 156 274 81 149 117 60 41 124 336 74 77 102 67 36 54 58 43 162 172 81 62 174 65 31 22 42 32 42 154 64 130 44 37 70 33 102 78 30 26 35
is_linear=0
shrinkage=0.03


Tree=31
num_leaves=63
num_cat=0
split_feature=18 18 25 5 17 18 1 23 16 18 6 23 16 1 6 16 6 4 16 13 23 10 18 16 14 18 6 16 20 11 6 18 18 6 11 6 20 9 11 18 17 18 3 14 16 27 20 1 18 6 18 16 16 2 18 18 20 1 18 18 14 18
split_gain=1.08224e+11 2.80186e+10 1.54163e+10 1.02448e+10 9.9346e+09 5.52407e+09 4.92323e+09 3.43045e+09 2.61542e+09 2.44325e+09 2.39799e+09 2.28287e+09 1.26158e+09 1.1993e+09 1.10379e+09 1.05133e+09 8.71291e+08 8.97555e+08 8.03072e+08 7.59551e+08 6.85022e+08 5.67393e+08 5.52504e+08 8.18955e+08 5.21805e+08 5.16002e+08 5.12355e+08 5.33976e+08 4.90898e+08 4.78626e+08 4.39873e+08 4.34461e+08 4.04849e+08 3.96928e+08 5.02562e+08 3.48685e+08 3.30171e+08 3.27101e+08 2.71905e+08 2.36122e+08 2.24606e+08 2.08067e+08 1.94505e+08 1.91369e+08 1.90099e+08 1.76496e+08 1.63086e+08 1.58171e+08 1.43118e+08 1.37032e+08 1.35328e+08 1.29405e+08 1.4766e+08 1.08611e+08 9.49709e+07 8.64642e+07 8.31617e+07 8.14241e+07 7.82709e+07 7.62809e+07 7.39722e+07 7.1454e+07
threshold=43515.05000000001 76150.700000000012 1.0000000180025095e-35 1.0000000180025095e-35 0.075411471307569006 104210.00000000001 42920.000000000007 56950.515384615392 -1.0000000180025095e-35 108144.60000000002 1.0000000180025095e-35 60896.976923076923 -1.0000000180025095e-35 41020.000000000007 1.0000000180025095e-35 0.0037543201186628354 1.0000000180025095e-35 38408.750000000007 0.05017507414820211 0.98290598274206187 104778.66923076924 0.61559370248597567 54769.950000000004 0.0037543201186628354 0.20204603576131075 33738.850000000006 1.0000000180025095e-35 0.0050251573518178558 36095.900000000009 1.0593406591112766 1.0000000180025095e-35 58518.350000000006 61968.600000000013 1.0000000180025095e-35 1.0559999998335361 1.0000000180025095e-35 34107.200000000004 -0.060268340127661565 0.94399999985264305 67449.85000000002 0.07544551663278197 98091.500000000015 42910.500000000007 0.25440806040471847 -0.078707565751361327 1.0000000180025095e-35 54050.250000000007 34262.000000000007 59333.55000000001 1.0000000180025095e-35 38172.30000000001 0.0050251573518178558 0.0049140049140049555 60701.875000000007 37631.55000000001 47020.000000000007 59216.05000000001 34707.000000000007 55231.500000000007 26300.050000000007 0.2133517592883212 48886.600000000006
decision_type=2 2 2 2 2 2 2 2 2 2 2 2 2 2 2 2 2 2 2 2 2 2 2 2 2 2 2 2 2 2 2 2 2 2 2 2 2 2 2 2 2 2 2 2 2 2 2 2 2 2 2 2 2 2 2 2 2 2 2 2 2 2
left_child=2 3 8 7 6 12 15 26 16 18 22 21 -6 30 -13 -3 50 -18 33 -16 -7 28 56 32 -15 59 27 46 -5 39 60 42 -24 43 -35 -17 -28 -25 -11 48 57 -37 -30 -8 -23 47 -2 -38 -12 -26 -1 52 54 -41 -27 -48 -9 -32 -29 -10 -4 -58
right_child=1 4 13 11 5 20 9 10 25 38 29 14 -14 24 19 35 17 -19 -20 -21 -22 44 23 37 49 51 36 58 31 -31 40 -33 -34 34 -36 41 45 -39 -40 53 -42 -43 -44 -45 -46 -47 55 -49 -50 -51 -52 -53 -54 -55 -56 -57 61 -59 -60 -61 -62 -63
leaf_value=-102.03781718130328 -101.91995594430476 381.06842412798238 -440.99226959073604 139.14057252994255 816.15668594942736 1025.6828906249998 507.21045608108108 -87.692149136987069 -298.57402634079392 802.67972574443718 279.06665732347324 315.16300822805846 418.91562945449556 -206.94622485603253 828.32324041193158 25.832155776882761 8.0428075461812512 385.54273331853267 201.44220901605735 508.49298862390356 1406.606275337838 218.02405031714099 95.538583129052398 -159.88276775397875 -389.72766794438672 -165.79325436331121 -79.103288564080003 -189.24279515759696 366.12250206230584 36.078500006179176 -437.3148264002956 489.78912704366724 237.34373109676446 724.93668181466558 438.27800573470739 131.75395611888382 -24.629776649570225 35.872914888613693 624.18173385704415 303.89861942825866 -325.49340121081951 264.40084831836958 215.13036930439631 351.78614232556572 33.110595336007599 152.77907248317607 -57.830747444983764 53.404398659282819 165.12613145145571 -302.12500827124109 44.188684081275866 -200.09484635757522 -23.661906056505568 219.88582031249996 -109.47065635656301 44.532073150308953 -46.969725122609852 -378.05488526015023 -110.24188151571985 -209.66105178386536 -490.55545970814308 22.221563591691673
leaf_weight=13.000000000000002 13.999999999999998 24 59 11.999999999999998 13.000000000000002 10.000000000000002 10.999999999999998 9.9999999999999982 10.999999999999998 19 12.999999999999998 13.999999999999998 17 29 12.000000000000002 15.999999999999998 10.000000000000002 12.999999999999998 12.999999999999998 17 10.999999999999998 10.000000000000002 44 9.9999999999999982 48 39 30 26 15.999999999999998 11.999999999999998 76 14.999999999999998 31 10.000000000000002 13.999999999999998 25 40 32 18 42 33 19 15.999999999999998 26 9.9999999999999982 9.9999999999999982 9.9999999999999982 56 46 28 9.9999999999999982 19 13.999999999999998 23 92 28 18 39 21 58 93 52
leaf_count=13 14 24 59 12 13 10 11 10 11 19 13 14 17 29 12 16 10 13 13 17 11 10 44 10 48 39 30 26 16 12 76 15 31 10 14 25 40 32 18 42 33 19 16 26 10 10 10 56 46 28 10 19 14 23 92 28 18 39 21 58 93 52
internal_value=0.597024 210.2 -286.217 112.161 485.029 857.688 387.175 58.5577 -114.562 518.281 120.479 361.473 593.193 -404.41 537.395 213.516 92.0055 222.158 417.708 643.228 1230.94 265.159 53.5426 95.0585 -316.439 -155.366 -29.1993 -81.0813 311.973 217.327 -435.084 355.711 154.389 463.392 560.232 145.973 8.59948 -11.0046 717.759 234.823 -397.268 189.503 291.532 399.236 126.192 33.4722 -14.7756 20.8983 190.661 -357.892 -38.5449 -126.266 -116.46 274.554 -126.352 17.5133 -7.21722 -417.564 -154.254 -224.247 -471.62 4.38785
internal_weight=1620 936 684 690 246 51 195 568 279 111 333 122 30 405 43 84 46 23 74 29 21 79 197 117 105 233 235 99 59 136 300 47 75 61 24 60 136 42 37 124 148 44 32 37 20 106 52 96 59 76 23 164 145 65 131 38 80 115 47 69 152 70
internal_count=1620 936 684 690 246 51 195 568 279 111 333 122 30 405 43 84 46 23 74 29 21 79 197 117 105 233 235 99 59 136 300 47 75 61 24 60 136 42 37 124 148 44 32 37 20 106 52 96 59 76 23 164 145 65 131 38 80 115 47 69 152 70
is_linear=0
shrinkage=0.03


Tree=32
num_leaves=63
num_cat=0
split_feature=18 18 25 12 5 24 24 23 14 6 23 18 16 18 18 10 16 12 12 7 23 18 11 18 16 6 7 6 10 18 17 2 10 23 16 6 16 11 18 18 14 6 24 16 6 2 10 24 23 21 24 24 18 23 3 3 7 2 7 18 6 18
split_gain=1.01851e+11 2.63746e+10 1.45068e+10 9.9446e+09 9.64412e+09 4.76146e+09 3.6411e+09 3.22832e+09 2.4796e+09 2.25686e+09 2.14893e+09 2.10396e+09 1.2898e+09 1.13345e+09 1.07326e+09 9.81684e+08 8.0815e+08 6.66494e+08 6.33028e+08 5.7913e+08 5.77291e+08 5.46025e+08 5.22471e+08 5.19951e+08 7.70767e+08 4.82239e+08 5.63069e+08 4.56488e+08 4.33283e+08 3.81014e+08 3.37257e+08 3.17881e+08 3.07935e+08 2.96081e+08 2.81494e+08 2.74567e+08 2.64367e+08 2.61127e+08 2.16284e+08 2.15861e+08 1.98578e+08 1.81761e+08 2.40345e+08 2.3925e+08 1.81549e+08 1.5929e+08 1.5603e+08 1.36359e+08 1.02452e+08 1.01994e+08 9.67033e+07 8.85241e+07 8.75006e+07 7.68337e+07 7.46946e+07 9.065e+07 6.9921e+07 6.9274e+07 6.69002e+07 6.85499e+07 6.49327e+07 6.38755e+07
threshold=43515.05000000001 76150.700000000012 1.0000000180025095e-35 1.0326530610178755 1.0000000180025095e-35 52630.625000000007 57604.375000000007 56950.515384615392 0.21804511274181596 1.0000000180025095e-35 60896.976923076923 108144.60000000002 0.0050761748317067487 15778.800000000001 71103.950000000026 0.74851074817110097 0.05017507414820211 1.1814593759708412 1.1132075469576492 -0.6830127018922193 43869.192307692319 34717.450000000004 0.80898876386314755 54769.950000000004 0.0037543201186628354 1.0000000180025095e-35 -0.24999999999999997 1.0000000180025095e-35 -0.61559370248597534 61968.600000000013 0.079999999981325773 62500.000000000007 0.8542199457734333 47362.076923076929 0.0037543201186628354 1.0000000180025095e-35 0.0049751551641986644 0.8785046727287783 66752.500000000015 95253.60000000002 0.20948616596859607 1.0000000180025095e-35 42488.510000000002 0.0050505372572776661 1.0000000180025095e-35 62812.500000000007 -0.29696027566504651 50093.125000000007 48167.088461538464 50027.287500000013 40666.870000000003 39578.750000000007 39029.200000000004 55191.75384615385 54558.125000000007 47018.750000000007 0.68301270189221941 51256.875000000007 -0.24999999999999997 31199.500000000004 1.0000000180025095e-35 46043.900000000009
decision_type=2 2 2 2 2 2 2 2 2 2 2 2 2 2 2 2 2 2 2 2 2 2 2 2 2 2 2 2 2 2 2 2 2 2 2 2 2 2 2 2 2 2 2 2 2 2 2 2 2 2 2 2 2 2 2 2 2 2 2 2 2 2
left_child=2 4 8 6 7 12 -3 25 15 23 19 16 37 40 27 44 18 36 -7 20 -6 58 45 54 29 26 48 -12 -22 -25 -21 -20 -26 50 61 -14 38 -5 -11 -37 57 43 -43 52 -1 -15 -35 -24 -2 -32 -27 -42 -23 -48 55 -9 -36 -4 -10 -60 -49 -28
right_child=1 3 13 5 10 11 -8 9 21 17 14 -13 35 22 -16 -17 -18 -19 31 30 28 41 47 24 32 33 34 -29 -30 -31 49 -33 -34 46 56 39 -38 -39 -40 -41 51 42 -44 -45 -46 -47 53 60 -50 -51 -52 -53 -54 -55 -56 -57 -58 -59 59 -61 -62 -63
leaf_value=-12.289765897629254 -41.04734360852779 661.08993189209218 -410.90040968843562 511.26695815284637 162.89787200694775 661.08993189209218 1234.3995871460634 -19.353288739808502 -145.27915182565005 161.95402790153113 290.25320051586351 661.08993189209218 31.367949380432535 -288.8093060064935 778.0138740498312 371.98584696250384 197.86532753179878 14.662556149908836 349.57162835715081 19.39154173142839 554.78803737331066 -146.25506659383828 -396.53618648068078 92.678924865722649 34.800080645552299 -117.13246025726085 -95.689154101079026 525.31793183491482 314.23646837164591 230.24631537630626 158.01780075451555 491.06833600830817 -155.13377798023791 154.69934757648127 -218.90153504376633 109.83946787178796 356.68507490442153 318.52210835471078 250.39479893873417 243.67279223949876 -476.66148728903357 -131.21203820752845 -12.289765897629254 -263.77446447423983 120.79900770032727 -167.66911542860839 15.471176622456303 -359.99206116644638 62.381982089370041 279.95139025099735 -23.416103478870255 -428.37486212352491 -93.910460468766885 101.32159912109375 -47.524374764854173 60.122363344770747 -140.19939098563924 -340.89294224330359 -265.22935359806206 -198.93736221832484 -298.9020278470507 8.7277707651499146
leaf_weight=15 14.999999999999998 18 50 10.000000000000002 12.999999999999998 10.999999999999998 18 31 12.999999999999998 41 12.999999999999998 37 14.999999999999998 23 10.999999999999998 9.9999999999999982 11.999999999999998 13.999999999999998 28 9.9999999999999982 11.000000000000002 53 57 44 32 12.999999999999998 10.000000000000002 19 19 31 12.000000000000002 33 9.9999999999999982 9.9999999999999982 19 21 13.999999999999998 20 67 23 81 19 14.999999999999998 10.999999999999998 11 18 61 33 20 13.999999999999998 41 91 65 10.999999999999998 27 22 24 23 23 44 29 10.999999999999998
leaf_count=15 15 18 50 10 13 11 18 31 13 41 13 37 15 23 11 10 12 14 28 10 11 53 57 44 32 13 10 19 19 31 12 33 10 10 19 21 14 20 67 23 81 19 15 11 11 18 61 33 20 14 41 91 65 11 27 22 24 23 23 44 29 11
internal_value=0.59463 203.932 -277.646 470.577 108.813 391.255 930.925 56.8051 -111.132 116.874 350.705 513.76 224.312 -392.3 521.389 120.975 428.086 210.829 466.128 257.259 331.648 -145.554 -329.655 51.9378 92.2121 -28.3273 -78.6614 431.025 403.989 149.771 167.734 426.798 -10.6833 8.34375 -131.504 142.472 233.309 384.256 217.001 180.192 -433.06 -113.925 -52.0087 -130.191 23.3764 -236.163 44.2439 -361.641 18.0644 224.496 -46.1523 -451.378 -117.525 28.7096 -7.00491 13.6876 -175.402 -389.34 -209.777 -222.056 -328.973 -41.2123
internal_weight=1620 936 684 246 690 210 36 568 279 333 122 121 89 405 43 36 84 136 72 79 43 243 160 197 117 235 99 32 30 75 36 61 42 136 64 59 122 30 108 44 245 163 34 129 26 41 82 119 35 26 54 172 118 72 80 53 43 73 80 67 62 21
internal_count=1620 936 684 246 690 210 36 568 279 333 122 121 89 405 43 36 84 136 72 79 43 243 160 197 117 235 99 32 30 75 36 61 42 136 64 59 122 30 108 44 245 163 34 129 26 41 82 119 35 26 54 172 118 72 80 53 43 73 80 67 62 21
is_linear=0
shrinkage=0.03


Tree=33
num_leaves=63
num_cat=0
split_feature=18 18 25 12 5 4 18 23 14 18 6 23 16 16 2 18 6 14 12 7 20 18 18 16 6 6 7 6 6 18 11 7 20 9 16 6 18 16 16 11 18 11 6 16 28 9 27 18 4 9 19 20 18 2 20 2 2 7 18 18 3 13
split_gain=9.58562e+10 2.48433e+10 1.36536e+10 9.33016e+09 9.07874e+09 3.68822e+09 3.44268e+09 3.03807e+09 2.32384e+09 2.26932e+09 2.12387e+09 2.02278e+09 1.45005e+09 1.16186e+09 1.06962e+09 1.01065e+09 9.35275e+08 8.50051e+08 6.27198e+08 5.45135e+08 7.85901e+08 5.15756e+08 4.89277e+08 7.25415e+08 4.65401e+08 4.53908e+08 5.29958e+08 4.29565e+08 4.0341e+08 3.58581e+08 3.15831e+08 3.13898e+08 2.98527e+08 2.89891e+08 2.81866e+08 2.81196e+08 2.94321e+08 2.64909e+08 2.48984e+08 2.17301e+08 2.03498e+08 1.99002e+08 1.7471e+08 2.25318e+08 2.06653e+08 1.68388e+08 1.57022e+08 1.54822e+08 1.29148e+08 9.79063e+07 9.69134e+07 8.75847e+07 8.23421e+07 7.64899e+07 7.623e+07 6.6415e+07 6.45101e+07 6.29226e+07 6.45429e+07 6.0137e+07 5.95102e+07 5.77877e+07
threshold=43515.05000000001 76150.700000000012 1.0000000180025095e-35 1.0326530610178755 1.0000000180025095e-35 51456.875000000007 104210.00000000001 56950.515384615392 0.21804511274181596 108144.60000000002 1.0000000180025095e-35 60896.976923076923 0.05017507414820211 0.0050761748317067487 60701.875000000007 71103.950000000026 1.0000000180025095e-35 0.2506329113478229 1.1814593759708412 -0.6830127018922193 39895.950000000004 34717.450000000004 54769.950000000004 0.0037543201186628354 1.0000000180025095e-35 1.0000000180025095e-35 -0.24999999999999997 1.0000000180025095e-35 1.0000000180025095e-35 61968.600000000013 0.872549019440927 -0.24999999999999997 34107.200000000004 -0.060268340127661565 -0.078707565751361327 1.0000000180025095e-35 95253.60000000002 0.0037543201186628354 0.0049751551641986644 0.84641379296280916 66752.500000000015 0.80898876386314755 1.0000000180025095e-35 0.0050505372572776661 1.0000000180025095e-35 -0.78574730703237861 1.0000000180025095e-35 51612.650000000009 43215.625000000007 0.35460488704253579 42531.850000000006 35812.450000000004 39029.200000000004 51890.625000000007 59216.05000000001 47087.500000000007 61875.000000000007 -0.24999999999999997 31199.500000000004 46043.900000000009 49095.625000000007 0.89599999985519108
decision_type=2 2 2 2 2 2 2 2 2 2 2 2 2 2 2 2 2 2 2 2 2 2 2 2 2 2 2 2 2 2 2 2 2 2 2 2 2 2 2 2 2 2 2 2 2 2 2 2 2 2 2 2 2 2 2 2 2 2 2 2 2 2
left_child=2 4 8 6 7 13 -3 25 16 12 22 19 17 30 28 27 -1 -7 38 20 51 57 54 29 61 26 50 -13 55 -24 -5 -19 -27 -25 47 -15 -37 59 40 -26 -12 60 43 52 -44 -22 48 -21 -34 -39 -2 -6 -23 -43 -9 -4 -56 -10 -59 -28 -30 -16
right_child=1 3 14 5 11 9 -8 10 21 -11 18 15 -14 35 24 -17 -18 31 -20 34 45 42 23 33 39 32 37 -29 41 -31 -32 -33 46 -35 -36 36 -38 49 -40 -41 -42 53 44 -45 -46 -47 -48 -49 -50 -51 -52 -53 -54 -55 56 -57 -58 58 -60 -61 -62 -63
leaf_value=-12.078727721057794 -55.886365195609436 641.20410095236082 -477.8055200753638 506.96356048886139 128.76163438951644 641.20410095236082 1169.3015458838618 -83.843169572282562 -140.95404662154104 641.20410095236082 157.10723099980041 281.61207605260017 166.68841203779448 30.433142728489756 -301.4706067154255 754.88372730152037 278.37414376509815 485.14909129237776 14.225799210325199 154.73743264947052 348.76447178604565 -141.87567871783412 89.904861965568699 -150.52584352701018 -150.6818937387516 -75.297665624269996 -92.846901637917668 509.64090712941749 -342.09324801772379 223.36113691029439 304.89493293148348 336.49722969758994 -1.9056044636794005 33.759329951277401 56.942616098282187 101.42366715835651 271.33256528401239 -247.82286320866763 346.06041046791887 -279.5019732758214 242.89415143850132 -413.60590618407178 -12.078727721057794 -255.93251451646958 -120.00954743342611 525.23750468104333 144.28023940284655 316.80072981126239 75.380803808233381 -142.78110149633102 51.263224803243922 253.57908444848388 -91.097474729476446 -357.56981578995067 21.260557343671508 -428.64188034717222 -44.482877250376326 -257.30691501369722 -192.98277245761585 8.4682972016205653 -254.92795275099732 -380.65124700287726
leaf_weight=19 10.999999999999998 15.999999999999998 48 9.9999999999999982 11.000000000000002 11.999999999999998 20 9.9999999999999982 12.999999999999998 37 41 12.999999999999998 19 14.999999999999998 13.999999999999998 10.999999999999998 17 27 13.999999999999998 12.000000000000002 10.000000000000002 53 44 9.9999999999999982 19 30 10.000000000000002 19 20 31 26 27 69 32 13.999999999999998 19 18 10.999999999999998 13.999999999999998 33 67 71 13.999999999999998 10.999999999999998 20 11.999999999999998 9.9999999999999982 9.9999999999999982 27 32 24 9.9999999999999982 65 43 52 104 18 23 44 10.999999999999998 13.999999999999998 39
leaf_count=19 11 16 48 10 11 12 20 10 13 37 41 13 19 15 14 11 17 27 14 12 10 53 44 10 19 30 10 19 20 31 26 27 69 32 14 19 18 11 14 33 67 71 14 11 20 12 10 10 27 32 24 10 65 43 52 104 18 23 44 11 14 39
internal_value=0.618743 197.882 -269.31 456.67 105.565 379.837 902.572 55.1046 -107.767 486.631 113.377 340.26 398.791 231.396 -380.541 505.858 116.932 465.256 204.521 249.598 321.77 -141.09 50.3826 89.4509 -297.467 -27.4813 -76.3144 418.17 -409.508 145.291 362.274 411.583 8.09633 -10.3713 162.74 140.266 184.591 -127.58 226.329 -232.813 210.502 -373.323 -110.35 -126.297 -49.6532 446.964 31.7472 229.503 19.887 -170.165 17.5243 189.119 -114.005 -392.801 -6.79502 -444.471 4.31572 -203.506 -215.415 -39.9883 -307.055 -360.343
internal_weight=1620 936 684 246 690 210 36 568 279 122 333 122 85 88 405 43 36 66 136 79 43 243 197 117 105 235 99 32 300 75 36 54 136 42 36 52 37 64 122 52 108 148 163 129 34 22 106 22 96 43 35 21 118 114 80 152 70 80 67 21 34 53
internal_count=1620 936 684 246 690 210 36 568 279 122 333 122 85 88 405 43 36 66 136 79 43 243 197 117 105 235 99 32 300 75 36 54 136 42 36 52 37 64 122 52 108 148 163 129 34 22 106 22 96 43 35 21 118 114 80 152 70 80 67 21 34 53
is_linear=0
shrinkage=0.03


Tree=34
num_leaves=63
num_cat=0
split_feature=18 18 25 12 5 24 18 23 16 23 18 16 18 2 16 18 16 2 12 7 20 18 17 16 18 11 18 11 17 20 2 18 22 18 18 9 3 7 16 21 20 20 10 18 18 10 24 21 21 3 20 3 20 7 7 21 18 18 16 16 22 24
split_gain=9.02152e+10 2.34014e+10 1.28542e+10 8.74724e+09 8.54708e+09 4.07967e+09 3.65056e+09 2.85902e+09 2.19133e+09 1.90385e+09 1.89439e+09 1.37023e+09 1.29098e+09 1.00623e+09 9.99436e+08 9.51686e+08 7.29877e+08 6.31506e+08 6.27517e+08 5.13207e+08 7.39834e+08 4.37113e+08 4.36711e+08 4.02615e+08 3.67153e+08 3.58898e+08 3.45869e+08 3.13894e+08 3.03797e+08 3.02259e+08 2.91231e+08 2.67599e+08 2.25222e+08 1.97677e+08 1.81214e+08 1.5848e+08 1.57467e+08 1.80561e+08 1.75375e+08 1.5572e+08 1.52481e+08 1.98234e+08 1.34082e+08 1.33833e+08 1.27564e+08 1.18408e+08 1.08746e+08 9.9922e+07 9.08382e+07 8.38337e+07 8.24639e+07 7.79572e+07 6.67304e+07 6.64669e+07 6.25863e+07 6.08543e+07 5.66646e+07 5.5662e+07 5.28437e+07 8.25726e+07 5.28248e+07 5.09402e+07
threshold=43515.05000000001 76150.700000000012 1.0000000180025095e-35 1.0297193875575261 1.0000000180025095e-35 52630.625000000007 104210.00000000001 56950.515384615392 -1.0000000180025095e-35 60896.976923076923 108144.60000000002 0.0050761748317067487 63299.650000000001 60701.875000000007 0.05017507414820211 71103.950000000026 0.05017507414820211 49988.125000000007 1.1132075469576492 -0.6830127018922193 39895.950000000004 36237.30000000001 0.075365239281317054 0.0051282388444369173 50657.150000000001 0.872549019440927 55231.500000000007 0.80822429891277703 0.079999999981325773 63778.750000000007 62500.000000000007 73508.35000000002 15109.288661150951 40304.150000000009 57309.350000000006 -0.78574730703237861 55939.375000000007 0.93301270189221952 0.0037543201186628354 10946.112500000001 54050.250000000007 61017.05000000001 0.98182534576205305 55231.500000000007 94202.10000000002 0.61559370248597567 41670.725000000006 30881.712500000005 50027.287500000013 49095.625000000007 35812.450000000004 58308.125000000007 61172.600000000006 -0.24999999999999997 -0.24999999999999997 35954.912500000013 18132.050000000003 38442.000000000007 0.0050251573518178558 0.0048899755501222728 856.41023406129 38478.575000000004
decision_type=2 2 2 2 2 2 2 2 2 2 2 2 2 2 2 2 2 2 2 2 2 2 2 2 2 2 2 2 2 2 2 2 2 2 2 2 2 2 2 2 2 2 2 2 2 2 2 2 2 2 2 2 2 2 2 2 2 2 2 2 2 2
left_child=2 4 8 6 7 11 -3 23 17 19 16 25 26 27 36 29 18 33 -7 20 50 47 56 24 58 -5 42 49 -21 -11 -20 43 54 55 -26 -22 37 -14 -38 -29 -28 -42 51 -25 -34 -45 -23 -10 -30 -4 -6 -9 -46 -49 -13 -1 -15 -48 59 -2 -59 -41
right_child=1 3 13 5 9 10 -8 12 21 15 -12 32 14 22 -16 -17 -18 -19 30 28 35 46 -24 31 34 -27 40 39 48 -31 -32 -33 44 -35 -36 -37 38 -39 -40 61 41 -43 -44 45 52 -47 57 53 -50 -51 -52 -53 -54 -55 -56 -57 -58 60 -60 -61 -62 -63
leaf_value=-87.073390321637106 -38.001206287648507 634.86059277524873 -358.48992281702169 517.82278716216206 124.93358617834139 634.86059277524873 1191.3549577002761 16.332230811222225 -261.94200531612165 518.72251520753809 634.86059277524873 103.45632762057718 208.50274441571304 -358.80272817689115 -54.831879651120168 732.44125475084468 187.01910005932012 281.77231986174712 327.4857704417816 17.124194319602285 338.40512724319291 -159.06982147759814 -168.52558872136592 -174.85889688520288 34.42428368117281 302.4955128110189 174.47169134489528 -449.31304742114679 149.03827743151953 326.05605100621722 462.77984351397276 55.548633691768835 110.45179381920013 114.29216465436775 173.86229736328124 509.61059755940073 198.43919242605511 334.98105250839359 67.012306161434097 -428.78896357738466 -44.781659799707995 98.463598088161802 93.11852466248628 -48.104623378085101 278.28554449957761 -167.67303048615409 -131.59788416645915 -120.03237038559054 264.10794672539896 -273.18678383712364 246.04703627784653 -56.265470415081893 169.97752480996621 -189.55146951146065 2.0060757959951268 12.768650063759038 -300.91260293073196 -18.7274688885663 -100.21623539990718 49.040720940667235 -89.636759118748131 -384.22309312257119
leaf_weight=10.000000000000002 85 14.999999999999998 31 10.999999999999998 11.000000000000002 11.999999999999998 18 60 14.999999999999998 12.999999999999998 37 12.000000000000002 78 27 14.999999999999998 10.999999999999998 11.999999999999998 10.999999999999998 28 9.9999999999999982 10.000000000000002 28 22 20 50 21 19 75 12.000000000000002 19 33 9.9999999999999982 14.999999999999998 12.999999999999998 9.9999999999999982 11.999999999999998 27 11.999999999999998 13.999999999999998 40 9.9999999999999982 64 17 29 11.000000000000002 9.9999999999999982 25 15.999999999999998 13.999999999999998 19 9.9999999999999982 17 10.999999999999998 68 9.9999999999999982 11.999999999999998 56 10.999999999999998 9.9999999999999982 10.999999999999998 70 135
leaf_count=10 85 15 31 11 11 12 18 60 15 13 37 12 78 27 15 11 12 11 28 10 10 28 22 20 50 21 19 75 12 19 33 10 15 13 10 12 27 12 14 40 10 64 17 29 11 10 25 16 14 19 10 17 11 68 10 12 56 11 10 11 70 135
internal_value=0.641629 192.012 -261.224 443.178 102.415 372.435 897.286 53.4542 -104.481 330.134 485.829 220.045 109.983 -369.15 176.81 490.79 406.004 84.5979 441.697 242.178 312.205 -141.831 -288.574 -26.6611 -1.3309 377.897 57.7413 -397.245 157.902 405.699 401.315 -87.5104 133.936 22.0025 57.9146 433.673 203.356 225.72 153.834 -411.221 98.7286 79.0718 17.1281 -111.811 179.071 -79.1137 -106.371 -189.67 211.773 -326.685 183.5 0.251939 225.146 -176.468 57.5604 -32.8026 -320.153 -92.3141 -34.8891 -27.987 -80.0421 -394.649
internal_weight=1620 936 684 246 690 213 33 568 279 122 122 91 333 405 146 43 85 46 73 79 43 233 105 235 166 32 187 300 36 32 61 69 59 35 60 22 131 90 41 250 93 74 94 59 37 39 134 99 26 50 21 77 22 84 22 22 83 106 106 96 81 175
internal_count=1620 936 684 246 690 213 33 568 279 122 122 91 333 405 146 43 85 46 73 79 43 233 105 235 166 32 187 300 36 32 61 69 59 35 60 22 131 90 41 250 93 74 94 59 37 39 134 99 26 50 21 77 22 84 22 22 83 106 106 96 81 175
is_linear=0
shrinkage=0.03


Tree=35
num_leaves=63
num_cat=0
split_feature=21 23 25 17 14 21 2 17 21 6 20 12 6 6 27 1 2 9 20 8 6 6 8 22 22 7 21 6 1 6 12 20 20 1 11 23 10 14 9 19 21 14 17 8 2 20 23 11 7 19 20 7 20 1 19 9 23 14 23 19 1 23
split_gain=8.2823e+10 2.26917e+10 1.22471e+10 9.31262e+09 9.25946e+09 4.31629e+09 2.29932e+09 2.25353e+09 2.16489e+09 1.99877e+09 1.39932e+09 1.33017e+09 1.28494e+09 1.20098e+09 1.19512e+09 9.46674e+08 8.75603e+08 8.58531e+08 7.81195e+08 6.11006e+08 5.92595e+08 5.74907e+08 5.5784e+08 5.32309e+08 5.1188e+08 4.87703e+08 4.52835e+08 4.2437e+08 3.82226e+08 3.72694e+08 3.63239e+08 3.62163e+08 3.60348e+08 3.3477e+08 2.8349e+08 2.70072e+08 2.6225e+08 2.60771e+08 2.56091e+08 2.54156e+08 2.15182e+08 1.91698e+08 1.77361e+08 1.66471e+08 1.42694e+08 1.26005e+08 1.1984e+08 1.18947e+08 1.15993e+08 1.03035e+08 9.9971e+07 8.61515e+07 8.2368e+07 6.88506e+07 6.59533e+07 6.42802e+07 6.38254e+07 6.36261e+07 6.16847e+07 5.20204e+07 5.05098e+07 4.91828e+07
threshold=44665.812500000007 82097.876923076925 1.0000000180025095e-35 0.041245326282528236 0.24296675187449793 65651.60000000002 60937.500000000007 0.041245326282528236 61444.850000000006 1.0000000180025095e-35 51897.150000000001 1.0267857140995378 1.0000000180025095e-35 1.0000000180025095e-35 1.0000000180025095e-35 41020.000000000007 57326.250000000007 -0.51639395938746191 54267.600000000013 0.93301270189221952 1.0000000180025095e-35 1.0000000180025095e-35 0.93301270189221952 8337.4081549669172 5182.1502896045195 -0.24999999999999997 74733.062500000015 1.0000000180025095e-35 30945.000000000004 1.0000000180025095e-35 1.1565945280765215 40493.500000000007 48746.700000000004 31500.000000000004 0.95922883995513952 74459.973076923096 -0.35460488704253562 0.25440806040471847 -0.35460488704253573 51021.950000000004 80909.962500000009 0.17083023276520834 0.07544551663278197 0.93301270189221952 51890.625000000007 35397.900000000001 57565.511538461542 0.9701818180062981 -0.24999999999999997 75079.60000000002 66892.750000000015 -0.93301270189221919 49889.750000000007 30529.000000000004 41203.700000000004 0.70581670320594825 59876.080769230779 0.2133517592883212 40678.834615384621 60667.400000000009 34707.000000000007 44795.692307692319
decision_type=2 2 2 2 2 2 2 2 2 2 2 2 2 2 2 2 2 2 2 2 2 2 2 2 2 2 2 2 2 2 2 2 2 2 2 2 2 2 2 2 2 2 2 2 2 2 2 2 2 2 2 2 2 2 2 2 2 2 2 2 2 2
left_child=2 3 7 5 11 13 19 21 20 37 38 -3 22 18 16 29 45 -13 43 -6 36 28 40 35 -10 46 47 -17 -1 57 -16 -22 56 -23 -33 51 -5 -8 -9 -27 50 -29 53 55 -34 -15 -20 59 58 -28 -7 -14 -50 -31 -54 -2 -25 -4 -30 -26 -44 -35
right_child=1 4 15 8 6 12 9 10 24 -11 -12 17 23 14 30 27 -18 -19 25 -21 31 33 -24 32 26 39 49 41 48 42 -32 34 44 61 -36 -37 -38 -39 -40 -41 -42 -43 60 -45 -46 -47 -48 -49 52 -51 -52 -53 54 -55 -56 -57 -58 -59 -60 -61 -62 -63
leaf_value=-240.27663307551433 -37.062808694147876 1180.6604117962788 -390.82431224222717 200.7468480032928 272.76651099847987 25.982783154789701 453.34023789305121 105.19688528745228 638.18011024664258 656.3165911101994 420.10361876837101 987.59922913137825 197.99596851105389 -50.59608632029444 300.33994860895075 -339.96739776438915 225.28572643301101 656.3165911101994 58.810395231761376 6.7986904074928978 183.69055337310374 -116.30414746788252 -76.276019003349433 42.510152302194143 433.480604984504 -98.318934114807675 590.34851885330568 -130.54195476271349 -113.86223290475091 -406.21582972645427 107.99935841541416 419.52949464168847 148.03869172733539 -10.699503451048869 244.80224589661779 425.47725561725201 2.7961878904232309 298.89418754027059 -76.07291806404163 -3.7909960744931146 225.07840039435231 -256.72525937067172 -320.53335692081146 -202.34517305658662 241.66805438875491 19.644185777008197 175.03353921180911 255.28142590588863 -178.16913413687928 442.56781095297026 115.53737833098162 292.7927745409113 -154.94707013015429 -351.00980782336444 -80.447210935905787 -118.1229250827124 135.09049290314886 -436.312835954283 -29.295057712761132 332.61322943569212 -239.19687312998667 71.593430185099606
leaf_weight=40 12.999999999999998 12.999999999999998 59 12.000000000000002 22 15.999999999999998 15.999999999999998 13 11.999999999999998 27 9.9999999999999982 11 13.999999999999995 31 22 53 18 14 24 11.999999999999998 22 30 17 14.000000000000002 12.000000000000002 33 12.000000000000002 15.999999999999998 27 36 14.999999999999998 19 21 13.000000000000002 15.999999999999998 11.999999999999998 11.999999999999998 29 15 113 12.999999999999998 36 19 18 54 88 11.999999999999998 9.9999999999999982 51 9.9999999999999982 38 28.000000000000004 24 79 20 28 12.999999999999998 93 10.999999999999998 11.999999999999998 13.999999999999998 12.999999999999998
leaf_count=40 13 13 59 12 22 16 16 13 12 27 10 11 14 31 22 53 18 14 24 12 22 30 17 14 12 33 12 16 27 36 15 19 21 13 16 12 12 29 15 113 13 36 19 18 54 88 12 10 51 10 38 28 24 79 20 28 13 93 11 12 14 13
internal_value=0.631174 181.225 -254.124 119.073 527.913 70.351 383.248 -96.3393 333.065 479.227 117.386 929.385 171.591 11.7754 71.8156 -358.095 30.8883 794.538 -31.5849 179.191 227.827 -131.84 76.8669 222.514 457.903 -0.812076 418.204 -279.941 -158.877 -385.347 222.865 280.454 181.851 -48.1826 340.579 298.845 102.194 354.692 8.16282 -25.2096 115.78 -218.225 -350.602 -126.349 215.684 1.31916 97.9291 347.451 -134.234 525.482 89.0998 261.739 -152.005 -368.63 -121.343 -92.5737 87.42 -418.925 -89.5235 384.636 -286.854 30.5635
internal_weight=1620 948 672 804 144 655 106 267 149 72 38 38 240 415 174 405 137 25 241 34 81 229 84 156 68 182 56 105 173 300 37 57 102 56 35 54 24 45 28 146 67 52 148 59 75 119 36 34 133 22 54 42 95 115 44 41 27 152 38 24 33 26
internal_count=1620 948 672 804 144 655 106 267 149 72 38 38 240 415 174 405 137 25 241 34 81 229 84 156 68 182 56 105 173 300 37 57 102 56 35 54 24 45 28 146 67 52 148 59 75 119 36 34 133 22 54 42 95 115 44 41 27 152 38 24 33 26
is_linear=0
shrinkage=0.03


Tree=36
num_leaves=63
num_cat=0
split_feature=18 18 25 12 5 1 24 21 14 18 18 16 18 10 18 16 14 12 16 18 12 16 16 18 18 11 7 11 10 18 22 18 14 18 18 22 10 1 18 21 8 2 20 20 2 7 17 22 7 24 18 16 10 2 7 20 7 18 7 18 11 18
split_gain=7.99332e+10 2.08153e+10 1.13729e+10 7.71117e+09 7.55238e+09 3.91212e+09 3.01873e+09 2.39307e+09 1.93963e+09 1.58763e+09 1.51102e+09 1.03141e+09 9.00128e+08 8.97903e+08 8.24899e+08 7.66035e+08 7.39452e+08 7.30125e+08 6.41244e+08 7.39638e+08 6.11219e+08 5.68161e+08 5.18951e+08 5.82306e+08 4.30734e+08 4.09427e+08 2.94342e+08 2.56203e+08 2.41583e+08 2.20781e+08 2.04767e+08 1.69514e+08 1.66795e+08 1.42934e+08 1.31439e+08 1.31212e+08 1.26007e+08 1.23252e+08 1.2074e+08 1.09571e+08 1.08723e+08 1.04413e+08 9.59529e+07 1.83149e+08 9.02272e+07 8.59322e+07 8.34056e+07 8.22253e+07 7.57883e+07 7.14141e+07 6.64257e+07 1.08107e+08 6.15698e+07 6.00256e+07 5.71234e+07 5.67048e+07 5.6503e+07 5.67106e+07 4.66052e+07 4.36307e+07 4.35181e+07 3.91521e+07
threshold=43515.05000000001 76150.700000000012 1.0000000180025095e-35 1.0326530610178755 1.0000000180025095e-35 42920.000000000007 57604.375000000007 60559.200000000012 0.21804511274181596 108144.60000000002 68157.550000000017 0.0050761748317067487 15778.800000000001 0.74851074817110097 63299.650000000001 0.05017507414820211 0.2506329113478229 1.0596353222261845 0.05017507414820211 55728.200000000004 0.97168539304328594 0.05017507414820211 -0.075399971249820216 54543.700000000004 34717.450000000004 0.80898876386314755 -0.24999999999999997 0.872549019440927 0.8542199457734333 58518.350000000006 15109.288661150951 49464.000000000007 0.20948616596859607 72533.700000000012 56701.80000000001 5435.2013828951067 0.56806474673115537 30945.000000000004 94202.10000000002 19081.250000000004 -0.68301270189221952 47087.500000000007 54050.250000000007 63299.650000000001 49061.750000000007 -0.5 0.0010234886395476695 8504.0393989387976 -0.6830127018922193 39578.750000000007 61968.600000000013 0.0049751551641986644 -0.70581670320594803 51256.875000000007 -0.24999999999999997 61172.600000000006 -0.24999999999999997 31199.500000000004 0.68301270189221941 38172.30000000001 0.87850467273699395 68157.550000000017
decision_type=2 2 2 2 2 2 2 2 2 2 2 2 2 2 2 2 2 2 2 2 2 2 2 2 2 2 2 2 2 2 2 2 2 2 2 2 2 2 2 2 2 2 2 2 2 2 2 2 2 2 2 2 2 2 2 2 2 2 2 2 2 2
left_child=2 4 8 6 7 11 -3 18 13 15 20 27 32 41 34 16 -7 -12 19 31 -6 28 23 48 56 35 -18 -5 33 -20 54 46 53 -16 -9 -14 61 45 -32 -27 52 -1 -36 -44 -33 -26 -2 58 -22 -34 51 -21 59 -4 -13 -40 -10 -58 -42 -39 -29 -31
right_child=1 3 12 5 10 9 -8 14 24 -11 17 30 25 -15 21 -17 26 -19 29 50 22 -23 -24 -25 37 39 -28 60 -30 36 38 44 49 -35 42 -37 -38 40 55 -41 47 -43 43 -45 -46 -47 -48 -49 -50 -51 -52 -53 -54 -55 -56 -57 57 -59 -60 -61 -62 -63
leaf_value=-11.001677102675664 -37.197485611859491 585.41427436171227 -363.64739170097306 459.9959823638614 424.29801187645563 585.41427436171227 1099.8130599318024 15.239302805000559 -126.78180403614772 585.41427436171227 639.16716250970489 96.398454085420937 -251.9472152600535 346.91927664275215 180.15134524362597 173.08185097730797 447.56888271880774 307.34938389542077 -159.03220604041951 72.563520281917249 224.8684721936678 -34.84970774882548 54.172833654525434 322.41643918016842 -115.43268334799252 -357.65010947668111 304.0598378041397 330.25238126547015 76.273252446256734 -39.602783464361863 102.91313213019971 -10.792251739399131 -423.08985022830609 253.79675353510362 154.42361354097406 -140.21935424046484 -119.92689213529546 -129.8463687079487 263.33357157939179 -295.60318595834048 -11.001677102675664 88.423184055637677 -36.481523059182912 97.666038145530877 49.750879076422876 -230.37601311107673 45.942208738721114 -97.202844331680225 138.85179765934313 -379.82786020255901 192.45487705948329 180.42616656847235 -175.97800478596332 -299.12232345779222 -0.49804598666653771 160.74377784653467 -236.37927167619972 -176.1878168264376 -62.524038961520368 -79.645336207469512 243.35865716590641 27.751640362648562
leaf_weight=15.000000000000002 107 18 50 9.9999999999999982 15.999999999999998 11.999999999999998 18 39 12.999999999999998 37 16.000000000000004 12.000000000000002 25 9.9999999999999982 72 12.999999999999998 26.999999999999996 9.9999999999999982 23 28 16.999999999999996 10.999999999999998 13.999999999999998 27 15.000000000000002 46 27.000000000000004 10.000000000000002 14.999999999999998 19 14.999999999999998 37 81 37 13.999999999999998 15.999999999999998 13.999999999999998 28 11.000000000000002 73 13.999999999999998 10.999999999999998 11.999999999999998 38 55 9.9999999999999982 11.999999999999998 28 22.000000000000004 91 9.9999999999999982 11.999999999999998 11.999999999999998 23 9.9999999999999982 9.9999999999999982 23 44 19 37 15.999999999999998 12.999999999999998
leaf_count=15 107 18 50 10 16 12 18 39 13 37 16 12 25 10 72 13 27 10 23 28 17 11 14 27 15 46 27 10 15 19 15 37 81 37 14 16 14 28 11 73 14 11 12 38 55 10 12 28 22 91 10 12 12 23 10 10 23 44 19 37 16 13
internal_value=0.634631 180.77 -245.857 417.651 96.2685 347.799 823.029 50.2447 -98.4222 464.351 310.327 203.629 -347.374 106.863 122.732 385.391 426.884 513.212 -2.05561 19.452 254.902 171.5 220.535 255.688 -128.866 -291.553 376.509 329.629 189.819 -83.321 124.99 -5.14953 -383.694 205.36 58.7088 -208.793 -45.2025 -100.774 168.989 -319.868 -89.5471 13.5579 85.133 65.462 25.4167 -162.145 -28.7821 -59.4694 176.826 -400.435 123.074 105.292 -113.267 -343.755 52.5515 215.475 -185.906 -197.172 -27.2561 -101.437 277.917 -12.2387
internal_weight=1620 936 684 246 690 210 36 568 279 116 122 94 405 36 238 79 66 26 330 261 96 135 80 66 243 160 54 36 124 69 58 211 245 109 103 41 46 163 36 119 138 26 64 50 92 25 119 61 39 172 50 40 77 73 22 21 80 67 33 65 26 32
internal_count=1620 936 684 246 690 210 36 568 279 116 122 94 405 36 238 79 66 26 330 261 96 135 80 66 243 160 54 36 124 69 58 211 245 109 103 41 46 163 36 119 138 26 64 50 92 25 119 61 39 172 50 40 77 73 22 21 80 67 33 65 26 32
is_linear=0
shrinkage=0.03


Tree=37
num_leaves=63
num_cat=0
split_feature=18 23 25 5 14 21 2 16 6 21 18 6 18 23 6 6 4 6 23 11 8 24 22 8 6 7 18 7 20 4 2 23 16 11 27 14 16 18 24 16 2 24 18 16 14 18 20 13 22 20 6 21 21 16 16 18 23 18 18 23 24 2
split_gain=7.5259e+10 1.96751e+10 1.07013e+10 8.5558e+09 8.28238e+09 3.65648e+09 2.06542e+09 1.82567e+09 1.82382e+09 1.64865e+09 1.15479e+09 1.0887e+09 8.51032e+08 8.09168e+08 1.00402e+09 7.3825e+08 7.96759e+08 6.37626e+08 6.83315e+08 6.94787e+08 5.53158e+08 5.50534e+08 4.75067e+08 4.62064e+08 4.4461e+08 4.41098e+08 3.68275e+08 3.55526e+08 3.28222e+08 3.07752e+08 2.99159e+08 2.99148e+08 2.97036e+08 2.71106e+08 2.44627e+08 2.31928e+08 2.31441e+08 2.4576e+08 2.25077e+08 2.21806e+08 2.20352e+08 2.13952e+08 2.07655e+08 2.35194e+08 1.77928e+08 1.76239e+08 1.65545e+08 1.3884e+08 1.26699e+08 1.24163e+08 1.18658e+08 1.16687e+08 1.0491e+08 1.00726e+08 1.25276e+08 8.18572e+07 7.94277e+07 6.82409e+07 6.01527e+07 5.70841e+07 5.67117e+07 5.61259e+07
threshold=43515.05000000001 82097.876923076925 1.0000000180025095e-35 1.0000000180025095e-35 0.24296675187449793 65651.60000000002 60937.500000000007 -1.0000000180025095e-35 1.0000000180025095e-35 69923.362500000017 104210.00000000001 1.0000000180025095e-35 21334.200000000001 56950.515384615392 1.0000000180025095e-35 1.0000000180025095e-35 38408.750000000007 1.0000000180025095e-35 43869.192307692319 0.95922883995513952 0.93301270189221952 59268.125000000007 8337.4081549669172 0.93301270189221952 1.0000000180025095e-35 -0.24999999999999997 33738.850000000006 -0.24999999999999997 48746.700000000004 43215.625000000007 51256.875000000007 50046.838461538471 0.0049140049140049555 0.82765255619113109 1.0000000180025095e-35 0.25440806040471847 0.0050505372572776661 65548.650000000009 50621.875000000007 0.0037543201186628354 52965.000000000007 54208.075000000004 68929.300000000003 -1.0000000180025095e-35 0.20204603575485572 77771.35000000002 67926.150000000009 1.0833333330701314 17856.541177399289 33685.500000000007 1.0000000180025095e-35 69519.050000000017 42282.762500000004 0.0050251573518178558 0.0049140049140049555 52594.650000000009 47649.769230769241 40574.200000000004 26300.050000000007 59876.080769230779 52412.05000000001 64045.625000000007
decision_type=2 2 2 2 2 2 2 2 2 2 2 2 2 2 2 2 2 2 2 2 2 2 2 2 2 2 2 2 2 2 2 2 2 2 2 2 2 2 2 2 2 2 2 2 2 2 2 2 2 2 2 2 2 2 2 2 2 2 2 2 2 2
left_child=2 3 7 5 10 13 20 15 35 17 -3 23 30 24 27 52 -17 40 -19 29 -6 -12 32 36 25 56 58 -15 59 -20 50 49 45 61 41 -8 37 -7 -33 -27 -5 -16 -11 -44 -32 -13 -29 -36 -30 -26 -4 -38 -1 54 57 -21 -2 -28 -9 -24 -35 -14
right_child=1 4 12 9 6 11 8 26 -10 42 21 22 33 14 34 16 -18 18 19 55 -22 -23 28 -25 31 39 53 46 48 -31 44 38 -34 60 47 -37 51 -39 -40 -41 -42 -43 43 -45 -46 -47 -48 -49 -50 -51 -52 -53 -54 -55 -56 -57 -58 -59 -60 -61 -62 -63
leaf_value=-98.925490738380944 -45.7203701170614 651.8467604097408 -408.18009243301248 27.447534220041312 256.74984215921944 100.36789925364704 426.04099851999217 -253.53049276815875 619.36119675408588 367.39436442729851 869.05645694813813 201.69986393564753 -196.3397586176049 151.50775295232305 42.222454573648008 -4.698438077114595 350.8493303511525 120.81466137619492 351.00781264575551 174.15667225146106 3.7091430563177945 1187.3769906404702 38.83299974157454 -75.447603604146195 -75.473571933439402 -35.632114936141605 -120.64981124687412 -45.753456294551775 171.922183844676 536.15058386796363 -261.09786853825932 24.022723243909006 421.83143831820098 -311.86434152300507 292.44035556579956 280.41890036042207 -36.061174807406871 263.96763835877863 152.14668274884448 -154.74173886044673 217.87558187654702 216.88517636138613 600.40978549890349 424.58455389793869 -342.54520698471123 333.35038563829784 30.845190438549228 151.50803710937501 253.31235411968424 3.3129689935891018 -355.05967400818264 88.070550690420433 29.869720839698715 -170.08233958299246 -10.965831298828125 277.42444849917763 49.178973426323431 -74.168277165884192 -174.87363855148553 126.36870419101862 -239.2937460630726 -100.02086802869741
leaf_weight=13.000000000000002 11.999999999999998 13.999999999999998 96 12.000000000000002 22 23 15.999999999999998 10.999999999999998 27 11.999999999999998 14.000000000000002 29 13.000000000000002 14.999999999999998 17.000000000000004 10.000000000000002 12.999999999999998 15.999999999999998 20 13.000000000000002 11.999999999999998 9.9999999999999982 14.000000000000002 14.999999999999998 26 21 88 47 46 14.999999999999998 32 35 10.999999999999998 27 16.000000000000004 29 10.000000000000002 12.999999999999998 19 43 9.9999999999999982 9.9999999999999982 17 14.000000000000002 130 13.999999999999998 55 10.999999999999998 29 58 78 21 9.9999999999999982 19 13.999999999999998 17 23 43 58 12.999999999999998 19 9.9999999999999982
leaf_count=13 12 14 96 12 22 23 16 11 27 12 14 29 13 15 17 10 13 16 20 13 12 10 14 15 26 21 88 47 46 15 32 35 11 27 16 29 10 13 19 43 10 10 17 14 130 14 55 11 29 58 78 21 10 19 14 17 23 43 58 13 19 10
internal_value=0.678721 175.468 -238.497 116.785 497.921 69.8834 361.104 -95.482 452.068 324.117 877.618 163.307 -336.971 15.3599 65.0785 77.1026 196.912 258.529 297.431 340.654 167.714 1006.07 209.814 74.6807 -20.5254 -69.005 -129.573 15.6477 171.4 431.656 -356.747 14.2782 281.923 -240.294 171.952 333.026 108.354 160.013 69.3013 -115.776 114.6 107.474 480.258 522.625 -326.628 245.237 -4.46048 235.795 203.688 -21.1341 -384.585 48.0408 -43.0406 -104.991 -96.351 233.402 16.6044 -105.461 -187.762 81.2907 -282.474 -155.076
internal_weight=1620 936 684 792 144 646 106 279 72 146 38 238 405 408 171 46 23 103 81 65 34 24 156 82 237 99 233 117 102 35 336 138 54 69 54 45 67 36 54 64 22 27 43 31 162 43 102 27 75 84 174 31 23 164 145 30 35 131 69 27 46 23
internal_count=1620 936 684 792 144 646 106 279 72 146 38 238 405 408 171 46 23 103 81 65 34 24 156 82 237 99 233 117 102 35 336 138 54 69 54 45 67 36 54 64 22 27 43 31 162 43 102 27 75 84 174 31 23 164 145 30 35 131 69 27 46 23
is_linear=0
shrinkage=0.03


Tree=38
num_leaves=63
num_cat=0
split_feature=18 23 21 14 5 21 16 2 6 18 23 18 10 6 18 17 6 27 16 2 2 10 6 18 20 7 13 1 2 10 3 16 14 16 18 18 17 24 21 18 6 14 6 16 23 23 18 16 10 18 16 19 13 26 6 1 19 20 18 18 7 23
split_gain=7.08432e+10 1.76129e+10 1.17747e+10 7.79115e+09 7.25332e+09 2.98496e+09 2.193e+09 1.94845e+09 1.72511e+09 1.63539e+09 1.0945e+09 1.0873e+09 1.03287e+09 9.91656e+08 9.16011e+08 8.73476e+08 6.86291e+08 1.03729e+09 8.37802e+08 7.5658e+08 4.24876e+08 4.16316e+08 4.15791e+08 3.63291e+08 3.60291e+08 3.57501e+08 3.16681e+08 2.90573e+08 2.62879e+08 2.55271e+08 2.47598e+08 2.30275e+08 2.18382e+08 2.17864e+08 2.31374e+08 2.17662e+08 2.1517e+08 1.95135e+08 1.90431e+08 1.62982e+08 1.53647e+08 1.52308e+08 1.3325e+08 2.33088e+08 1.7117e+08 1.20985e+08 1.13e+08 1.0259e+08 1.01518e+08 9.60014e+07 1.16083e+08 5.7431e+07 5.38781e+07 4.06964e+07 3.99418e+07 4.20369e+07 3.8228e+07 3.81712e+07 3.37651e+07 3.3398e+07 3.03512e+07 2.80302e+07
threshold=46043.900000000009 82097.876923076925 30881.712500000005 0.24296675187449793 1.0000000180025095e-35 65651.60000000002 -0.040941482945758438 60937.500000000007 1.0000000180025095e-35 54543.700000000004 53793.573076923079 104210.00000000001 0.91023613416931248 1.0000000180025095e-35 21334.200000000001 0.07545679011077143 1.0000000180025095e-35 1.0000000180025095e-35 0.0050505372572776661 57326.250000000007 48941.750000000007 0.8542199457734333 1.0000000180025095e-35 37061.05000000001 40493.500000000007 -0.93301270189221919 1.0843802342401301 34707.000000000007 48460.750000000007 0.8542199457734333 56820.000000000007 -1.0000000180025095e-35 0.25440806040471847 0.0050505372572776661 65548.650000000009 53662.900000000009 0.07547911546421833 39701.55000000001 43035.075000000004 66084.35000000002 1.0000000180025095e-35 0.20204603575485572 1.0000000180025095e-35 0.0050505372572776661 44795.692307692319 68668.026923076934 75155.450000000026 0.0037543201186628354 0.78574730703237883 55231.500000000007 0.086956521739130502 68445.250000000015 0.85714285693978964 1.0000000180025095e-35 1.0000000180025095e-35 43670.000000000007 37927.400000000009 50691.600000000006 39029.200000000004 25887.350000000002 1.0000000180025095e-35 92010.219230769246
decision_type=2 2 2 2 2 2 2 2 2 2 2 2 2 2 2 2 2 2 2 2 2 2 2 2 2 2 2 2 2 2 2 2 2 2 2 2 2 2 2 2 2 2 2 2 2 2 2 2 2 2 2 2 2 2 2 2 2 2 2 2 2 2
left_child=2 4 14 11 5 16 12 22 32 48 24 -3 38 21 27 -13 18 19 29 37 51 33 -5 53 -11 45 -19 40 -12 35 -27 -16 -9 34 -7 -2 -30 -18 60 -38 -1 -29 43 58 56 -22 -35 59 57 -20 -51 -15 -42 -8 55 -43 -44 -6 -25 -33 -4 -34
right_child=1 3 6 7 9 13 23 8 -10 10 28 15 -14 20 31 -17 17 26 49 -21 25 -23 -24 42 -26 30 -28 41 36 -31 -32 47 61 46 -36 -37 39 -39 -40 -41 52 54 44 -45 -46 -47 -48 -49 -50 50 -52 -53 -54 -55 -56 -57 -58 -59 -60 -61 -62 -63
leaf_value=-396.8654182701224 4.875735579079298 632.43005703540564 12.083894683535734 50.928855063870827 209.72011759653134 97.369896478033667 -175.32311007576192 413.33915457589279 601.02110262047859 77.020526624622889 322.4717162566489 746.66452931621257 380.25534461295251 136.78399558263877 -108.66141531069418 1133.5939901928193 -118.6481512286212 279.5112610912754 -160.41813723873781 209.26286390272949 97.857203005967619 -74.33369965735902 261.23245872539701 -120.27423116312397 300.26473039716944 285.28642503752206 99.931661342595589 -244.32614055765083 604.88561533106429 -84.974267792952688 179.46665124637562 -243.18560240788244 313.77327148437485 -2.1677013603758413 256.10906138179865 85.38619146716799 341.68322354403409 13.380172871293333 116.18430292192673 477.64484475160253 -292.24339158698689 -352.86339342313784 -125.94529526512223 -222.56698868380246 54.100746459960945 224.27568364209466 113.63664510246451 -294.62761410532602 75.865721353066945 -37.286060750518359 -154.20037915505654 47.22342961085662 -353.81930015188084 -136.00822131374136 -296.19704748785739 -292.26468287417759 -56.994538041568767 136.43128952438767 -78.641965427610359 -179.71418880639484 -61.54533983287245 244.93586968016226
leaf_weight=101 72 13.999999999999998 10.000000000000002 15.999999999999998 19.000000000000004 23 56 15.999999999999998 27 10.000000000000002 13.999999999999998 10.000000000000002 9.9999999999999982 13.000000000000002 11.999999999999998 13.999999999999998 10.999999999999998 22 23 18 22 13.999999999999998 18 23 19 69 14.999999999999998 26 9.9999999999999982 17 29 20 11.000000000000002 18.000000000000004 12.999999999999998 52 11.999999999999998 109 14.999999999999998 35 20 63 9.9999999999999982 12.999999999999998 11.999999999999998 9.9999999999999982 12.999999999999998 30 10.999999999999998 21 11.999999999999998 12.999999999999998 75 46 34 17 27 10.999999999999998 81 14.999999999999998 9.9999999999999982 18
leaf_count=101 72 14 10 16 19 23 56 16 27 10 14 10 10 13 12 14 11 22 23 18 22 14 18 23 19 69 15 26 10 17 29 20 11 18 13 52 12 109 15 35 20 63 10 13 12 10 13 30 11 21 12 13 75 46 34 17 27 11 81 15 10 18
internal_value=0.686497 179.455 -219.444 483.237 121.072 76.1536 -80.6261 350.539 438.89 314.89 380.308 851.503 112.98 159.341 -324.605 976.141 23.1268 66.3427 -15.2771 28.4608 203.55 74.0515 162.706 -113.165 223.813 225.7 207.174 -346.057 443.824 23.7215 254.187 -230.672 323.082 105.122 155.243 38.6798 473.013 1.18884 35.7499 443.73 -370.061 -312.21 -85.6943 -103.09 -44.0322 137.939 46.6046 -252.996 154.797 -113.337 -80.1379 92.3563 -341.177 -157.743 -327.465 -340.367 -75.9192 183.39 -87.9558 -216.573 -24.8536 272.035
internal_weight=1620 894 726 144 750 609 313 106 72 141 100 38 45 237 413 24 372 175 197 138 156 81 34 268 29 130 37 336 71 141 98 77 45 67 36 124 57 120 35 47 196 140 166 117 49 32 31 65 41 56 33 26 95 102 114 80 37 30 104 35 20 29
internal_count=1620 894 726 144 750 609 313 106 72 141 100 38 45 237 413 24 372 175 197 138 156 81 34 268 29 130 37 336 71 141 98 77 45 67 36 124 57 120 35 47 196 140 166 117 49 32 31 65 41 56 33 26 95 102 114 80 37 30 104 35 20 29
is_linear=0
shrinkage=0.03


Tree=39
num_leaves=63
num_cat=0
split_feature=18 18 25 5 18 14 17 21 14 24 24 18 1 1 18 2 11 14 14 18 24 1 18 6 11 6 7 6 6 10 6 27 6 2 7 18 10 22 14 11 17 14 21 19 6 1 24 14 3 18 7 18 19 19 21 1 10 1 6 1 14 18
split_gain=6.66826e+10 1.74697e+10 9.48451e+09 6.32378e+09 6.28217e+09 3.01028e+09 2.52426e+09 1.99167e+09 1.64763e+09 1.64419e+09 1.48458e+09 1.27277e+09 7.61824e+08 7.35504e+08 6.87278e+08 6.17595e+08 5.96512e+08 5.07158e+08 4.99495e+08 4.98769e+08 6.91108e+08 4.97808e+08 3.81353e+08 3.5727e+08 6.03299e+08 3.51918e+08 3.45856e+08 3.40201e+08 3.08388e+08 3.03552e+08 2.80589e+08 2.412e+08 4.47125e+08 2.31455e+08 1.95619e+08 1.84185e+08 1.73975e+08 1.60128e+08 1.49579e+08 1.47173e+08 1.4399e+08 1.43519e+08 1.40012e+08 1.37553e+08 1.29599e+08 1.87911e+08 1.38208e+08 1.25353e+08 1.21366e+08 1.14064e+08 1.1079e+08 1.0884e+08 1.0719e+08 9.73524e+07 8.96907e+07 8.30966e+07 7.67659e+07 6.70325e+07 6.39834e+07 5.91162e+07 5.6797e+07 5.54195e+07
threshold=43515.05000000001 76150.700000000012 1.0000000180025095e-35 1.0000000180025095e-35 111700.15000000001 0.21717973125094933 0.07545679011077143 60559.200000000012 0.2061068701904871 57267.500000000007 57604.375000000007 68157.550000000017 41020.000000000007 33745.000000000007 63299.650000000001 60701.875000000007 0.87850467273699395 0.2506329113478229 0.19444862291379697 54543.700000000004 42488.510000000002 35115.000000000007 34717.450000000004 1.0000000180025095e-35 0.97749999979886348 1.0000000180025095e-35 -0.24999999999999997 1.0000000180025095e-35 1.0000000180025095e-35 0.78574730703237883 1.0000000180025095e-35 1.0000000180025095e-35 1.0000000180025095e-35 48941.750000000007 -0.24999999999999997 59333.55000000001 -1.722546424198833e-16 27294.740151761671 0.17083023276520834 1.0559999998318796 0.07544551663278197 0.25307125302469863 74284.22500000002 47463.450000000004 1.0000000180025095e-35 31500.000000000004 41670.725000000006 0.26717557247672813 55939.375000000007 47020.000000000007 0.68301270189221941 57692.600000000006 75079.60000000002 54543.700000000004 63254.350000000013 31500.000000000004 0.78574730703237883 41550.000000000007 1.0000000180025095e-35 30529.000000000004 0.2133517592883212 40574.200000000004
decision_type=2 2 2 2 2 2 2 2 2 2 2 2 2 2 2 2 2 2 2 2 2 2 2 2 2 2 2 2 2 2 2 2 2 2 2 2 2 2 2 2 2 2 2 2 2 2 2 2 2 2 2 2 2 2 2 2 2 2 2 2 2 2
left_child=2 3 8 7 6 -6 9 21 13 16 52 19 28 -1 51 -7 -3 -11 -13 49 -21 31 -10 34 -25 -14 39 29 60 42 -18 32 50 -29 43 -22 -32 -17 -27 -19 59 -33 -16 -23 46 -46 -24 -28 -35 -5 -2 -9 -8 -36 -37 -34 -51 -26 -53 -30 -4 -48
right_child=1 4 12 11 5 15 10 14 22 17 -12 18 25 -15 27 37 30 26 -20 20 35 23 44 24 57 38 47 33 40 -31 36 41 55 48 53 54 -38 -39 -40 -41 -42 -43 -44 -45 45 -47 61 -49 -50 56 -52 58 -54 -55 -56 -57 -58 -59 -60 -61 -62 -63
leaf_value=6.5503586071074293 -227.41227583790553 321.56260658559216 -345.93648829116432 254.30797184405935 1029.4857530525662 342.76142844460225 324.94094484839081 16.895816695706749 -168.60142050897153 559.63613068533414 852.47079091893568 637.46615949876218 -301.69353432865466 313.95405745222757 82.373455865205216 531.65774026024405 12.812063186342353 443.54083176934597 361.82925338460785 91.479468202333209 278.37532873292628 -9.3497417208274687 -199.55534288642818 240.43906352796049 59.019171636648885 -113.46710663031347 299.54367872551296 103.61416175956155 -360.81581538911013 -30.039213308086833 81.495317564063299 93.801398444775714 -106.76813698966905 255.8845448219119 -63.8622877776317 490.5306735380567 195.36362543061023 695.72339294938024 -224.90074291789301 322.53085407181294 -252.66758780211481 -25.15637795386376 198.2597778842989 107.23443546620588 -105.28317592441098 2.4095265525392731 -109.43603952139087 170.39659285261826 170.04845048575561 170.22851327356588 -112.6950976163055 53.028824046860393 474.20923218982057 2.4720626332909839 356.93475900697314 -14.425075658380365 79.38823075855052 -14.991648473906933 116.09965236223074 -310.06589720290771 -388.32536563926556 -67.873096271775154
leaf_weight=19.000000000000004 12.999999999999998 18 59 9.9999999999999982 14.999999999999998 11.999999999999998 10.000000000000005 43 81 9.9999999999999982 9.9999999999999982 10.000000000000002 53 10.999999999999998 20 15.000000000000002 14.999999999999998 17 15.999999999999998 10.999999999999998 14.999999999999998 15.999999999999998 11.999999999999998 17 31 15.999999999999998 20.000000000000004 20 36 12.999999999999998 18 14.999999999999998 9.9999999999999982 38 35 10.000000000000002 38 11.999999999999998 36 14.999999999999998 33 23 18 21 19 14.999999999999998 73 10.999999999999998 26 25 19 35 9.9999999999999982 46 11.999999999999998 67 12.999999999999998 17 25 79 93 49
leaf_count=19 13 18 59 10 15 12 10 43 81 10 10 10 53 11 20 15 15 17 16 11 15 16 12 17 31 16 20 20 36 13 18 15 10 38 35 10 38 12 36 15 33 23 18 21 19 15 73 11 26 25 19 35 10 46 12 67 13 17 25 79 93 49
internal_value=0.689653 165.218 -224.446 87.8051 382.229 668.003 301.55 45.6909 -89.8067 254.45 554.199 283.68 -317.153 119.934 111.82 526.693 167.589 359.975 469.88 232.814 301.292 -2.02186 -115.115 30.9949 87.4139 -247.057 327.446 156.335 -341.596 94.9255 128.156 -43.1175 -65.7916 193.462 -0.131122 363.255 158.974 606.874 -190.897 397.183 -310.027 21.9235 137.643 56.9303 -89.2414 -36.7892 -102.513 254.413 221.333 163.851 -159.862 53.3815 401.563 -26.2343 419.605 -26.5406 139.442 32.8303 79.4578 -326.253 -372.11 -92.812
internal_weight=1620 936 684 690 246 54 192 568 279 162 30 122 405 30 238 39 89 73 26 96 48 330 249 183 65 105 63 135 300 51 71 147 109 84 118 37 56 27 52 32 148 38 38 37 168 34 134 31 64 48 32 103 20 81 22 77 38 48 60 115 152 122
internal_count=1620 936 684 690 246 54 192 568 279 162 30 122 405 30 238 39 89 73 26 96 48 330 249 183 65 105 63 135 300 51 71 147 109 84 118 37 56 27 52 32 148 38 38 37 168 34 134 31 64 48 32 103 20 81 22 77 38 48 60 115 152 122
is_linear=0
shrinkage=0.03


Tree=40
num_leaves=63
num_cat=0
split_feature=18 23 21 12 17 21 6 16 12 18 23 22 2 6 18 6 27 16 2 12 22 8 20 18 20 12 20 16 1 8 17 23 16 18 16 18 18 14 24 16 18 14 6 6 16 23 14 2 21 16 18 16 9 23 11 6 1 22 18 17 9 18
split_gain=6.27569e+10 1.56884e+10 1.04439e+10 6.99365e+09 6.40464e+09 2.63744e+09 2.25681e+09 1.95735e+09 1.48488e+09 1.44474e+09 9.88014e+08 9.46685e+08 8.95049e+08 8.79311e+08 8.09029e+08 6.13273e+08 9.37004e+08 7.59895e+08 6.83082e+08 4.36814e+08 4.18683e+08 3.78726e+08 3.24855e+08 3.21818e+08 2.92242e+08 2.8749e+08 2.77293e+08 2.76468e+08 2.65154e+08 2.33472e+08 2.32697e+08 2.38815e+08 2.06333e+08 2.01577e+08 2.0042e+08 2.06834e+08 1.98555e+08 1.92621e+08 1.77375e+08 1.58486e+08 1.5258e+08 1.37667e+08 1.35855e+08 1.20677e+08 2.12003e+08 1.55935e+08 1.17104e+08 1.15599e+08 1.05301e+08 9.13581e+07 8.50846e+07 1.07848e+08 8.41807e+07 5.26451e+07 4.63903e+07 3.49462e+07 3.75441e+07 3.46308e+07 3.39758e+07 3.35689e+07 3.32426e+07 3.05445e+07
threshold=46043.900000000009 82097.876923076925 30881.712500000005 1.0326530610178755 0.041245326282528236 65651.60000000002 1.0000000180025095e-35 -0.040941482945758438 1.1224489793650323 54543.700000000004 53793.573076923079 1112.1659640303524 60937.500000000007 1.0000000180025095e-35 21334.200000000001 1.0000000180025095e-35 1.0000000180025095e-35 0.0050505372572776661 57326.250000000007 1.0267857140995378 8337.4081549669172 0.93301270189221952 40493.500000000007 37061.05000000001 80863.300000000017 1.1565945280765215 48746.700000000004 0.0049140049140049555 34707.000000000007 0.93301270189221952 0.075479115460650545 71601.403846153858 -1.0000000180025095e-35 40304.150000000009 0.0050505372572776661 66358.60000000002 53662.900000000009 0.25440806040471847 39701.55000000001 -0.078707565751361327 77771.35000000002 0.20204603575485572 1.0000000180025095e-35 1.0000000180025095e-35 0.0050505372572776661 44795.692307692319 0.2567237163233177 51890.625000000007 69519.050000000017 0.0037543201186628354 55231.500000000007 0.088483499821170555 -0.40966402954315195 59876.080769230779 0.80898876386314755 1.0000000180025095e-35 43670.000000000007 1070.0033673958881 30133.000000000004 0.079999999982482542 -0.2393156642875576 25887.350000000002
decision_type=2 2 2 2 2 2 2 2 2 2 2 2 2 2 2 2 2 2 2 2 2 2 2 2 2 2 2 2 2 2 2 2 2 2 2 2 2 2 2 2 2 2 2 2 2 2 2 2 2 2 2 2 2 2 2 2 2 2 2 2 2 2
left_child=2 4 14 19 5 15 12 11 24 52 22 -4 -5 21 28 17 18 29 38 -3 27 34 -11 58 46 -18 53 40 42 36 -12 39 -16 -13 35 -7 -2 -14 -17 -32 -15 -30 -1 44 60 57 -8 -28 -36 61 -19 -52 59 -22 -44 56 -43 -45 -9 -6 -25 -34
right_child=1 3 7 6 9 13 8 23 -10 10 30 33 37 20 32 16 25 50 -20 -21 26 -23 -24 43 -26 -27 47 -29 41 -31 31 -33 49 -35 48 -37 -38 -39 -40 -41 -42 55 54 45 -46 -47 -48 -49 -50 -51 51 -53 -54 -55 -56 -57 -58 -59 -60 -61 -62 -63
leaf_value=-373.81097157826406 4.6609474334505165 1039.6494634869989 334.15568871868544 47.595568911903776 220.30601861118276 101.9635524776064 571.64881246132404 -197.17033574380162 237.1193379100269 69.47212233137374 548.5717789273649 -47.952723222699078 388.11117515042696 183.35693570795746 -101.76810329468783 -113.51349117794553 265.42715762867641 -152.21729067319396 198.44846263232151 764.60596816890506 31.894154176103296 -71.991941124124736 281.39841796874992 -117.7303256908815 635.23992978705428 94.335707387355782 124.32305712369944 393.97322595544762 -228.88830717941809 -81.309226558752229 387.12591118619378 486.65528708779345 -229.41578256180034 99.981117184088092 -36.82720673362806 262.77371794747836 81.55666127620411 255.40484541116297 12.363296408806232 249.48183488175664 305.76836685505316 -331.74783698370641 -275.89172705806902 -23.432433163482361 -211.12605580570133 52.671283793804072 412.08522836759136 208.46197192518196 81.078605156577595 -277.65933081135796 -37.960659392689145 -152.92027131776553 98.392553854338161 115.88573719286737 -333.19943861309923 -278.5869734294813 -274.55014237253283 -89.046579839277072 -141.73606458352754 142.13230637956372 -74.297324627752673 -168.83805913053601
leaf_weight=101 72 13.000000000000002 11.999999999999998 17 12.000000000000002 26 10.000000000000002 11.999999999999998 14.999999999999998 10.000000000000002 10.999999999999998 17 15.999999999999998 29 11.999999999999998 10.999999999999998 22 23 18 11.999999999999998 14.000000000000002 13.999999999999998 19 20 22 14.999999999999998 21 10.999999999999998 26 17 30.999999999999996 18 20 15.999999999999998 10.000000000000002 9.9999999999999982 52 29 109 11.000000000000002 13.999999999999998 63 20 9.9999999999999982 12.999999999999998 11.999999999999998 9.9999999999999982 54 21 30 22 10.999999999999998 19 12.999999999999998 75 34 17 27 90 9.9999999999999982 84 14.999999999999998
leaf_count=101 72 13 12 17 12 26 10 12 15 10 11 17 16 29 12 11 22 23 18 12 14 14 19 20 22 15 21 11 26 17 31 18 20 16 10 10 52 29 109 11 14 63 20 10 13 12 10 54 21 30 22 11 19 13 75 34 17 27 90 10 84 15
internal_value=0.701917 168.959 -206.485 455.665 113.858 71.6488 359.279 -75.7466 495.54 295.984 357.471 107.162 233.41 149.844 -305.525 21.8043 62.6566 -14.4992 26.6528 911.201 191.473 69.5312 208.81 -106.487 587.051 196.507 155.424 259.152 -325.686 22.6419 417.813 392.967 -217.246 23.858 99.1665 147.237 36.9473 303.345 0.739658 351.755 223.829 -293.375 -348.603 -80.6325 -97.1865 -40.9879 493.97 185.1 43.0483 -238.376 -107.889 -76.6268 145.512 72.6131 -321.437 -307.87 -319.951 -71.4241 -148.445 185.577 -82.7549 -204.009
internal_weight=1620 894 726 144 750 609 119 313 57 141 100 45 62 237 413 372 175 197 138 25 156 81 29 268 42 37 102 54 336 141 71 60 77 33 67 36 124 45 120 42 43 140 196 166 117 49 20 75 31 65 56 33 41 27 95 114 80 37 102 22 104 35
internal_count=1620 894 726 144 750 609 119 313 57 141 100 45 62 237 413 372 175 197 138 25 156 81 29 268 42 37 102 54 336 141 71 60 77 33 67 36 124 45 120 42 43 140 196 166 117 49 20 75 31 65 56 33 41 27 95 114 80 37 102 22 104 35
is_linear=0
shrinkage=0.03


Tree=41
num_leaves=63
num_cat=0
split_feature=18 23 18 14 12 18 6 6 12 23 1 14 23 12 1 3 8 18 24 24 18 18 14 18 14 19 23 4 19 7 20 23 23 6 19 6 6 11 6 21 20 3 7 8 18 1 24 18 11 23 18 11 28 1 20 1 21 24 18 7 18 14
split_gain=5.90751e+10 1.55519e+10 8.41215e+09 6.48303e+09 6.35697e+09 2.69766e+09 2.05998e+09 1.25126e+09 1.23306e+09 1.08867e+09 9.60108e+08 9.52584e+08 9.97951e+08 8.39573e+08 7.84217e+08 6.21366e+08 6.14497e+08 4.97899e+08 4.91728e+08 4.43706e+08 4.40894e+08 4.29961e+08 3.49606e+08 3.05449e+08 2.43976e+08 2.19785e+08 1.94136e+08 1.91344e+08 1.80019e+08 1.7411e+08 1.55062e+08 1.54055e+08 1.50365e+08 1.49976e+08 1.40288e+08 1.3726e+08 1.33118e+08 1.16839e+08 1.14269e+08 1.05018e+08 1.01035e+08 1.62234e+08 9.4605e+07 9.1336e+07 7.71821e+07 7.02009e+07 6.81713e+07 6.31038e+07 6.12083e+07 5.81922e+07 4.22579e+07 4.16726e+07 3.87825e+07 3.7663e+07 3.61183e+07 3.43731e+07 2.39304e+07 2.23797e+07 2.17452e+07 2.165e+07 2.94912e+07 2.04383e+07
threshold=43515.05000000001 80540.469230769246 25887.350000000002 0.21717973125094933 1.0297193875575261 61968.600000000013 1.0000000180025095e-35 1.0000000180025095e-35 1.1224489793650323 55729.565384615395 42920.000000000007 0.19794344467695482 46115.119230769233 1.1814593759708412 42920.000000000007 58308.125000000007 0.93301270189221952 15778.800000000001 42040.780000000006 44408.92500000001 34717.450000000004 58518.350000000006 0.23425692690411656 55375.350000000013 0.25440806040471847 74708.200000000026 56659.200000000012 43215.625000000007 32696.900000000005 1.0000000180025095e-35 60379.850000000006 26535.988461538465 85769.303846153853 1.0000000180025095e-35 30133.000000000004 1.0000000180025095e-35 1.0000000180025095e-35 0.80898876386314755 1.0000000180025095e-35 19081.250000000004 59445.150000000009 50867.500000000007 -0.93301270189221919 1.0000000180025095e-35 41210.450000000004 30945.000000000004 38478.575000000004 68579.150000000009 0.80898876386314755 15962.94230769231 73724.550000000017 1.0594059403799936 1.0000000180025095e-35 31500.000000000004 106817.25000000001 30529.000000000004 75930.137500000012 42085.42500000001 20550.450000000004 -0.24999999999999997 31199.500000000004 0.21410579339192487
decision_type=2 2 2 2 2 2 2 2 2 2 2 2 2 2 2 2 2 2 2 2 2 2 2 2 2 2 2 2 2 2 2 2 2 2 2 2 2 2 2 2 2 2 2 2 2 2 2 2 2 2 2 2 2 2 2 2 2 2 2 2 2 2
left_child=2 3 17 9 15 19 10 16 14 27 -6 12 28 18 -8 -3 25 35 -9 26 31 -11 30 33 -12 29 38 -2 -4 -7 -21 -13 -26 -24 -22 46 44 49 57 -39 41 -23 -20 -16 52 -40 -1 -42 -37 -19 -15 -25 -36 -38 -34 -50 -27 -5 -41 -33 -61 -48
right_child=1 4 11 5 6 7 8 13 -10 21 24 20 -14 50 43 -17 -18 37 42 22 34 40 23 51 32 56 -28 -29 -30 -31 -32 59 54 -35 36 48 53 39 45 58 47 -43 -44 -45 -46 -47 61 -49 55 -51 -52 -53 -54 -55 -56 -57 -58 -59 -60 60 -62 -63
leaf_value=-378.49542511396351 193.36836357028943 1008.6980776628099 -36.404879099479842 -135.50921476633755 -29.587957780167862 126.75924566589961 389.90742108857199 99.823788766347874 236.36791055051432 238.54090724333551 376.54015964673903 -274.82353410050672 300.72943283232132 -24.350177155551524 493.91457347972971 697.99018949785318 -176.11595138962204 -236.92940921016427 128.07990852960043 172.4920635379172 -189.37801902977193 402.5836861030628 -25.029251628402722 62.139800174115116 306.22025121495892 99.95576045145512 40.768989921703671 325.46977809792696 71.094055643284577 -17.825197977282336 62.139800174115116 -119.54056650325951 163.92958744783573 29.540034662464759 -97.770971144677532 -244.5552376302083 -89.393398089882538 -308.05021920756502 -100.51581543573059 -269.88937318782217 318.48989045095902 557.62700739503816 193.36836357028943 599.695637265752 -58.406526559933901 -5.6073363470102278 -307.95971315982405 428.7202514128989 -339.81670794815113 -160.94690626819678 54.92874802995437 3.0105299237666241 -147.70053497820268 -36.404879099479842 236.4439171051782 -293.22115072651275 158.45819722926362 -80.202685542750999 -236.92940921016427 -203.492314453125 -149.88686902099064 -344.30866532395675
leaf_weight=52 30 13.000000000000002 18 19.000000000000004 10.999999999999998 9.9999999999999982 9.9999999999999982 21 15.999999999999998 12.999999999999998 15.999999999999998 10.999999999999998 9.9999999999999982 15.000000000000002 10.999999999999998 12.999999999999998 10.999999999999998 12.000000000000002 34 19 10.999999999999998 15.000000000000002 112 53 11.999999999999998 13.000000000000002 17 9.9999999999999982 13.999999999999998 29 26 14.999999999999998 16.000000000000004 76 72 17 15.000000000000002 46 9.9999999999999982 29 10.000000000000002 12.999999999999998 139 26 42 23 34 13.999999999999998 31 15.999999999999998 9.9999999999999982 12.999999999999998 18 14.999999999999998 11.999999999999998 47 13.999999999999998 10.999999999999998 37 12.999999999999998 45 64
leaf_count=52 30 13 18 19 11 10 10 21 16 13 16 11 10 15 11 13 11 12 34 19 11 15 112 53 12 13 17 10 14 29 26 15 16 76 72 17 15 46 10 29 10 13 139 26 42 23 34 14 31 16 10 13 18 15 12 47 14 11 37 13 45 64
internal_value=0.704503 155.564 -211.2 100.847 428.911 66.7095 342.778 134.557 465.957 320.027 226.43 -91.7733 40.6047 171.118 543.447 856.614 30.4844 -303.902 192.194 13.699 -113.414 395.861 30.4894 16.8151 276.683 65.1322 -49.0146 196.118 -36.4049 19.477 107.465 -169.813 235.9 -2.96533 -85.9479 -329.874 -78.8124 -258.248 -73.2682 -272.203 434.657 476.296 193.368 599.696 -92.2149 -34.5844 -348.376 384.303 -300.325 -201.656 7.45377 62.1398 -107.91 -36.4049 195.738 -312.151 130.763 -115.564 -246.79 -153.635 -162.231 -332.025
internal_weight=1620 936 684 780 156 675 130 296 63 105 67 299 42 219 47 26 77 385 194 379 257 65 299 254 56 66 80 40 32 39 45 84 40 188 173 245 162 140 63 112 52 28 173 37 132 33 150 24 95 28 25 66 90 30 28 78 27 30 66 73 58 98
internal_count=1620 936 684 780 156 675 130 296 63 105 67 299 42 219 47 26 77 385 194 379 257 65 299 254 56 66 80 40 32 39 45 84 40 188 173 245 162 140 63 112 52 28 173 37 132 33 150 24 95 28 25 66 90 30 28 78 27 30 66 73 58 98
is_linear=0
shrinkage=0.03


Tree=42
num_leaves=63
num_cat=0
split_feature=18 18 21 5 17 21 18 16 24 24 10 18 23 23 18 16 18 8 23 18 3 16 2 3 23 24 18 18 1 2 13 8 16 20 21 21 16 2 3 18 14 20 14 9 16 18 20 16 14 16 20 18 16 20 19 7 18 26 18 20 18 18
split_gain=5.56708e+10 1.39609e+10 9.25801e+09 5.93205e+09 4.32595e+09 3.92979e+09 1.84168e+09 1.74787e+09 1.27535e+09 1.0965e+09 9.4649e+08 8.73171e+08 8.57165e+08 7.76277e+08 7.10956e+08 5.82267e+08 6.96381e+08 5.59284e+08 4.23649e+08 4.19459e+08 3.99693e+08 3.75539e+08 3.49232e+08 3.03037e+08 2.8912e+08 2.8788e+08 2.8523e+08 2.84385e+08 2.40629e+08 2.17606e+08 2.16526e+08 1.96168e+08 1.86812e+08 1.82257e+08 1.66594e+08 1.64086e+08 1.74955e+08 1.46948e+08 1.45853e+08 1.31863e+08 1.23484e+08 1.20068e+08 1.18953e+08 2.00255e+08 1.09772e+08 1.27663e+08 9.52397e+07 9.31286e+07 8.27793e+07 8.00555e+07 7.39231e+07 6.84492e+07 6.67004e+07 8.20358e+07 6.45736e+07 5.93568e+07 3.57463e+07 3.38544e+07 3.07599e+07 2.93684e+07 2.51801e+07 2.05896e+07
threshold=46043.900000000009 104210.00000000001 30881.712500000005 1.0000000180025095e-35 0.075411471307569006 69923.362500000017 68157.550000000017 -0.040941482945758438 52630.625000000007 57604.375000000007 0.91023613416931248 79169.450000000012 56950.515384615392 73745.661538461558 21334.200000000001 -0.075399971249820216 58518.350000000006 0.93301270189221952 104778.66923076924 55231.500000000007 56630.625000000007 0.05017507414820211 64201.875000000007 55663.125000000007 56659.200000000012 39701.55000000001 64599.80000000001 37061.05000000001 34707.000000000007 51890.625000000007 1.1261261259180166 -0.68301270189221952 -1.0000000180025095e-35 85153.35000000002 43035.075000000004 56634.912499999999 0.0050251573518178558 51129.375000000007 56820.000000000007 54543.700000000004 0.20204603575485572 56078.450000000004 0.24189526180302526 0.35460488704253579 0.0050251573518178558 41414.350000000006 76360.200000000012 -1.0000000180025095e-35 0.20948616596859607 0.0037543201186628354 66439.000000000015 74296.250000000015 0.0049140049140049555 72853.900000000009 85153.35000000002 -0.5 40574.200000000004 1.0000000180025095e-35 15778.800000000001 41471.700000000004 28020.850000000002 48886.600000000006
decision_type=2 2 2 2 2 2 2 2 2 2 2 2 2 2 2 2 2 2 2 2 2 2 2 2 2 2 2 2 2 2 2 2 2 2 2 2 2 2 2 2 2 2 2 2 2 2 2 2 2 2 2 2 2 2 2 2 2 2 2 2 2 2
left_child=2 3 14 5 8 12 15 10 -3 17 34 38 25 24 28 16 39 23 -6 42 -15 26 33 29 -8 -2 -21 57 48 -7 31 -13 -16 -10 59 36 -27 -37 -11 50 -30 -18 43 -14 52 -46 -40 -26 -1 60 -5 -23 53 56 -25 -50 -29 -9 -42 -4 -34 -44
right_child=1 4 7 6 18 9 13 27 22 11 -12 30 19 20 32 -17 41 -19 -20 21 -22 51 -24 54 47 35 -28 44 40 -31 -32 -33 49 -35 -36 37 -38 -39 46 -41 58 -43 61 -45 45 -47 -48 -49 55 -51 -52 -53 -54 -55 -56 -57 -58 -59 -60 -61 -62 -63
leaf_value=-297.88641808946608 -125.51523065893689 143.13882599109911 7.3744921874999978 175.76708743040587 750.85713838180664 106.64313680553751 194.67232054455442 -155.77170054716223 478.3250328538906 245.9361637015964 357.42057487865486 333.9172209086783 178.75330757972031 671.90004308802463 -94.998530833346791 36.815570959634343 444.71610908445228 -65.879365138534681 1046.9893042652027 84.188732407944769 410.06402169709156 -61.106474205836761 376.62633848411599 101.13190523959619 447.64806163525765 6.6320580258900375 174.56295985335009 -99.291236206731583 -214.70480322826864 206.21520391632436 266.61942040206316 461.76882375233208 -209.57846185570216 652.7562093538852 102.90104247036359 17.232929063730161 -63.95447500824168 137.72756094436016 84.651234473512872 254.70676563793461 -306.67745498736014 302.66184529958673 -37.071711106458253 31.154606106410327 -210.32146418391036 -65.249247387035467 189.11492155163492 324.83528655772892 -320.20334929260821 -261.7446964869705 81.831129678262243 44.694059967947474 -1.5656340294757871 -6.751641701199361 -3.8927323016604864 -360.73800220745102 -65.592266738080752 -119.97785895821329 -271.13378232578543 -65.085933439047039 -149.06990355236695 3.8979456089882953
leaf_weight=63 18 12.999999999999998 10.000000000000002 26 10.000000000000002 30 9.9999999999999982 56 15.000000000000002 15.999999999999998 9.9999999999999982 11.000000000000002 10.000000000000002 13.000000000000002 11.999999999999998 14.999999999999998 12.000000000000002 11.999999999999998 10.999999999999998 78 9.9999999999999982 12.000000000000002 18 10.000000000000002 12.999999999999998 96 53 54 26 60 18 20 25 10.999999999999998 14.999999999999998 37 47 11.999999999999998 17 14.999999999999998 58 11.999999999999998 14.999999999999998 17 11.000000000000002 10.999999999999998 14.999999999999998 13.000000000000002 54 30 10.999999999999998 9.9999999999999982 12.999999999999998 14.999999999999998 10.999999999999998 79 62 46 56 9.9999999999999982 9.9999999999999982 41
leaf_count=63 18 13 10 26 10 30 10 56 15 16 10 11 10 13 12 15 12 12 11 78 10 12 18 10 13 96 53 54 26 60 18 20 25 11 15 37 47 12 17 15 58 12 15 17 11 11 15 13 54 30 11 10 13 15 11 79 62 46 56 10 10 41
internal_value=0.775813 159.249 -194.364 122.557 542.453 84.1443 292.941 -71.2716 405.611 187.873 101.571 263.299 32.9469 423.507 -287.612 207.916 241.593 128.226 910.201 72.1664 560.326 101.61 482.659 149.25 334.785 -11.1418 120.858 -100.321 -306.511 173.18 352.416 401.215 -204.851 554.341 27.6615 -0.359505 -16.5962 46.9623 171.783 179.308 -275.749 375.24 17.8342 69.4317 -76.0159 -138.409 134.055 387.722 -328.333 -224.955 148.136 -13.0306 -66.3942 -72.8214 46.3611 -342.52 -81.3518 -139.763 -289.47 -28.9991 -192.764 -7.12254
internal_weight=1620 894 726 816 78 666 150 313 57 220 45 97 446 59 413 91 76 123 21 236 23 153 44 111 36 210 131 268 336 90 49 31 77 26 35 192 143 49 48 52 140 24 83 27 166 22 32 26 196 65 37 22 144 131 21 133 116 102 114 20 35 56
internal_count=1620 894 726 816 78 666 150 313 57 220 45 97 446 59 413 91 76 123 21 236 23 153 44 111 36 210 131 268 336 90 49 31 77 26 35 192 143 49 48 52 140 24 83 27 166 22 32 26 196 65 37 22 144 131 21 133 116 102 114 20 35 56
is_linear=0
shrinkage=0.03


Tree=43
num_leaves=63
num_cat=0
split_feature=18 18 25 5 12 21 14 18 24 24 24 18 6 20 2 20 1 8 12 18 20 10 18 18 28 6 3 6 11 2 11 8 24 24 9 18 9 6 9 3 24 14 17 10 21 19 21 20 10 18 21 4 19 2 1 24 9 14 9 4 1 24
split_gain=5.23803e+10 1.31453e+10 8.71369e+09 5.58698e+09 4.2057e+09 3.69679e+09 1.7657e+09 1.73386e+09 1.16273e+09 1.02985e+09 9.89787e+08 8.18933e+08 8.07644e+08 6.59974e+08 6.19118e+08 6.07454e+08 6.01651e+08 5.26369e+08 5.00921e+08 4.70866e+08 5.91615e+08 3.79123e+08 3.63098e+08 3.46084e+08 3.31303e+08 2.86654e+08 2.85111e+08 2.48826e+08 2.25569e+08 2.04744e+08 2.02225e+08 1.87035e+08 1.58981e+08 1.54898e+08 1.4919e+08 1.46832e+08 1.46377e+08 1.38433e+08 1.50726e+08 1.37284e+08 1.21213e+08 1.16474e+08 1.15636e+08 1.15063e+08 1.14408e+08 1.10231e+08 9.07071e+07 8.96513e+07 8.86207e+07 8.60835e+07 8.24317e+07 7.433e+07 6.07944e+07 5.47623e+07 5.00966e+07 4.882e+07 4.08758e+07 4.03746e+07 4.60498e+07 3.527e+07 3.48346e+07 3.40407e+07
threshold=46043.900000000009 104210.00000000001 1.0000000180025095e-35 1.0000000180025095e-35 1.0297193875575261 69923.362500000017 0.2061068701904871 68157.550000000017 44388.375000000007 57604.375000000007 52630.625000000007 79169.450000000012 1.0000000180025095e-35 40412.400000000009 48941.750000000007 56519.30000000001 41020.000000000007 0.93301270189221952 1.1814593759708412 54543.700000000004 41771.700000000004 0.74851074817110097 37927.400000000009 112238.65000000001 1.0000000180025095e-35 1.0000000180025095e-35 55663.125000000007 1.0000000180025095e-35 0.94399999985264305 51890.625000000007 1.0559999998267067 -0.68301270189221952 43949.875000000007 40006.30000000001 -0.51639395938746191 50188.150000000009 -0.82298386589365657 1.0000000180025095e-35 -0.61559370248597534 56820.000000000007 41670.725000000006 0.17083023276520834 0.07544551663278197 -0.85421994577343285 62516.562500000007 58518.350000000006 79102.900000000009 76360.200000000012 0.78574730703237883 31763.850000000002 42282.762500000004 43610.000000000007 85153.35000000002 50114.375000000007 30529.000000000004 38478.575000000004 -0.88545602565320969 0.27088607590008235 0.06026834012766185 41370.000000000007 34707.000000000007 54446.875000000007
decision_type=2 2 2 2 2 2 2 2 2 2 2 2 2 2 2 2 2 2 2 2 2 2 2 2 2 2 2 2 2 2 2 2 2 2 2 2 2 2 2 2 2 2 2 2 2 2 2 2 2 2 2 2 2 2 2 2 2 2 2 2 2 2
left_child=2 3 6 5 -3 12 8 19 50 17 -6 39 15 33 -9 43 27 26 24 48 -21 36 49 -12 -15 -18 29 55 -25 -7 31 -13 45 -14 44 -34 -16 40 -39 -11 -24 -27 54 -2 -22 -17 -38 -41 59 -8 -1 -35 -28 -45 -29 -4 -20 58 -42 -5 -44 -43
right_child=1 4 16 7 10 9 22 14 -10 11 23 30 13 18 21 32 25 -19 56 20 34 -23 37 28 -26 41 52 42 -30 -31 -32 -33 35 51 -36 -37 46 38 -40 47 57 61 60 53 -46 -47 -48 -49 -50 -51 -52 -53 -54 -55 -56 -57 -58 -59 -60 -61 -62 -63
leaf_value=18.205217949142714 -39.219157500685299 928.00082673299369 -355.14576015908574 188.46281331885669 200.6266035489858 103.45447113544044 -173.57361395941837 215.92773744189046 402.43635258740716 238.60390810000965 361.99053313640331 323.71407645844562 -110.09156066894532 182.72164234282829 485.95363738364375 -130.66540319914861 -268.05528783765891 -63.91931741509557 69.710925583036826 83.036871680898116 448.82833245354715 608.37570925878094 -176.91503206820101 619.47463472923118 80.547311127450939 -99.772578166701024 98.127987689027663 -320.58763845005194 436.07309090102018 200.0390423797252 258.66502708477202 447.98467977495335 -15.479214148253758 -2.011445035387756 251.33362215762105 47.369963814426185 281.98220461401587 -61.233420889998555 18.205217949142714 82.126546204550223 2.1370648253790221 -216.77336352819682 -250.81524756626305 -108.13599981660522 299.88420221612006 3.8023541057996515 415.35952966638507 183.47904775455297 63.035627376177843 -117.97698692730926 103.93261859553876 74.493312681084433 -3.7770032081088507 -194.6693404577274 -274.15943460611567 -315.65040272391542 -0.36594188572205216 -95.41366028500299 -68.12654136965233 120.99528913781998 -183.90735507396943 -148.93584213017138
leaf_weight=14.000000000000002 17 18 55 16.000000000000004 15.999999999999998 30 35 11.999999999999998 9.9999999999999982 15.999999999999998 15.999999999999998 11.000000000000002 9.9999999999999982 69 13.999999999999995 10.000000000000002 53 11.999999999999998 9.9999999999999982 11.999999999999998 11.000000000000002 11.999999999999998 10.999999999999998 16.000000000000004 38 15.999999999999998 10.000000000000002 36 11.999999999999998 60 18 20 48 47 14.999999999999998 110 10.000000000000005 31 11.999999999999998 17 9.9999999999999982 26 19 21.000000000000004 9.9999999999999982 11.999999999999998 10.999999999999998 14.999999999999998 12.999999999999998 95 9.9999999999999982 14.999999999999998 10.999999999999998 9.9999999999999982 79 97 29 41 52 13.999999999999998 13.999999999999998 9.9999999999999982
leaf_count=14 17 18 55 16 16 30 35 12 10 16 16 11 10 69 14 10 53 12 10 12 11 12 11 16 38 16 10 36 12 60 18 20 48 47 15 110 10 31 12 17 10 26 19 21 10 12 11 15 13 95 10 15 11 10 79 97 29 41 52 14 14 10
internal_value=0.75127 154.47 -188.534 118.866 526.312 81.5869 -71.7585 284.219 132.392 182.194 404.462 255.291 31.9304 73.2025 410.906 -7.54631 -281.048 124.387 109.838 201.721 266.335 460.123 -95.9812 477.961 143.36 -218.758 144.784 -302.769 542.706 167.995 341.596 388.763 17.7522 -1.13474 327.035 28.2788 407.706 -65.2079 -19.2826 166.662 -82.4984 -168.094 -274.429 -102.255 379.66 -57.6339 353.484 130.059 129.143 -133.067 18.6699 16.5879 44.9841 -136.586 -288.959 -330.166 17.7347 -72.2532 -56.8085 157.485 -223.072 -198.099
internal_weight=1620 894 726 816 78 666 321 150 34 220 60 97 446 218 59 228 405 123 146 91 48 47 287 44 107 105 111 300 28 90 49 31 180 72 36 158 35 157 43 48 114 52 148 48 21 22 21 32 43 130 24 62 21 31 115 152 39 103 62 30 33 36
internal_count=1620 894 726 816 78 666 321 150 34 220 60 97 446 218 59 228 405 123 146 91 48 47 287 44 107 105 111 300 28 90 49 31 180 72 36 158 35 157 43 48 114 52 148 48 21 22 21 32 43 130 24 62 21 31 115 152 39 103 62 30 33 36
is_linear=0
shrinkage=0.03


Tree=44
num_leaves=63
num_cat=0
split_feature=18 18 25 16 5 18 16 23 14 23 18 16 18 18 1 16 1 18 18 7 20 18 14 16 18 16 14 20 18 18 22 22 16 22 9 9 3 7 18 20 10 10 18 16 16 20 20 18 16 24 22 18 10 18 10 3 20 7 14 8 10 21
split_gain=4.92873e+10 1.30251e+10 7.02763e+09 4.86235e+09 4.68581e+09 3.88362e+09 1.94191e+09 1.6244e+09 1.21486e+09 1.12547e+09 1.0395e+09 7.42943e+08 6.72615e+08 6.54915e+08 6.26451e+08 6.22148e+08 5.6608e+08 4.77312e+08 4.26326e+08 3.75003e+08 4.91134e+08 2.87097e+08 2.52212e+08 2.40814e+08 2.45553e+08 2.22228e+08 1.94234e+08 1.80606e+08 1.78116e+08 1.69327e+08 1.64387e+08 1.53422e+08 1.48042e+08 1.44135e+08 1.19989e+08 1.17177e+08 1.1534e+08 1.41642e+08 1.13114e+08 1.11166e+08 1.27583e+08 1.08706e+08 1.06097e+08 1.48129e+08 1.12278e+08 1.01609e+08 1.5519e+08 9.99545e+07 9.78682e+07 9.6678e+07 8.5136e+07 8.10508e+07 9.68025e+07 5.75101e+07 5.95691e+07 5.54539e+07 5.40741e+07 4.52598e+07 4.52514e+07 4.60611e+07 4.45605e+07 4.27527e+07
threshold=43515.05000000001 76150.700000000012 1.0000000180025095e-35 -1.0000000180025095e-35 1.0000000180025095e-35 112238.65000000001 0.05017507414820211 56950.515384615392 0.2061068701904871 60896.976923076923 96709.700000000012 0.0050761748317067487 63299.650000000001 71103.950000000026 33745.000000000007 0.05017507414820211 41020.000000000007 86836.700000000012 133999.60000000003 -0.6830127018922193 39895.950000000004 33738.850000000006 0.20204603576131075 0.0051282388444369173 57309.350000000006 -0.078707565751361327 0.17388612090385749 63778.750000000007 55231.500000000007 73508.35000000002 23522.030020626698 15109.288661150951 0.088483499821170555 15935.217835209549 -0.78574730703237861 0.17992617227144045 55939.375000000007 0.93301270189221952 50657.150000000001 85153.35000000002 0.5163939593874618 0.98182534576205305 41414.350000000006 0.0050251573518178558 0.0049751551641986644 54050.250000000007 61017.05000000001 51612.650000000009 0.0037543201186628354 39505.450000000004 10834.934566728369 55950.500000000007 0.61559370248597567 94202.10000000002 0.5163939593874618 58308.125000000007 35812.450000000004 -0.24999999999999997 0.27364323328844098 -1.0000000180025095e-35 -0.060268340127661524 54979.475000000006
decision_type=2 2 2 2 2 2 2 2 2 2 2 2 2 2 2 2 2 2 2 2 2 2 2 2 2 2 2 2 2 2 2 2 2 2 2 2 2 2 2 2 2 2 2 2 2 2 2 2 2 2 2 2 2 2 2 2 2 2 2 2 2 2
left_child=2 4 8 10 7 6 17 23 14 19 -3 30 28 27 -1 36 26 33 -13 20 56 57 -18 24 38 47 60 -11 41 51 -7 32 -8 35 -22 -5 37 -14 -2 40 -19 55 43 44 -23 -30 -47 -21 -38 -28 -41 -25 -53 -33 -55 -9 -6 -10 59 -44 -4 -40
right_child=1 3 16 5 9 11 31 12 21 13 -12 18 15 -15 -16 -17 22 39 -20 25 34 42 -24 29 -26 -27 49 -29 45 -31 -32 53 -34 -35 -36 -37 48 -39 61 50 -42 -43 58 -45 -46 46 -48 -49 -50 -51 -52 52 -54 54 -56 -57 -58 -59 -60 -61 -62 -63
leaf_value=2.2472143150026112 -28.532269527433371 557.94463520144609 -270.28607670396264 311.5687972566451 84.288879493507153 578.28542044974643 93.161198518260406 13.195826611257036 -94.621771583241866 384.28061284887883 982.49470799814355 281.84641469594584 154.80680441608504 567.48447687922294 282.26398680248775 -52.790221869361325 -136.15259418920141 449.1470624416977 550.67827537742812 103.94964038691242 253.34113653504014 -90.102792315321395 -241.01907605124839 -134.97097393017808 141.63722363764697 10.858405073449966 -325.50697744149107 235.7846428772292 135.19068258533034 45.418929422208578 769.30550239789602 80.382083889575711 -55.278277696666159 164.57806413617047 400.47101933755164 211.95712431494866 141.96344149093343 266.35555736699376 52.740537733757627 239.15523940284643 313.81992213893579 83.250292035822284 -48.714289773969504 -187.42693359374999 2.2472143150026112 -52.14452191645556 74.525923537791428 233.66570554223389 43.860464750249335 -286.34771715610287 360.2233904379986 -32.440524858664787 -140.96186576616648 197.98255142536561 100.34836240258548 -48.033696034749347 181.90056761486696 -159.928443304941 -81.885918293405098 2.2472143150026112 -210.09528610500999 -2.7233891883628494
leaf_weight=19.000000000000004 106 12.000000000000002 19 26 11.000000000000002 11.000000000000002 15.000000000000002 60 11.999999999999998 12.999999999999998 9.9999999999999982 11.000000000000002 78 10.999999999999998 10.999999999999998 14.999999999999998 29 20.000000000000004 10.999999999999998 12.000000000000002 10.000000000000002 109 76 21 9.9999999999999982 13.999999999999998 115 19 19 9.9999999999999982 9.9999999999999982 13.999999999999998 9.9999999999999982 17 11.999999999999998 20 27 11.999999999999998 26 10.000000000000002 10.999999999999998 17 20 12.999999999999998 10.999999999999998 9.9999999999999982 64 9.9999999999999982 13.999999999999998 138 13.999999999999998 28 9.9999999999999982 14.000000000000002 9.9999999999999982 17 9.9999999999999982 60 13.999999999999998 10.000000000000002 28 24
leaf_count=19 106 12 19 26 11 11 15 60 12 13 10 11 78 11 11 15 29 20 11 12 10 109 76 21 10 14 115 19 19 10 10 14 10 17 12 20 27 12 26 10 11 17 20 13 11 10 64 10 14 138 14 28 10 14 10 17 10 60 14 10 28 24
internal_value=0.722701 142.173 -192.833 329.556 75.3286 287.503 226.391 39.0766 -76.937 243.938 754.495 543.619 81.6863 367.44 103.163 129.924 -272.634 298.158 418.146 176.336 236.131 -98.6685 -212.213 -21.3113 -1.72089 104.458 -293.703 297.12 43.9758 -68.3712 672.462 91.7098 33.8016 240.992 335.043 268.813 150.869 169.959 -10.9954 363.083 402.291 14.8276 -78.0445 -91.405 -80.8552 73.3898 57.361 163.702 108.653 -304.269 310.98 -87.702 -61.2939 129.619 157.887 -0.367108 131.413 -149.19 -37.5437 -16.6472 -236.303 26.1655
internal_weight=1620 936 684 246 690 224 181 568 279 122 22 43 333 43 30 146 405 118 22 79 43 249 105 235 166 36 300 32 187 69 21 63 25 63 22 46 131 90 156 55 31 94 177 133 120 93 74 22 41 253 24 59 38 38 24 77 21 72 44 30 47 50
internal_count=1620 936 684 246 690 224 181 568 279 122 22 43 333 43 30 146 405 118 22 79 43 249 105 235 166 36 300 32 187 69 21 63 25 63 22 46 131 90 156 55 31 94 177 133 120 93 74 22 41 253 24 59 38 38 24 77 21 72 44 30 47 50
is_linear=0
shrinkage=0.03


Tree=45
num_leaves=63
num_cat=0
split_feature=18 18 21 5 12 18 16 18 16 16 16 18 2 23 18 18 16 18 3 2 18 6 6 16 16 23 18 1 18 6 20 16 18 16 6 18 1 6 16 6 20 16 18 16 1 16 3 20 16 20 6 19 11 6 2 11 1 20 10 18 21 20
split_gain=4.63867e+10 1.16684e+10 7.73283e+09 4.92749e+09 3.75249e+09 3.28352e+09 1.58485e+09 1.53271e+09 1.47741e+09 1.04825e+09 9.26781e+08 8.89067e+08 7.39211e+08 6.70091e+08 6.4086e+08 5.93007e+08 5.06788e+08 5.98667e+08 3.56998e+08 2.99146e+08 3.45075e+08 2.871e+08 2.84448e+08 2.72352e+08 2.54789e+08 2.37444e+08 2.21238e+08 2.04929e+08 1.87579e+08 1.85425e+08 3.23491e+08 2.56589e+08 1.65224e+08 1.598e+08 1.12367e+08 1.10189e+08 1.08317e+08 1.37087e+08 1.1109e+08 1.0546e+08 1.0525e+08 8.88011e+07 1.08944e+08 7.89628e+07 6.99554e+07 6.78667e+07 6.76178e+07 6.52731e+07 6.23468e+07 5.53514e+07 5.49738e+07 5.45676e+07 4.85746e+07 4.61061e+07 4.15403e+07 3.3815e+07 3.34834e+07 3.14977e+07 3.06097e+07 2.87006e+07 2.75214e+07 2.59406e+07
threshold=46043.900000000009 104210.00000000001 30881.712500000005 1.0000000180025095e-35 1.0297193875575261 71103.950000000026 0.0051282388444369173 68157.550000000017 -1.0000000180025095e-35 0.086956521739130502 0.05017507414820211 56701.80000000001 51256.875000000007 73745.661538461558 84370.60000000002 21334.200000000001 -0.075399971249820216 58518.350000000006 56630.625000000007 58933.750000000007 112238.65000000001 1.0000000180025095e-35 1.0000000180025095e-35 0.0037543201186628354 0.0049751551641986644 56659.200000000012 37061.05000000001 34707.000000000007 84370.60000000002 1.0000000180025095e-35 89710.050000000017 1.0000000180025095e-35 40304.150000000009 -1.0000000180025095e-35 1.0000000180025095e-35 54543.700000000004 35115.000000000007 1.0000000180025095e-35 0.0037543201186628354 1.0000000180025095e-35 56078.450000000004 0.0050251573518178558 41414.350000000006 -1.0000000180025095e-35 31944.000000000004 0.0037543201186628354 47613.750000000007 66439.000000000015 0.0049140049140049555 48393.850000000006 1.0000000180025095e-35 108144.60000000002 0.82765255619113109 1.0000000180025095e-35 58348.750000000007 0.80898876386314755 43670.000000000007 72853.900000000009 -0.98182534576205283 40574.200000000004 78566.425000000003 63299.650000000001
decision_type=2 2 2 2 2 2 2 2 2 2 2 2 2 2 2 2 2 2 2 2 2 2 2 2 2 2 2 2 2 2 2 2 2 2 2 2 2 2 2 2 2 2 2 2 2 2 2 2 2 2 2 2 2 2 2 2 2 2 2 2 2 2
left_child=2 3 15 5 -3 10 14 16 12 19 11 36 32 25 29 27 17 35 -15 -6 -21 51 23 -13 -24 -9 58 39 49 30 -7 -31 53 -17 56 47 38 -38 -2 -1 -19 48 -43 -27 -12 -35 50 -5 57 -8 -46 -16 -36 -4 60 -41 -29 59 -10 -28 -30 -51
right_child=1 4 8 7 9 6 28 13 26 -11 44 22 -14 18 21 33 -18 40 -20 20 -22 -23 24 -25 -26 43 41 34 54 31 -32 -33 -34 45 52 -37 37 -39 -40 55 -42 42 -44 -45 46 -47 -48 -49 -50 61 -52 -53 -54 -55 -56 -57 -58 -59 -60 -61 -62 -63
leaf_value=-322.18350887309902 -1.3933400658716131 875.13262975871896 -70.466311167124147 160.69534488371048 284.76068688118806 35.366170852357982 53.95350292762614 176.86883150912749 -92.876965860896078 99.04137346928664 -133.15381387461784 92.584049828462227 315.00131212291149 618.5622486283396 224.90585144647267 -85.474918803065279 29.966415922657543 409.81610989152875 371.70390895730196 361.25608550077629 546.98891613718877 468.67095315728307 118.91894586530529 -30.400219596759225 279.94853157874377 406.90499821087786 -90.471027588925111 -283.16073396232815 103.53225014544545 203.02564417185516 214.56277565696018 368.4679110264542 96.909293844658023 -176.00938635149569 -159.51600658574378 232.1548141297599 5.7319080983524344 71.113330191173674 -88.677692637947032 -237.19976766557832 277.09384144176136 -193.97000197951849 -59.960549118454395 294.06542282919838 -63.009441648952617 -239.49191198608801 -113.43452857484209 72.514691096125432 -0.068160465619036256 -54.63320084675702 23.625410645739855 331.03269047803218 -231.63538920033898 16.078600307155295 66.257345399247839 -286.18785704997509 -233.06002602462365 -26.267620700268036 -136.33095496764463 -60.112841137319364 170.64773945119123 13.421957000128112
leaf_weight=101 71 18 11 26 9.9999999999999982 14.999999999999998 15.999999999999998 9.9999999999999982 19 9.9999999999999982 15.999999999999998 61 9.9999999999999982 13.000000000000002 10.000000000000002 11.999999999999998 14.999999999999998 12.000000000000002 9.9999999999999982 15.999999999999998 24 11.999999999999998 76 22 9.9999999999999982 12.999999999999998 53 69 14.000000000000002 59 23 9.9999999999999982 17 35 11.999999999999998 14.999999999999998 97 41 15.999999999999998 20 11.999999999999998 11.000000000000002 10.999999999999998 13.000000000000002 19 30 13.999999999999998 10.999999999999998 12.999999999999998 10.000000000000002 10.000000000000002 9.9999999999999982 40 11 13.999999999999998 75 19 13.999999999999998 81 62 9.9999999999999982 9.9999999999999982
leaf_count=101 71 18 11 26 10 15 16 10 19 10 16 61 10 13 10 12 15 12 10 16 24 12 76 22 10 13 53 69 14 59 23 10 17 35 12 15 97 41 16 20 12 11 11 13 19 30 14 11 13 10 10 10 40 11 14 75 19 14 81 62 10 10
internal_value=0.722528 145.379 -177.404 111.835 495.71 76.8254 173.94 267.123 -64.9069 380.617 31.1338 47.7412 86.2518 386.235 233.621 -262.626 189.558 220.975 513.306 436.622 473.782 351.586 99.7177 59.9884 137.947 303.853 -92.985 -279.886 61.6734 198.046 144.106 227.501 26.9423 -187.041 -251.51 163.236 8.67413 25.1943 -17.5291 -300.016 344.88 -71.4621 -127.54 351.828 -79.6628 -205.632 -59.4963 134.746 -62.6903 12.5323 -33.1567 279.352 -215.331 -27.3168 108.073 -276.135 -272.62 -68.9961 -128.176 -74.1705 132.089 -20.708
internal_weight=1620 894 726 816 78 666 213 150 313 60 453 394 49 59 139 413 91 76 23 50 40 32 169 83 86 36 264 336 74 107 38 69 39 77 140 52 225 138 87 196 24 164 22 26 59 65 43 37 142 36 29 20 52 22 38 95 88 129 100 115 24 20
internal_count=1620 894 726 816 78 666 213 150 313 60 453 394 49 59 139 413 91 76 23 50 40 32 169 83 86 36 264 336 74 107 38 69 39 77 140 52 225 138 87 196 24 164 22 26 59 65 43 37 142 36 29 20 52 22 38 95 88 129 100 115 24 20
is_linear=0
shrinkage=0.03


Tree=46
num_leaves=63
num_cat=0
split_feature=18 18 18 5 12 21 16 18 16 24 22 6 1 6 27 18 1 16 18 16 18 22 16 6 16 16 3 3 9 20 18 18 12 1 11 24 9 22 21 16 6 18 6 20 1 10 20 10 10 6 9 21 16 16 20 11 18 20 7 11 1 9
split_gain=4.36561e+10 1.09214e+10 7.44207e+09 4.59023e+09 3.5319e+09 3.05239e+09 1.62472e+09 1.44297e+09 9.86553e+08 8.84572e+08 8.81586e+08 7.31776e+08 8.48197e+08 7.00143e+08 7.0347e+08 6.89911e+08 6.37243e+08 5.91923e+08 5.51349e+08 4.7704e+08 5.63663e+08 3.53982e+08 4.60953e+08 3.47479e+08 3.36524e+08 3.24996e+08 2.61824e+08 2.51413e+08 2.49818e+08 2.26026e+08 2.16486e+08 2.09628e+08 2.04525e+08 1.92761e+08 1.78963e+08 1.5024e+08 1.27464e+08 1.25127e+08 1.22723e+08 1.08788e+08 1.05705e+08 1.03738e+08 9.91925e+07 9.90801e+07 8.4087e+07 7.7408e+07 7.03329e+07 6.59632e+07 6.15826e+07 5.94324e+07 1.1887e+08 5.65944e+07 5.63353e+07 5.08819e+07 4.82095e+07 4.56707e+07 4.51535e+07 4.24986e+07 3.35364e+07 3.17754e+07 3.14642e+07 3.01863e+07
threshold=46176.650000000009 104210.00000000001 30133.000000000004 1.0000000180025095e-35 1.0297193875575261 69923.362500000017 -1.0000000180025095e-35 68157.550000000017 0.086956521739130502 57604.375000000007 10834.934566728369 1.0000000180025095e-35 33323.000000000007 1.0000000180025095e-35 1.0000000180025095e-35 79169.450000000012 41970.000000000007 0.0050505372572776661 21334.200000000001 -0.075399971249820216 58518.350000000006 27294.740151761671 0.0049505253806327873 1.0000000180025095e-35 -1.0000000180025095e-35 0.05017507414820211 42697.500000000007 55663.125000000007 -0.1799261722714405 56519.30000000001 37631.55000000001 53662.900000000009 1.1612903222715596 34707.000000000007 1.0559999998267067 39701.55000000001 0.51639395938746258 11390.201640744677 60353.375000000007 -1.0000000180025095e-35 1.0000000180025095e-35 54543.700000000004 1.0000000180025095e-35 56078.450000000004 41970.000000000007 0.12053668025532312 50502.200000000004 0.78574730703237883 0.78574730703237883 1.0000000180025095e-35 -0.61559370248597534 42282.762500000004 0.0050251573518178558 0.05017507414820211 63299.650000000001 0.82765255619113109 69246.750000000015 76360.200000000012 -0.24999999999999997 0.80898876386314755 43670.000000000007 -0.2393156642875576
decision_type=2 2 2 2 2 2 2 2 2 2 2 2 2 2 2 2 2 2 2 2 2 2 2 2 2 2 2 2 2 2 2 2 2 2 2 2 2 2 2 2 2 2 2 2 2 2 2 2 2 2 2 2 2 2 2 2 2 2 2 2 2 2
left_child=2 3 18 5 -3 13 11 19 21 23 -9 51 -13 17 16 37 35 29 33 20 41 22 -6 28 -12 30 45 32 -7 -2 58 -31 -25 42 36 -15 -17 -11 47 -20 60 48 -1 -22 -26 -16 -18 -19 -5 52 -51 -4 61 -41 -40 -42 -28 -39 -8 -44 -35 -32
right_child=1 4 6 7 8 9 25 10 -10 15 24 12 -14 14 26 34 46 38 39 -21 43 -23 -24 27 44 -27 56 -29 -30 31 49 -33 -34 40 -36 -37 -38 57 54 53 55 -43 59 -45 -46 -47 -48 -49 -50 50 -52 -53 -54 -55 -56 -57 -58 -59 -60 -61 -62 -63
leaf_value=-312.52756256375181 -85.173155302843512 849.02369825837354 -79.001861952979951 155.92706099586923 485.55869928728066 -87.454565961478963 -86.118333627623372 573.69433904180471 96.099548433511558 212.9157033806446 406.00141347979968 56.453861006067143 408.07177100929056 -97.423608579893369 51.945018690831908 427.08834794714085 129.99578174283042 -88.990716461017115 -108.30716160730022 29.073375870660438 397.62323839424056 553.75338389295212 267.59682389663772 199.46732205713525 190.10378997234076 -216.49759902686398 279.43750705832292 42.418270762188833 83.685956129983197 2.0037644741407985 -98.64699436588181 75.754183320407606 56.920909836227835 -274.67821280582945 235.63087140668159 17.8970044955215 298.64912105091827 83.875108865980252 -66.0974853268185 -183.95629064103917 -154.7700780846462 225.23629598251239 -230.11917575209884 268.84972745028409 304.47476436803839 144.25459729646377 233.26958423576733 -176.30926174050512 70.278653795396963 -56.015414997895085 61.205231214466664 19.213314918311866 -134.96573875633447 -251.51896525930846 22.369407082635 -224.70366035594608 193.53766713776201 159.66632733319258 -125.97022699147584 -277.6136529939248 -226.10483132567077 -55.531190909270677
leaf_weight=101 14.999999999999998 18 10.000000000000002 26 17 9.9999999999999982 27 14.999999999999998 9.9999999999999982 19 18 14.000000000000002 10.999999999999998 10.999999999999998 15.999999999999998 14.000000000000002 16.000000000000004 37 14.999999999999998 14.999999999999998 12.000000000000002 13.999999999999998 19 54 16.000000000000004 17 10.000000000000002 15.999999999999998 32 73 18 66 10.999999999999998 69 18 121 17 18.000000000000004 11.000000000000002 48 11.999999999999998 14.999999999999998 20 11.999999999999998 9.9999999999999982 17 9.9999999999999982 9.9999999999999982 10.999999999999998 34 9.9999999999999982 10.999999999999998 10.999999999999998 13.999999999999998 10.999999999999998 40 15.999999999999998 10.999999999999998 74 75 19 82
leaf_count=101 15 18 10 26 17 10 27 15 10 19 18 14 11 11 16 14 16 37 15 15 12 14 19 54 16 17 10 16 32 73 18 66 11 69 18 121 17 18 11 48 12 15 20 12 10 17 10 10 11 34 10 11 11 14 11 40 16 11 74 75 19 82
internal_value=0.710152 142.099 -170.806 109.416 480.922 75.3464 -61.9369 259.17 369.263 166.56 374.743 102.841 212.175 29.7121 68.0619 234.304 35.0087 -7.61967 -254.861 183.91 214.391 423.594 371.583 112.989 305.771 -89.7291 156.368 149.272 42.8272 25.0987 -81.2296 37.0513 175.469 -271.505 313.519 8.22046 357.841 152.955 -80.574 -181.974 -243.984 158.366 -291.029 334.619 235.091 99.7907 170.458 -107.904 130.722 -58.8956 -29.2959 -27.7084 -70.5918 -199.593 -21.9628 -208.893 227.52 113.073 -115.412 -267.867 -264.459 -63.3829
internal_weight=1620 888 732 810 78 660 319 150 60 220 59 46 25 440 217 97 158 223 413 91 76 50 36 123 44 273 59 81 42 154 256 139 65 336 49 132 31 48 69 77 140 52 196 24 26 33 26 47 37 155 44 21 111 62 22 52 26 29 101 95 88 100
internal_count=1620 888 732 810 78 660 319 150 60 220 59 46 25 440 217 97 158 223 413 91 76 50 36 123 44 273 59 81 42 154 256 139 65 336 49 132 31 48 69 77 140 52 196 24 26 33 26 47 37 155 44 21 111 62 22 52 26 29 101 95 88 100
is_linear=0
shrinkage=0.03


Tree=47
num_leaves=63
num_cat=0
split_feature=21 23 21 12 5 21 8 16 21 20 22 8 8 21 23 8 10 21 12 22 24 3 16 11 12 21 10 11 20 22 20 8 22 21 9 11 10 9 1 9 21 20 11 24 20 24 21 4 8 23 16 8 22 7 10 23 20 8 20 24 21 24
split_gain=4.00937e+10 1.1174e+10 5.93466e+09 4.76525e+09 4.44285e+09 2.10099e+09 1.41992e+09 1.13048e+09 1.03784e+09 9.94586e+08 7.79771e+08 6.74578e+08 6.65165e+08 5.13766e+08 4.54393e+08 4.55674e+08 4.44838e+08 4.07335e+08 3.95424e+08 3.70435e+08 3.58174e+08 4.20828e+08 2.73426e+08 2.66534e+08 2.65875e+08 2.39994e+08 2.1786e+08 2.06152e+08 1.92409e+08 1.89369e+08 1.7611e+08 1.73219e+08 1.36196e+08 1.45933e+08 1.21749e+08 1.16932e+08 1.16468e+08 1.0727e+08 1.10429e+08 9.91059e+07 8.82175e+07 9.71121e+07 8.40617e+07 7.60213e+07 7.40002e+07 7.04018e+07 6.91581e+07 6.42809e+07 5.92092e+07 9.17166e+07 5.66462e+07 7.76152e+07 4.63023e+07 4.54931e+07 4.40992e+07 3.84592e+07 3.20446e+07 2.74192e+07 2.52981e+07 2.51165e+07 2.45733e+07 2.09252e+07
threshold=44665.812500000007 82097.876923076925 30881.712500000005 1.0326530610178755 1.0000000180025095e-35 65651.60000000002 0.93301270189221952 -0.040941482945758438 61444.850000000006 51897.150000000001 22600.91594536461 0.93301270189221952 0.93301270189221952 16835.637500000004 98090.592307692321 1.0000000180025095e-35 0.91023613416931248 57181.287500000006 1.0267857140995378 5182.1502896045195 59048.125000000007 56820.000000000007 0.0037543201186628354 0.88636363622589454 0.97168539304328594 77810.900000000009 0.70581670320594814 0.81950207452292145 80863.300000000017 7848.4249602901964 68445.250000000015 1.0000000180025095e-35 5348.5256572125918 37598.087500000001 0.17992617227144045 0.80822429891277703 0.12053668025532312 0.06026834012766185 42920.000000000007 -0.2393156642875576 57475.950000000004 48746.700000000004 0.9701818180062981 59268.125000000007 63299.650000000001 61134.575000000004 10946.112500000001 56935.625000000007 0.93301270189221952 23002.84615384616 0.0050251573518178558 0.93301270189221952 5617.2952447916568 1.0000000180025095e-35 0.74851074817110097 69593.784615384633 35000.100000000013 0.93301270189221952 48126.500000000007 42139.475000000006 69923.362500000017 38478.575000000004
decision_type=2 2 2 2 2 2 2 2 2 2 2 2 2 2 2 2 2 2 2 2 2 2 2 2 2 2 2 2 2 2 2 2 2 2 2 2 2 2 2 2 2 2 2 2 2 2 2 2 2 2 2 2 2 2 2 2 2 2 2 2 2 2
left_child=2 4 13 18 5 12 10 9 24 39 14 20 16 35 37 -16 17 34 -3 -10 23 45 55 44 -6 42 40 52 -8 -19 -18 -25 33 -9 -2 59 53 38 -5 -4 41 -26 60 -12 -7 -22 -37 -23 49 -29 51 54 -15 -35 56 -14 -34 61 -55 -1 -21 -48
right_child=1 3 7 6 8 11 28 32 19 -11 43 -13 22 27 15 -17 30 29 -20 25 21 47 -24 31 26 -27 -28 48 -30 -31 -32 -33 50 36 -36 46 -38 -39 -40 -41 -42 -43 -44 -45 -46 -47 57 -49 -50 -51 -52 -53 -54 58 -56 -57 -58 -59 -60 -61 -62 -63
leaf_value=-243.243775647798 11.618604006142577 865.45363456434859 43.79931069885658 203.05780941293253 294.60858675570097 228.41012469391316 -29.333829463543267 -106.03295513743676 469.30821587680782 344.51649053894647 517.85641580336289 -62.143487385532303 -88.758345672447632 -159.32582243435039 266.30263674907792 499.72106063741717 41.067742363958061 96.764715697752592 609.75315752518077 228.10342789579022 357.9211244972152 82.691739755950337 -241.01892239712251 54.601495782080548 178.35138366952475 371.04403621973165 45.490164397013118 -232.58785464791359 151.85013082968223 21.488148944344939 201.86002267114861 122.50255468157611 -52.83906847056776 -28.637847616741766 -32.487399930358428 -305.82460518787451 31.532151574141142 176.34852546350277 333.3308603441078 -74.281964375263925 215.18847348023283 78.099127989424034 160.53686359065594 420.14307062922296 144.40778121413015 247.29990462932179 -286.68198626135148 175.38775689243283 -279.88105593417549 -175.35949939871907 -156.02057373046873 -170.61742118898499 -80.717386375633453 -119.97001187711149 -28.567460242545248 -21.652031739213083 -116.20590237763427 -315.22170264790077 -65.70823372511677 -190.17023427799046 293.9771636679946 -255.18844976312749
leaf_weight=28 106 13.000000000000002 15 12.000000000000002 10.999999999999998 20.000000000000004 10.000000000000002 59 11.999999999999998 9.9999999999999982 11.000000000000002 17 19 19.000000000000004 16.000000000000004 14.999999999999998 10.000000000000002 56 11.999999999999998 12.000000000000002 10.000000000000002 16.000000000000004 9.9999999999999982 57 24 19 18 67 10.999999999999998 65 15.999999999999998 84 9.9999999999999982 24 120 75 14.999999999999998 20 12.999999999999998 11 13.999999999999998 13.999999999999998 9.9999999999999982 10.999999999999998 9.9999999999999982 13.999999999999998 35 11.999999999999998 13.999999999999998 36 26 11.999999999999998 10.999999999999998 10.999999999999998 9.9999999999999982 12.999999999999998 28 12.999999999999998 28 14.999999999999998 14.999999999999998 100
leaf_count=28 106 13 15 12 11 20 10 59 12 10 11 17 19 19 16 15 10 56 12 12 10 16 10 57 24 19 18 67 11 65 16 84 10 24 120 75 15 20 13 11 14 14 10 11 10 14 35 12 14 36 26 12 11 11 10 13 28 13 28 15 15 100
internal_value=0.697497 126.348 -176.552 369.63 82.7348 49.0817 290.077 -63.9383 230.541 91.8686 338.011 119.715 8.21462 -247.142 291.741 380.491 20.9679 11.9803 745.636 316.977 133.6 202.6 -104.827 112.511 157.676 283.556 135.768 -201.793 65.8418 56.3781 140.411 95.1114 -89.1209 -70.4497 -11.8045 -272.118 -43.4329 229.895 271.858 -6.25123 166.871 141.718 237.75 495.81 193.704 294.686 -281.057 122.901 -219.852 -211.429 -118.748 -102.364 -130.867 -61.3034 -84.9812 -61.6489 -99.713 -268.307 -81.2806 -225.214 265.65 -263.56
internal_weight=1620 948 672 144 804 655 119 259 149 36 98 240 415 413 76 31 373 347 25 68 223 52 42 171 81 56 70 147 21 121 26 141 223 137 226 266 78 45 25 26 52 38 37 22 30 24 223 28 117 103 86 60 30 63 48 32 38 148 39 43 27 135
internal_count=1620 948 672 144 804 655 119 259 149 36 98 240 415 413 76 31 373 347 25 68 223 52 42 171 81 56 70 147 21 121 26 141 223 137 226 266 78 45 25 26 52 38 37 22 30 24 223 28 117 103 86 60 30 63 48 32 38 148 39 43 27 135
is_linear=0
shrinkage=0.03


Tree=48
num_leaves=63
num_cat=0
split_feature=18 18 18 17 17 18 16 16 18 1 16 18 10 23 18 18 16 18 23 2 16 1 6 6 16 16 23 16 18 6 20 16 18 20 6 10 20 28 1 6 16 23 16 17 21 6 9 16 1 6 19 20 16 11 1 8 12 16 21 7 7 23
split_gain=3.87397e+10 9.80172e+09 6.44405e+09 4.09761e+09 3.18927e+09 2.74063e+09 1.46841e+09 1.34419e+09 1.29209e+09 8.32387e+08 7.85132e+08 7.41315e+08 6.92044e+08 5.67681e+08 5.33086e+08 4.88743e+08 4.38727e+08 5.0412e+08 3.21595e+08 3.08936e+08 2.82656e+08 2.80799e+08 2.69843e+08 2.51613e+08 2.37815e+08 2.29908e+08 2.01881e+08 1.74341e+08 1.74033e+08 1.69727e+08 2.80125e+08 2.34209e+08 1.60745e+08 1.17476e+08 1.12354e+08 1.0708e+08 1.01384e+08 9.88413e+07 9.58376e+07 1.19835e+08 9.73796e+07 8.93762e+07 8.59104e+07 8.04935e+07 7.05756e+07 6.2746e+07 1.11043e+08 6.25577e+07 6.06067e+07 5.29302e+07 5.28822e+07 5.19051e+07 4.63425e+07 4.55002e+07 4.5419e+07 4.19647e+07 4.10975e+07 3.76317e+07 3.49806e+07 3.15177e+07 3.09538e+07 3.8394e+07
threshold=46043.900000000009 104210.00000000001 30133.000000000004 0.041245326282528236 0.075411471307569006 71103.950000000026 -1.0000000180025095e-35 0.0051282388444369173 68157.550000000017 42920.000000000007 0.05017507414820211 56701.80000000001 0.98182534576205305 73745.661538461558 84370.60000000002 16098.500000000002 -0.075399971249820216 58054.450000000004 104778.66923076924 60937.500000000007 0.05017507414820211 44070.000000000007 1.0000000180025095e-35 1.0000000180025095e-35 0.0037543201186628354 0.0049751551641986644 56659.200000000012 -1.0000000180025095e-35 37631.55000000001 1.0000000180025095e-35 89710.050000000017 1.0000000180025095e-35 84370.60000000002 39441.450000000004 1.0000000180025095e-35 0.78574730703237883 54655.30000000001 1.0000000180025095e-35 35115.000000000007 1.0000000180025095e-35 0.0037543201186628354 23002.84615384616 0.0050761748317067487 0.079999999981325773 42282.762500000004 1.0000000180025095e-35 -0.61559370248597534 -1.0000000180025095e-35 31944.000000000004 1.0000000180025095e-35 108144.60000000002 48393.850000000006 0.0050251573518178558 0.80898876386314755 30529.000000000004 0.25000000000000017 1.1836734691412578 0.0050251573518178558 81324.800000000017 -0.24999999999999997 -0.24999999999999997 34877.553846153853
decision_type=2 2 2 2 2 2 2 2 2 2 2 2 2 2 2 2 2 2 2 2 2 2 2 2 2 2 2 2 2 2 2 2 2 2 2 2 2 2 2 2 2 2 2 2 2 2 2 2 2 2 2 2 2 2 2 2 2 2 2 2 2 2
left_child=2 3 15 5 9 10 12 14 16 -3 11 38 33 26 29 34 17 35 -6 -15 28 -11 50 24 -13 -25 -10 55 60 30 -7 -31 51 -4 54 43 -19 58 40 -40 -2 57 -23 -5 -35 52 -47 -28 -12 56 -16 -9 -30 -36 -1 -17 -50 -29 -34 -43 61 -8
right_child=1 4 6 8 18 7 20 32 13 21 48 23 -14 19 22 27 -18 36 -20 -21 -22 42 -24 25 -26 -27 47 41 45 31 -32 -33 37 44 53 -37 -38 -39 39 -41 -42 59 -44 -45 -46 46 -48 -49 49 -51 -52 -53 -54 -55 -56 -57 -58 -59 -60 -61 -62 -63
leaf_value=-309.04826285570425 -1.446325554384964 113.33027314997902 93.910352776710027 239.6495545423353 631.67475034808149 28.758076923698777 -114.92222453665224 50.188420576012653 160.27864644569925 480.8848670708955 -123.2823960696392 84.327994993618773 291.86322313040739 567.89455234673176 198.80734493444453 -162.53136977799971 24.086442951935016 376.72146645790275 888.35212098817578 338.52203410233602 -204.50351579632672 396.75192489170774 434.78849738507228 109.11535586624046 -30.587796878037949 262.04389145652846 370.72860530474713 -211.3794048566879 -63.095061633233385 186.27034539082331 195.47519306133316 344.21214785736385 102.00032997532892 -75.08118200321006 -195.85551568635469 63.521261242015953 250.03670816436065 22.442408777958637 5.4364241965595408 66.565677146076268 -83.167370654751792 -131.86350618929478 276.23851847061258 142.82586327621615 37.101622888546174 -53.437196498536629 60.244805865901533 269.89013582418886 -35.186822320061744 -11.384477159962149 302.11874158802596 -22.107907066629888 -128.25119193412161 -250.7757698072092 -270.44462940826566 -83.460530143296424 -110.86647933296534 -254.21619552729376 174.25431601949256 -192.29653914741846 -118.79769404731783 -42.924384805227966
leaf_weight=48 71 11.999999999999998 13.999999999999998 10.999999999999998 10.000000000000002 14.999999999999998 14.000000000000002 15.999999999999998 9.9999999999999982 20 15.999999999999998 61 11.999999999999998 13.000000000000002 10.000000000000002 13.000000000000002 14.999999999999998 12.000000000000002 10.999999999999998 9.9999999999999982 17 10.000000000000002 11.999999999999998 76 22 9.9999999999999982 12.999999999999998 47 95 59 23 9.9999999999999982 17.000000000000004 10.000000000000002 19 10.999999999999998 12.999999999999998 10.999999999999998 97 41 15.999999999999998 10.999999999999998 14.999999999999998 29 9.9999999999999982 33 9.9999999999999982 13.000000000000002 11.000000000000002 15.999999999999998 9.9999999999999982 20 10.999999999999998 82 103 11.999999999999998 15.999999999999998 39 9.9999999999999982 39 74 12.999999999999998
leaf_count=48 71 12 14 11 10 15 14 16 10 20 16 61 12 13 10 13 15 12 11 10 17 10 12 76 22 10 13 47 95 59 23 10 17 10 19 11 13 11 97 41 16 11 15 29 10 33 10 13 11 16 10 20 11 82 103 12 16 39 10 39 74 13
internal_value=0.69865 132.895 -162.085 102.151 453.984 70.2254 -59.3893 158.949 243.76 336.523 28.4816 43.7672 97.0085 353.121 213.912 -239.881 172.546 201.777 769.698 470.065 -86.3604 395.658 321.505 91.2287 53.8682 127.181 277.311 -198.742 -78.2481 181.465 129.914 209.626 55.5595 27.5819 -266.075 147.191 312.104 98.5116 8.09371 23.6331 -16.5537 -212.185 325.833 169.984 -19.0841 -57.5736 -26.921 321.537 -73.4969 -54.729 251.709 10.0737 -69.9711 -240.648 -282.912 -125.061 -80.2778 -231.078 129.305 -179.291 -108.661 -80.543
internal_weight=1620 894 726 816 78 666 313 213 150 57 453 394 46 59 139 413 91 76 21 23 267 45 32 169 83 86 36 161 250 107 38 69 74 34 252 51 25 38 225 138 87 136 25 40 20 149 43 26 59 43 20 36 106 101 151 25 27 86 27 50 101 27
internal_count=1620 894 726 816 78 666 313 213 150 57 453 394 46 59 139 413 91 76 21 23 267 45 32 169 83 86 36 161 250 107 38 69 74 34 252 51 25 38 225 138 87 136 25 40 20 149 43 26 59 43 20 36 106 101 151 25 27 86 27 50 101 27
is_linear=0
shrinkage=0.03


Tree=49
num_leaves=63
num_cat=0
split_feature=18 18 18 16 17 18 16 23 16 6 23 3 17 6 14 4 22 18 6 18 16 23 8 6 20 16 6 22 16 27 6 16 18 16 18 20 17 23 22 24 16 22 18 21 16 22 20 18 14 13 21 19 16 3 19 18 22 23 20 18 19 18
split_gain=3.64737e+10 9.70207e+09 5.18609e+09 3.70985e+09 3.47939e+09 2.92831e+09 1.46248e+09 1.21603e+09 9.45645e+08 9.1491e+08 8.54595e+08 8.10839e+08 6.83717e+08 5.32042e+08 5.17918e+08 4.88949e+08 4.14857e+08 3.39009e+08 3.30049e+08 3.07898e+08 2.85111e+08 2.40314e+08 2.74896e+08 2.25075e+08 2.2486e+08 2.21753e+08 2.19516e+08 2.15277e+08 2.31547e+08 2.07924e+08 2.03276e+08 2.18123e+08 1.78288e+08 1.69554e+08 1.55663e+08 1.52087e+08 1.39618e+08 1.38285e+08 1.28324e+08 1.27753e+08 1.27342e+08 1.19793e+08 1.18022e+08 1.1755e+08 1.01494e+08 2.8319e+08 9.30151e+07 7.89835e+07 7.87808e+07 7.43809e+07 7.15292e+07 6.82004e+07 6.61018e+07 5.88975e+07 5.43579e+07 4.94071e+07 4.75303e+07 4.71724e+07 4.4864e+07 4.44363e+07 4.21302e+07 3.91799e+07
threshold=43515.05000000001 76150.700000000012 25887.350000000002 -1.0000000180025095e-35 0.041245326282528236 112238.65000000001 0.05017507414820211 56950.515384615392 -1.0000000180025095e-35 1.0000000180025095e-35 60896.976923076923 55801.875000000007 0.075411471307569006 1.0000000180025095e-35 0.18069397097137688 38408.750000000007 27294.740151761671 86836.700000000012 1.0000000180025095e-35 14255.250000000002 0.05017507414820211 43869.192307692319 -0.24999999999999997 1.0000000180025095e-35 63121.400000000009 0.0037543201186628354 1.0000000180025095e-35 2839.1818280547309 0.0049140049140049555 1.0000000180025095e-35 1.0000000180025095e-35 0.0050251573518178558 37061.05000000001 -1.0000000180025095e-35 55231.500000000007 34107.200000000004 0.075456790105959223 82963.484615384616 15109.288661150951 57893.125000000007 0.088483499821170555 15935.217835209549 55728.200000000004 72264.737500000003 0.0049140049140049555 7881.3238384653259 54050.250000000007 52594.650000000009 0.20948616596859607 1.0744680848777715 42282.762500000004 109487.05 0.05017507414820211 55525.625000000007 78079.900000000009 52594.650000000009 934.24049763427956 71050.207692307711 67262.650000000009 18575.650000000005 51237.650000000001 55231.500000000007
decision_type=2 2 2 2 2 2 2 2 2 2 2 2 2 2 2 2 2 2 2 2 2 2 2 2 2 2 2 2 2 2 2 2 2 2 2 2 2 2 2 2 2 2 2 2 2 2 2 2 2 2 2 2 2 2 2 2 2 2 2 2 2 2
left_child=2 4 19 11 7 6 17 30 13 24 18 -3 16 50 -12 -15 39 41 -6 48 32 -20 -23 -16 25 42 51 28 -11 43 31 46 -10 -21 60 -32 -28 -36 40 -7 -8 53 -9 -29 47 -46 -2 -37 -1 -31 -4 -19 59 -5 57 -24 -34 -40 -48 -35 -26 -33
right_child=1 3 8 5 10 12 38 9 20 27 14 -13 -14 15 23 -17 -18 26 21 33 -22 22 55 -25 34 -27 36 29 -30 49 35 61 56 52 37 44 -38 -39 54 -41 -42 -43 -44 -45 45 -47 58 -49 -50 -51 -52 -53 -54 -55 -56 -57 -58 -59 -60 -61 -62 -63
leaf_value=-233.65235040569451 -74.924959989101339 448.13130636989462 -97.737036263269289 204.64717902024017 24.215610036281561 236.32218372911498 79.569149731768661 -15.565135292274823 -113.11266903359648 124.11247107254829 506.91268690052596 822.73578157283066 688.55734529702966 -10.419541843527611 146.05202267208617 263.73285900359457 543.38465489411146 179.79960469013929 79.357331793174964 -131.07698571143209 -203.62740146921638 326.26631711269943 129.66573219700859 314.33613161941452 -40.227895906306493 -109.35906940228371 405.52734123126413 38.635557445670074 289.885565263464 224.4472025443412 -54.522262632553755 -122.95529140428565 -16.697832191027892 -225.60467432540685 58.050439530722258 -22.199214689167874 268.54896497571787 167.46868567600723 100.99477042156714 390.10761151288006 -58.07924993836054 138.88006260922077 106.62426363803372 128.93015975724401 188.84150285050674 6.7244420584264493 36.043400838084764 44.819979938115324 -274.78123993707601 134.34991155331343 8.7268548825707768 289.6029880173142 -259.97641296975479 277.51809158915307 55.165800327610327 204.01204058730806 -68.478854283361784 183.08136210673564 -35.584203870618666 -185.80108457110808 22.822266547632321 -67.234326795243533
leaf_weight=66 13.999999999999998 10.000000000000002 13.000000000000002 28 14.999999999999998 10.000000000000002 15.000000000000002 24 111 17 9.9999999999999982 11.999999999999998 9.9999999999999982 10.000000000000002 10.999999999999998 13.999999999999998 11.999999999999998 11.000000000000002 15.999999999999998 23 20 13.999999999999998 17 22 11.999999999999998 18 22 37 14.000000000000002 10.999999999999998 30 26 19 65 76 46 10.999999999999998 11.999999999999998 16.000000000000004 10.999999999999998 9.9999999999999982 17 9.9999999999999982 20 10.999999999999998 25 27 24 151 37 9.9999999999999982 10.999999999999998 31 18 10.999999999999998 17 102 10.999999999999998 10.999999999999998 49 45 21
leaf_count=66 14 10 13 28 15 10 15 24 111 17 10 12 10 10 11 14 12 11 16 23 20 14 17 22 12 18 22 37 14 11 30 26 19 65 76 46 11 12 16 11 10 17 10 20 11 25 27 24 151 37 10 11 31 18 11 17 102 11 11 49 45 21
internal_value=0.687617 122.369 -165.818 284.092 64.6788 247.362 194.298 33.4403 -72.0467 70.307 209.971 655.259 469.755 51.4051 317.583 149.933 401.571 256.579 151.069 -238.605 -95.0827 180.716 214.267 258.852 28.9646 -24.5223 311.314 130.127 199.669 109.426 -18.8084 -51.4877 -85.6417 -207.75 48.1498 5.0006 360.817 73.1443 77.4241 318.344 24.4976 208.376 20.5801 70.4882 21.8822 62.7404 -9.11037 0.80991 -262.385 155.421 -51.6109 235.763 -219.814 233.702 112.088 167.328 -60.3685 134.99 15.27 -208.674 9.50129 -98.2544
internal_weight=1620 936 684 246 690 224 181 568 299 333 122 22 43 47 43 24 33 118 79 385 252 64 48 33 197 52 55 136 31 105 235 99 232 168 145 136 33 88 63 21 25 63 34 57 106 36 52 70 217 48 23 22 145 46 38 34 121 27 38 114 57 47
internal_count=1620 936 684 246 690 224 181 568 299 333 122 22 43 47 43 24 33 118 79 385 252 64 48 33 197 52 55 136 31 105 235 99 232 168 145 136 33 88 63 21 25 63 34 57 106 36 52 70 217 48 23 22 145 46 38 34 121 27 38 114 57 47
is_linear=0
shrinkage=0.03


Tree=50
num_leaves=63
num_cat=0
split_feature=18 18 18 16 5 18 16 21 16 18 18 17 6 12 2 18 2 18 16 18 18 12 16 16 18 16 6 6 16 16 24 17 18 10 18 10 6 21 18 6 16 6 19 10 18 3 3 19 1 6 14 13 18 6 1 6 21 16 19 1 16 10
split_gain=3.43261e+10 9.13314e+09 4.89335e+09 3.49271e+09 3.27518e+09 2.75719e+09 1.37649e+09 1.01355e+09 9.97009e+08 7.79095e+08 7.00315e+08 6.43767e+08 5.08141e+08 4.96242e+08 4.37477e+08 4.32423e+08 3.99915e+08 3.85803e+08 3.2229e+08 3.58747e+08 3.19185e+08 3.14348e+08 2.97466e+08 2.83941e+08 2.89006e+08 2.13255e+08 2.06529e+08 1.8742e+08 3.29345e+08 2.24842e+08 1.58639e+08 1.32557e+08 1.19615e+08 1.18855e+08 1.29758e+08 1.09254e+08 1.07995e+08 1.06899e+08 9.8535e+07 9.4697e+07 8.3616e+07 8.29894e+07 7.9389e+07 7.53882e+07 8.06497e+07 7.51212e+07 7.22304e+07 6.42055e+07 6.16891e+07 5.99915e+07 5.99076e+07 5.42305e+07 4.54638e+07 4.47269e+07 8.63771e+07 4.29136e+07 3.96545e+07 3.89004e+07 3.72628e+07 3.55858e+07 3.34597e+07 3.14848e+07
threshold=43515.05000000001 76150.700000000012 30133.000000000004 -1.0000000180025095e-35 1.0000000180025095e-35 112238.65000000001 0.05017507414820211 60559.200000000012 -1.0000000180025095e-35 96709.700000000012 68157.550000000017 0.075411471307569006 1.0000000180025095e-35 1.0440449435879293 46852.500000000007 21334.200000000001 60701.875000000007 63299.650000000001 0.05017507414820211 55728.200000000004 86836.700000000012 0.97168539304328594 0.05017507414820211 -0.075399971249820216 54543.700000000004 0.05017507414820211 1.0000000180025095e-35 1.0000000180025095e-35 0.0037543201186628354 0.0049140049140049555 39701.55000000001 0.041245326282528236 37631.55000000001 0.78574730703237883 96709.700000000012 0.98182534576205305 1.0000000180025095e-35 91752.362500000003 50188.150000000009 1.0000000180025095e-35 -1.0000000180025095e-35 1.0000000180025095e-35 108144.60000000002 -1.722546424198833e-16 55950.500000000007 50612.500000000007 55525.625000000007 109487.05 31944.000000000004 1.0000000180025095e-35 0.20610687017425749 1.1282051280103234 57692.600000000006 1.0000000180025095e-35 31500.000000000004 1.0000000180025095e-35 42282.762500000004 0.05017507414820211 55728.200000000004 43670.000000000007 0.0037543201186628354 0.12053668025532312
decision_type=2 2 2 2 2 2 2 2 2 2 2 2 2 2 2 2 2 2 2 2 2 2 2 2 2 2 2 2 2 2 2 2 2 2 2 2 2 2 2 2 2 2 2 2 2 2 2 2 2 2 2 2 2 2 2 2 2 2 2 2 2 2
left_child=2 4 15 9 7 6 20 18 12 -3 21 16 56 -12 -14 30 -7 51 19 35 37 -6 27 24 49 32 47 28 -19 -29 55 -28 -10 34 -8 38 43 46 -2 59 -17 45 -18 44 -20 -21 -5 -22 -38 -23 -41 52 -9 60 -55 -1 -4 -42 -43 -32 -34 -54
right_child=1 3 8 5 10 11 33 17 25 -11 13 -13 14 -15 -16 40 42 22 36 41 26 23 -24 -25 -26 -27 31 29 -30 -31 39 -33 53 -35 -36 -37 48 -39 -40 50 57 58 -44 -45 -46 -47 -48 -49 -50 -51 -52 -53 61 54 -56 -57 -58 -59 -60 -61 -62 -63
leaf_value=-281.59580442910993 -24.994560897280902 465.94489104467959 -75.732155393090551 192.78357609675479 287.37164226271346 227.71524971234913 59.580839377368406 16.224608828107886 -102.14280730748389 832.93778117264856 494.75521299619913 668.1051504486386 32.836465759277331 227.11227044313947 306.77935124577704 -96.679632034807014 528.63539294554437 148.12380915499281 -127.46869469368806 -11.133950966499942 174.4542108649176 47.891825930151612 -36.260937928895693 18.520926176030581 214.38244614695842 -195.20702044960677 403.07722707378923 132.47873628910659 -13.606878079086984 273.96572027537445 -249.47275183983959 275.74492545919213 -59.559419318959812 1.3795338935094161 161.64405870975048 77.19459656735684 -83.231695907139553 110.49493462893042 19.311065642428979 -158.74956065912352 -163.04971230742836 93.225730876516764 401.34432379103799 -156.92682806850465 -14.337370037632134 91.845503358146203 269.23854038976174 280.99316960515199 5.1253656328763197 133.72799945162743 -215.27251712702252 -16.794186807594553 38.390415771049959 -72.908289820894268 36.389065825407172 -245.15738512416968 8.4676400394250848 -222.18504633477392 170.47644410388304 -200.60367402241488 -111.90891452468988 83.59410617570434
leaf_weight=77 127 12.000000000000002 10.000000000000002 35 15.999999999999998 9.9999999999999982 30 32 101 9.9999999999999982 11.000000000000002 9.9999999999999982 10.000000000000002 14.999999999999998 10.999999999999998 14.999999999999998 10.000000000000002 26 10.000000000000002 11.000000000000002 11.000000000000002 9.9999999999999982 10.999999999999998 13.999999999999998 27 14.999999999999998 19 66 20 11.999999999999998 93 13.999999999999998 75 14.999999999999998 18 13.999999999999998 9.9999999999999982 9.9999999999999982 70 26 48 14.000000000000002 12.999999999999998 11.999999999999998 12.999999999999998 14.999999999999998 18 10.999999999999998 24 29 59 14.999999999999998 28 14.000000000000002 11.999999999999998 62 9.9999999999999982 13.999999999999998 9.9999999999999982 19 12.999999999999998 28
leaf_count=77 127 12 10 35 16 10 30 32 101 10 11 10 10 15 11 15 10 26 10 11 11 10 11 14 27 15 19 66 20 12 93 14 75 15 18 14 10 10 70 26 48 14 13 12 13 15 18 11 24 29 59 15 28 14 12 62 10 14 10 19 13 28
internal_value=0.678962 118.724 -160.85 275.633 62.7504 239.995 188.504 32.4425 -61.7608 635.774 203.714 455.792 74.3925 341.808 177.104 -225.839 389.63 79.6172 -1.59427 13.6535 248.926 165.997 112.967 141.393 167.39 -86.0534 302.037 126.224 77.9291 154.569 -240.579 350.054 -78.3508 75.1185 98.1111 -3.48012 -59.2068 202.154 -9.24962 -222.848 -161.289 85.8199 458.737 -96.1275 -63.8639 48.4014 219.208 228.754 -21.0298 111.898 -198.19 35.8389 44.8193 -57.2009 -22.5171 -265.531 -33.7994 -176.739 125.987 -241.369 -67.4111 61.101
internal_weight=1620 936 684 246 690 224 181 568 271 22 122 43 41 26 21 413 33 238 330 261 118 96 135 80 66 230 55 124 46 78 336 33 215 63 48 211 69 63 197 197 77 50 23 35 23 26 53 22 34 39 85 103 88 114 26 139 20 62 24 112 88 56
internal_count=1620 936 684 246 690 224 181 568 271 22 122 43 41 26 21 413 33 238 330 261 118 96 135 80 66 230 55 124 46 78 336 33 215 63 48 211 69 63 197 197 77 50 23 35 23 26 53 22 34 39 85 103 88 114 26 139 20 62 24 112 88 56
is_linear=0
shrinkage=0.03


Tree=51
num_leaves=63
num_cat=0
split_feature=18 18 18 14 16 1 1 16 6 8 18 16 18 8 22 27 16 18 2 18 16 16 9 6 17 16 18 18 20 18 21 14 17 14 18 10 1 22 16 20 8 16 22 18 11 18 16 22 4 9 24 4 8 2 16 16 18 9 10 14 10 22
split_gain=3.23117e+10 8.61703e+09 4.60477e+09 4.41443e+09 2.96432e+09 2.14778e+09 2.02668e+09 9.38405e+08 8.72401e+08 8.19329e+08 7.90707e+08 7.88414e+08 6.05518e+08 5.15517e+08 4.8193e+08 4.74663e+08 4.12525e+08 4.08087e+08 3.40384e+08 2.42633e+08 2.38465e+08 2.00774e+08 1.84168e+08 1.74664e+08 1.55781e+08 1.42782e+08 1.41465e+08 1.32504e+08 1.22602e+08 1.12779e+08 1.07224e+08 1.00311e+08 9.93093e+07 9.69317e+07 9.17131e+07 8.65731e+07 8.3852e+07 8.23377e+07 7.48991e+07 7.36883e+07 6.9119e+07 6.66251e+07 6.01116e+07 5.6724e+07 5.5013e+07 5.00416e+07 4.44521e+07 4.40036e+07 3.93987e+07 3.91721e+07 3.90175e+07 3.63968e+07 3.62502e+07 3.57092e+07 2.90854e+07 5.51163e+07 2.58156e+07 2.16325e+07 2.02426e+07 1.9978e+07 1.77494e+07 1.76379e+07
threshold=43515.05000000001 73508.35000000002 30133.000000000004 0.21717973125094933 -1.0000000180025095e-35 42920.000000000007 42920.000000000007 -1.0000000180025095e-35 1.0000000180025095e-35 0.25000000000000017 55728.200000000004 0.05017507414820211 58518.350000000006 0.93301270189221952 1070.0033673958881 1.0000000180025095e-35 0.0037543201186628354 16098.500000000002 61250.000000000007 63299.650000000001 0.05017507414820211 0.05017507414820211 -0.2393156642875576 1.0000000180025095e-35 0.075434243158852596 -1.0000000180025095e-35 40304.150000000009 50188.150000000009 64348.700000000004 37061.05000000001 70679.66250000002 0.25440806039853125 0.079999999981887865 0.20948616596859607 85153.35000000002 0.78574730703237883 38370.000000000007 1644.4962698710331 0.0051282388444369173 54050.250000000007 1.0000000180025095e-35 0.0049751551641986644 9078.4029334761308 54543.700000000004 0.94827586190127644 22902.900000000005 0.0037543201186628354 934.24049763427956 37758.000000000007 0.51639395938746258 39578.750000000007 42840.000000000007 0.25000000000000017 47258.250000000007 0.0050251573518178558 0.0048899755501222728 41210.450000000004 1.0000000180025095e-35 0.29696027566504685 0.27364323328844098 0.8542199457734333 4734.7929720288894
decision_type=2 2 2 2 2 2 2 2 2 2 2 2 2 2 2 2 2 2 2 2 2 2 2 2 2 2 2 2 2 2 2 2 2 2 2 2 2 2 2 2 2 2 2 2 2 2 2 2 2 2 2 2 2 2 2 2 2 2 2 2 2 2
left_child=2 4 17 6 12 16 -3 14 22 -8 20 13 24 19 -4 18 44 33 28 39 27 29 -7 31 -2 52 -16 54 -10 57 -25 -18 -14 53 49 -13 -32 41 45 -12 -21 -29 -36 48 58 -27 -39 -31 -26 -24 -35 -50 -19 -1 55 -6 -49 -9 -5 -58 -55 -40
right_child=1 3 7 5 10 8 9 21 15 -11 11 35 32 -15 26 -17 23 25 -20 40 -22 -23 34 30 43 38 -28 37 -30 47 36 -33 -34 50 42 -37 -38 46 61 -41 -42 -43 -44 -45 -46 -47 -48 56 51 -51 -52 -53 -54 60 -56 -57 59 -59 -60 -61 -62 -63
leaf_value=-234.41747197235122 240.2699431011105 343.425552647806 252.15943221592664 170.19975186434652 -24.915210690582427 84.358573411673561 490.29304159628367 -83.808936737506059 230.87481682854721 845.83400847739358 100.13474339893008 -27.990267595563616 376.63617419554458 -125.71977930654394 -44.555602288497106 343.425552647806 46.47610785156715 -149.60454021424735 129.04764490731753 99.942177470406889 -118.16438867727034 -189.3895933360927 212.8949386349239 37.949372198872972 49.003520326519961 -196.4809447366176 83.80938897315491 20.537246631584534 343.425552647806 -14.760461519251317 153.48829393315611 -79.346915679591717 262.35771947487115 -271.78437027776727 200.6448443905669 -123.64051738017315 49.488891498830064 16.219143990766469 -247.23091182146413 44.956608272428937 148.78070990740935 130.0207973246055 303.9287625984017 172.21248098819811 119.08660367757967 -151.15533349872598 -51.165571823875503 -76.239046694179777 151.40057707729713 129.92378549936655 -241.04356457635055 82.950604017541764 -76.150277800757038 -205.91854838327575 -63.001530610141373 45.005560896589948 -28.901265938519479 -113.54249693789724 227.06881811675075 -74.859279058325384 -155.98360618666848 -192.90326935720918
leaf_weight=28 11.999999999999998 29 9.9999999999999982 12.000000000000002 119 11.999999999999998 11 41 11.000000000000002 14 31 37 9.9999999999999982 9.9999999999999982 17.000000000000004 35 13.000000000000002 13.000000000000002 15.999999999999998 51 18 14.999999999999998 11.000000000000002 22 9.9999999999999982 64 13.999999999999998 10.000000000000002 9.9999999999999982 19 24 9.9999999999999982 29 82 10.000000000000002 10.999999999999998 9.9999999999999982 69 25 74 56 9.9999999999999982 12.999999999999998 13.999999999999998 9.9999999999999982 37 9.9999999999999982 64 15.000000000000002 10.999999999999998 95 13.999999999999998 11.999999999999998 37 14.999999999999998 10.999999999999998 25 53 15.999999999999998 12.999999999999998 9.9999999999999982 9.9999999999999982
leaf_count=28 12 29 10 12 119 12 11 41 11 14 31 37 10 10 17 35 13 13 16 51 18 15 11 22 10 64 14 10 10 19 24 10 29 82 10 11 10 69 25 74 56 10 13 14 10 37 10 64 15 11 95 14 12 37 15 11 25 53 16 13 10 10
internal_value=0.684282 115.213 -156.034 247.721 52.6804 193.659 493.192 -59.9106 278.051 691.973 24.0278 60.0463 199.086 83.8782 72.1806 343.426 100.453 -219.077 234.491 93.8196 -13.0993 -83.4784 189.738 61.2519 142.645 -181.486 13.4987 -5.30336 313.837 -76.0046 89.7967 -8.3361 292.548 -243.012 217.589 -50.1217 123.135 21.439 -193.653 61.3271 125.618 75.6537 260.086 120.13 181.575 -180.042 7.63549 -56.7707 101.041 172.185 -255.431 118.754 -114.79 -213.404 -23.5642 -18.9688 -64.574 -100.676 203.389 -44.779 -195.648 -232.303
internal_weight=1620 936 684 300 636 246 54 271 129 25 532 270 104 222 41 72 117 413 37 212 262 230 57 79 65 161 31 244 21 215 56 23 39 252 45 48 34 99 136 105 107 20 23 53 38 101 79 121 39 22 177 29 25 75 145 130 102 94 28 38 47 35
internal_count=1620 936 684 300 636 246 54 271 129 25 532 270 104 222 41 72 117 413 37 212 262 230 57 79 65 161 31 244 21 215 56 23 39 252 45 48 34 99 136 105 107 20 23 53 38 101 79 121 39 22 177 29 25 75 145 130 102 94 28 38 47 35
is_linear=0
shrinkage=0.03


Tree=52
num_leaves=63
num_cat=0
split_feature=18 18 18 14 12 18 16 16 16 18 16 2 18 18 22 7 22 16 16 16 16 22 1 18 18 18 18 21 16 18 14 23 16 18 14 16 18 7 16 21 22 18 7 16 3 18 18 1 10 7 23 2 3 8 14 10 7 14 3 7 7 18
split_gain=3.04472e+10 7.78783e+09 5.0725e+09 3.17767e+09 2.52384e+09 2.26214e+09 1.15506e+09 9.00154e+08 7.65605e+08 7.63521e+08 6.97433e+08 6.78629e+08 5.89024e+08 4.7567e+08 4.71588e+08 2.9224e+08 2.85846e+08 3.34858e+08 2.65642e+08 1.90038e+08 1.47654e+08 1.4706e+08 1.42851e+08 1.21567e+08 1.1693e+08 1.08204e+08 9.8003e+07 9.3926e+07 8.16134e+07 8.06338e+07 7.58381e+07 5.7529e+07 5.50502e+07 5.51015e+07 5.14777e+07 4.67726e+07 5.63963e+07 4.5162e+07 3.94317e+07 3.84356e+07 3.84299e+07 3.46141e+07 2.58938e+07 2.26125e+07 2.09955e+07 2.078e+07 2.07671e+07 1.99936e+07 1.73866e+07 1.68045e+07 3.85406e+07 1.64515e+07 1.58938e+07 1.13696e+07 1.05154e+07 1.00169e+07 9.10634e+06 1.14943e+07 8.87875e+06 5.6417e+06 3.10738e+06 3.0618e+06
threshold=46043.900000000009 104210.00000000001 31763.850000000002 0.21717973125094933 1.0297193875575261 71103.950000000026 -1.0000000180025095e-35 0.05017507414820211 0.086956521739130502 68579.150000000009 0.05017507414820211 50621.875000000007 56701.80000000001 21334.200000000001 10834.934566728369 -0.6830127018922193 27294.740151761671 0.0049505253806327873 -1.0000000180025095e-35 0.05017507414820211 -1.0000000180025095e-35 10469.672832592025 34707.000000000007 89710.050000000017 62314.950000000004 37631.55000000001 50188.150000000009 66651.487500000003 0.0050505372572776661 40304.150000000009 0.20204603575485572 57468.250000000007 0.086956521739130502 55950.500000000007 0.20948616596859607 0.088483499821170555 82632.60000000002 -0.24999999999999997 -1.0000000180025095e-35 54377.125000000007 934.24049763427956 41210.450000000004 0.68301270189221941 1.0000000180025095e-35 45782.500000000007 18132.050000000003 26300.050000000007 39920.000000000007 -0.70581670320594803 -0.24999999999999997 35425.080769230779 45253.125000000007 45107.500000000007 1.0000000180025095e-35 0.2133517592883212 -0.70581670320594803 -0.24999999999999997 0.21410579339789343 42379.500000000007 -0.24999999999999997 0.68301270189221941 10854.200000000003
decision_type=2 2 2 2 2 2 2 2 2 2 2 2 2 2 2 2 2 2 2 2 2 2 2 2 2 2 2 2 2 2 2 2 2 2 2 2 2 2 2 2 2 2 2 2 2 2 2 2 2 2 2 2 2 2 2 2 2 2 2 2 2 2
left_child=2 3 13 9 -3 10 11 -7 16 15 12 29 18 22 -11 21 17 -6 39 25 -16 -2 34 35 31 49 -20 -26 38 -4 53 -14 33 -12 51 36 -9 -36 -15 -5 43 48 -43 -27 -35 56 59 -25 -42 50 -8 -1 58 -24 -39 -48 -32 -58 -51 -40 -61 -53
right_child=1 4 6 5 8 7 19 23 -10 14 32 -13 24 28 20 -17 -18 -19 26 -21 -22 -23 30 47 27 40 -28 -29 -30 -31 45 -33 -34 44 37 -37 -38 54 46 -41 41 42 -44 -45 -46 -47 55 -49 -50 52 -52 61 -54 -55 -56 -57 57 -59 -60 60 -62 -63
leaf_value=-236.8636085654922 352.77656279006794 715.30597351411427 -13.228491699857859 140.65278211228386 408.17539422286177 153.79996034241515 -103.21638170659145 6.2993211404379297 69.322887159290886 487.35547717378341 -102.73240630278717 307.80945505878708 123.37796698492927 -90.368908932608846 346.76541535073136 153.79996034241515 474.26153715093079 222.50762564933734 -16.410824417197411 -176.95382802799045 215.26902912559305 196.44335158486402 -176.48969674379768 125.07331434875951 146.80969887181331 -43.106503085574573 23.438394518706758 84.76447608002286 -201.08708579402395 77.96511516405188 -202.31363724226802 49.759906450713387 -108.0119619255665 -5.3960360637884479 -236.8636085654922 -36.766060180664063 86.339891407864158 -245.51529521302405 -139.37021774704394 62.692139807974939 -51.164738131850505 -52.596559505709436 -7.9904035980022501 18.957143518428992 -58.958342285156256 -184.30916522892466 -99.012822492444798 70.152170672456108 -86.097840671392945 -99.090477497408159 -29.034403061609012 -230.85372766475865 -117.71454138873025 -132.57650443739561 -283.11122524382967 -142.46797033361489 -204.44342948344212 -237.9803346221301 -66.20274466245229 -186.71790830869926 -153.78189399945856 -201.01658795379885
leaf_weight=15.999999999999998 10.000000000000002 18 19 14.000000000000002 17 153 15.000000000000002 23 9.9999999999999982 12.999999999999998 10.999999999999998 9.9999999999999982 10.999999999999998 15.999999999999998 13.999999999999998 41 13.999999999999998 19 110 14.999999999999998 19 12.999999999999998 13 13.000000000000002 36 11.000000000000002 112 58 21 15.999999999999998 29 72 19 19.000000000000004 70 10.999999999999998 11.999999999999998 15.999999999999998 10.999999999999998 9.9999999999999982 20 54 14.999999999999998 9.9999999999999982 9.9999999999999982 21 11.000000000000002 11.999999999999998 39 21 10.999999999999998 9.9999999999999982 30 13 47 10.999999999999998 20 44 12.999999999999998 11.000000000000002 9.9999999999999982 37
leaf_count=16 10 18 19 14 17 153 15 23 10 13 11 10 11 16 14 41 14 19 110 15 19 13 13 13 36 11 112 58 21 16 29 72 19 19 70 11 12 16 11 10 20 54 15 10 10 21 11 12 39 21 11 10 30 13 47 11 20 44 13 11 10 37
internal_value=0.743966 117.941 -143.569 90.5365 404.148 67.1477 -48.7819 145.899 309.766 240.452 30.5267 91.163 44.0058 -209.915 333.74 172.986 357.621 311.072 13.9659 -73.6015 271.935 265.647 -226.432 45.9836 85.7247 -67.0436 3.69477 108.657 -148.75 28.5633 -202.772 59.6533 -66.0222 -45.8573 -243.22 16.9658 33.9097 -254.331 -132.784 108.564 -51.2944 -57.4627 -42.9252 -13.6025 -24.005 -213.493 -145.161 99.0958 -74.3628 -93.0315 -72.0633 -219.396 -101.424 -155.125 -273.967 -121.287 -220.103 -227.835 -86.7469 -161.146 -171.837 -207.842
internal_weight=1620 894 726 816 78 706 299 224 60 110 482 45 423 427 46 64 50 36 246 254 33 23 336 71 177 239 222 94 91 35 140 83 59 40 196 46 35 133 70 24 149 128 69 21 29 114 54 25 59 90 26 63 64 26 63 22 93 64 34 32 21 47
internal_count=1620 894 726 816 78 706 299 224 60 110 482 45 423 427 46 64 50 36 246 254 33 23 336 71 177 239 222 94 91 35 140 83 59 40 196 46 35 133 70 24 149 128 69 21 29 114 54 25 59 90 26 63 64 26 63 22 93 64 34 32 21 47
is_linear=0
shrinkage=0.03


Tree=53
num_leaves=63
num_cat=0
split_feature=18 23 18 12 5 8 18 16 18 16 18 10 23 18 12 18 16 13 16 22 16 16 18 8 17 24 16 18 9 22 22 1 8 18 7 16 14 17 23 10 23 18 14 7 23 7 18 16 22 18 4 23 7 8 17 18 18 10 7 23 1 23
split_gain=2.86907e+10 7.36845e+09 4.77475e+09 3.47884e+09 2.87301e+09 1.18674e+09 1.11929e+09 1.08726e+09 7.09059e+08 6.99237e+08 6.9377e+08 5.93478e+08 5.23485e+08 4.47624e+08 3.69279e+08 3.5016e+08 3.48839e+08 2.93804e+08 2.65808e+08 2.62793e+08 2.35904e+08 2.15855e+08 2.1294e+08 2.08149e+08 1.82277e+08 1.78924e+08 1.78898e+08 1.70132e+08 1.52568e+08 1.47701e+08 1.39222e+08 1.34641e+08 1.04555e+08 1.01856e+08 1.01535e+08 7.67743e+07 7.13038e+07 6.16201e+07 6.02029e+07 5.99407e+07 5.63908e+07 5.22032e+07 4.79881e+07 4.25713e+07 4.18554e+07 5.55228e+07 3.882e+07 3.71342e+07 3.61607e+07 3.25777e+07 2.83341e+07 2.72325e+07 2.43649e+07 2.15934e+07 2.07983e+07 1.9583e+07 1.95521e+07 1.63578e+07 1.58088e+07 3.62755e+07 1.56455e+07 1.31601e+07
threshold=46043.900000000009 81305.669230769257 31763.850000000002 1.0326530610178755 1.0000000180025095e-35 0.93301270189221952 65548.650000000009 -1.0000000180025095e-35 87880.050000000003 0.0050505372572776661 54543.700000000004 0.98182534576205305 47790.346153846156 21334.200000000001 1.0267857140995378 84370.60000000002 0.05017507414820211 1.0472340423347435 0.0051020740191197742 25878.681180325369 0.0050505372572776661 0.0050505372572776661 75914.050000000003 0.93301270189221952 0.07547911546421833 59048.125000000007 0.05017507414820211 62654.05000000001 0.06026834012766185 8337.4081549669172 15109.288661150951 34707.000000000007 1.0000000180025095e-35 37631.55000000001 -0.24999999999999997 0.0050505372572776661 0.20204603575485572 0.079999999981520867 47362.076923076929 0.78574730703237883 75796.138461538474 106497.85000000002 0.20948616596859607 -0.24999999999999997 73745.661538461558 -0.93301270189221919 58054.450000000004 -1.0000000180025095e-35 934.24049763427956 41210.450000000004 41370.000000000007 90862.826923076937 0.68301270189221941 -0.68301270189221952 0.079999999981887865 18132.050000000003 26300.050000000007 -0.70581670320594803 -0.24999999999999997 35425.080769230779 30529.000000000004 68668.026923076934
decision_type=2 2 2 2 2 2 2 2 2 2 2 2 2 2 2 2 2 2 2 2 2 2 2 2 2 2 2 2 2 2 2 2 2 2 2 2 2 2 2 2 2 2 2 2 2 2 2 2 2 2 2 2 2 2 2 2 2 2 2 2 2 2
left_child=2 4 13 14 6 8 16 11 28 22 39 37 -12 31 -3 29 18 24 20 21 23 32 44 -2 -14 -7 33 -26 -5 -11 -17 42 -10 58 -31 47 54 -4 46 50 61 -32 60 -44 45 -8 -18 -15 53 57 -6 -30 -51 -35 -33 -38 -49 -50 59 -9 -1 -24
right_child=1 3 7 5 10 25 9 26 19 15 12 -13 17 35 -16 30 38 -19 -20 -21 -22 -23 40 -25 27 -27 -28 -29 51 34 41 36 -34 48 -36 -37 55 -39 -40 -41 -42 -43 43 -45 -46 -47 -48 56 49 52 -52 -53 -54 -55 -56 -57 -58 -59 -60 -61 -62 -63
leaf_value=-229.83501962756489 32.110133554218685 743.1556740704018 57.548073263917289 250.9145294682283 142.93333985891394 -44.283286776156032 82.374523169915406 -100.14039754501239 294.1931539088369 99.222148941922782 34.048841740070003 268.18272537609761 388.72514223520989 -87.674680465319128 500.0480073686079 27.724928523936171 -132.03414768949466 123.56675373676396 143.01618628365648 435.13292853988423 -87.131532900478291 223.87637471741732 212.36443649443061 -59.962042139456969 204.03341656389705 126.14267934438345 -171.68036627561048 296.34662234422638 96.143346325582684 21.554217471401788 115.80099629071603 -119.38840709339485 409.58638911732447 -44.890329518837483 -57.135036933871767 -195.08306233338266 -213.52057670683405 -25.174139202199083 -19.216683927346732 33.203854304133237 269.83915646114866 198.22980209501659 -229.83501962756489 -265.77343762381139 81.885565558164814 148.73329138804291 -55.991440825591219 -156.35631489120911 -49.637432164434173 -51.021579532870078 83.190625207779263 165.05614659073331 -7.7522799076307685 15.758133487185916 -176.14409044630983 -178.80580085182345 -117.68104785737947 -83.521511825990785 -98.394532762072203 -28.171217708072145 -198.93530112342151 160.7113117619871
leaf_weight=24 267 13.000000000000002 19 15.999999999999998 16.000000000000004 11.000000000000002 14.999999999999998 15.000000000000002 14.999999999999998 11.999999999999998 9.9999999999999982 11.999999999999998 12.999999999999998 15.999999999999998 11.999999999999998 13.999999999999998 14.000000000000002 11.999999999999998 15.999999999999998 14.999999999999998 18 18 10.000000000000002 24 20 10.999999999999998 14.999999999999998 45 12.000000000000002 31 25 12.000000000000002 17 10.000000000000002 28 21 93 13.999999999999998 12.999999999999998 10.999999999999998 10.999999999999998 9.9999999999999982 70 63 18 53 10.999999999999998 32 20 54 13.999999999999998 9.9999999999999982 14.999999999999998 10.999999999999998 13.999999999999998 21 22 39 64 10.999999999999998 39 12.999999999999998
leaf_count=24 267 13 19 16 16 11 15 15 15 12 10 12 13 16 12 14 14 12 16 15 18 18 10 24 20 11 15 45 12 31 25 12 17 10 28 21 93 14 13 11 11 10 70 63 18 53 11 32 20 54 14 10 15 11 14 21 22 39 64 11 39 13
internal_value=0.802503 114.569 -139.286 306.317 75.8737 241.345 47.3492 -47.3229 284.031 97.602 197.741 88.4529 240.345 -203.656 628.921 46.3371 14.1065 263.203 24.168 344.292 17.9697 309.35 148.786 24.4986 284.5 41.1148 -71.403 263.09 180.318 3.73319 107.936 -219.678 356.581 -65.0403 -15.8233 -144.321 -196.709 22.4837 -71.783 93.4984 212.476 139.85 -235.976 -246.71 123.388 134.238 -98.9319 -128.835 -49.76 -55.7435 115.423 128.073 -41.6401 -13.1978 -150.507 -207.105 -140.846 -72.1389 -90.2543 -69.9166 -212.961 183.991
internal_weight=1620 894 726 150 744 125 603 299 103 240 141 45 100 427 25 120 363 90 325 65 309 50 120 291 78 22 254 65 38 71 49 336 32 239 59 91 140 33 38 41 34 35 196 133 86 68 25 70 149 128 30 22 69 21 26 114 54 59 90 26 63 23
internal_count=1620 894 726 150 744 125 603 299 103 240 141 45 100 427 25 120 363 90 325 65 309 50 120 291 78 22 254 65 38 71 49 336 32 239 59 91 140 33 38 41 34 35 196 133 86 68 25 70 149 128 30 22 69 21 26 114 54 59 90 26 63 23
is_linear=0
shrinkage=0.03


Tree=54
num_leaves=63
num_cat=0
split_feature=18 18 12 18 16 1 23 6 16 23 23 16 6 18 2 6 2 18 6 10 2 16 14 16 18 10 12 16 17 16 6 13 1 14 9 16 18 6 18 18 17 18 2 18 16 3 18 18 14 1 10 18 6 1 23 23 21 23 23 16 23 2
split_gain=2.70077e+10 7.31137e+09 3.87299e+09 3.83694e+09 2.48277e+09 1.7477e+09 1.44457e+09 8.27288e+08 7.76348e+08 7.42021e+08 7.14491e+08 5.77945e+08 5.51242e+08 5.07847e+08 4.72281e+08 4.63011e+08 3.85536e+08 3.41876e+08 2.17344e+08 3.1785e+08 1.86044e+08 1.6834e+08 1.62092e+08 1.46229e+08 2.73969e+08 1.52032e+08 1.43286e+08 2.59069e+08 1.4304e+08 1.41893e+08 1.22789e+08 1.16169e+08 1.14991e+08 1.60874e+08 1.18411e+08 1.06504e+08 9.8749e+07 9.59096e+07 1.16146e+08 9.39935e+07 9.19506e+07 8.84643e+07 8.75846e+07 8.39041e+07 7.95071e+07 7.87574e+07 6.41895e+07 6.11813e+07 6.06914e+07 5.79726e+07 5.3939e+07 4.89374e+07 4.18034e+07 7.47512e+07 4.1424e+07 4.16806e+07 3.76296e+07 3.62061e+07 3.47864e+07 3.24352e+07 2.78787e+07 2.6233e+07
threshold=43515.05000000001 73508.35000000002 1.0326530610178755 30133.000000000004 -1.0000000180025095e-35 42920.000000000007 83682.400000000009 1.0000000180025095e-35 -1.0000000180025095e-35 78473.150000000009 56950.515384615392 0.0050761748317067487 1.0000000180025095e-35 58518.350000000006 65670.000000000015 1.0000000180025095e-35 46852.500000000007 20015.050000000007 1.0000000180025095e-35 0.78574730703237883 61250.000000000007 0.05017507414820211 0.27088607590008235 0.0037543201186628354 59967.100000000006 -0.61559370248597534 1.1814593759708412 0.0049751551641986644 0.075434243158852596 0.0050251573518178558 1.0000000180025095e-35 0.99859296457813607 34262.000000000007 0.26717557247022694 0.91023613416931248 0.0050761748317067487 82632.60000000002 1.0000000180025095e-35 95253.60000000002 37631.55000000001 0.079999999981887865 63299.650000000001 51890.625000000007 55231.500000000007 -1.0000000180025095e-35 49490.000000000007 46043.900000000009 51612.650000000009 0.24938271598645248 34707.000000000007 0.78574730703237883 54543.700000000004 1.0000000180025095e-35 31500.000000000004 57565.511538461542 45867.088461538464 42282.762500000004 23002.84615384616 49873.93461538462 0.0037543201186628354 59694.730769230788 54103.125000000007
decision_type=2 2 2 2 2 2 2 2 2 2 2 2 2 2 2 2 2 2 2 2 2 2 2 2 2 2 2 2 2 2 2 2 2 2 2 2 2 2 2 2 2 2 2 2 2 2 2 2 2 2 2 2 2 2 2 2 2 2 2 2 2 2
left_child=3 4 6 17 13 11 -3 22 15 20 18 31 23 28 -8 56 -17 30 19 29 -9 39 36 24 47 -25 27 41 -2 46 49 45 48 34 -34 -27 -7 50 60 -10 -15 -14 -32 -31 -19 -4 -6 -12 -20 -1 -13 54 59 -54 55 -30 -5 -46 -35 -41 -39 -40
right_child=1 2 5 8 10 7 14 9 21 -11 12 37 26 40 -16 16 -18 44 32 -21 -22 -23 -24 25 -26 35 -28 -29 51 43 42 -33 33 58 -36 -37 -38 38 61 52 -42 -43 -44 -45 57 -47 -48 -49 -50 -51 -52 -53 53 -55 -56 -57 -58 -59 -60 -61 -62 -63
leaf_value=-247.02695061774168 223.68545823782927 345.93817128810775 297.004876334313 -78.703372391804592 -57.481562479823097 143.76511236893501 816.14822529560786 276.52769198803185 -90.435170869912184 345.93817128810775 -12.864337035049175 43.937232162887966 61.620052455358888 348.07154702970297 517.80336217899128 28.041286690589214 285.17407566379853 -86.768902087478153 18.367684381016634 -182.76380967160486 127.66399970874448 -173.16689068320568 76.70019627973069 61.345162474577101 105.1144649061424 -120.85101984491409 6.7682953722811927 236.00240187624664 62.202578256967882 -115.5410050212803 -211.83354359483889 143.41903639133599 167.19480408219258 -17.957895309617157 50.201957560742308 -7.9307946357979677 237.91940232843487 13.660267672713511 162.90411200495043 -52.750873025368435 238.57545591374029 116.78066201620055 -161.70182221321062 -21.606412098865633 -186.89952366672526 187.92585538874835 21.588194131778025 33.339741789188864 -36.930603880251006 -211.43775140314759 -51.874716053575575 156.986421313996 -63.978672965841071 37.68653114508006 37.772039450466039 137.19859244162203 3.3603924620977725 -142.97590390575175 47.272792615229541 -104.2275591808057 72.01393002848981 95.23759273749738
leaf_weight=100 11.999999999999998 18 10.000000000000002 10.000000000000002 11.999999999999998 17 11.000000000000002 14.000000000000002 101 44 52 11.000000000000002 25 9.9999999999999982 9.9999999999999982 10.000000000000002 10.999999999999998 15.999999999999998 28 13.999999999999998 17 14.999999999999998 11.999999999999998 11.999999999999998 37 15.000000000000002 11.999999999999998 13.999999999999998 11.000000000000002 20 86 33 12.000000000000002 27 10.999999999999998 14.999999999999998 27 19.000000000000004 10.000000000000002 75 29 62 53 14.999999999999998 31 12.999999999999998 39 51 49 83 9.9999999999999982 13.999999999999998 14.000000000000002 11.999999999999998 9.9999999999999982 18 9.9999999999999982 44 9.9999999999999982 12.999999999999998 11.999999999999998 11.999999999999998
leaf_count=100 12 18 10 10 12 17 11 14 101 44 52 11 25 10 10 10 11 16 28 14 17 15 12 12 37 15 12 14 11 20 86 33 12 27 11 15 27 19 10 75 29 62 53 15 31 13 39 51 49 83 10 14 14 12 10 18 10 44 10 13 12 12
internal_value=0.783439 105.491 227.548 -142.495 47.8905 185.743 506.134 263.061 -54.7517 328.271 21.6683 107.687 52.8229 181.877 677.207 65.3939 163.443 -200.043 -17.1166 -50.7196 195.566 -76.1881 175.296 20.4879 35.2118 -28.5589 104.838 116.472 130.19 -29.0367 -214.601 180.327 7.4303 38.5334 100.652 -64.6049 201.95 52.5474 74.0112 -69.3448 267.47 96.9881 -192.849 -75.4597 -148.351 232.433 2.90741 10.0235 -16.8244 -231.01 -1.71698 108.64 -50.5966 -17.0915 90.927 109.063 -37.8588 -161.356 -0.247999 -60.4651 36.4078 126.593
internal_weight=1620 936 300 684 636 261 39 131 271 75 532 130 295 104 21 41 21 413 237 100 31 230 56 182 140 42 113 101 65 86 322 56 137 60 23 30 44 74 53 215 39 87 139 35 91 23 51 103 77 183 21 53 114 26 39 29 20 75 37 88 31 22
internal_count=1620 936 300 684 636 261 39 131 271 75 532 130 295 104 21 41 21 413 237 100 31 230 56 182 140 42 113 101 65 86 322 56 137 60 23 30 44 74 53 215 39 87 139 35 91 23 51 103 77 183 21 53 114 26 39 29 20 75 37 88 31 22
is_linear=0
shrinkage=0.03


Tree=55
num_leaves=63
num_cat=0
split_feature=18 23 18 6 5 12 18 12 16 16 23 1 18 18 23 18 18 8 18 18 6 23 16 23 23 8 16 16 8 10 18 18 23 12 18 11 10 28 6 1 16 20 19 16 23 20 6 9 6 1 18 23 11 1 18 8 16 7 23 9 1 7
split_gain=2.54291e+10 6.90612e+09 3.61052e+09 3.10907e+09 2.88257e+09 2.44918e+09 1.17816e+09 7.68214e+08 7.30712e+08 6.19814e+08 5.94575e+08 5.18777e+08 4.59139e+08 3.82159e+08 3.27226e+08 3.2304e+08 3.10886e+08 2.29747e+08 1.93394e+08 1.88885e+08 1.75597e+08 1.64758e+08 1.58488e+08 1.5557e+08 1.37886e+08 1.17815e+08 1.17087e+08 1.14615e+08 1.12603e+08 1.12537e+08 1.10899e+08 1.04374e+08 9.89379e+07 9.59965e+07 8.86317e+07 8.71723e+07 8.42871e+07 8.39238e+07 8.34884e+07 7.956e+07 7.57942e+07 7.44238e+07 6.33318e+07 6.31339e+07 5.39065e+07 4.94014e+07 8.51824e+07 4.36067e+07 4.05378e+07 7.11612e+07 3.96579e+07 3.62692e+07 3.53783e+07 3.53289e+07 3.45641e+07 3.11802e+07 2.86984e+07 2.71732e+07 3.35925e+07 2.49698e+07 2.26778e+07 2.07792e+07
threshold=43515.05000000001 81305.669230769257 30133.000000000004 1.0000000180025095e-35 1.0000000180025095e-35 1.0326530610178755 65548.650000000009 1.1224489793650323 -1.0000000180025095e-35 0.0050505372572776661 55729.565384615395 42920.000000000007 35240.200000000004 58518.350000000006 47362.076923076929 16098.500000000002 84370.60000000002 0.93301270189221952 50657.150000000001 75914.050000000003 1.0000000180025095e-35 70608.661538461558 0.05017507414820211 43869.192307692319 112049.05384615385 0.6830127018922193 0.0050505372572776661 -1.0000000180025095e-35 0.93301270189221952 0.5163939593874618 40304.150000000009 106497.85000000002 64699.450000000004 1.0889795916093725 37061.05000000001 0.94399999984743344 0.4647231720437684 1.0000000180025095e-35 1.0000000180025095e-35 39920.000000000007 0.0051020740191197742 52260.000000000007 108144.60000000002 0.0051282388444369173 75796.138461538474 49338.600000000013 1.0000000180025095e-35 0.35460488704253579 1.0000000180025095e-35 31500.000000000004 22902.900000000005 101415.65000000001 0.80898876386314755 30529.000000000004 58054.450000000004 0.25000000000000017 0.0037543201186628354 -0.24999999999999997 34877.553846153853 -0.66312265824079519 30529.000000000004 -0.93301270189221919
decision_type=2 2 2 2 2 2 2 2 2 2 2 2 2 2 2 2 2 2 2 2 2 2 2 2 2 2 2 2 2 2 2 2 2 2 2 2 2 2 2 2 2 2 2 2 2 2 2 2 2 2 2 2 2 2 2 2 2 2 2 2 2 2
left_child=2 4 15 11 6 -5 14 24 12 19 20 -3 -4 -12 26 38 25 18 32 45 -6 -19 34 -22 42 36 61 55 35 41 -14 37 -16 -25 57 -13 -11 -18 53 -31 -20 -15 -7 50 -21 59 -47 -37 56 -50 -29 -49 -40 -1 -28 -17 -36 58 -10 -8 -54 -2
right_child=1 3 8 5 10 7 9 -9 22 16 13 28 30 29 17 27 31 21 40 44 23 -23 -24 33 -26 -27 54 43 -30 39 -32 -33 -34 -35 48 47 -38 -39 52 -41 -42 -43 -44 -45 -46 46 -48 51 49 -51 -52 -53 60 -55 -56 -57 -58 -59 -60 -61 -62 -63
leaf_value=-252.58209699031963 -47.205742995912665 -33.417803453177456 228.29288076039907 715.99041373527484 16.116606445312499 384.07703590718489 45.106441122518994 137.03461611109853 -93.60533404401238 4.7108153922852614 119.40508629561785 279.07975308804896 -55.047728322010151 264.7724795264528 -14.981468343082391 -133.11647701350785 108.35338731153423 -151.31174329912338 39.02999554667317 172.2906340046672 64.09194060331545 -2.6976783892982885 -168.00628592585886 229.4322082091214 477.29850029054751 -74.209934052812287 -121.8932588372836 -173.66552171442331 103.01175976469317 180.88400477933564 59.929856528477956 187.87635617699954 83.929438467497874 132.09380784744332 -52.898085123287153 229.75705185445523 96.826715619886244 12.938154579351755 -154.44964365694534 287.84094605501031 98.079605331766103 358.22845050284872 286.4543908361486 -206.93054729233438 255.97674224028717 61.432795991387991 148.48309815696203 126.53946436458862 -59.74597034525425 36.565279189180735 -133.33640207953852 200.66145111908784 -224.2545199143388 -218.96076047318289 -53.661912181957355 -65.127096143990514 -101.12460173082715 -98.644858469833821 -22.235982715503589 107.10293424417044 -188.65514600779915 -3.7930561403884098
leaf_weight=48 14.999999999999998 11.999999999999998 10.999999999999998 19 11.999999999999998 21 11.000000000000002 14.999999999999998 13.000000000000002 46 18 10.999999999999998 15.000000000000002 17 92 13.000000000000002 27 11.000000000000002 175 23 15.999999999999998 17 14.999999999999998 17 11.999999999999998 13.999999999999998 18.000000000000004 64 12.999999999999998 15.000000000000002 14.999999999999998 9.9999999999999982 9.9999999999999982 21 80 9.9999999999999982 10.999999999999998 11.999999999999998 19 11.999999999999998 22 18 10.999999999999998 35 10.999999999999998 12.999999999999998 49 15.000000000000002 16.000000000000004 11.999999999999998 37 10.999999999999998 31 103 10.999999999999998 11.999999999999998 12.999999999999998 70 10.999999999999998 12.999999999999998 51 29
leaf_count=48 15 12 11 19 12 21 11 15 13 46 18 11 15 17 92 13 27 11 175 23 16 17 15 17 12 14 18 64 13 15 15 10 10 21 80 10 11 12 19 12 22 18 11 35 11 13 49 15 16 12 37 11 31 103 11 12 13 70 11 13 51 29
internal_value=0.801618 102.403 -138.227 288.875 66.7848 420.021 39.3301 323.658 -53.1115 91.8633 187.025 146.416 63.4494 242.035 7.79505 -194.051 43.5976 20.6173 28.317 140.052 120.081 -61.4126 -73.9083 143.112 386.825 3.45408 -49.5911 -160.608 182.378 277.388 2.44907 101.639 -5.21159 176.128 -67.2683 204.065 22.6261 79.1031 -215.346 229.307 45.6708 313.719 351.516 -171.506 200.037 116.133 130.359 180.434 -50.2175 -18.4864 -159.038 158.548 -193.517 -229.808 -96.2858 -100.871 -59.7408 -89.1398 -61.1225 78.9931 -202.37 -18.6664
internal_weight=1620 936 684 150 786 78 640 59 271 240 146 72 41 80 400 413 120 327 299 120 66 28 230 54 44 71 73 161 60 62 30 49 102 38 215 47 57 39 252 27 197 35 32 136 34 86 62 36 121 28 101 26 101 151 29 25 93 94 24 24 82 44
internal_count=1620 936 684 150 786 78 640 59 271 240 146 72 41 80 400 413 120 327 299 120 66 28 230 54 44 71 73 161 60 62 30 49 102 38 215 47 57 39 252 27 197 35 32 136 34 86 62 36 121 28 101 26 101 151 29 25 93 94 24 24 82 44
is_linear=0
shrinkage=0.03


Tree=56
num_leaves=63
num_cat=0
split_feature=21 21 21 6 17 5 1 1 6 20 12 1 20 1 16 16 27 21 12 21 7 28 8 1 1 6 16 16 20 17 16 9 6 12 22 19 16 12 21 16 19 1 21 3 21 7 6 8 24 22 19 6 16 21 22 24 20 20 21 24 3 3
split_gain=2.32628e+10 6.4606e+09 3.44737e+09 2.66059e+09 2.34267e+09 1.69044e+09 1.13965e+09 8.92678e+08 8.19234e+08 7.54615e+08 6.25363e+08 6.38621e+08 5.73024e+08 5.5573e+08 3.30425e+08 3.8801e+08 3.16804e+08 3.12163e+08 3.12058e+08 2.63374e+08 2.39241e+08 2.126e+08 2.12526e+08 2.12491e+08 2.04335e+08 1.98196e+08 1.93335e+08 1.90046e+08 1.88745e+08 1.43182e+08 1.42947e+08 1.09056e+08 1.04762e+08 8.80738e+07 8.67815e+07 8.47184e+07 8.22345e+07 7.67846e+07 7.66247e+07 7.57978e+07 6.97446e+07 6.80422e+07 6.30018e+07 6.0968e+07 5.65822e+07 5.45672e+07 4.9663e+07 4.85076e+07 4.66129e+07 4.61845e+07 4.51844e+07 4.48635e+07 4.39589e+07 4.24036e+07 4.04499e+07 3.90228e+07 3.87156e+07 3.59119e+07 3.12569e+07 3.09084e+07 3.0801e+07 3.02277e+07
threshold=44665.812500000007 84388.487500000003 30881.712500000005 1.0000000180025095e-35 0.075411471307569006 1.0000000180025095e-35 42920.000000000007 42920.000000000007 1.0000000180025095e-35 73616.200000000012 1.1814593759708412 35115.000000000007 56519.30000000001 42920.000000000007 -0.040941482945758438 -0.078707565751361327 1.0000000180025095e-35 16835.637500000004 0.97476190452628286 66071.125000000015 -0.24999999999999997 1.0000000180025095e-35 0.93301270189221952 38830.000000000007 44070.000000000007 1.0000000180025095e-35 0.0050505372572776661 0.0037543201186628354 74518.60000000002 0.0010234886395476695 1.0000000180025095e-35 -0.2393156642875576 1.0000000180025095e-35 1.0658391177286974 5348.5256572125918 73235.650000000009 0.0049505253806327873 1.0578517921571582 38107.937500000007 -0.078707565751361327 52191.000000000007 41550.000000000007 38789.67500000001 48720.000000000007 77002.78750000002 -0.93301270189221919 1.0000000180025095e-35 0.93301270189221952 45027.375000000007 17647.85286592336 58786.350000000013 1.0000000180025095e-35 0.0037543201186628354 95185.900000000023 8156.9189980174297 41358.375000000007 39109.600000000013 15907.950000000003 36400.80000000001 38478.575000000004 45218.750000000007 59924.375000000007
decision_type=2 2 2 2 2 2 2 2 2 2 2 2 2 2 2 2 2 2 2 2 2 2 2 2 2 2 2 2 2 2 2 2 2 2 2 2 2 2 2 2 2 2 2 2 2 2 2 2 2 2 2 2 2 2 2 2 2 2 2 2 2 2
left_child=2 3 17 12 7 10 -6 25 31 14 11 -5 22 16 15 42 18 32 -7 20 40 30 37 -23 -10 -3 39 -24 44 47 -13 -9 59 -18 38 -30 -26 -2 -16 -22 -14 45 -4 -34 52 -12 55 61 -20 -27 -28 -31 -21 -33 -37 -36 -40 -53 -48 -1 -47 -19
right_child=1 4 9 5 6 13 -8 8 24 -11 41 21 19 -15 34 -17 33 29 48 28 26 23 27 -25 36 49 50 -29 35 51 -32 53 43 -35 46 54 -38 -39 56 -41 -42 -43 -44 -45 -46 60 58 -49 -50 -51 -52 57 -54 -55 -56 -57 -58 -59 -60 -61 -62 -63
leaf_value=-244.18056420402033 25.674671525659022 -28.060788850689878 -94.471495164927845 57.081114798967704 242.18306662984403 258.82573275382055 634.54438490447274 92.947685876794779 436.17969404450258 205.87297561494429 -21.901465331120274 145.5770979643633 37.229350947520182 390.68237637134308 -81.2246309835093 184.68435096665186 312.50286304139252 -173.6829646547379 71.719124225396754 73.745603310958174 82.596535487411046 196.40527210306675 -64.223412688405872 70.786763342212055 354.89134797908048 89.626982547980674 -119.55713803322897 -220.34361606566372 34.120098975929054 -149.46344053526184 229.43894374860986 165.91630440184787 -199.30035461215559 210.54190547966806 -144.33332582499645 155.39822483804966 235.21927285684114 -50.922909578595835 7.3305838901949247 -2.9745418121733338 120.49181737674688 -56.038050895249555 5.3679447459446568 -149.43229279420083 -38.676282538336679 17.99696185315776 -104.85864348128032 -222.85366751163562 133.3060241329967 176.10093867946316 -39.111935585640573 -118.93836203395726 -2.0938607044062341 237.32539165296049 90.250977039463478 -91.596024392386454 -46.987373607379332 -44.176443851552108 -41.087600509883217 -213.18830247004229 57.081114798967704 -136.82551348452839
leaf_weight=54 15.999999999999998 9.9999999999999982 10.000000000000002 80 10.000000000000002 17 21 10.999999999999998 19 9.9999999999999982 20 56 21 13.999999999999998 62 9.9999999999999982 17 65 19 16.000000000000004 9.9999999999999982 15.999999999999998 17.000000000000004 50 12 12.000000000000002 15.000000000000002 11.999999999999998 10.999999999999998 10.999999999999998 28 15.999999999999998 87 15.999999999999998 22 22 11 44 14.999999999999998 120 15.999999999999998 11.999999999999998 12.999999999999998 32 10.999999999999998 35 11.000000000000002 13.999999999999998 28 10.999999999999998 10.999999999999998 10.000000000000002 11.999999999999998 17 14.999999999999998 32 55 13.999999999999998 19 93 21 33
leaf_count=54 16 10 10 80 10 17 21 11 19 10 20 56 21 14 62 10 17 65 19 16 10 16 17 50 12 12 15 12 11 11 28 16 87 16 22 22 11 44 15 120 16 12 13 32 11 35 11 14 28 11 11 10 12 17 15 32 55 14 19 93 21 33
internal_value=0.784948 96.4951 -134.229 62.522 277.07 113.316 509.162 216.232 267.101 -48.3994 78.0895 104.103 3.45367 214.076 -58.6897 29.6517 188.21 -188.03 148.856 24.5322 4.98696 142.056 -62.8139 101.491 361.904 83.2566 -11.2907 -129.36 67.8357 -152.693 173.771 175.992 -207.493 263.853 -72.1938 107.606 298.923 -30.4881 -56.9445 3.66625 73.4625 10.0596 -38.2614 -186.027 18.738 20.5561 -96.0608 -169.295 108.614 131.568 -85.803 -99.2369 41.3511 203.309 129.302 -113.309 -35.3539 -75.6916 -64.7411 -224.731 35.7315 -161.424
internal_weight=1620 948 672 798 150 429 31 119 86 259 318 230 369 111 249 33 97 413 64 280 193 150 89 66 42 33 156 29 87 147 84 44 266 33 216 48 23 60 132 130 37 88 23 119 39 76 84 112 47 23 26 35 28 33 37 54 70 24 30 147 56 98
internal_count=1620 948 672 798 150 429 31 119 86 259 318 230 369 111 249 33 97 413 64 280 193 150 89 66 42 33 156 29 87 147 84 44 266 33 216 48 23 60 132 130 37 88 23 119 39 76 84 112 47 23 26 35 28 33 37 54 70 24 30 147 56 98
is_linear=0
shrinkage=0.03


Tree=57
num_leaves=63
num_cat=0
split_feature=18 18 18 18 17 17 14 14 22 24 24 22 18 13 24 18 22 6 20 7 12 18 18 3 12 6 27 18 17 17 6 14 14 9 2 10 17 18 6 22 7 24 3 10 22 9 6 10 14 17 6 24 8 14 25 24 24 2 14 9 20 14
split_gain=2.25402e+10 5.79895e+09 3.81704e+09 2.33146e+09 1.95727e+09 1.3055e+09 1.06709e+09 7.64568e+08 8.98622e+08 7.05279e+08 6.18034e+08 4.64906e+08 3.52586e+08 3.42668e+08 3.38939e+08 3.05703e+08 3.01517e+08 2.97338e+08 2.59607e+08 2.90106e+08 2.04928e+08 1.83466e+08 1.55263e+08 1.53789e+08 2.1163e+08 1.46085e+08 1.41233e+08 1.3758e+08 1.20138e+08 1.18908e+08 1.06667e+08 9.44439e+07 9.21468e+07 7.83693e+07 7.51728e+07 6.92009e+07 6.47616e+07 5.81492e+07 5.77191e+07 5.2674e+07 5.26678e+07 5.2667e+07 5.00306e+07 4.40648e+07 4.20347e+07 3.97034e+07 3.92988e+07 3.85179e+07 3.75582e+07 3.56788e+07 3.04135e+07 3.02722e+07 2.71844e+07 2.54017e+07 2.49656e+07 3.224e+07 2.16477e+07 2.09599e+07 2.0171e+07 2.00464e+07 1.90313e+07 1.81382e+07
threshold=46176.650000000009 104210.00000000001 31763.850000000002 71103.950000000026 0.075411471307569006 0.075411471302971281 0.21335175927490965 0.1979434446864379 1112.1659640303524 57604.375000000007 52630.625000000007 10834.934566728369 20550.450000000004 1.1261261259281683 44240.945000000007 55728.200000000004 27294.740151761671 1.0000000180025095e-35 38774.200000000004 -0.6830127018922193 1.1814593759708412 79169.450000000012 56348.900000000009 55386.875000000007 1.1612903222684685 1.0000000180025095e-35 1.0000000180025095e-35 40304.150000000009 0.079999999981614014 0.079999999986477263 1.0000000180025095e-35 0.25440806039853125 0.2506329113478229 -0.82298386589365657 51890.625000000007 0.98182534576205305 0.0027522199809777779 62654.05000000001 1.0000000180025095e-35 17647.85286592336 -0.24999999999999997 38478.575000000004 44169.125000000007 0.8542199457734333 3352.8228474363718 -0.46472317204376817 1.0000000180025095e-35 0.74851074817110097 0.24431216002663517 0.0010234886395476695 1.0000000180025095e-35 44339.55000000001 -0.9330127018922193 0.22580645156103898 1.0000000180025095e-35 53831.875000000007 40869.750000000007 64201.875000000007 0.16675568845983602 0.70581670320594825 69790.800000000017 0.21410579339192487
decision_type=2 2 2 2 2 2 2 2 2 2 2 2 2 2 2 2 2 2 2 2 2 2 2 2 2 2 2 2 2 2 2 2 2 2 2 2 2 2 2 2 2 2 2 2 2 2 2 2 2 2 2 2 2 2 2 2 2 2 2 2 2 2
left_child=2 3 12 5 10 14 11 8 -4 17 -3 -5 30 21 26 35 32 31 -7 28 25 57 43 24 -19 -17 38 42 -20 -6 41 -8 -12 -34 58 40 44 -30 59 -13 -16 -1 50 -21 52 -44 -28 -22 -40 54 -9 -46 -29 -36 -14 -56 -51 -11 -32 -2 -24 -43
right_child=1 4 7 6 29 18 9 27 -10 13 16 39 49 -15 15 20 -18 23 19 22 47 -23 60 -25 -26 -27 46 36 37 -31 34 -33 33 -35 53 -37 -38 -39 48 -41 -42 61 45 -45 51 -47 -48 -49 -50 56 -52 -53 -54 -55 55 -57 -58 -59 -60 -61 -62 -63
leaf_value=-236.54552212699284 -122.03935512448143 74.771302890923181 328.96935508199255 467.41623627533778 515.5230669341214 30.119590195409511 43.125254542573963 -71.805029264625503 13.578629601314079 171.92522910670226 329.66544331318613 216.93191737708099 -116.47824144041381 55.813199238878617 21.500667722387501 49.892928764438516 432.98928189110205 142.42867375102952 312.02950534284611 99.92903456788622 13.536956045272499 216.93191737708099 145.87398138065143 12.682858808801528 36.734840491109303 108.52592937217409 -11.426981909739505 -53.407974619075951 135.80014254428369 679.64170869430689 -158.48641142384105 -73.866539780900297 273.70075702601059 155.55529783947628 -125.72748192481006 64.601805339612454 13.578629601314079 241.01356483988241 6.60229455438279 288.1751739254513 -13.596104757451858 -182.69738018573753 -150.49940423040107 19.513092693668781 -91.999466458315339 -86.091436701351498 47.62620794981224 -63.253048152923583 -58.787141700858498 -129.98606509985513 -27.96443664550781 -45.134184371224286 -3.7555827410196518 -167.63919569858282 -181.66300172483764 -127.55068337511659 -79.363298045375885 136.3725583079798 -200.35699295953972 -64.837706958667667 207.8690458720439 -208.76110146151586
leaf_weight=54 12.000000000000002 12.999999999999998 9.9999999999999982 10.999999999999998 11.000000000000002 14.999999999999998 14.000000000000002 51 27 17.000000000000004 11.000000000000002 13.000000000000002 23 13.999999999999998 66 88 12.999999999999998 77 11.999999999999998 16.000000000000004 14.000000000000002 47 10.000000000000002 13.999999999999998 22 68 23 14.999999999999998 10.000000000000002 9.9999999999999982 14.999999999999998 10.999999999999998 9.9999999999999982 10.000000000000002 27 17 13.999999999999998 9.9999999999999982 12.999999999999998 10.999999999999998 92 46 9.9999999999999982 9.9999999999999982 18 70 18 9.9999999999999982 20 14.999999999999998 20 41 29 30 23 20 17 12.999999999999998 72 10.999999999999998 10.999999999999998 85
leaf_count=54 12 13 10 11 11 15 14 51 27 17 11 13 23 14 66 88 13 77 12 16 14 47 10 14 22 68 23 15 10 10 15 11 10 10 27 17 14 10 13 11 92 46 10 10 18 70 18 10 20 15 20 41 29 30 23 20 17 13 72 11 11 85
internal_value=0.734022 102.328 -122.509 78.5134 349.221 43.108 151.694 -41.4318 86.2411 128.009 257.223 305.854 -180.398 192.831 21.9386 35.5164 310.838 85.1562 144.77 166.473 62.955 216.932 118.612 105.853 119.002 75.5041 -27.7388 -59.0839 236.18 596.526 -195.312 -8.44022 258.385 217.736 -175.517 7.27404 -34.6199 189.344 -58.6722 230.173 1.06888 -210.616 -78.0039 69.1932 -43.0258 -94.3203 14.5515 -18.5885 -33.0855 -130.181 -59.5123 -59.5636 -20.7653 -148.041 -142.978 -156.849 -103.424 141.81 -193.328 -95.0813 179.179 -199.755
internal_weight=1620 888 732 810 78 546 264 305 37 229 57 35 427 91 452 355 44 138 94 79 180 77 47 113 99 156 97 268 32 21 329 25 31 20 144 175 117 20 56 24 158 185 151 26 103 80 41 24 33 98 71 59 44 57 66 43 32 30 87 23 21 131
internal_count=1620 888 732 810 78 546 264 305 37 229 57 35 427 91 452 355 44 138 94 79 180 77 47 113 99 156 97 268 32 21 329 25 31 20 144 175 117 20 56 24 158 185 151 26 103 80 41 24 33 98 71 59 44 57 66 43 32 30 87 23 21 131
is_linear=0
shrinkage=0.03


Tree=58
num_leaves=63
num_cat=0
split_feature=23 6 23 25 14 11 1 27 23 19 6 8 23 16 1 23 5 14 4 17 7 22 11 1 23 7 6 11 8 17 6 23 10 17 7 23 24 19 7 23 7 14 19 7 22 2 14 7 14 16 9 23 1 14 22 21 23 23 24 24 19 22
split_gain=2.06942e+10 5.98826e+09 5.23642e+09 3.12101e+09 1.99362e+09 1.81739e+09 1.40744e+09 7.3571e+08 5.9625e+08 5.49749e+08 4.93965e+08 4.67282e+08 4.52918e+08 2.66198e+08 2.60944e+08 2.56418e+08 2.42849e+08 2.18299e+08 1.87001e+08 1.84906e+08 1.81144e+08 1.87962e+08 1.73632e+08 1.65592e+08 1.65408e+08 1.60632e+08 1.50892e+08 1.37439e+08 1.34962e+08 1.29641e+08 1.22068e+08 1.15975e+08 1.12865e+08 8.13557e+07 7.87135e+07 7.35755e+07 7.1469e+07 7.07947e+07 7.04917e+07 1.50823e+08 6.30821e+07 5.39738e+07 5.38573e+07 5.00535e+07 7.18923e+07 4.67665e+07 4.64962e+07 4.58251e+07 4.56341e+07 4.48046e+07 4.47767e+07 4.07638e+07 3.82896e+07 3.77879e+07 3.71978e+07 3.25623e+07 3.15802e+07 3.13537e+07 2.80794e+07 2.79674e+07 2.73024e+07 2.78489e+07
threshold=46586.150000000009 1.0000000180025095e-35 83682.400000000009 1.0000000180025095e-35 0.21850899737433024 0.87241379295598065 42920.000000000007 1.0000000180025095e-35 61188.596153846163 41380.850000000006 1.0000000180025095e-35 0.93301270189221952 86813.665384615393 0.0037543201186628354 41020.000000000007 57199.780769230776 1.0000000180025095e-35 0.24938271598645248 55470.625000000007 0.075479115460650545 -0.93301270189221919 5617.2952447916568 0.88714733527913558 30945.000000000004 71601.403846153858 1.0000000180025095e-35 1.0000000180025095e-35 0.94696969682763654 0.25000000000000017 0.07542285723351326 1.0000000180025095e-35 61995.976923076931 -0.51639395938746235 1.0000000180025095e-35 1.0000000180025095e-35 69833.950000000012 52010.125000000007 63247.850000000006 0.68301270189221941 85769.303846153853 0.68301270189221941 0.16675568845983602 68710.750000000015 -0.93301270189221919 1244.5142190205249 60475.000000000007 0.17083023276520834 -0.24999999999999997 0.23425692689183655 0.0050251573518178558 0.17992617227144045 40678.834615384621 31500.000000000004 0.2133517592883212 5182.1502896045195 71256.650000000023 12581.007692307694 68668.026923076934 43160.700000000004 54446.875000000007 40304.150000000009 9915.154304740101
decision_type=2 2 2 2 2 2 2 2 2 2 2 2 2 2 2 2 2 2 2 2 2 2 2 2 2 2 2 2 2 2 2 2 2 2 2 2 2 2 2 2 2 2 2 2 2 2 2 2 2 2 2 2 2 2 2 2 2 2 2 2 2 2
left_child=3 6 4 10 9 -4 11 18 17 -3 23 15 -7 31 30 25 43 33 42 -11 57 -22 54 -1 55 -2 -16 28 -14 -18 53 -13 -19 -6 51 -15 -34 -23 39 -9 50 -32 -8 -12 -45 -44 -28 -20 -36 -27 -24 -25 -31 -5 -17 -21 -43 -10 -42 -48 -46 -62
right_child=1 2 5 14 8 12 7 38 20 19 16 13 27 35 26 22 29 32 47 24 21 37 40 34 -26 49 46 -29 -30 52 41 -33 36 -35 48 -37 -38 -39 -40 -41 58 56 45 44 60 -47 59 -49 -50 -51 -52 -53 -54 -55 -56 -57 -58 -59 -60 -61 61 -63
leaf_value=-129.74035251046465 53.97876223915501 466.22507522431926 655.43031347144949 -191.80271211730647 68.524713811638122 128.006355031835 128.5276618600399 250.44929951435807 44.914151359485778 326.58691530917554 -65.047108853288705 -95.258361908810059 338.07266220465618 -216.35482563513827 -173.179846177613 51.804054933158248 156.40297481725713 68.524713811638122 42.190116961828551 175.07844100000963 175.07844100000963 92.905889351773411 33.817850356230863 -53.387026802928169 285.89505994524268 -32.18855742056158 -57.718910295000718 278.39744860112268 474.69145007425095 -16.497975626275085 -136.68486408196844 -7.8354400277375369 -1.2195998597869653 140.88895637089914 -27.195821211531353 -106.30529427405631 53.554908592111616 144.49623750717802 233.82275429173515 116.43335927043776 -7.6940705300833434 -200.11458892314579 102.65737308722879 59.22081926100325 -51.310501429134383 26.181111028681798 -136.96660784841953 -33.080090720516516 -94.5331500977465 -75.469912666737827 -36.703356853497773 5.0558127995541211 59.052121084857461 -224.43567503440522 118.44766734018374 227.4628032993285 -167.09830166340632 109.68342147978225 42.422240965966459 -88.74116463534142 -43.000547672687176 23.29732419894852
leaf_weight=46 17 9.9999999999999982 19 59 19 9.9999999999999982 13.999999999999998 10.999999999999998 21.000000000000004 13.999999999999998 24 25 14 13.000000000000002 53 11.000000000000002 9.9999999999999982 19 9.9999999999999982 29 38 44 10.999999999999998 29 15.999999999999998 71 15.999999999999998 14.999999999999998 12 10.000000000000002 31 30 69 27 10.999999999999998 9.9999999999999982 31 55 17 25 12.999999999999998 54 12.000000000000002 9.9999999999999982 24 18 26 26 54 31 30 17 14.999999999999998 93 19 11.999999999999998 63 9.9999999999999982 44 9.9999999999999982 10.000000000000002 12.999999999999998
leaf_count=46 17 10 19 59 19 10 14 11 21 14 24 25 14 13 53 11 10 19 10 29 38 44 11 29 16 71 16 15 12 10 31 30 69 27 11 10 31 55 17 25 13 54 12 10 24 18 26 26 54 31 30 17 15 93 19 12 63 10 44 10 10 13
internal_value=0.738089 91.7001 165.268 -125.638 124.631 405.087 13.9366 96.1071 92.1109 258.046 -47.2162 -19.7094 310.722 -83.6719 -178.475 0.514997 -0.262431 51.557 38.5894 228.11 131.886 146.715 29.9761 -81.8858 203.394 -31.1728 -137.475 354.867 397.748 65.6618 -192.774 -47.6739 30.0558 106.994 -61.9552 -169.175 15.797 121.684 182.69 157.963 10.6079 -172.998 80.0063 -28.7941 -13.4424 57.0111 -100.82 -12.1127 -83.1969 -45.4038 -17.7467 -31.8244 28.8866 -211.903 93.0002 175.078 -182.494 66.0931 30.9987 -119.763 -28.9956 -5.58907
internal_weight=1620 942 484 678 414 70 458 133 333 81 273 325 51 78 405 247 116 165 80 71 168 137 128 157 57 119 105 41 26 35 300 55 119 46 111 23 100 99 53 36 98 148 44 81 57 30 52 36 65 102 41 46 25 152 30 41 117 31 57 36 47 23
internal_count=1620 942 484 678 414 70 458 133 333 81 273 325 51 78 405 247 116 165 80 71 168 137 128 157 57 119 105 41 26 35 300 55 119 46 111 23 100 99 53 36 98 148 44 81 57 30 52 36 65 102 41 46 25 152 30 41 117 31 57 36 47 23
is_linear=0
shrinkage=0.03


Tree=59
num_leaves=63
num_cat=0
split_feature=18 18 12 23 16 1 23 6 6 20 23 23 16 12 6 18 1 24 1 3 7 16 18 6 22 16 6 7 9 17 11 7 22 20 9 12 18 16 17 22 18 19 11 18 6 4 8 23 16 16 22 7 3 23 18 22 18 1 19 1 23 11
split_gain=1.99766e+10 5.47335e+09 2.8698e+09 2.83086e+09 1.87956e+09 1.36404e+09 1.12834e+09 6.68963e+08 5.62062e+08 9.22629e+08 5.48638e+08 5.42255e+08 4.31179e+08 4.24778e+08 4.10526e+08 3.70482e+08 2.09095e+08 1.90828e+08 1.665e+08 1.59323e+08 1.57859e+08 2.03904e+08 1.78442e+08 1.45328e+08 1.43216e+08 1.9761e+08 1.37999e+08 1.65331e+08 1.34464e+08 1.32166e+08 1.21089e+08 9.64501e+07 1.08601e+08 9.25193e+07 9.22329e+07 8.86822e+07 8.82005e+07 8.65778e+07 8.28393e+07 8.07064e+07 8.74346e+07 8.06399e+07 7.14231e+07 6.33404e+07 5.22234e+07 4.86137e+07 4.59606e+07 4.65851e+07 4.33919e+07 4.15473e+07 4.1234e+07 3.92792e+07 3.55982e+07 3.33431e+07 3.33283e+07 3.24802e+07 2.9338e+07 2.87614e+07 2.85419e+07 2.46458e+07 2.37859e+07 2.27914e+07
threshold=43515.05000000001 73508.35000000002 1.0326530610178755 26535.988461538465 -1.0000000180025095e-35 42920.000000000007 83682.400000000009 1.0000000180025095e-35 1.0000000180025095e-35 49785.650000000009 56950.515384615392 78473.150000000009 0.0050761748317067487 1.0267857140995378 1.0000000180025095e-35 58518.350000000006 34707.000000000007 37090.350000000006 30945.000000000004 57426.875000000007 -0.24999999999999997 0.0037543201186628354 58518.350000000006 1.0000000180025095e-35 4561.9533300010216 0.0049140049140049555 1.0000000180025095e-35 -0.24999999999999997 -0.2393156642875576 0.075434243158852596 0.87850467273699395 -0.93301270189221919 2093.8876452736126 60379.850000000006 -0.61559370248597534 1.1814593759708412 33738.850000000006 0.0037543201186628354 0.079999999981887865 15109.288661150951 84370.60000000002 102926.25000000001 0.78060606048895742 63299.650000000001 1.0000000180025095e-35 45715.625000000007 0.6830127018922193 45867.088461538464 0.088483499821170555 0.0050251573518178558 15476.735992566928 0.25000000000000011 59924.375000000007 48003.311538461545 38442.000000000007 7641.0798420496303 40304.150000000009 43670.000000000007 59514.000000000007 35115.000000000007 34877.553846153853 0.94696969682937071
decision_type=2 2 2 2 2 2 2 2 2 2 2 2 2 2 2 2 2 2 2 2 2 2 2 2 2 2 2 2 2 2 2 2 2 2 2 2 2 2 2 2 2 2 2 2 2 2 2 2 2 2 2 2 2 2 2 2 2 2 2 2 2 2
left_child=3 4 6 16 15 12 -3 28 18 34 17 19 30 -8 20 29 44 -6 -5 -9 -12 22 -22 57 25 -16 27 53 -7 -2 55 -28 -33 -23 60 43 -20 -29 -17 48 -41 51 -25 -26 -1 -42 47 -31 -14 56 61 -30 -44 -19 -36 -4 -38 -18 -40 -49 -10 -32
right_child=1 2 5 8 10 7 13 11 9 -11 14 -13 39 -15 24 38 23 26 36 -21 21 33 -24 42 35 -27 31 37 41 46 50 32 -34 -35 54 -37 49 -39 58 40 45 -43 52 -45 -46 -47 -48 59 -50 -51 -52 -53 -54 -55 -56 -57 -58 -59 -60 -61 -62 -63
leaf_value=-212.70822720581418 203.16678425434205 298.31033179095903 248.36644884166139 -127.34533644390768 -137.29076444625855 55.160072487496045 718.73057854729711 245.62421168550526 -83.137187370137966 289.17029260616488 107.22933381548579 298.31033179095903 33.202359076165529 438.02471236729383 80.173221168307307 306.67377185179458 -187.50817703900171 -19.827217179968002 -100.45140885847327 108.03342709189967 3.9078390937745899 -129.96902815110613 81.36957441194788 -85.307142509922002 41.777823374261501 234.05287940571318 -33.328560236598037 -19.187619520506704 180.87936312288844 56.097097343218216 160.32892017690094 91.609324399516055 10.122762077611256 -23.931153156647053 -8.2559541207305625 -9.7696904785568641 -57.644781933668924 -93.687968671949918 243.57387589738167 -4.1467720061953708 125.15201038873013 220.20410881002533 -155.90630925307303 101.92392491042992 -180.48315987283124 43.593976543162128 51.601339785927216 165.22555288771946 -38.978834673907308 -103.74961567019629 63.891927242467901 104.58910121488255 -114.1419305057986 40.373872014515435 65.639403529403239 172.99428731715426 -28.70879735430875 -147.72535610088173 177.7466557050673 104.5838149829621 -31.976488185142401 102.51982003693534
leaf_weight=101 11.999999999999998 18 10.000000000000002 43 10.999999999999998 10.999999999999998 11.000000000000002 14.000000000000002 13.999999999999998 9.9999999999999982 15.999999999999998 44 23 9.9999999999999982 18 9.9999999999999982 77 13.999999999999998 41 17 90 9.9999999999999982 38 28 24 13.000000000000002 34 22 11.000000000000002 9.9999999999999982 12.000000000000002 18 79 28 12.000000000000002 10.999999999999998 75 39 11.000000000000002 9.9999999999999982 20.000000000000004 19 51 47 95 9.9999999999999982 17 12.000000000000002 10.999999999999998 11.999999999999998 9.9999999999999982 14.999999999999998 15.999999999999998 20 9.9999999999999982 13.999999999999998 55 24 18 13.999999999999998 20 9.9999999999999982
leaf_count=101 12 18 10 43 11 11 11 14 14 10 16 44 23 10 18 10 77 14 41 17 90 10 38 28 24 13 34 22 11 10 12 18 79 28 12 11 75 39 11 10 20 19 51 47 95 10 17 12 11 12 10 15 16 20 10 14 55 24 18 14 20 10
internal_value=0.741003 90.7937 196.4 -122.484 40.9564 160.413 436.207 228.718 -51.7452 25.2453 18.1411 287.346 91.4605 587.771 45.4415 157.536 -175.151 -15.8452 -74.2304 170.761 17.5372 8.83276 26.9499 -153.024 90.3294 145.249 -9.87598 -37.3848 149.826 113.382 154.202 10.0865 25.3228 -52.1038 -22.3156 69.4156 -61.6871 -66.8944 230.647 43.8365 72.6676 172.793 -126.087 81.6802 -197.189 98.2012 92.7087 111.924 9.80371 -50.4318 115.358 137.435 -142.977 15.5997 25.4777 205.3 -45.4341 -178.21 203.467 133.098 -53.2248 138.357
internal_weight=1620 936 300 684 636 261 39 131 292 66 532 75 130 21 295 104 392 237 226 31 182 166 128 196 113 31 226 95 56 65 56 131 97 38 56 82 183 61 39 74 40 45 95 71 196 30 53 36 34 142 32 26 67 34 22 24 130 101 29 26 34 22
internal_count=1620 936 300 684 636 261 39 131 292 66 532 75 130 21 295 104 392 237 226 31 182 166 128 196 113 31 226 95 56 65 56 131 97 38 56 82 183 61 39 74 40 45 95 71 196 30 53 36 34 142 32 26 67 34 22 24 130 101 29 26 34 22
is_linear=0
shrinkage=0.03


Tree=60
num_leaves=63
num_cat=0
split_feature=18 23 18 12 14 8 16 8 18 18 10 16 3 23 18 18 23 14 16 18 7 16 18 16 14 20 9 17 22 1 18 14 16 10 4 20 9 18 8 16 23 18 22 10 16 7 17 3 10 18 23 22 7 7 16 14 8 10 18 18 16 3
split_gain=1.88171e+10 4.88885e+09 3.24461e+09 2.17292e+09 1.76268e+09 8.46059e+08 7.87754e+08 6.89604e+08 7.10498e+08 5.8476e+08 5.4573e+08 4.69677e+08 4.22763e+08 3.15541e+08 2.9762e+08 2.94506e+08 2.17312e+08 2.17186e+08 2.07991e+08 2.03915e+08 1.73213e+08 1.73165e+08 1.48931e+08 1.37291e+08 1.32764e+08 1.20011e+08 1.15311e+08 9.44512e+07 9.44116e+07 9.42098e+07 8.78823e+07 7.42182e+07 6.33905e+07 5.1407e+07 4.95192e+07 4.85493e+07 4.21292e+07 4.07186e+07 3.74192e+07 1.0957e+08 3.34937e+07 3.1515e+07 3.07275e+07 5.01598e+07 2.73396e+07 2.06151e+07 1.99897e+07 1.91001e+07 2.70761e+07 1.85952e+07 1.84883e+07 1.70855e+07 1.63436e+07 1.45893e+07 1.28981e+07 1.16614e+07 1.56348e+07 1.13542e+07 1.13162e+07 9.88242e+06 9.53874e+06 8.37649e+06
threshold=46445.350000000006 78473.150000000009 31763.850000000002 1.0297193875575261 0.21717973125094933 0.93301270189221952 -0.040941482945758438 0.93301270189221952 62314.950000000004 82632.60000000002 0.91023613416931248 0.05017507414820211 58308.125000000007 55729.565384615395 84370.60000000002 20550.450000000004 69593.784615384633 0.24296675187449793 0.05017507414820211 58518.350000000006 -0.6830127018922193 -1.0000000180025095e-35 50657.150000000001 0.05017507414820211 0.2506329113478229 80863.300000000017 0.06026834012766185 0.07547911546421833 14635.774752071544 30529.000000000004 39280.900000000001 0.20184295528345614 0.05017507414820211 -0.46472317204376873 43215.625000000007 39441.450000000004 0.17992617227144045 71103.950000000026 1.0000000180025095e-35 0.0050505372572776661 44795.692307692319 49889.750000000007 2673.6846364669877 -0.060268340127661524 -1.0000000180025095e-35 1.0000000180025095e-35 0.079999999982482542 44169.125000000007 -0.51639395938746235 16098.500000000002 15753.146153846155 8029.3897787953165 -0.5 -0.24999999999999997 0.0051282388444369173 0.24087591234469022 -0.68301270189221952 -0.78574730703237872 35240.200000000004 41210.450000000004 -0.075365239294710326 42805.500000000007
decision_type=2 2 2 2 2 2 2 2 2 2 2 2 2 2 2 2 2 2 2 2 2 2 2 2 2 2 2 2 2 2 2 2 2 2 2 2 2 2 2 2 2 2 2 2 2 2 2 2 2 2 2 2 2 2 2 2 2 2 2 2 2 2
left_child=2 4 15 12 13 9 10 8 18 26 35 38 -3 34 36 29 -9 -11 21 -15 -19 46 -23 30 -22 -7 -5 -21 -16 52 47 50 44 -28 60 -4 -13 -29 39 -10 -20 -18 43 45 -17 -32 -6 48 57 55 -31 58 -1 -46 -51 56 -33 -8 -49 -44 -2 -55
right_child=1 3 6 5 7 25 23 16 11 17 -12 14 -14 19 28 32 41 20 40 27 24 22 -24 -25 -26 -27 33 37 -30 31 42 49 -34 -35 -36 -37 -38 -39 -40 -41 -42 -43 59 -45 53 -47 -48 51 -50 54 -52 -53 -54 61 -56 -57 -58 -59 -60 -61 -62 -63
leaf_value=-185.9945640942174 159.27911047103555 614.88182437343437 62.791070306032694 194.07424679584381 109.55938494087788 -35.355710547581182 -58.593276301792692 -201.41309873838679 101.07812117599515 343.19440183975843 273.86119371470841 9.1676285292323385 366.32848664291032 109.55938494087788 9.9323443301361394 -70.835851550368773 -1.9149555680558481 297.10232801058726 -96.699122340425504 324.12871054159626 289.6665049086817 -10.281116670464677 35.926605241724062 -141.66604916779889 179.15764210789916 98.320153848947584 127.76987484007391 193.61784807477676 109.55938494087788 -145.68357338408117 -1.3471671557244453 -192.95353615035555 -168.30530081704021 36.941627233524123 177.14631733205059 -9.2323163672641915 -43.206882713281708 258.65030406215732 109.55938494087788 -6.9476850332127942 -24.600222373433631 -75.32767878919546 -64.984207475356627 38.109224842166114 -90.609986861379511 -47.902416300374675 69.369861220682964 -87.538176341431296 -28.706648306462434 -155.31967850194405 -101.72665912191377 -102.60193289951124 -215.47087129556152 -97.876112701113868 -194.0124882038985 -209.32744586074557 -168.64079635816026 -94.424962204794838 -56.910818992967705 -39.304402302004995 109.55938494087788 -131.81498676500823
leaf_weight=35 13.999999999999998 13.000000000000002 14.999999999999998 15.999999999999998 10.000000000000002 12.000000000000002 23 10.999999999999998 54 10.999999999999998 9.9999999999999982 40 12.999999999999998 11.999999999999998 9.9999999999999982 15.999999999999998 11.000000000000002 20 14.000000000000002 10.999999999999998 14.999999999999998 102 163 15.999999999999998 31 11.999999999999998 12.999999999999998 23 36 35 12.999999999999998 50 19 10.000000000000002 9.9999999999999982 19 21 17 103 9.9999999999999982 9.9999999999999982 9.9999999999999982 18 11.999999999999998 17 25 11.999999999999998 19 21 42 12.999999999999998 21 57 9.9999999999999982 9.9999999999999982 17 70 12.999999999999998 28 58 12.000000000000002 36
leaf_count=35 14 13 15 16 10 12 23 11 54 11 10 40 13 12 10 16 11 20 14 11 15 102 163 16 31 12 13 23 36 35 13 50 19 10 10 19 21 17 103 10 10 10 18 12 17 25 12 19 21 42 13 21 57 10 10 17 70 13 28 58 12 36
internal_value=0.775339 94.2969 -110.992 240.938 60.2703 193.904 -37.2677 41.3993 48.8212 227.425 80.2224 84.0359 492.485 177.719 34.5573 -164.667 -94.0111 275.39 17.779 218.261 251.01 24.8797 18.1438 -56.6521 215.743 31.6127 132.263 244.488 92.0852 -178.297 -51.1786 -168.055 -118.773 88.6103 109.559 22.6336 -8.9041 221.833 109.559 84.2145 -66.8848 -37.0649 -33.4551 -15.1472 -106.662 -32.021 105.568 -69.003 -55.9753 -176.624 -134.015 -79.825 -204.471 -115.634 -159.913 -182.846 -178.923 -71.7583 -69.4517 -45.4639 109.559 -124.665
internal_weight=1620 882 738 166 716 140 311 617 585 116 44 274 26 99 107 427 32 77 311 63 66 287 265 267 46 24 39 51 46 329 251 237 98 23 36 34 61 40 167 64 24 21 126 50 79 38 22 125 57 189 48 68 92 63 52 137 120 36 47 76 26 46
internal_count=1620 882 738 166 716 140 311 617 585 116 44 274 26 99 107 427 32 77 311 63 66 287 265 267 46 24 39 51 46 329 251 237 98 23 36 34 61 40 167 64 24 21 126 50 79 38 22 125 57 189 48 68 92 63 52 137 120 36 47 76 26 46
is_linear=0
shrinkage=0.03


Tree=61
num_leaves=63
num_cat=0
split_feature=18 18 12 18 16 24 23 18 23 16 16 10 12 18 14 18 24 7 16 21 16 18 17 16 16 16 16 18 18 19 17 10 22 18 13 3 18 14 4 14 24 10 18 7 16 23 21 3 18 3 19 24 21 22 20 19 17 19 20 24 7 20
split_gain=1.773e+10 4.90045e+09 2.52609e+09 2.50864e+09 1.67196e+09 1.124e+09 1.02777e+09 5.77866e+08 4.91028e+08 4.80397e+08 4.10055e+08 3.87661e+08 3.78344e+08 3.31522e+08 2.61624e+08 2.42469e+08 1.77198e+08 1.64527e+08 2.37725e+08 1.54313e+08 1.4296e+08 1.41849e+08 1.2244e+08 1.22291e+08 1.16485e+08 9.98428e+07 9.86813e+07 1.89827e+08 9.22566e+07 8.33079e+07 7.58946e+07 7.35761e+07 7.18269e+07 7.47986e+07 6.4302e+07 5.11475e+07 4.95557e+07 4.84151e+07 4.81033e+07 4.56643e+07 4.42597e+07 4.21161e+07 4.2047e+07 3.88667e+07 3.88319e+07 3.7709e+07 3.18626e+07 7.0444e+07 3.15147e+07 2.82386e+07 2.78352e+07 2.48643e+07 2.25112e+07 2.20745e+07 2.22588e+07 2.17229e+07 2.14808e+07 2.03299e+07 1.80789e+07 1.77028e+07 1.69144e+07 1.68271e+07
threshold=43515.05000000001 73508.35000000002 1.0326530610178755 25887.350000000002 -1.0000000180025095e-35 52630.625000000007 83682.400000000009 108144.60000000002 56950.515384615392 -0.040941482945758438 0.0050761748317067487 0.91023613416931248 1.0267857140995378 58518.350000000006 0.24296675187449793 55728.200000000004 37090.350000000006 0.93301270189221952 0.0050505372572776661 13214.275000000001 0.05017507414820211 85153.35000000002 0.075434243158852596 0.05017507414820211 0.0049140049140049555 -1.0000000180025095e-35 0.0051282388444369173 58272.100000000013 39280.900000000001 59967.100000000006 0.079999999981887865 -0.85421994577343285 15109.288661150951 84370.60000000002 0.99859296457813607 46715.625000000007 50657.150000000001 0.2264631042752803 45715.625000000007 0.20948616596859607 60218.125000000007 0.8542199457734333 48886.600000000006 0.93301270189221952 0.088483499821170555 45867.088461538464 54979.475000000006 47018.750000000007 32965.400000000001 45660.625000000007 59514.000000000007 53078.725000000006 19907.087500000005 934.24049763427956 72853.900000000009 60197.850000000006 0.079999999979923575 60667.400000000009 31062.950000000004 38286.600000000006 -0.24999999999999997 47039.200000000004
decision_type=2 2 2 2 2 2 2 2 2 2 2 2 2 2 2 2 2 2 2 2 2 2 2 2 2 2 2 2 2 2 2 2 2 2 2 2 2 2 2 2 2 2 2 2 2 2 2 2 2 2 2 2 2 2 2 2 2 2 2 2 2 2
left_child=3 4 6 19 13 10 -3 14 16 11 34 31 -8 22 -7 42 -6 18 24 39 28 40 -2 -23 -17 52 27 36 48 -19 -15 -5 44 -34 37 -28 -18 -4 -35 59 -16 45 -10 51 -12 -24 47 -44 -11 -36 -32 58 -21 -30 -55 -20 -33 -48 -27 -1 -41 -47
right_child=1 2 5 9 8 7 12 -9 15 20 32 -13 -14 30 21 17 26 29 55 25 -22 23 41 -25 -26 43 35 -29 53 -31 50 56 33 38 49 -37 -38 -39 -40 60 -42 -43 46 -45 -46 61 57 -49 -50 -51 -52 -53 -54 54 -56 -57 -58 -59 -60 -61 -62 -63
leaf_value=-180.60375224273514 193.08535745415804 281.19420063644287 241.58036654935015 -74.624345280109068 -132.20154013350205 281.19420063644287 679.08263988597946 281.19420063644287 -30.23125306817165 -92.147236914588035 30.854056360581339 205.28429787815205 414.13303148930612 290.31815468363237 79.029401858840842 59.044715392051778 -20.744566428555732 79.216574401855439 -58.501123640730555 -115.12869241788238 -142.54536621093746 217.59797492504381 51.093865158493465 98.056937509668941 152.91157230289835 -171.50565157088766 -24.726567834759038 96.238075079666928 2.5485519607194509 196.9220560599662 231.01136533994924 55.272610582408326 -3.9951482595311538 117.93794466616498 88.139280772900747 -88.449026178728062 14.985499060808355 156.09106004241673 39.4022550180796 -182.65693833037051 140.19619034302193 30.946724499995167 -13.973042209738546 -108.73355950563949 -37.926385432062922 139.89228438017383 -26.233656132561816 93.512261322273702 -63.067169691098762 152.18232220598756 166.41254898998613 -138.87264044022024 -57.996242246722232 -47.452608741326905 -0.90402503761085296 -5.6436017396936862 -3.0256032952461536 15.296978942282328 -131.21561888716604 -146.21629622044355 -208.32135842528945 94.54429670367324
leaf_weight=26 11.999999999999998 18 10.000000000000002 9.9999999999999982 10.999999999999998 10.999999999999998 11.000000000000002 37 25 51 22 9.9999999999999982 9.9999999999999982 9.9999999999999982 18 136 106 11.000000000000002 11.000000000000002 18.000000000000004 20 35 10.999999999999998 9.9999999999999982 12.999999999999998 114 34 17 12.999999999999998 10.999999999999998 11.000000000000002 10.000000000000002 9.9999999999999982 20.000000000000004 13.000000000000002 17 52 11.999999999999998 10.999999999999998 50 28 9.9999999999999982 10.000000000000002 14.999999999999998 10.999999999999998 14.999999999999998 15.999999999999998 11.999999999999998 103 12.999999999999998 18 40 9.9999999999999982 58 10.999999999999998 19 12.999999999999998 31 12.999999999999998 30 69 17
leaf_count=26 12 18 10 10 11 11 11 37 25 51 22 10 10 10 18 136 106 11 11 18 20 35 11 10 13 114 34 17 13 11 11 10 10 20 13 17 52 12 11 50 28 10 10 15 11 15 16 12 103 13 18 40 10 58 11 19 13 31 13 30 69 17
internal_value=0.816263 85.6541 185.581 -115.273 38.4971 151.817 410.571 210.131 16.9787 -50.0551 85.2594 42.6515 555.477 148.45 171.416 42.806 -15.1737 61.3979 51.8256 -165.897 -65.6375 154.002 106.684 192.009 67.3315 -148.348 -9.42166 1.28736 -59.0623 138.694 217.609 -7.10235 40.8699 67.3374 153.466 -46.099 -8.98324 191.561 90.2868 -186.858 116.485 86.7946 3.028 -156.499 7.88184 99.6805 15.1048 44.813 -72.7511 120.621 191.625 -160.721 -95.0034 -33.2965 -40.0439 -25.1548 22.4509 1.13315 -167.488 -163.507 -197.7 116.171
internal_weight=1620 936 300 684 636 261 39 139 532 299 122 43 21 104 102 295 237 201 179 385 256 91 65 45 149 210 226 175 236 22 39 33 74 41 48 51 158 22 31 175 46 53 94 182 33 43 69 22 154 26 29 167 28 82 69 30 23 47 127 56 119 32
internal_count=1620 936 300 684 636 261 39 139 532 299 122 43 21 104 102 295 237 201 179 385 256 91 65 45 149 210 226 175 236 22 39 33 74 41 48 51 158 22 31 175 46 53 94 182 33 43 69 22 154 26 29 167 28 82 69 30 23 47 127 56 119 32
is_linear=0
shrinkage=0.03


Tree=62
num_leaves=63
num_cat=0
split_feature=18 18 18 14 18 17 16 18 1 16 18 1 16 1 18 7 6 16 16 20 18 16 16 19 24 18 21 6 7 7 7 7 16 16 20 9 16 1 6 9 16 18 28 6 3 10 24 3 14 24 7 13 7 19 10 7 7 9 4 20 20 7
split_gain=1.66913e+10 4.38222e+09 2.87658e+09 1.89936e+09 1.27658e+09 1.11674e+09 7.04145e+08 5.29231e+08 5.00715e+08 4.87528e+08 4.78055e+08 4.27563e+08 3.89804e+08 3.15241e+08 2.5992e+08 1.75366e+08 1.54308e+08 2.79457e+08 1.32282e+08 1.31334e+08 1.25619e+08 1.22703e+08 9.89959e+07 9.5952e+07 8.51802e+07 7.72433e+07 7.23286e+07 7.22336e+07 6.83444e+07 5.79715e+07 8.24701e+07 6.01217e+07 5.64609e+07 5.14843e+07 4.15694e+07 3.45633e+07 3.4329e+07 3.07703e+07 2.79117e+07 7.88109e+07 2.33706e+07 1.99251e+07 2.25065e+07 1.90859e+07 1.78218e+07 2.5488e+07 1.80321e+07 1.59508e+07 1.49713e+07 1.54992e+07 1.39074e+07 1.3475e+07 1.28682e+07 1.21012e+07 1.07564e+07 1.05691e+07 1.01423e+07 8.23067e+06 7.13132e+06 6.96393e+06 5.39608e+06 5.12292e+06
threshold=46445.350000000006 108144.60000000002 31763.850000000002 0.21717973125094933 74039.35000000002 0.075411471307569006 -0.040941482945758438 68579.150000000009 35620.000000000007 0.05017507414820211 61968.600000000013 42920.000000000007 0.05017507414820211 42920.000000000007 20550.450000000004 -0.6830127018922193 1.0000000180025095e-35 0.0037543201186628354 -1.0000000180025095e-35 43561.200000000004 50657.150000000001 0.05017507414820211 -1.0000000180025095e-35 108144.60000000002 38286.600000000006 39280.900000000001 44421.575000000004 1.0000000180025095e-35 -0.93301270189221919 -0.24999999999999997 0.68301270189221941 -0.93301270189221919 0.05017507414820211 0.086956521739130502 47674.150000000001 -0.12053668025532321 -1.0000000180025095e-35 34262.000000000007 1.0000000180025095e-35 -0.82298386589365657 -1.0000000180025095e-35 55950.500000000007 1.0000000180025095e-35 1.0000000180025095e-35 44169.125000000007 -0.51639395938746235 44388.375000000007 56215.625000000007 0.21410579339192487 52583.125000000007 -0.24999999999999997 1.1476190473430432 1.0000000180025095e-35 39280.900000000001 -0.78574730703237872 -0.93301270189221919 -0.24999999999999997 0.35460488704253579 36682.500000000007 12222.850000000002 8135.3000000000011 -0.93301270189221919
decision_type=2 2 2 2 2 2 2 2 2 2 2 2 2 2 2 2 2 2 2 2 2 2 2 2 2 2 2 2 2 2 2 2 2 2 2 2 2 2 2 2 2 2 2 2 2 2 2 2 2 2 2 2 2 2 2 2 2 2 2 2 2 2
left_child=2 3 14 7 9 11 8 15 26 10 18 -3 -6 22 24 19 17 -12 37 -2 -20 25 -9 -13 43 44 -4 48 -18 31 -31 -14 40 41 -33 -35 59 -5 51 55 -16 -11 -43 -1 45 54 53 61 -26 -50 -42 52 -27 -46 -8 -40 -48 -52 -47 -29 -45 -38
right_child=1 5 6 4 12 -7 21 13 -10 33 16 23 29 -15 32 -17 28 -19 20 -21 -22 -23 -24 -25 27 38 -28 36 -30 30 -32 34 -34 35 -36 -37 47 -39 39 -41 50 42 -44 60 46 58 56 -49 49 -51 57 -53 -54 -55 -56 -57 -58 -59 -60 -61 -62 -63
leaf_value=-204.82282640804942 125.63907233160893 82.222279415646113 -17.981088234467027 41.003347456526036 118.06670313869151 525.26393020545584 -54.845963272986467 255.53852123618788 261.5240927395962 -66.572546072478346 103.48913102687089 347.26927944794539 1.0439277263679125 373.43928746810809 -67.293879322502178 118.06670313869151 60.634441608411692 -47.569925515539353 -11.946628672154855 270.97134600174326 28.542762844965665 -133.7325432174398 150.86147925524972 246.10787319323151 -156.72561383484273 -18.178833182285501 69.906729774727737 -119.46857528233288 118.06670313869151 -52.131292802965305 61.101811523437505 36.291810995565875 -158.62107306834912 -122.60955713220542 107.60501915869773 -46.880221409153293 -169.41842465049339 108.62207084513598 -54.486284285791662 57.379185873495572 -84.402468561540559 0.17219181112574236 -48.379020671438667 -193.18082870751093 -120.7802263579497 -44.096876438254156 -42.805353497748683 -110.65402033625422 -190.26029063888009 -168.33978298483481 -140.4386037173941 -71.61230214711783 -44.314601326200304 -73.420903259881655 -89.669669291954918 -14.532048702428831 -73.877564747513588 -109.07186577850072 -9.0780670124775664 -81.49306814665843 -166.48164391063082 -145.91383894804935
leaf_weight=52 11.000000000000002 10.999999999999998 19 10.000000000000002 119 18 23 17.999999999999996 9.9999999999999982 9.9999999999999982 26 18 9.9999999999999982 14.999999999999998 15.999999999999998 40 22 19 115 11.999999999999998 172 15.999999999999998 16.000000000000004 19 47 25 14.999999999999998 10.000000000000002 70 11.000000000000002 11.999999999999998 10.999999999999998 19 11.000000000000002 23 10.999999999999998 17 15.999999999999998 14.999999999999998 10.999999999999998 17 22 13.999999999999998 17 11.000000000000002 10.000000000000002 13.999999999999998 10.999999999999998 59 27 11.999999999999998 10.999999999999998 54 9.9999999999999982 12.999999999999998 10.000000000000002 33 34 10.999999999999998 9.9999999999999982 32 47
leaf_count=52 11 11 19 10 119 18 23 18 10 10 26 18 10 15 16 40 22 19 115 12 172 16 16 19 47 25 15 10 70 11 12 11 19 11 23 11 17 16 15 11 17 22 14 17 11 10 14 11 59 27 12 11 54 10 13 10 33 34 11 10 32 47
internal_value=0.811842 88.8925 -104.453 69.8516 51.58 323.846 -35.0359 184.553 76.0441 27.36 38.6742 247.379 118.067 258.514 -154.992 126.71 85.3913 39.7445 18.2054 202.31 12.3203 -53.3628 206.866 296.125 -167.797 -48.1884 20.8842 -157.402 107.651 45.5997 6.95548 65.7384 -111.876 -47.4606 84.7073 -85.1285 -136.988 82.8717 -31.5719 -9.21351 -100.447 -29.2998 -18.7905 -191.085 -64.8992 -52.3252 -75.3469 -146.443 -171.869 -179.954 -108.747 -40.4951 -36.0773 -98.6832 -67.6348 -38.6263 -64.7326 -117.541 -25.8838 -100.981 -176.119 -152.412
internal_weight=1620 882 738 816 704 66 311 112 44 518 450 48 186 49 427 63 137 45 313 23 287 267 34 37 329 251 34 228 92 67 23 44 98 68 34 22 95 26 126 36 79 46 36 101 125 57 68 75 133 86 63 90 79 21 36 25 47 46 21 20 49 64
internal_count=1620 882 738 816 704 66 311 112 44 518 450 48 186 49 427 63 137 45 313 23 287 267 34 37 329 251 34 228 92 67 23 44 98 68 34 22 95 26 126 36 79 46 36 101 125 57 68 75 133 86 63 90 79 21 36 25 47 46 21 20 49 64
is_linear=0
shrinkage=0.03


Tree=63
num_leaves=63
num_cat=0
split_feature=23 6 23 25 12 14 1 12 22 23 23 8 6 1 14 16 10 12 1 20 4 22 20 1 6 17 22 23 7 7 6 17 10 3 24 17 21 7 7 16 21 13 24 14 23 20 7 21 14 23 14 7 1 23 16 21 23 21 13 24 20 22
split_gain=1.53947e+10 4.6952e+09 4.0191e+09 2.28488e+09 1.5746e+09 1.48594e+09 1.06515e+09 5.30797e+08 5.10528e+08 4.6139e+08 4.54502e+08 3.96274e+08 3.69812e+08 2.55124e+08 2.95755e+08 2.32838e+08 2.08218e+08 2.03907e+08 1.96366e+08 1.69792e+08 1.53157e+08 1.3975e+08 1.30521e+08 1.28282e+08 1.19337e+08 1.16875e+08 1.11338e+08 9.5004e+07 9.46235e+07 1.1534e+08 9.32082e+07 8.93538e+07 8.15672e+07 7.92301e+07 7.9116e+07 7.04488e+07 6.76044e+07 8.52324e+07 6.34633e+07 6.09457e+07 5.85965e+07 4.77129e+07 4.36899e+07 4.28544e+07 4.11184e+07 4.01579e+07 3.75275e+07 3.64268e+07 3.50414e+07 3.15988e+07 3.10247e+07 2.94664e+07 3.03208e+07 2.92129e+07 2.88647e+07 2.62958e+07 2.60821e+07 2.58921e+07 2.2404e+07 2.09929e+07 2.05804e+07 1.8644e+07
threshold=46586.150000000009 1.0000000180025095e-35 83682.400000000009 1.0000000180025095e-35 1.0326530610178755 0.21850899737433024 42920.000000000007 1.1224489793650323 1644.4962698710331 68080.376923076939 80540.469230769246 0.93301270189221952 1.0000000180025095e-35 44730.000000000007 0.24938271598645248 0.0037543201186628354 -0.78574730703237872 1.1612903222653153 41020.000000000007 80863.300000000017 55470.625000000007 19630.93091376514 80863.300000000017 30945.000000000004 1.0000000180025095e-35 0.079999999982243997 12231.009792412186 61995.976923076931 -0.24999999999999997 0.68301270189221941 1.0000000180025095e-35 0.075282020246646417 0.5163939593874618 57426.875000000007 44240.945000000007 0.079999999983787221 69242.625000000015 1.0000000180025095e-35 1.0000000180025095e-35 1.0000000180025095e-35 65303.350000000013 0.89599999985663914 41009.805000000008 0.16675568845983602 65313.965384615389 94202.10000000002 -0.24999999999999997 91752.362500000003 0.23425692689183655 40678.834615384621 0.2133517592883212 -0.93301270189221919 31500.000000000004 42087.469230769238 0.0050251573518178558 77810.900000000009 12581.007692307694 109413.48750000003 1.1261261259201294 60070.625000000007 50502.200000000004 22600.91594536461
decision_type=2 2 2 2 2 2 2 2 2 2 2 2 2 2 2 2 2 2 2 2 2 2 2 2 2 2 2 2 2 2 2 2 2 2 2 2 2 2 2 2 2 2 2 2 2 2 2 2 2 2 2 2 2 2 2 2 2 2 2 2 2 2
left_child=3 6 5 12 -4 8 11 19 -3 13 20 17 23 14 34 27 -14 25 30 -6 44 26 33 -1 -20 36 35 -13 -12 47 50 51 -16 -11 -7 -10 37 -2 49 -21 -17 -26 -33 -32 -8 -24 -22 -30 -40 -25 -5 -18 -53 -54 60 -38 -45 -31 -46 -48 -19 -29
right_child=1 2 4 18 7 9 10 -9 21 22 28 15 16 -15 32 40 31 54 24 39 46 -23 45 38 41 -27 -28 61 29 57 43 42 -34 -35 -36 -37 55 -39 48 -41 -42 -43 -44 56 58 -47 59 -49 -50 -51 -52 52 53 -55 -56 -57 -58 -59 -60 -61 -62 -63
leaf_value=-113.14981031173738 49.156578790072736 424.43955808129635 596.18164699154011 -164.34927667453204 254.69104640560252 62.864207705043889 126.071559720181 102.9015673828125 284.23611987964517 152.41526965369769 226.795932085396 -87.111085608736914 112.25368839817193 152.41526965369769 37.63877573959391 -207.92761850717898 -59.139686152034777 -67.819154753732207 -149.52230774960276 327.35974939294755 36.228320934937734 299.91733741684715 37.150893503436592 -45.429037061081722 -56.117848931674295 103.34658277322318 152.41526965369769 -25.928875222730383 112.01150390624996 144.49378688502952 -116.18919689117136 -12.300301931081721 -14.177307326562516 86.624529343989849 122.07340911167326 182.17867504333114 67.482378582156088 -11.415009799371097 -23.494184273384711 433.06371540942018 -110.26886282928719 -113.96337088047771 63.235947067071187 -172.85429485328095 89.325064195689563 117.33121614663908 -65.765717930557685 42.893903511665961 -82.496442776678222 6.0184250252706954 -193.75043796363119 -41.439266097847067 -26.291082241844578 38.363507587023015 -70.662329624720982 8.7547827269299194 -143.01454243171801 215.27671882251698 31.913535117925321 -10.443634262558835 -19.537600745854412 22.969842288043047
leaf_weight=46 26 9.9999999999999982 18 59 18 20 9.9999999999999982 12.999999999999998 11.000000000000002 58 9.9999999999999982 25 12.999999999999998 18 113 11.000000000000002 24 9.9999999999999982 53 11.000000000000002 9.9999999999999982 9.9999999999999982 13.000000000000002 29 26 12.999999999999998 34 19.000000000000004 19.000000000000004 11.000000000000002 31 12.000000000000002 36 17 48 15.999999999999998 22 105 10.999999999999998 9.9999999999999982 11.999999999999998 26 15.999999999999998 54 10.000000000000002 9.9999999999999982 10.000000000000002 10.999999999999998 54 17 93 26 13.000000000000002 11.999999999999998 23 9.9999999999999982 63 9.9999999999999982 15.999999999999998 15.999999999999998 38 10.999999999999998
leaf_count=46 26 10 18 59 18 20 10 13 11 58 10 25 13 18 113 11 24 10 53 11 10 10 13 29 26 13 34 19 19 11 31 12 36 17 48 16 22 105 11 10 12 26 16 54 10 10 10 11 54 17 93 26 13 12 23 10 63 10 16 16 38 11
internal_value=0.865873 79.321 144.464 -108.134 354.566 108.862 10.4637 269.946 224.045 80.7858 81.9475 -18.8059 -41.034 57.9396 48.8102 -77.7083 -0.407042 -0.18114 -153.343 325.222 30.83 195.263 135.455 -71.032 -117.781 17.1317 177.643 -44.0429 142.134 125.122 -165.746 -14.7215 25.1183 152.415 100.61 224.653 10.1965 0.635135 -53.4916 384.183 -157.673 -85.2039 30.9346 -148.475 74.4964 72.369 -12.9216 86.8952 -72.5629 -26.444 -182.454 -31.7849 -18.8215 4.7722 -43.0613 49.2145 -156.923 179.061 54.2526 -31.8919 -29.7164 -7.9825
internal_weight=1620 942 484 678 70 414 458 52 81 333 133 325 273 235 217 78 116 247 405 39 72 71 98 157 105 176 61 55 61 51 300 103 149 75 68 27 163 131 111 21 23 52 28 148 36 23 36 30 65 46 152 75 51 25 71 32 117 21 26 26 48 30
internal_count=1620 942 484 678 70 414 458 52 81 333 133 325 273 235 217 78 116 247 405 39 72 71 98 157 105 176 61 55 61 51 300 103 149 75 68 27 163 131 111 21 23 52 28 148 36 23 36 30 65 46 152 75 51 25 71 32 117 21 26 26 48 30
is_linear=0
shrinkage=0.03


Tree=64
num_leaves=63
num_cat=0
split_feature=18 23 18 6 1 14 14 6 16 22 23 9 1 11 23 18 16 18 20 1 14 19 10 9 16 18 7 7 18 17 10 1 18 6 18 7 16 18 24 20 11 24 10 10 19 9 16 10 6 10 3 16 16 24 14 23 24 3 14 7 7 20
split_gain=1.48055e+10 3.90837e+09 2.54488e+09 1.87583e+09 1.4259e+09 1.34505e+09 1.1938e+09 7.47768e+08 6.31901e+08 5.00454e+08 4.86979e+08 3.29225e+08 3.17545e+08 3.17416e+08 2.65994e+08 2.30244e+08 2.1899e+08 1.63363e+08 1.5488e+08 1.3786e+08 1.27645e+08 1.23801e+08 1.20803e+08 1.59094e+08 1.095e+08 1.00802e+08 9.75266e+07 1.25433e+08 8.65074e+07 8.24298e+07 7.95228e+07 7.85529e+07 6.83332e+07 6.5422e+07 5.48674e+07 5.18361e+07 5.07014e+07 4.88826e+07 4.79772e+07 4.49385e+07 4.23242e+07 4.21983e+07 3.91088e+07 3.76769e+07 3.69524e+07 4.45365e+07 3.2237e+07 3.14809e+07 8.65073e+07 2.24241e+07 2.15438e+07 3.25993e+07 2.06175e+07 1.81827e+07 1.7791e+07 1.67789e+07 1.41992e+07 1.38444e+07 1.97761e+07 1.3615e+07 1.26756e+07 1.26663e+07
threshold=46445.350000000006 78473.150000000009 31763.850000000002 1.0000000180025095e-35 42920.000000000007 0.21717973125094933 0.23461252253646206 1.0000000180025095e-35 -0.040941482945758438 1112.1659640303524 61188.596153846163 -0.46472317204376817 42920.000000000007 0.97457627102449618 55729.565384615395 20550.450000000004 0.0050251573518178558 58518.350000000006 37700.900000000009 45625.000000000007 0.24938271599550557 74708.200000000026 -0.060268340127661524 0.29696027566504674 0.05017507414820211 54543.700000000004 -0.24999999999999997 0.68301270189221941 40304.150000000009 0.07547911546421833 -0.51639395938746235 30529.000000000004 40304.150000000009 1.0000000180025095e-35 55231.500000000007 -0.93301270189221919 0.05017507414820211 65548.650000000009 40666.870000000003 106817.25000000001 0.88714733527913558 44240.945000000007 -0.98182534576205283 -0.70581670320594803 59333.55000000001 -0.78574730703237861 -1.0000000180025095e-35 0.12053668025532312 1.0000000180025095e-35 -0.70581670320594803 44169.125000000007 1.0000000180025095e-35 -1.0000000180025095e-35 45027.375000000007 0.285359801434595 16901.850000000002 44388.375000000007 59043.125000000007 0.21410579339192487 -0.5 -0.24999999999999997 48279.750000000007
decision_type=2 2 2 2 2 2 2 2 2 2 2 2 2 2 2 2 2 2 2 2 2 2 2 2 2 2 2 2 2 2 2 2 2 2 2 2 2 2 2 2 2 2 2 2 2 2 2 2 2 2 2 2 2 2 2 2 2 2 2 2 2 2
left_child=2 5 15 12 40 14 19 11 9 -4 18 -7 -3 22 43 31 25 -16 38 -6 41 34 -8 -24 32 42 -14 39 -11 -19 -22 59 50 57 -18 -12 52 -27 -9 -28 -5 -20 -13 -2 -31 -46 -35 49 -49 -34 51 -10 -17 -51 -40 -48 61 58 -33 -1 -54 -52
right_child=1 3 8 4 6 7 13 10 24 28 35 16 26 -15 17 36 21 29 20 -21 30 -23 23 -25 -26 37 27 -29 -30 44 -32 33 47 46 -36 -37 -38 -39 54 -41 -42 -43 -44 -45 45 -47 55 48 -50 53 56 -53 60 -55 -56 -57 -58 -59 -60 -61 -62 -63
leaf_value=-164.97804224258812 153.53579424883867 -23.920785124555543 236.5931605466732 155.10018032105498 659.84628886912117 -169.14183710985847 250.30827597128376 -67.439593342696085 -56.914392094822617 -45.681044993299125 51.437670457846096 45.128079938721235 220.05942025061879 143.60281642800513 96.451055071866293 -63.265384832346655 -83.021311905082598 290.93633102829392 60.895732780433455 483.56720954517317 60.895732780433455 46.327980154681683 434.6205753075015 286.0896856524493 -126.26877239724861 40.65554051260866 45.210663762678166 173.73994925584836 53.437536732373317 247.62530824566829 14.817124810606124 -150.01247900715424 -22.546719119176842 -94.612354481255821 -29.066402816617074 96.451055071866293 -149.5230481787876 96.451055071866293 15.218644762874669 118.10063899912733 75.959523408613123 96.451055071866293 -5.3365052892761655 96.451055071866293 214.84992662846651 139.18261135884458 -146.0095161062047 -36.655484343689757 65.249833654455244 -89.801207396252323 -70.419197508957197 -3.7799733308981396 -78.993492378100996 -41.95357815797302 -28.358335243431295 -111.16866518473755 -60.767902317285071 -138.7485774528206 -177.47319841884499 -191.72753039144592 -110.58867853193634 -115.28967882213026
leaf_weight=35 10.999999999999998 13.999999999999998 11.999999999999998 12.000000000000002 10 9.9999999999999982 10.999999999999998 9.9999999999999982 52 13.999999999999998 31 17 9.9999999999999982 9.9999999999999982 11.999999999999998 15.999999999999998 26 10.999999999999998 13.999999999999998 10 21 14.999999999999998 13.000000000000002 10.999999999999998 15.999999999999998 64 17.000000000000004 21 18 9.9999999999999982 75 45 39 20 49 122 19 11.999999999999998 35 13.999999999999998 12.999999999999998 33 72 25 14.999999999999995 15.000000000000005 62 23 10.999999999999998 9.9999999999999982 15.000000000000002 12.999999999999998 17 26 10.999999999999998 18 52 23 69 57 46 9.9999999999999982
leaf_count=35 11 14 12 12 10 10 11 10 52 14 31 17 10 10 12 16 26 11 14 10 21 15 13 11 16 64 17 21 18 10 75 45 39 20 49 122 19 12 35 14 13 33 72 25 15 15 62 23 11 10 15 13 17 26 11 18 52 23 69 57 46 10
internal_value=0.862881 83.8187 -98.2773 214.933 307.556 53.3949 381.551 36.9102 -32.9849 72.2425 65.5597 -1.15529 104.988 294.69 155.992 -145.813 5.49613 193.282 34.0525 574.551 50.6052 -32.125 337.325 376.004 -50.3463 26.0238 134.088 117.164 10.0658 216.758 30.7188 -157.865 -45.4583 -148.524 -47.8565 96.4511 -105.233 51.3745 -8.23071 78.4027 114.414 91.0727 4.34259 96.4511 195.684 177.604 -129.681 -27.553 -3.59136 -38.3963 -59.1733 -46.3097 -94.4059 -55.4566 4.75909 -138.319 -69.9581 -162.174 -166.774 -181.741 -102.202 -88.7553
internal_weight=1620 882 738 166 90 716 65 617 311 44 352 265 76 45 99 427 255 63 199 20 143 90 35 24 267 165 62 52 32 51 96 329 251 237 75 153 98 76 56 31 25 47 89 36 40 30 100 109 34 75 142 65 79 36 46 80 77 137 114 92 63 25
internal_count=1620 882 738 166 90 716 65 617 311 44 352 265 76 45 99 427 255 63 199 20 143 90 35 24 267 165 62 52 32 51 96 329 251 237 75 153 98 76 56 31 25 47 89 36 40 30 100 109 34 75 142 65 79 36 46 80 77 137 114 92 63 25
is_linear=0
shrinkage=0.03


Tree=65
num_leaves=63
num_cat=0
split_feature=18 18 25 18 17 14 17 14 24 24 2 1 13 19 6 10 8 1 20 20 17 6 18 18 3 12 24 6 1 19 10 1 21 6 7 20 28 10 18 6 21 14 7 18 2 2 7 14 20 21 14 18 19 14 2 21 14 10 8 8 2 7
split_gain=1.3951e+10 3.68907e+09 2.29973e+09 1.64858e+09 9.37122e+08 8.3275e+08 7.98684e+08 6.20153e+08 6.06612e+08 4.91888e+08 3.77187e+08 2.72751e+08 2.5282e+08 2.25402e+08 1.98008e+08 1.97997e+08 1.78904e+08 1.76875e+08 1.71332e+08 1.54095e+08 1.98136e+08 1.42042e+08 1.32587e+08 1.23775e+08 1.21595e+08 1.41315e+08 1.14249e+08 1.12404e+08 1.2779e+08 1.08567e+08 8.44159e+07 7.31646e+07 6.71436e+07 6.09255e+07 9.32242e+07 7.51068e+07 5.68944e+07 5.54004e+07 4.33539e+07 3.78206e+07 3.77827e+07 3.43941e+07 3.12361e+07 3.05202e+07 2.15365e+07 2.14252e+07 2.06191e+07 1.9225e+07 1.82235e+07 1.8096e+07 1.71417e+07 1.70543e+07 1.51203e+07 1.51098e+07 1.43667e+07 1.27485e+07 1.23605e+07 1.10406e+07 1.0932e+07 9.12409e+06 8.14215e+06 6.78204e+06
threshold=46043.900000000009 108144.60000000002 1.0000000180025095e-35 71103.950000000026 0.07545679011077143 0.21335175927490965 0.075411471302971281 0.19866036904789269 44107.92500000001 57604.375000000007 60701.875000000007 42920.000000000007 1.1261261259281683 52191.000000000007 1.0000000180025095e-35 0.78574730703237883 0.93301270189221952 34707.000000000007 61882.200000000004 36095.900000000009 0.07545679011077143 1.0000000180025095e-35 79169.450000000012 62843.05000000001 54005.625000000007 1.1612903222684685 39701.55000000001 1.0000000180025095e-35 30945.000000000004 108144.60000000002 0.78574730703237883 43670.000000000007 57475.950000000004 1.0000000180025095e-35 -0.24999999999999997 65278.250000000007 1.0000000180025095e-35 -0.95297903005573326 82254.150000000009 1.0000000180025095e-35 29674.587500000005 0.1979434446864379 -0.93301270189221919 37927.400000000009 64201.875000000007 49095.625000000007 -0.24999999999999997 0.21410579339789343 42647.200000000004 42282.762500000004 0.2133517592883212 51489.05000000001 34184.000000000007 0.16675568845983602 45421.375000000007 28616.800000000007 0.23809523804667135 -0.70581670320594803 1.0000000180025095e-35 1.0000000180025095e-35 46562.625000000007 -0.24999999999999997
decision_type=2 2 2 2 2 2 2 2 2 2 2 2 2 2 2 2 2 2 2 2 2 2 2 2 2 2 2 2 2 2 2 2 2 2 2 2 2 2 2 2 2 2 2 2 2 2 2 2 2 2 2 2 2 2 2 2 2 2 2 2 2 2
left_child=2 3 7 6 10 11 13 8 49 14 -3 38 22 26 30 19 23 39 -18 -8 -21 47 44 37 25 -16 -2 28 54 -12 -7 41 -22 34 -28 -35 45 -15 -5 50 -33 -23 -25 46 -11 -29 -30 -19 -45 -1 -4 -20 -48 -41 -9 -56 -50 -49 -38 -43 -55 -52
right_child=1 4 17 5 -6 9 15 27 -10 12 29 -13 -14 16 24 -17 18 21 51 20 32 31 -24 42 -26 -27 33 36 43 -31 -32 40 -34 35 -36 -37 58 -39 -40 53 -42 59 -44 48 -46 -47 52 57 56 -51 61 -53 -54 60 55 -57 -58 -59 -60 -61 -62 -63
leaf_value=17.648638188821941 -89.042516475450128 119.51409907826203 -160.44922517070617 241.52091239992245 513.56476188497334 41.359162581487986 28.843497901091702 -89.838075848152627 281.20861791025288 142.75329746179406 345.31624293206141 366.1321200445044 37.218469543457033 90.291187969869824 116.30039328727278 19.866330167536148 -136.3058301748143 -132.77391355639824 -11.745620455355253 273.27547866065902 79.579736669129417 -84.755211291066189 178.73148848985667 35.903766992834235 12.323842289539989 29.932299780176773 16.671535850133061 17.648638188821941 -34.057963813647888 235.38672692549852 -64.993120596389147 -24.922274428613921 150.70004169614296 4.6275614430230378 -49.642743110064643 92.069720446898216 -53.746423404091281 23.788387927873679 178.73148848985667 -123.87884409530383 -98.165602994351772 -144.78512896641735 84.902385360797936 -78.30587521090365 106.39877262270703 -28.079490133984251 -97.079045031055884 -149.12105268823817 -12.423812676145317 65.417149839495664 -174.43857203556851 42.163066970576153 -63.121492058740891 -171.05023920747422 -102.26303619082609 -153.22289294554457 -40.592520590689212 -177.88471496825198 -20.069928970758426 -117.13538340404313 -147.82068333996557 -195.8021450786226
leaf_weight=13.000000000000002 14.999999999999998 17 38 12.000000000000002 13.999999999999998 15.000000000000002 10.999999999999998 18 9.9999999999999982 17.000000000000004 18 12.999999999999998 13.999999999999998 11.999999999999998 77 17 10.000000000000002 41 11.000000000000002 9.9999999999999982 18 25 51 14.999999999999998 18 22 33 11.000000000000002 17 17 11.999999999999998 15.000000000000002 38 71 45 9.9999999999999982 17 169 11.999999999999998 18 10.999999999999998 21 57 9.9999999999999982 12.999999999999998 9.9999999999999982 15.999999999999998 38 17 9.9999999999999982 15.999999999999998 9.9999999999999982 51 29 10.000000000000002 9.9999999999999982 83 25 18 33 48 47
leaf_count=13 15 17 38 12 14 15 11 18 10 17 18 13 14 12 77 17 10 41 11 10 18 25 51 15 18 22 33 11 17 17 12 15 38 71 45 10 17 169 12 18 11 21 57 10 13 10 16 38 17 10 16 10 51 29 10 10 83 25 18 33 48 47
internal_value=0.899965 80.2314 -96.7867 63.0052 295.92 122.858 33.0617 -36.7955 86.2125 102.274 236.45 255.189 155.25 16.7023 67.2411 112.668 33.1714 -144.314 -34.7659 133.104 150.411 -124.959 175.579 41.5062 84.1275 97.1571 -10.1819 -50.9153 -60.1204 292.745 -5.97382 -100.147 128.023 -2.69093 -21.6012 15.5231 -12.7403 28.2449 193.825 -164.88 -56.1673 -114.532 74.7583 -50.2188 114.721 17.6486 -63.863 -149.889 -39.751 17.6486 -178.07 14.0032 -71.3634 -150.683 -110.406 -128.379 -35.8211 -160.799 -36.5337 -128.136 -156.78 -188.428
internal_weight=1620 894 726 828 66 276 552 321 33 239 52 37 95 458 144 94 284 405 31 77 66 209 81 253 117 99 174 288 232 35 27 105 56 159 78 81 56 181 24 196 26 79 72 194 30 21 84 104 110 23 101 21 67 95 38 20 100 63 35 54 77 63
internal_count=1620 894 726 828 66 276 552 321 33 239 52 37 95 458 144 94 284 405 31 77 66 209 81 253 117 99 174 288 232 35 27 105 56 159 78 81 56 181 24 196 26 79 72 194 30 21 84 104 110 23 101 21 67 95 38 20 100 63 35 54 77 63
is_linear=0
shrinkage=0.03


Tree=66
num_leaves=63
num_cat=0
split_feature=23 23 25 5 12 8 23 8 2 17 17 22 8 27 12 17 23 8 22 22 1 16 9 9 8 9 9 20 1 9 8 9 1 14 9 28 9 8 14 8 20 9 9 23 9 16 9 9 23 9 2 2 20 9 8 24 1 14 9 24 20 23
split_gain=1.29122e+10 3.73402e+09 1.88407e+09 1.81723e+09 1.6502e+09 6.93727e+08 6.43247e+08 6.06381e+08 5.16668e+08 3.6184e+08 3.29329e+08 3.21958e+08 2.91412e+08 2.6294e+08 2.59594e+08 2.49836e+08 1.97299e+08 2.63296e+08 1.8308e+08 1.82459e+08 1.66619e+08 1.60465e+08 1.53332e+08 1.52915e+08 1.45506e+08 1.3985e+08 1.3656e+08 1.14541e+08 1.10084e+08 9.23678e+07 9.19267e+07 9.15136e+07 1.09073e+08 8.55186e+07 8.40632e+07 8.21412e+07 7.47929e+07 7.3925e+07 6.85393e+07 5.26094e+07 5.09472e+07 5.01215e+07 4.89335e+07 3.71582e+07 3.53712e+07 3.50496e+07 3.31116e+07 2.72115e+07 2.585e+07 2.53015e+07 2.50266e+07 2.01268e+07 1.84995e+07 1.84709e+07 1.3765e+07 1.35555e+07 1.26437e+07 1.24867e+07 1.16748e+07 9.43547e+06 8.93862e+06 8.39169e+06
threshold=46586.150000000009 81305.669230769257 1.0000000180025095e-35 1.0000000180025095e-35 1.0326530610178755 0.93301270189221952 61188.596153846163 0.93301270189221952 51256.875000000007 0.079999999986788542 0.075479115460650545 24737.018531749356 1.0000000180025095e-35 1.0000000180025095e-35 1.0267857140995378 0.075365239281317054 98090.592307692321 1.0000000180025095e-35 19046.750971418423 2673.6846364669877 41020.000000000007 0.0037543201186628354 0.12053668025532312 0.06026834012766185 1.0000000180025095e-35 -0.82298386589365657 -0.40966402954315195 80863.300000000017 30945.000000000004 -0.35460488704253573 -0.9330127018922193 0.06026834012766185 42920.000000000007 0.21012658223285954 -0.78574730703237861 1.0000000180025095e-35 -0.66312265824079519 -0.24999999999999997 0.20948616596859607 1.0000000180025095e-35 61172.600000000006 -0.51639395938746191 0.46472317204376884 68848.092307692321 0.40966402954315223 0.0049751551641986644 -0.51639395938746191 -0.51639395938746191 90862.826923076937 0.40966402954315223 47258.250000000007 45421.375000000007 21100.000000000004 -0.51639395938746191 0.25000000000000017 38286.600000000006 38830.000000000007 0.145767166759142 0.17992617227144045 38631.145000000011 66207.60000000002 52462.246153846158
decision_type=2 2 2 2 2 2 2 2 2 2 2 2 2 2 2 2 2 2 2 2 2 2 2 2 2 2 2 2 2 2 2 2 2 2 2 2 2 2 2 2 2 2 2 2 2 2 2 2 2 2 2 2 2 2 2 2 2 2 2 2 2 2
left_child=2 3 15 5 14 6 18 11 13 10 -10 16 23 26 -3 28 31 -18 22 -14 38 43 37 25 -24 -8 -5 -9 41 36 58 32 -6 49 56 -21 -17 -2 50 42 -25 54 45 61 -36 -32 -40 -15 -33 52 -4 55 -22 -35 -1 -43 -12 -52 -30 -48 -45 -7
right_child=1 4 20 8 7 21 12 27 9 -11 34 -13 19 47 -16 29 17 -19 -20 35 33 -23 24 40 -26 -27 -28 -29 30 -31 39 48 -34 53 44 -37 -38 -39 46 -41 -42 51 -44 60 -46 -47 59 -49 -50 -51 57 -53 -54 -55 -56 -57 -58 -59 -60 -61 -62 -63
leaf_value=-67.853888277094399 49.070368488213653 526.5617885962331 -146.54922012036729 90.805798973800066 98.884735046891123 -79.269354115098977 49.138959584769161 -46.157539683161545 296.39837303648602 344.27125247867963 202.15573789690978 298.65778328664544 184.83543937802938 183.17172450589814 326.31039720267302 17.987495805430786 147.76855881158815 298.65778328664544 126.88658162297429 103.41872095559356 -75.733862577397758 -137.37014346457275 -42.347150764634684 -46.2239179021662 14.410302514450754 172.50502061173722 -24.241418135078785 90.161895026129642 -61.061389111651494 -35.252138041313117 -35.494139216988387 61.262974597261142 216.92999061205106 -104.79666361794541 65.389041035338181 54.345301410807117 113.53044896653859 4.9759734505440116 -146.54922012036729 28.50004261673681 20.74017427406946 -105.89423827193163 -68.948429453996212 -25.062496558463209 137.98568651860305 5.490944544009591 -184.28643424064489 118.29724213471283 126.23008590849319 -100.35246373680873 -89.062385286898234 -122.98371412027566 -22.087750383131574 -141.48026127106218 -24.759460416604544 -64.223839205022443 148.62347392771505 -125.85516898512245 -98.373468938459425 -164.17410094442249 13.946056668565078 -45.046486729863865
leaf_weight=14.000000000000002 66 13.000000000000002 32 18 12.000000000000002 10.000000000000002 33 11.000000000000002 13.999999999999998 12.999999999999998 9.9999999999999982 15.999999999999998 19 15.000000000000002 11.999999999999998 19 18 15.999999999999998 10.999999999999998 84 14.000000000000002 19 90 11.999999999999998 74 10.999999999999998 19 10.999999999999998 14.999999999999998 14.999999999999998 50 13.000000000000002 18 20 16.000000000000007 49 12.000000000000002 71 79 14.999999999999998 66 13.000000000000002 24 10.000000000000002 9.9999999999999982 30 47 10.999999999999998 9.9999999999999982 19 10.999999999999998 19 9.9999999999999982 42 12.999999999999998 17 9.9999999999999982 60 17 71 10.999999999999998 20
leaf_count=14 66 13 32 18 12 10 33 11 14 13 10 16 19 15 12 19 18 16 11 84 14 19 90 12 74 11 19 11 15 15 50 13 18 20 16 49 12 71 79 15 66 13 24 10 10 30 47 11 10 19 11 19 10 42 13 17 10 60 17 71 11 20
internal_value=0.889104 72.7406 -98.936 46.7329 209.938 26.0313 36.6956 165.191 146.496 200.8 169.193 195.703 70.2268 83.3529 432.124 -38.0046 172.262 228.844 7.23523 97.9371 -139.989 -63.1692 2.82189 35.6505 -16.7439 80.3018 31.8213 22.1016 -50.9205 25.7044 -36.0589 135.601 170.197 -107.235 129.92 85.3935 55.2181 26.2388 -151.413 -23.8815 10.392 -80.3618 -31.4566 -35.3109 93.7326 -20.137 -161.921 156.283 89.9338 -74.4239 -131.178 -98.461 -53.5658 -129.835 -47.2728 -82.5729 176.262 -120.288 -81.1282 -172.334 -4.66005 -56.6797
internal_weight=1620 942 678 792 150 656 586 125 136 73 60 103 274 63 25 273 87 34 312 152 405 70 301 122 164 44 37 22 227 46 151 53 30 105 46 133 31 137 300 119 78 76 104 51 26 80 197 26 23 43 103 49 24 62 27 30 20 71 32 118 21 30
internal_count=1620 942 678 792 150 656 586 125 136 73 60 103 274 63 25 273 87 34 312 152 405 70 301 122 164 44 37 22 227 46 151 53 30 105 46 133 31 137 300 119 78 76 104 51 26 80 197 26 23 43 103 49 24 62 27 30 20 71 32 118 21 30
is_linear=0
shrinkage=0.03


Tree=67
num_leaves=63
num_cat=0
split_feature=18 23 18 6 12 6 14 3 14 20 23 8 2 11 23 23 17 19 20 20 20 3 7 23 14 7 19 18 14 2 23 24 20 7 7 24 17 28 18 23 6 24 21 28 3 27 24 3 9 6 18 9 8 23 7 6 3 21 11 2 7 14
split_gain=1.23591e+10 3.27895e+09 2.1233e+09 1.64787e+09 1.22768e+09 1.15292e+09 7.97076e+08 5.14357e+08 4.89841e+08 4.82984e+08 4.35273e+08 3.94546e+08 2.96036e+08 2.88448e+08 2.5165e+08 1.94406e+08 1.66137e+08 1.53559e+08 1.51598e+08 1.76041e+08 1.35624e+08 1.29903e+08 1.17998e+08 1.1549e+08 1.09533e+08 8.47766e+07 1.24603e+08 8.45387e+07 8.25864e+07 7.60319e+07 7.12678e+07 7.0169e+07 6.88392e+07 6.62929e+07 1.1323e+08 5.34754e+07 5.16049e+07 4.99124e+07 4.82214e+07 4.74521e+07 4.59847e+07 4.13023e+07 3.63888e+07 3.41659e+07 3.28598e+07 3.1506e+07 3.03038e+07 2.87641e+07 2.86235e+07 2.74137e+07 2.5529e+07 2.54158e+07 2.42387e+07 2.02644e+07 1.9792e+07 1.95565e+07 1.91469e+07 1.79699e+07 1.62404e+07 1.61528e+07 2.06618e+07 1.60315e+07
threshold=46445.350000000006 78473.150000000009 31763.850000000002 1.0000000180025095e-35 1.0297193875575261 1.0000000180025095e-35 0.21850899737433024 53868.125000000007 0.1979434446864379 51897.150000000001 61188.596153846163 0.93301270189221952 60937.500000000007 0.97457627102449618 69593.784615384633 23002.84615384616 0.079999999982243997 87880.050000000003 49130.400000000001 59445.150000000009 37700.900000000009 49095.625000000007 -0.93301270189221919 52666.215384615396 0.24938271599550557 1.0000000180025095e-35 59333.55000000001 40304.150000000009 0.17388612090385749 48941.750000000007 68359.726923076945 45782.500000000007 82632.60000000002 -0.24999999999999997 0.68301270189221941 38478.575000000004 0.0027522199809777779 1.0000000180025095e-35 71510.450000000026 57761.180769230778 1.0000000180025095e-35 40666.870000000003 39549.825000000004 1.0000000180025095e-35 44169.125000000007 1.0000000180025095e-35 58823.125000000007 51632.500000000007 -0.46472317204376817 1.0000000180025095e-35 49889.750000000007 0.8542199457734333 0.93301270189221952 68668.026923076934 1.0000000180025095e-35 1.0000000180025095e-35 49095.625000000007 49143.537500000013 0.87010387703975045 55825.000000000007 -0.24999999999999997 0.285359801434595
decision_type=2 2 2 2 2 2 2 2 2 2 2 2 2 2 2 2 2 2 2 2 2 2 2 2 2 2 2 2 2 2 2 2 2 2 2 2 2 2 2 2 2 2 2 2 2 2 2 2 2 2 2 2 2 2 2 2 2 2 2 2 2 2
left_child=2 5 15 12 58 11 18 47 9 42 20 16 38 17 -13 28 23 -9 45 21 41 -20 53 54 37 39 -27 44 56 -24 -21 -26 -19 -14 46 -30 51 -22 -3 -25 52 -8 -4 -31 55 -7 -35 -6 -46 -37 -16 59 -17 -12 -2 -10 -1 -56 -5 60 -29 -43
right_child=1 3 8 4 7 6 10 13 27 -11 22 14 33 -15 50 40 -18 32 19 30 24 -23 29 25 31 26 -28 36 35 43 -32 -33 -34 34 -36 49 -38 -39 -40 -41 -42 61 -44 -45 48 -47 -48 -49 -50 -51 -52 -53 -54 -55 57 -57 -58 -59 -60 -61 -62 -63
leaf_value=-127.6324317535726 -6.1630421382822886 41.321802970949278 13.304382164111079 531.96975368386427 132.40333158750789 113.57491884677781 -63.195797143312966 357.23715743318104 -54.00204651177512 237.98025539088891 29.172387284554571 -204.28178291257746 201.53601199914911 131.40021539367072 -0.69767993823901997 -91.731893301636617 114.92865283722573 224.574017023122 190.83890583444142 113.57491884677781 110.36310098016811 331.75922745988174 49.565694752743362 36.771946752211626 -5.4808257587139408 -24.517239693944742 29.83253433273789 -28.618275100831394 -168.4013137787561 113.57491884677781 202.5256178737331 47.776956284331021 322.4473558638478 34.534927748878388 175.68372145267952 -150.06813765493783 13.304382164111079 56.328638632526882 -47.46833715457727 113.14377880199537 -51.265576484282434 13.723682048707945 73.220038554880873 82.618414277682334 -119.93777571215489 166.39380239125842 100.76985480057564 61.131826679494125 -65.372716673934008 -129.24606671199172 -66.761909023322687 12.35175033720413 -138.4279833984375 81.145604671062813 -75.740240212942794 -18.879169168614627 -92.023296957934789 -28.06296686397576 444.56667581992576 -15.721088298450816 -60.448744589607664 -27.64156464602496
leaf_weight=28 13.999999999999998 12.000000000000002 17.000000000000004 10.000000000000002 11.000000000000002 15 9.9999999999999982 9.9999999999999982 51 10.999999999999998 21.000000000000004 11.999999999999998 9.9999999999999982 9.9999999999999982 11.000000000000002 41 13.999999999999998 16.000000000000004 14.000000000000002 16.000000000000004 28 10.999999999999998 17 22 35 60 103 37 92 64 10.999999999999998 61 12.999999999999998 10.000000000000002 17 116 14.999999999999998 19 9.9999999999999982 10.999999999999998 21 35 9.9999999999999982 41 9.9999999999999982 11 17 9.9999999999999982 70 85 9.9999999999999982 9.9999999999999982 13.999999999999998 9.9999999999999982 13.000000000000002 20 30 15.999999999999998 9.9999999999999982 23 37 10.999999999999998
leaf_count=28 14 12 17 10 11 15 10 10 51 11 21 12 10 10 11 41 14 16 14 16 28 11 17 22 35 60 103 37 92 64 11 61 13 10 17 116 15 19 10 11 21 35 10 41 10 11 17 10 70 85 10 10 14 10 13 20 30 16 10 23 37 11
internal_value=0.874991 76.6678 -89.7048 196.761 283.571 48.8013 79.8422 223.777 -30.0651 70.7239 60.5829 2.11998 93.722 276.978 -95.2826 -133.125 14.8573 313.874 166.567 196.358 31.3064 253.919 98.616 8.94976 46.796 18.7191 9.8237 -44.1152 -142.564 111.9 142.321 28.3745 269.406 131.454 115.106 -149.088 -25.5108 84.2828 0.930344 62.4942 -89.4051 -8.26021 13.3044 113.575 -59.1197 113.575 76.4565 98.9152 -72.3346 -140.169 -32.3243 -33.0793 -103.848 46.145 -35.5201 -44.1488 -109.404 -49.6225 490.698 -37.7709 -44.5936 3.79342
internal_weight=1620 882 738 166 90 716 430 70 311 38 352 286 76 49 33 427 253 39 78 52 199 25 153 239 143 196 163 273 351 122 27 96 29 54 44 293 122 47 22 33 76 56 27 105 151 26 27 21 80 201 21 107 55 31 43 71 58 29 20 97 74 46
internal_count=1620 882 738 166 90 716 430 70 311 38 352 286 76 49 33 427 253 39 78 52 199 25 153 239 143 196 163 273 351 122 27 96 29 54 44 293 122 47 22 33 76 56 27 105 151 26 27 21 80 201 21 107 55 31 43 71 58 29 20 97 74 46
is_linear=0
shrinkage=0.03


Tree=68
num_leaves=63
num_cat=0
split_feature=18 23 25 6 12 6 16 6 20 3 18 8 11 16 22 16 23 8 18 22 16 6 19 3 24 18 16 21 10 11 24 28 20 7 24 20 7 21 17 16 18 18 18 11 24 12 23 18 3 3 23 18 10 19 7 5 11 18 23 3 7 3
split_gain=1.16425e+10 3.09173e+09 2.00013e+09 1.55601e+09 1.15276e+09 1.08701e+09 6.397e+08 5.31111e+08 8.23564e+08 4.87001e+08 4.60747e+08 3.71412e+08 2.73465e+08 2.48427e+08 2.39307e+08 2.52572e+08 2.36894e+08 2.36641e+08 2.22462e+08 1.56098e+08 2.64273e+08 1.49574e+08 1.47223e+08 1.36606e+08 1.30612e+08 1.26858e+08 1.10221e+08 1.05551e+08 1.05518e+08 9.3309e+07 7.82363e+07 6.77556e+07 6.48162e+07 6.4317e+07 8.63113e+07 6.22265e+07 6.07733e+07 1.08484e+08 6.03668e+07 5.22889e+07 5.45554e+07 5.1353e+07 4.70624e+07 4.33728e+07 4.0422e+07 3.77691e+07 3.29099e+07 3.21349e+07 2.70779e+07 2.43706e+07 2.4207e+07 2.4035e+07 2.30814e+07 2.12122e+07 2.04478e+07 1.90139e+07 1.80857e+07 1.73758e+07 1.71122e+07 1.56532e+07 1.55373e+07 1.54268e+07
threshold=46445.350000000006 78473.150000000009 1.0000000180025095e-35 1.0000000180025095e-35 1.0297193875575261 1.0000000180025095e-35 -1.0000000180025095e-35 1.0000000180025095e-35 51897.150000000001 53868.125000000007 66752.500000000015 0.93301270189221952 0.97457627102449618 0.0050251573518178558 21272.212898325703 0.05017507414820211 69593.784615384633 0.93301270189221952 59333.55000000001 3074.2507273311589 0.0049140049140049555 1.0000000180025095e-35 87880.050000000003 59924.375000000007 41009.805000000008 61631.000000000007 0.0049140049140049555 69519.050000000017 0.95297903005573359 0.95922883995513952 39701.55000000001 1.0000000180025095e-35 82632.60000000002 -0.93301270189221919 41009.805000000008 55862.000000000007 1.0000000180025095e-35 95185.900000000023 0.079999999982243997 0.0050251573518178558 38172.30000000001 56348.900000000009 55231.500000000007 0.80898876386314755 51514.000000000007 1.0596353222261845 70843.088461538471 55071.80000000001 51632.500000000007 46236.875000000007 12581.007692307694 49889.750000000007 -0.78574730703237872 22902.900000000005 0.68301270189221941 1.0000000180025095e-35 0.86847999986376712 50055.350000000013 90862.826923076937 45107.500000000007 -0.24999999999999997 49095.625000000007
decision_type=2 2 2 2 2 2 2 2 2 2 2 2 2 2 2 2 2 2 2 2 2 2 2 2 2 2 2 2 2 2 2 2 2 2 2 2 2 2 2 2 2 2 2 2 2 2 2 2 2 2 2 2 2 2 2 2 2 2 2 2 2 2
left_child=2 5 7 17 -5 11 18 24 33 48 19 13 22 25 15 26 -13 36 29 20 47 44 -11 43 -1 38 -12 42 -19 -7 -21 -17 -24 -9 56 -20 -3 58 46 40 59 -32 -15 61 54 -37 -2 -8 -6 -36 -45 -18 -44 -25 60 -42 -35 -31 -38 -26 -4 -23
right_child=1 3 21 4 9 6 10 8 -10 12 14 16 -14 27 -16 31 51 28 35 30 -22 23 32 53 39 -27 -28 -29 -30 57 41 -33 -34 34 49 45 37 -39 -40 -41 55 -43 52 50 -46 -47 -48 -49 -50 -51 -52 -53 -54 -55 -56 -57 -58 -59 -60 -61 -62 -63
leaf_value=-100.80989021145567 14.165600967026075 195.54979204536664 -143.43559905442802 476.12238128206621 128.46701661805844 160.50071304226509 -32.992259047479898 -48.986601516951374 274.62677704682216 346.79569007547843 97.84227472350949 -198.20397731308108 127.49723852478633 -78.727323914840497 206.52706386945104 54.503528018049451 -0.67693763526710282 -58.668779296874987 245.32752106511776 -65.615574925950739 168.19225455526976 -114.85066673458383 217.87864545928758 -36.115717974920962 -42.886341908198048 96.356072250892367 188.20312092233209 34.81572311321478 65.048709425837359 40.567466341129006 -3.3737959334589598 -12.76022302278049 312.84778050080507 6.1855260451296532 95.443043309579963 208.74626372988854 43.00867006044129 172.37270378160176 95.070829594678216 -91.319860801497043 -28.895542269664727 37.316793333499014 9.081534345642595 -149.21589733403954 -125.030425921339 123.42186640673344 66.105286567624944 42.687848945844287 59.316030297609842 28.957405659892768 -121.53804589977344 -64.778883289299401 -40.05862444095041 -83.135541156969552 -140.21654628031121 12.715812163481841 -41.110838396943961 92.12287306604307 94.458705327856634 -68.808569283640551 -172.11514711053101 -76.224074615957846
leaf_weight=44 120 9.9999999999999982 27 20 11.000000000000002 15.999999999999998 10.000000000000002 20 10.999999999999998 9.9999999999999982 96 11.999999999999998 9.9999999999999982 24 14.999999999999998 46 11.000000000000002 10.000000000000002 19 11.999999999999998 15.999999999999998 20 16.000000000000004 18 40 26 13.999999999999998 19 15.999999999999998 12.000000000000002 63 19 12.999999999999998 14.000000000000002 10.000000000000002 10.000000000000002 11.000000000000002 15.999999999999998 9.9999999999999982 19 93 50 11.999999999999998 53 48 9.9999999999999982 11.999999999999998 9.9999999999999982 9.9999999999999982 9.9999999999999982 73 9.9999999999999982 30 17 49 10.999999999999998 14.999999999999998 11.999999999999998 12.999999999999998 46 81 19
leaf_count=44 120 10 27 20 11 16 10 20 11 10 96 12 10 24 15 46 11 10 19 12 16 20 16 18 40 26 14 19 16 12 63 19 13 14 10 10 11 16 10 19 93 50 12 53 48 10 12 10 10 10 73 10 30 17 49 11 15 12 13 46 81 19
internal_value=0.878838 74.4417 -87.036 191.056 275.412 47.3825 77.5229 -32.5553 34.7892 217.469 60.1319 2.05521 269.236 14.4135 91.761 81.8115 -92.4488 90.9303 154.618 22.7719 77.7236 -131.812 305.16 -113.208 -53.8553 35.5519 109.503 -27.3587 17.4225 104.479 6.89633 34.8524 261.38 -3.78781 14.7228 205.643 129.043 111.97 24.3588 -43.9266 -39.1418 14.6479 -45.283 -124.637 -149.899 166.911 18.9339 4.87176 95.9753 62.5098 -133.289 -31.3642 -26.0303 -59.1258 -157.417 -24.4863 -18.3352 66.6206 71.1539 -56.8156 -165.085 -96.4119
internal_weight=1620 882 738 166 90 716 430 333 80 70 351 286 49 253 190 175 33 76 79 161 36 405 39 200 253 168 110 85 26 40 125 65 29 69 49 39 50 40 142 209 190 113 66 165 205 20 132 20 21 20 126 21 42 35 157 104 29 24 24 86 108 39
internal_count=1620 882 738 166 90 716 430 333 80 70 351 286 49 253 190 175 33 76 79 161 36 405 39 200 253 168 110 85 26 40 125 65 29 69 49 39 50 40 142 209 190 113 66 165 205 20 132 20 21 20 126 21 42 35 157 104 29 24 24 86 108 39
is_linear=0
shrinkage=0.03


Tree=69
num_leaves=63
num_cat=0
split_feature=18 18 23 18 16 16 17 16 14 24 1 24 18 20 8 18 18 16 18 14 22 18 16 23 6 17 22 6 7 17 18 17 24 7 23 16 18 22 16 18 22 16 2 22 24 7 8 2 20 23 2 27 7 16 14 23 22 23 7 14 18 11
split_gain=1.09608e+10 2.91792e+09 1.87807e+09 1.28988e+09 8.22455e+08 8.03618e+08 7.71116e+08 5.25178e+08 4.98729e+08 5.7975e+08 2.99566e+08 2.28971e+08 2.09311e+08 2.07892e+08 2.0631e+08 1.93665e+08 1.89532e+08 1.56248e+08 1.40406e+08 1.28185e+08 1.14668e+08 1.07431e+08 8.93458e+07 7.94961e+07 7.30457e+07 7.0821e+07 6.53195e+07 6.22925e+07 5.81557e+07 5.47622e+07 4.97823e+07 4.61432e+07 4.06593e+07 3.62691e+07 4.94739e+07 4.50812e+07 3.5442e+07 6.0266e+07 3.49168e+07 3.35382e+07 3.07975e+07 5.75581e+07 3.03506e+07 2.5395e+07 2.39058e+07 2.27804e+07 2.2273e+07 1.92085e+07 1.90795e+07 1.76883e+07 1.48236e+07 1.43743e+07 1.41005e+07 1.15567e+07 1.02058e+07 9.53412e+06 9.11079e+06 8.53432e+06 6.50012e+06 7.03888e+06 6.3202e+06 3.94451e+06
threshold=46445.350000000006 108144.60000000002 26535.988461538465 71103.950000000026 0.05017507414820211 -1.0000000180025095e-35 0.07545679011077143 -1.0000000180025095e-35 0.19866036904789269 45027.375000000007 42920.000000000007 39701.55000000001 54543.700000000004 112093.20000000003 0.93301270189221952 81692.800000000017 55728.200000000004 0.05017507414820211 86836.700000000012 0.20948616596859607 28292.719272132705 40304.150000000009 0.0050761748317067487 15753.146153846155 1.0000000180025095e-35 0.079999999981325773 15109.288661150951 1.0000000180025095e-35 -0.24999999999999997 0.079999999982022368 87880.050000000003 0.0027522199809777779 39253.125000000007 -0.24999999999999997 36373.761538461542 0.0049140049140049555 50188.150000000009 1644.4962698710331 0.0050505372572776661 62654.05000000001 2777.0393656196543 0.0049505253806327873 46562.625000000007 6358.5703496292845 49557.325000000004 -0.24999999999999997 -0.9330127018922193 51256.875000000007 22724.650000000005 48338.519230769241 62812.500000000007 1.0000000180025095e-35 0.68301270189221941 0.0037543201186628354 0.145767166759142 44678.207692307704 5797.2985807016712 36034.026923076934 -0.24999999999999997 0.2133517592883212 58054.450000000004 0.78015999987197293
decision_type=2 2 2 2 2 2 2 2 2 2 2 2 2 2 2 2 2 2 2 2 2 2 2 2 2 2 2 2 2 2 2 2 2 2 2 2 2 2 2 2 2 2 2 2 2 2 2 2 2 2 2 2 2 2 2 2 2 2 2 2 2 2
left_child=2 3 19 5 7 12 10 15 9 -4 -3 42 27 14 18 -5 36 24 -9 23 22 33 -12 54 -18 -14 28 -2 44 -29 -28 40 58 35 -35 57 38 -38 -13 60 46 -42 -7 52 -6 -34 -23 -19 53 -45 61 -32 -36 -47 -1 -48 -52 -10 -21 -60 -27 -25
right_child=1 6 8 4 26 11 -8 13 21 -11 20 16 25 -15 -16 -17 17 47 -20 32 -22 31 -24 50 -26 39 30 29 -30 -31 51 -33 45 34 43 -37 37 -39 -40 -41 41 -43 -44 49 -46 48 55 -49 -50 -51 56 -53 -54 -55 -56 -57 -58 -59 59 -61 -62 -63
leaf_value=-96.796021770720785 13.227346192416764 77.741593027666582 12.268495450985281 200.37379449121693 3.5090620149524003 -117.51120005014778 461.37197286402926 102.80391895347122 -72.676781261504004 253.79216079299513 261.41650825832193 -7.6065811152256275 225.62715791305689 216.29604512319511 -20.63109348712581 371.34249719600865 28.922959731638624 -6.4566370429820052 171.52573762592513 -148.7076160136269 328.31688629907023 -39.096557407000212 150.49128129438921 -77.395717245565862 66.473176880484502 87.906893667088852 1.2920050502467799 141.02962534724051 -46.950709454871173 54.775029109486354 50.590063534298459 12.268495450985281 -124.50207491108955 -126.84531556689051 -57.390684399342973 -0.67504923867915867 56.707957217088385 -1.3257868277835494 -56.840513087392644 164.77505924119473 -31.175918719041793 -106.08110147012248 -44.738572091584153 -97.453215648149566 63.238469419573789 -144.7124145933993 -14.355176074777845 -54.899106511296459 -124.50207491108955 -60.354518274084313 -41.905608550792422 96.585518734155102 -21.52662783788255 -176.74778320312495 -124.50207491108955 12.268495450985281 -78.058879254756079 -43.29462423756636 -145.8670442211355 -177.13060794703549 124.66711448744972 -103.65130497206125
leaf_weight=13.999999999999998 14.999999999999998 11.999999999999998 26 16.000000000000004 15.000000000000002 11.000000000000002 13.999999999999998 108 19 10.999999999999998 16.000000000000004 92 9.9999999999999982 19 9.9999999999999982 9.9999999999999982 92 22 36 39 11.999999999999998 14.999999999999998 11.999999999999998 11 95 10.000000000000002 10.999999999999998 11.000000000000002 14.999999999999998 17 11 14.999999999999998 85 11.999999999999998 60 18 20 81 14.999999999999998 18 56 10.999999999999998 9.9999999999999982 25 9.9999999999999982 40 13.000000000000002 10.999999999999998 21 23 13.000000000000002 15 11.999999999999998 18 77 11.999999999999998 12.999999999999998 18 12.999999999999998 33 9.9999999999999982 15
leaf_count=14 15 12 26 16 15 11 14 108 19 11 16 92 10 19 10 10 92 22 36 39 12 15 12 11 95 10 11 11 15 17 11 15 85 12 60 18 20 81 15 18 56 11 10 25 10 40 13 11 21 23 13 15 12 18 77 12 13 18 13 33 10 15
internal_value=0.87224 72.2489 -84.4298 56.7116 109.459 29.7364 263.97 141.661 -33.476 70.4795 210.04 13.2499 110.978 122.635 110.946 267.302 18.0023 37.4072 120.092 -129.384 249.436 -45.9425 214.582 -106.559 48.0246 154.018 26.1619 62.6873 -0.430283 89.0422 54.8339 -24.0137 -142.445 -60.2285 -68.7718 -39.6367 -2.53028 10.2107 -14.5552 134.631 -31.1903 -43.6136 -83.234 -62.8637 27.5577 -133.422 -10.3243 -22.7213 -145.571 -79.8393 -76.6943 77.3944 -51.4515 -154.942 -123.522 7.02594 -60.2122 -58.5381 -159.675 -168.631 106.816 -92.8824
internal_weight=1620 882 738 816 276 540 66 199 346 37 52 449 91 173 154 26 428 220 144 392 40 309 28 143 187 48 77 43 40 28 37 122 249 187 132 55 208 101 107 38 107 67 21 120 25 164 40 33 79 48 52 26 72 58 91 25 26 37 85 46 20 26
internal_count=1620 882 738 816 276 540 66 199 346 37 52 449 91 173 154 26 428 220 144 392 40 309 28 143 187 48 77 43 40 28 37 122 249 187 132 55 208 101 107 38 107 67 21 120 25 164 40 33 79 48 52 26 72 58 91 25 26 37 85 46 20 26
is_linear=0
shrinkage=0.03


Tree=70
num_leaves=63
num_cat=0
split_feature=23 6 23 25 19 12 1 5 23 12 27 8 6 9 23 20 1 12 22 23 5 22 1 3 8 20 6 17 1 20 19 9 8 14 19 22 24 23 9 20 9 20 22 20 19 14 24 9 14 3 6 9 19 24 14 23 1 14 14 8 20 19
split_gain=1.01806e+10 3.29158e+09 2.71148e+09 1.47576e+09 1.12786e+09 1.1194e+09 7.12774e+08 5.6147e+08 3.86706e+08 3.84178e+08 3.37094e+08 2.8323e+08 2.46531e+08 1.72824e+08 1.53857e+08 1.36418e+08 1.35558e+08 1.35233e+08 1.32613e+08 1.44042e+08 1.20201e+08 1.18707e+08 1.29245e+08 1.17872e+08 1.12309e+08 1.37357e+08 1.07169e+08 9.08968e+07 9.03527e+07 8.1702e+07 8.00658e+07 7.78632e+07 7.42462e+07 7.16964e+07 6.40189e+07 6.34592e+07 5.63127e+07 5.23783e+07 4.9936e+07 4.6882e+07 4.45261e+07 4.06692e+07 3.99023e+07 3.95254e+07 3.93636e+07 3.80306e+07 4.21798e+07 3.39815e+07 3.22272e+07 2.9921e+07 2.95758e+07 2.93156e+07 3.11614e+07 2.89629e+07 2.60279e+07 2.53122e+07 2.43088e+07 1.74442e+07 1.65322e+07 1.61722e+07 1.57062e+07 1.49718e+07
threshold=46586.150000000009 1.0000000180025095e-35 83682.400000000009 1.0000000180025095e-35 33738.850000000006 1.0326530610178755 42920.000000000007 1.0000000180025095e-35 60148.657692307701 1.1224489793650323 1.0000000180025095e-35 0.93301270189221952 1.0000000180025095e-35 -0.29696027566504662 60896.976923076923 80863.300000000017 34707.000000000007 1.1612903222653153 2622.0315956020982 70608.661538461558 1.0000000180025095e-35 13129.28028695893 39920.000000000007 56958.750000000007 0.6830127018922193 43561.200000000004 1.0000000180025095e-35 0.07542285723351326 30945.000000000004 95253.60000000002 60667.400000000009 -0.060268340127661565 -0.24999999999999997 0.22250639381557705 75325.000000000015 11689.664718961223 54446.875000000007 68080.376923076939 0.17992617227144045 117473.20000000001 0.06026834012766185 67926.150000000009 17104.405842652679 72954.300000000017 108144.60000000002 0.23425692691070413 64045.625000000007 -0.66312265824079519 0.1979434446864379 56958.750000000007 1.0000000180025095e-35 -0.61559370248597534 38442.000000000007 40869.750000000007 0.23425692689183655 41269.757692307692 31500.000000000004 0.27088607590008235 0.24087591235117634 -0.24999999999999997 48126.500000000007 39571.500000000007
decision_type=2 2 2 2 2 2 2 2 2 2 2 2 2 2 2 2 2 2 2 2 2 2 2 2 2 2 2 2 2 2 2 2 2 2 2 2 2 2 2 2 2 2 2 2 2 2 2 2 2 2 2 2 2 2 2 2 2 2 2 2 2 2
left_child=3 6 4 12 -3 -4 11 8 32 15 23 17 28 35 24 -7 50 30 19 -10 51 22 -16 43 25 -9 58 -22 61 -12 31 -2 47 -32 60 -13 48 -20 -34 49 55 -35 -23 -8 -17 -25 -47 -6 -28 -31 -5 52 -14 -53 -42 -30 -29 -19 -18 -54 -15 -1
right_child=1 2 5 16 7 9 10 14 18 -11 29 13 20 34 21 44 26 57 37 -21 27 42 -24 45 -26 -27 36 56 40 39 33 -33 38 41 -36 -37 -38 -39 -40 -41 54 -43 -44 -45 -46 46 -48 -49 -50 -51 -52 53 59 -55 -56 -57 -58 -59 -60 -61 -62 -63
leaf_value=-105.18098507319654 44.831083384922572 403.18437704256263 495.45051811766223 -153.77003267282549 33.07288283889357 204.61696564226517 129.36841248162898 88.50032261274437 103.72416904307005 78.428355619707176 189.5677979820193 -183.48871841018257 -70.954466487803359 -80.031899632333932 155.21963542069534 357.94533671874558 -123.13055116357816 -28.661951670538105 55.144878446852438 239.76266727560815 121.65103111946938 110.19393948739031 307.01913989917648 49.056017448483537 43.417472990604864 210.36138651097073 -68.532264548626131 -21.167585848062338 -37.88772786980001 119.1269306244721 99.256830593429456 -11.612423319336013 -3.6351843930854173 -8.8104754409156882 15.512720429793644 -88.930438348047474 -33.548265238696743 93.107962438397465 38.363208335263884 152.09985965949446 -19.621670136322845 39.885089542185341 185.20478838946366 48.163514485004519 269.79881959216431 -44.456589893319986 14.694764533236457 106.36038792129391 -107.58715169135425 55.118629064727237 -129.59567073208302 -21.599902450910957 11.795905835950697 46.014759508170698 -70.995165154185457 6.676479658160293 38.987631965283526 -66.077958205202805 -157.1454351699561 -30.103888253848716 -39.083681018886281 -66.906870363925364
leaf_weight=32 23 9.9999999999999982 18 101 11.000000000000002 18 10.000000000000002 21 24 12.999999999999998 12.999999999999998 11.000000000000002 13.999999999999998 14.999999999999998 10.000000000000002 11.000000000000002 87 57 55 9.9999999999999982 9.9999999999999982 17.000000000000004 10.999999999999998 12.999999999999998 17 13.999999999999998 29 10.000000000000002 35 11.000000000000002 12.999999999999998 73 67 24 15.999999999999998 15.999999999999998 15.999999999999998 83 41 11.999999999999998 10.999999999999998 43 10.999999999999998 11.999999999999998 9.9999999999999982 18 27 11.999999999999998 60 17 95 13.000000000000002 10.999999999999998 9.9999999999999982 48 17 14.999999999999998 13.999999999999998 17 33 20 13.999999999999998
leaf_count=32 23 10 18 101 11 18 10 21 24 13 13 11 14 15 10 11 87 57 55 10 10 17 11 13 17 14 29 10 35 11 13 73 67 24 16 16 16 83 41 12 11 43 11 12 10 18 27 12 60 17 95 13 11 10 48 17 15 14 17 33 20 14
internal_value=0.847539 64.6478 119.191 -87.7918 89.9488 291.763 6.99482 82.0976 61.643 220.44 65.4711 -16.9482 -33.8654 -66.7455 143.34 267.456 -124.125 -1.20212 91.2093 144.321 -0.693994 181.583 235.812 26.5369 107.023 137.705 -107.184 45.6865 -58.3581 124.079 12.8975 -5.57466 22.7832 35.0434 -34.1352 -127.989 -85.6366 78.0287 12.3294 102.375 -43.6396 22.4547 140.217 85.4933 320.092 4.06536 -9.01182 71.6049 -94.9526 80.5993 -142.125 -20.7666 -32.1164 7.86958 -61.4665 -23.3338 14.937 -36.1224 -128.836 -19.6259 -56.811 -93.7028
internal_weight=1620 942 484 678 414 70 458 404 303 52 133 325 273 78 101 39 405 247 172 34 116 49 21 80 52 35 209 35 157 53 176 96 131 80 51 27 105 138 108 40 111 67 28 22 21 58 45 23 89 28 196 81 58 23 59 52 25 71 104 44 35 46
internal_count=1620 942 484 678 414 70 458 404 303 52 133 325 273 78 101 39 405 247 172 34 116 49 21 80 52 35 209 35 157 53 176 96 131 80 51 27 105 138 108 40 111 67 28 22 21 58 45 23 89 28 196 81 58 23 59 52 25 71 104 44 35 46
is_linear=0
shrinkage=0.03


Tree=71
num_leaves=63
num_cat=0
split_feature=18 18 12 18 16 1 27 12 6 21 16 22 3 16 8 18 16 7 18 16 13 6 16 16 24 9 16 16 11 18 16 6 10 1 7 22 3 18 1 20 22 16 10 16 16 20 22 18 24 18 21 20 18 20 20 21 14 20 7 3 10 10
split_gain=9.69867e+09 3.00738e+09 1.38215e+09 1.11898e+09 9.79278e+08 7.62493e+08 5.14359e+08 5.15931e+08 4.25737e+08 2.99862e+08 2.9023e+08 4.03682e+08 2.50957e+08 2.36095e+08 2.09045e+08 2.0849e+08 1.5837e+08 1.25009e+08 1.10453e+08 1.60826e+08 1.0248e+08 9.88909e+07 2.09662e+08 9.76939e+07 9.12219e+07 8.97696e+07 8.51037e+07 9.25241e+07 7.77909e+07 7.24077e+07 9.05075e+07 6.61421e+07 6.33924e+07 5.7324e+07 5.39989e+07 5.22402e+07 5.02383e+07 5.14173e+07 4.60338e+07 3.97811e+07 3.80526e+07 3.66566e+07 3.48567e+07 7.84868e+07 5.80092e+07 3.45759e+07 7.53096e+07 3.39181e+07 3.362e+07 3.31952e+07 3.21486e+07 2.71575e+07 2.67534e+07 2.63974e+07 1.91649e+07 1.55813e+07 1.41222e+07 1.35669e+07 1.14113e+07 1.12053e+07 1.61346e+07 1.36304e+07
threshold=41414.350000000006 73508.35000000002 1.0326530610178755 25887.350000000002 -1.0000000180025095e-35 42920.000000000007 1.0000000180025095e-35 1.0267857140995378 1.0000000180025095e-35 62054.67500000001 -0.040941482945758438 1156.0329855113916 59776.875000000007 0.0050761748317067487 0.93301270189221952 58054.450000000004 0.0037543201186628354 0.93301270189221952 50188.150000000009 0.05017507414820211 1.1261261259180166 1.0000000180025095e-35 -0.075467952801286139 0.0051020740191197742 39253.125000000007 -0.2393156642875576 0.0050251573518178558 0.0049751551641986644 0.94398340229855504 63299.650000000001 0.0050505372572776661 1.0000000180025095e-35 0.8542199457734333 43670.000000000007 0.68301270189221941 2777.0393656196543 52530.000000000007 92289.10000000002 37045.000000000007 67262.650000000009 15935.217835209549 -1.0000000180025095e-35 1.0000000180025095e-35 0.0050505372572776661 0.0049140049140049555 59445.150000000009 8976.1217819383874 85153.35000000002 37907.400000000009 51612.650000000009 69519.050000000017 73147.500000000015 32965.400000000001 68445.250000000015 54050.250000000007 18611.750000000004 0.21012658222621433 12511.800000000001 -0.24999999999999997 44169.125000000007 -0.1799261722714405 0.61559370248597567
decision_type=2 2 2 2 2 2 2 2 2 2 2 2 2 2 2 2 2 2 2 2 2 2 2 2 2 2 2 2 2 2 2 2 2 2 2 2 2 2 2 2 2 2 2 2 2 2 2 2 2 2 2 2 2 2 2 2 2 2 2 2 2 2
left_child=3 4 6 24 15 13 -3 -8 25 14 11 -5 20 28 18 21 -16 29 42 23 -10 38 49 -20 56 -7 27 52 40 53 32 55 -31 41 -13 -27 37 51 -2 -39 50 57 43 -6 -44 46 -17 -37 -21 -23 -4 -15 -12 54 -11 -26 -1 -33 -58 60 -54 -61
right_child=1 2 5 10 9 8 7 -9 12 17 26 34 -14 36 16 45 -18 -19 19 48 -22 22 -24 -25 31 35 -28 -29 -30 30 -32 33 -34 -35 -36 47 -38 39 -40 -41 -42 -43 44 -45 -46 -47 -48 -49 -50 -51 -52 -53 59 -55 -56 -57 58 -59 -60 61 -62 -63
leaf_value=-130.80478245277189 -11.443620349214275 209.78763017092015 105.19051500377086 197.74148165561184 -16.835278931953066 25.148724959089947 558.25752417233889 276.75591025649317 209.78763017092015 22.503528387724462 -73.271790156980757 -54.376775677928592 58.684426384349869 1.7756892655432444 -31.038784066721874 248.67674915880252 -179.6894929368425 117.79293326394597 24.974049273561839 -81.007126174775678 128.55507000168353 36.619253292937771 203.39530915937348 121.80785424562964 -133.53532884003886 66.565539338923699 -98.27396660499906 22.257359619140622 50.047926029432688 80.238949704412406 -11.30345196646933 -94.744859437848049 -1.6256835665561185 -32.945954468782283 32.255957223117939 103.69566474752223 -23.733782931388692 112.27787197144561 69.788903762151392 30.992454773553529 90.195711547199522 -111.8147843365721 -13.401591836829436 -90.150641123790621 64.093759707889035 129.28125987353243 134.8863761864024 166.9891060171077 -18.979033676527873 99.895721021920195 174.54735986867661 57.525098250105579 -47.60891018471419 32.931056563796382 -15.082947607500376 -111.23125947016818 -141.76219016940067 -47.59823334031433 -166.61213494890944 -45.652153337385947 -15.440048291875286 -78.165880167107829
leaf_weight=53 13.000000000000002 13.999999999999998 10.000000000000002 9.9999999999999982 102 10.999999999999998 10.000000000000002 14.999999999999998 44 20 44 18.000000000000004 9.9999999999999982 27 18.000000000000004 10.000000000000002 9.9999999999999982 17 133 9.9999999999999982 21 20 12.999999999999998 9.9999999999999982 94 11.999999999999998 34 15.999999999999998 14.999999999999998 57 15.999999999999998 10.000000000000002 9.9999999999999982 11.999999999999998 9.9999999999999982 13.999999999999998 13.999999999999998 12.000000000000002 11.999999999999998 9.9999999999999982 12.999999999999998 83 40 14.999999999999998 10.999999999999998 18 11.999999999999998 19 36 11.999999999999998 18 10.999999999999998 43 37 31 47 39 12.999999999999998 34 39 21 17
leaf_count=53 13 14 10 10 102 11 10 15 44 20 44 18 10 27 18 10 10 17 133 10 21 20 13 10 94 12 34 16 15 57 16 10 10 12 10 14 14 12 12 10 13 83 40 15 11 18 12 19 36 12 18 11 43 37 31 47 39 13 34 39 21 17
internal_value=0.815302 59.9031 139.062 -90.3623 25.1182 114.086 305.489 391.132 165.152 9.37127 -41.1928 35.1379 209.788 62.5399 -5.79539 107.062 -84.579 40.4172 0.405661 16.1343 209.788 75.6605 102.201 31.8261 -122.527 102.25 -54.7569 -46.487 108.963 32.6605 52.7465 -112.218 68.0361 -95.4354 -23.4317 120.999 27.309 39.2387 27.6706 75.6375 130.343 -102.472 -17.2881 -26.3037 3.40575 161.69 187.501 140.532 -32.6099 60.5853 150.24 18.0224 -53.2033 13.6775 -0.327901 -126.185 -143.613 -68.4183 -152.72 -45.79 -37.0941 -55.6442
internal_weight=1620 983 300 637 683 261 39 25 131 573 252 38 75 130 385 110 28 188 357 189 65 70 45 143 385 56 214 180 56 171 83 259 67 118 28 45 74 60 25 22 41 106 168 117 51 40 22 33 46 32 28 38 164 88 51 141 126 23 73 120 64 56
internal_count=1620 983 300 637 683 261 39 25 131 573 252 38 75 130 385 110 28 188 357 189 65 70 45 143 385 56 214 180 56 171 83 259 67 118 28 45 74 60 25 22 41 106 168 117 51 40 22 33 46 32 28 38 164 88 51 141 126 23 73 120 64 56
is_linear=0
shrinkage=0.03


Tree=72
num_leaves=63
num_cat=0
split_feature=18 18 12 18 1 17 23 6 23 6 12 20 3 6 22 7 23 18 11 7 7 22 4 17 13 1 6 7 7 22 10 14 3 12 6 20 22 1 10 20 10 14 20 17 10 2 19 3 17 23 17 19 22 22 19 19 17 1 23 20 20 23
split_gain=9.13654e+09 2.84339e+09 1.28711e+09 1.05287e+09 7.2877e+08 6.65394e+08 6.10604e+08 4.101e+08 3.42183e+08 3.24781e+08 2.98255e+08 2.50907e+08 2.35138e+08 1.9576e+08 1.75353e+08 1.65805e+08 1.65347e+08 1.54298e+08 1.24168e+08 1.07647e+08 1.13788e+08 9.83412e+07 1.1642e+08 9.58346e+07 8.99657e+07 8.30117e+07 7.3681e+07 9.68619e+07 7.93205e+07 1.02715e+08 7.1803e+07 6.92195e+07 6.89858e+07 8.20001e+07 6.86553e+07 6.48262e+07 5.77529e+07 5.69787e+07 5.59854e+07 5.38528e+07 4.95878e+07 4.85757e+07 4.77351e+07 4.08453e+07 5.50035e+07 4.05302e+07 3.39201e+07 3.38343e+07 3.33761e+07 3.21834e+07 3.13881e+07 2.97858e+07 2.93596e+07 2.86003e+07 2.66306e+07 2.43672e+07 2.38332e+07 2.141e+07 2.05906e+07 1.92186e+07 1.57803e+07 1.44872e+07
threshold=41414.350000000006 73508.35000000002 1.0326530610178755 25887.350000000002 42920.000000000007 0.075411471302971281 82963.484615384616 1.0000000180025095e-35 56950.515384615392 1.0000000180025095e-35 1.0267857140995378 69122.050000000017 59776.875000000007 1.0000000180025095e-35 2839.1818280547309 -0.93301270189221919 52462.246153846158 54543.700000000004 0.88793103432654175 -0.24999999999999997 0.68301270189221941 738.7485396015619 39748.375000000007 0.079999999981325773 1.1261261259180166 29754.000000000004 1.0000000180025095e-35 -0.24999999999999997 -0.93301270189221919 2093.8876452736126 0.5163939593874618 0.27088607590008235 52530.000000000007 1.1612903222684685 1.0000000180025095e-35 63121.400000000009 7641.0798420496303 43670.000000000007 0.78574730703237883 73147.500000000015 0.78574730703237883 0.16675568844966851 36095.900000000009 0.0014919387178839571 0.8542199457734333 65340.000000000007 59082.100000000006 47376.250000000007 0.079999999984492962 47790.346153846156 0.0010234886395476695 75704.650000000009 2777.0393656196543 8337.4081549669172 30133.000000000004 42531.850000000006 0.079999999983496412 41970.000000000007 42087.469230769238 32912.900000000009 21100.000000000004 71601.403846153858
decision_type=2 2 2 2 2 2 2 2 2 2 2 2 2 2 2 2 2 2 2 2 2 2 2 2 2 2 2 2 2 2 2 2 2 2 2 2 2 2 2 2 2 2 2 2 2 2 2 2 2 2 2 2 2 2 2 2 2 2 2 2 2 2
left_child=3 5 6 25 13 8 -3 31 26 19 -8 21 24 39 15 -11 30 -18 36 -10 35 22 -5 -19 -9 -1 27 55 59 -30 42 45 33 -20 60 -21 -15 50 49 -4 41 -23 -7 44 -16 52 -25 54 -48 -29 -36 -22 -6 -42 -43 -2 -44 -17 -31 -28 -27 -26
right_child=1 2 4 11 7 16 10 12 9 14 -12 -13 -14 18 43 57 17 23 32 20 51 40 -24 46 61 34 28 38 29 58 -32 -33 -34 -35 37 -37 -38 -39 -40 -41 53 47 56 -45 -46 -47 48 -49 -50 -51 -52 -53 -54 -55 -56 -57 -58 -59 -60 -61 -62 -63
leaf_value=-143.90123369745012 -22.228503595017294 203.41345151534745 -66.327707461795271 -46.163324757350296 89.08874220442064 23.630639732302598 515.19043654983091 203.41345151534745 82.97877460929918 42.721779754890889 288.71646853885136 106.60999591487469 56.941326680702737 188.49284382735141 52.09029274579273 149.69747805755912 50.232724392077053 234.62862456973232 93.442247638290866 -48.241022356257716 18.406381563312276 18.994542855744314 89.391996042988083 176.26904869759437 96.629074537824849 -130.59922672540563 -71.420652864663907 -74.954389405813259 77.853352014032325 -28.913882631000721 -18.936745665266706 34.964002427739544 -2.8041893703379532 22.211662856187861 -109.90962948988584 -0.016032342625072443 99.157085963007205 -31.965742999620673 -102.74891560006648 25.203709641133457 -109.90785480899703 -79.388623644240369 127.4810846442145 100.47914437790548 -17.853352557095615 75.782880485500286 141.3611330202792 -71.149046085298437 72.097762975771573 -26.905499530733145 -73.843134088357814 60.292507944581729 152.43941750266333 -60.216354276284406 -35.35516915705157 29.003943978842202 62.418372680361912 216.65725356300277 8.3964908160623821 -22.75381785572235 -109.27698932944656 149.15005305109798
leaf_weight=92 12.999999999999998 17 11.000000000000002 13.000000000000002 9.9999999999999982 12.999999999999998 11.000000000000002 44 15.999999999999998 11.999999999999998 10.999999999999998 9.9999999999999982 9.9999999999999982 10.000000000000002 63 10.000000000000002 19 9.9999999999999982 42 39 50 9.9999999999999982 9.9999999999999982 9.9999999999999982 10.000000000000002 112 9.9999999999999982 15.999999999999998 19 17 10.999999999999998 11.999999999999998 13.999999999999998 21 89 70 20 11.999999999999998 13.999999999999998 11.999999999999998 18 13.999999999999998 11.000000000000002 11.999999999999998 11.999999999999998 10.999999999999998 14.000000000000002 45 11.999999999999998 58 30 22 23 26 106 23 9.9999999999999982 9.9999999999999982 60 27 50 10.999999999999998
leaf_count=92 13 17 11 13 10 13 11 44 16 12 11 10 10 10 63 10 19 10 42 39 50 10 10 10 10 112 10 16 19 17 11 12 14 21 89 70 20 12 14 12 18 14 11 12 12 11 14 45 12 58 30 22 23 26 106 23 10 10 60 27 50 11
internal_value=0.841964 58.1918 135.162 -87.6539 111.06 24.3687 295.767 160.983 11.3877 32.2905 403.772 -39.9589 203.413 60.6669 71.4005 131.375 91.9158 122.505 77.7221 8.64147 2.02801 -46.057 12.9055 152.183 203.413 -118.854 -14.3163 -30.9423 1.19623 15.5796 47.5573 99.2015 57.4214 70.7882 -110.943 -17.2993 129.463 -94.6027 -47.8858 -18.6697 -52.2525 -45.0459 69.0626 49.2155 40.8904 116.602 128.695 -48.9363 109.792 -37.3816 -100.887 31.2708 133.569 -80.7479 -40.5543 10.4929 96.9416 184.089 0.132279 -36.0642 -124.09 124.717
internal_weight=1620 983 300 637 261 683 39 131 573 316 22 252 75 130 119 32 110 65 107 197 181 242 23 46 65 385 257 124 133 96 45 56 77 63 293 109 30 131 88 23 219 175 34 87 75 44 36 165 26 74 119 72 33 44 120 36 21 20 77 37 162 21
internal_count=1620 983 300 637 261 683 39 131 573 316 22 252 75 130 119 32 110 65 107 197 181 242 23 46 65 385 257 124 133 96 45 56 77 63 293 109 30 131 88 23 219 175 34 87 75 44 36 165 26 74 119 72 33 44 120 36 21 20 77 37 162 21
is_linear=0
shrinkage=0.03


Tree=73
num_leaves=63
num_cat=0
split_feature=18 18 12 25 16 1 23 6 6 18 12 21 16 23 8 18 16 1 2 18 18 16 6 6 17 16 9 6 16 16 11 1 16 19 9 19 17 24 19 2 18 10 10 16 16 19 10 10 2 12 11 6 17 21 12 20 20 8 12 16 18 10
split_gain=8.60749e+09 2.68848e+09 1.19809e+09 9.9233e+08 8.72411e+08 6.96157e+08 5.80103e+08 3.95415e+08 3.4719e+08 5.30742e+08 2.80785e+08 2.68779e+08 2.09186e+08 1.99161e+08 1.90631e+08 1.8605e+08 1.45172e+08 1.1506e+08 1.09873e+08 1.00287e+08 9.68251e+07 1.43015e+08 9.09651e+07 9.07237e+07 2.0198e+08 8.67825e+07 8.16197e+07 7.33562e+07 1.32234e+08 8.87675e+07 7.05564e+07 6.33217e+07 5.88099e+07 5.58109e+07 5.36301e+07 6.45735e+07 5.28147e+07 4.7619e+07 4.47807e+07 7.28981e+07 5.3241e+07 4.28206e+07 3.07066e+07 7.21692e+07 5.46213e+07 3.05116e+07 3.03062e+07 4.08841e+07 2.88741e+07 2.66945e+07 2.63026e+07 2.53639e+07 2.4491e+07 2.44715e+07 2.42108e+07 1.78402e+07 3.23747e+07 3.34328e+07 1.723e+07 1.608e+07 1.46099e+07 1.27575e+07
threshold=41414.350000000006 73508.35000000002 1.0326530610178755 1.0000000180025095e-35 -1.0000000180025095e-35 42920.000000000007 82963.484615384616 1.0000000180025095e-35 1.0000000180025095e-35 34717.450000000004 1.0267857140995378 62054.67500000001 0.0050761748317067487 78473.150000000009 0.93301270189221952 58054.450000000004 0.0037543201186628354 34707.000000000007 61250.000000000007 63299.650000000001 50188.150000000009 0.05017507414820211 1.0000000180025095e-35 1.0000000180025095e-35 0.075456790106947294 0.0051020740191197742 -0.2393156642875576 1.0000000180025095e-35 0.0037543201186628354 0.0049140049140049555 0.94398340229855504 30945.000000000004 -0.068478572480783359 40141.900000000009 0.17992617227144045 90719.950000000012 0.079999999981887865 54446.875000000007 78079.900000000009 54916.875000000007 95253.60000000002 -0.35460488704253562 1.0000000180025095e-35 0.0050505372572776661 0.0049140049140049555 59333.55000000001 0.78574730703237883 0.29696027566504685 48701.250000000007 1.1226329111137654 0.83177570077987995 1.0000000180025095e-35 0.079999999984492962 33532.962500000009 1.166666666350495 68445.250000000015 54050.250000000007 1.0000000180025095e-35 1.151898733888481 0.0037543201186628354 33410.900000000009 0.29696027566504685
decision_type=2 2 2 2 2 2 2 2 2 2 2 2 2 2 2 2 2 2 2 2 2 2 2 2 2 2 2 2 2 2 2 2 2 2 2 2 2 2 2 2 2 2 2 2 2 2 2 2 2 2 2 2 2 2 2 2 2 2 2 2 2 2
left_child=3 4 6 8 15 12 -3 26 31 -10 -8 14 30 18 20 23 -16 51 -9 55 42 25 59 41 -25 -22 -7 28 -21 58 46 -1 -11 -23 -28 -36 -17 50 40 -40 54 -2 43 -6 -44 -38 47 -4 49 -26 -24 -5 -47 -33 -14 56 57 -13 -29 -19 -55 -34
right_child=1 2 5 17 11 7 10 13 9 32 -12 19 38 -15 16 36 -18 22 -20 27 21 33 37 24 48 -27 34 29 -30 -31 -32 53 61 -35 35 -37 45 -39 39 -41 -42 -43 44 -45 -46 52 -48 -49 -50 -51 -52 -53 -54 60 -56 -57 -58 -59 -60 -61 -62 -63
leaf_value=-86.422406785833573 57.273367136014208 197.22545279033849 105.49066500479711 -140.72121584929062 -15.606477894647583 22.677163893209919 499.87396035684105 182.18131994369176 229.97159078163676 46.484524795985458 280.13300543707771 -1.3913987996755548 41.177755963634155 197.22545279033849 -29.552770643708449 213.00643762569615 -171.87299060179456 -109.91305993701107 68.241988423665362 79.522027525577244 23.408849263796672 -86.235363002808626 -64.838308974897018 207.96824301229938 110.71152408316112 114.67451333829672 175.53742994856125 72.478602116979488 -35.358985510039751 148.78225090900449 46.471588591518788 -78.256631319815654 -21.039824256660026 -11.169194233018979 45.670326201256287 129.24619281786875 175.2349426148669 -30.018393041006519 36.145519610465833 -69.448050670057242 93.854659885086178 -22.591998550868269 -13.10933288022467 -85.9078144523166 62.088937930545292 142.70699286432546 84.699620086276042 176.24978775349066 22.566413929206281 43.764766945414017 -99.088123459433476 -118.35415192324281 74.88074428747197 -62.096357825093676 -9.5556493534932603 31.543307053290928 -14.734856910705565 72.668709597445954 33.356629349664345 -137.40944909793811 -35.077874403082326 -63.109846265638197
leaf_weight=42 15.000000000000002 17 17.000000000000004 101 102 10.999999999999998 11.000000000000002 14.000000000000002 9.9999999999999982 9.9999999999999982 10.999999999999998 12.000000000000002 24 44 18.000000000000004 9.9999999999999982 9.9999999999999982 75 17 19 133 11.999999999999998 33 10.999999999999998 12.000000000000002 9.9999999999999982 9.9999999999999982 33 17 12.999999999999998 14.999999999999998 17 16.000000000000004 34 13.999999999999998 21 10.000000000000002 15.999999999999998 14.000000000000002 9.9999999999999982 12.999999999999998 9.9999999999999982 40 14.999999999999998 10.999999999999998 10.000000000000002 9.9999999999999982 13.999999999999998 11.999999999999998 9.9999999999999982 56 95 9.9999999999999982 22 12.999999999999998 37 32 9.9999999999999982 14.999999999999998 29 104 10.999999999999998
leaf_count=42 15 17 17 101 102 11 11 14 10 10 11 12 24 44 18 10 10 75 17 19 133 12 33 11 12 10 10 33 17 13 15 17 16 34 14 21 10 16 14 10 13 10 40 15 11 10 10 14 12 10 56 95 10 22 13 37 32 10 15 29 104 11
internal_value=0.867484 56.5322 131.376 -85.028 23.6433 108.122 286.329 156.915 -35.5346 37.2175 391.768 8.78041 58.87 197.225 -5.57867 100.987 -80.8123 -113.364 120.119 38.1733 0.342978 15.0693 -97.7589 71.3237 96.7438 29.8668 96.18 59.3822 25.3249 79.4072 102.568 -54.0276 -15.3576 -30.8963 114.057 96.0413 152.591 -77.9096 25.7075 -7.95728 41.8503 25.3644 -16.2233 -24.6852 3.19961 131.811 122.928 137.91 60.2549 80.617 -86.4758 -129.946 109.335 -44.4593 23.3747 15.5256 4.51244 32.4486 60.3478 -117.705 -39.8409 -38.3492
internal_weight=1620 983 300 637 683 261 39 131 232 47 22 573 130 75 385 110 28 405 31 188 357 189 209 70 45 143 56 97 36 61 56 185 37 46 45 35 40 105 74 24 50 25 168 117 51 30 41 31 34 22 89 196 20 143 37 91 54 22 48 104 126 27
internal_count=1620 983 300 637 683 261 39 131 232 47 22 573 130 75 385 110 28 405 31 188 357 189 209 70 45 143 56 97 36 61 56 185 37 46 45 35 40 105 74 24 50 25 168 117 51 30 41 31 34 22 89 196 20 143 37 91 54 22 48 104 126 27
is_linear=0
shrinkage=0.03


Tree=74
num_leaves=63
num_cat=0
split_feature=18 18 14 18 16 23 24 6 16 22 21 23 8 18 6 16 7 9 16 18 16 17 6 17 24 16 16 16 18 14 16 10 16 16 17 22 7 22 14 10 3 10 18 16 19 2 22 21 19 3 21 23 10 2 9 17 9 22 18 14 19 7
split_gain=8.10701e+09 2.53924e+09 1.11793e+09 9.34377e+08 8.21348e+08 6.72778e+08 6.29283e+08 3.24452e+08 2.58507e+08 3.66897e+08 2.52987e+08 2.07228e+08 1.79462e+08 1.75176e+08 1.40236e+08 1.36684e+08 1.09954e+08 1.05238e+08 9.83595e+07 9.13231e+07 1.33732e+08 8.85908e+07 8.54149e+07 1.90151e+08 7.7209e+07 7.63101e+07 8.45704e+07 6.08621e+07 8.86202e+07 5.70924e+07 5.27339e+07 5.07075e+07 1.2281e+08 1.21813e+08 4.97237e+07 4.94739e+07 4.87118e+07 4.3399e+07 4.25486e+07 4.03087e+07 3.9233e+07 3.59366e+07 3.4751e+07 3.44304e+07 3.21806e+07 3.1729e+07 3.04324e+07 2.87755e+07 2.87259e+07 2.86701e+07 2.53683e+07 2.39199e+07 2.87644e+07 2.33589e+07 2.59842e+07 2.30576e+07 1.69933e+07 1.36114e+07 1.34255e+07 1.30255e+07 1.26848e+07 1.19813e+07
threshold=41414.350000000006 73508.35000000002 0.21717973125094933 25887.350000000002 -1.0000000180025095e-35 82963.484615384616 52630.625000000007 1.0000000180025095e-35 -0.040941482945758438 1156.0329855113916 62054.67500000001 75796.138461538474 0.93301270189221952 58054.450000000004 1.0000000180025095e-35 0.0037543201186628354 0.93301270189221952 -0.29696027566504662 0.05017507414820211 52316.250000000007 0.027273075884975632 0.079999999984492962 1.0000000180025095e-35 0.075456790106947294 39253.125000000007 0.0050251573518178558 0.0049751551641986644 0.0050505372572776661 64938.350000000006 0.21012658222621433 0.0049751551641986644 1.0000000180025095e-35 0.0049140049140049555 0.0050505372572776661 0.079999999981887865 2777.0393656196543 0.68301270189221941 13938.059630936486 0.25440806039853125 -0.35460488704253562 52530.000000000007 0.29696027566504685 85153.35000000002 -1.0000000180025095e-35 40141.900000000009 62812.500000000007 11457.039872112231 66651.487500000003 59333.55000000001 46005.625000000007 18611.750000000004 52462.246153846158 0.61559370248597567 54374.375000000007 0.29696027566504674 0.079999999984492962 0.78574730703237894 8337.4081549669172 51489.05000000001 0.21012658222621433 35545.650000000009 -0.24999999999999997
decision_type=2 2 2 2 2 2 2 2 2 2 2 2 2 2 2 2 2 2 2 2 2 2 2 2 2 2 2 2 2 2 2 2 2 2 2 2 2 2 2 2 2 2 2 2 2 2 2 2 2 2 2 2 2 2 2 2 2 2 2 2 2 2
left_child=3 4 5 24 13 43 14 17 9 -5 12 41 19 22 38 -14 27 -8 53 31 30 -7 39 -24 59 26 51 28 46 45 -21 33 -33 -6 -15 -19 -11 -20 -4 -2 -39 -9 -37 -3 -22 -26 -12 -30 -36 58 61 52 60 54 -16 -50 -29 -54 -25 -1 -10 -31
right_child=1 2 6 8 10 21 7 11 25 36 16 -13 15 34 18 -17 -18 35 37 20 44 -23 23 49 29 -27 -28 56 47 50 -32 32 -34 -35 48 42 -38 40 -40 -41 -42 -43 -44 -45 -46 -47 -48 -49 55 -51 -52 -53 57 -55 -56 -57 -58 -59 -60 -61 -62 -63
leaf_value=-119.05415754932467 55.566544738163216 241.38999632580436 17.405282380915864 189.50345222095453 -11.290019975859011 445.69812403310624 0.56668804584163246 69.764350541199661 -58.411521332370242 -50.746966613432306 43.091768386181805 175.80203663672856 -28.671085780865571 206.67951495784342 57.669315707374153 -166.76785077689897 109.59925155371948 56.917949125566558 -17.615465208752319 26.588524668524073 -72.642277529877006 317.49825713412451 201.78540428367819 56.595393327319883 -91.960391970731095 -91.555107529268227 23.19289879840353 13.746228196550117 112.33562129861058 -110.55861312732596 81.766991094619186 -12.190156850273596 87.823564096004404 -90.963236370940706 170.0299459506497 92.478951421702121 31.531676357760286 66.780575101522402 -66.044828769192847 -21.920950003142401 -0.78682298112623761 138.58549435177366 153.81184800392666 175.80203663672856 -11.606765868782645 -47.69001929957205 6.2150784146297973 56.063823240972624 138.46817015392941 18.405932040858911 -97.413190728285684 -17.17890618968384 -102.88561288615216 142.82598495030166 121.05569863809122 72.65656431141467 -38.080035988028726 -60.646948992806188 103.74972206644493 -139.96214672083406 -38.033388015150848 -131.36146591431316
leaf_weight=53 15.000000000000002 10.000000000000002 12.000000000000002 9.9999999999999982 123 10.000000000000002 9.9999999999999982 19.000000000000004 47 18.000000000000004 30 48 18.000000000000004 9.9999999999999982 13.000000000000002 9.9999999999999982 17 12.999999999999998 9.9999999999999982 86 9.9999999999999982 12.999999999999998 10.999999999999998 13.000000000000002 68 34 15.999999999999998 10.000000000000002 9.9999999999999982 57 19 51 13.999999999999998 20 10.000000000000002 15.999999999999998 9.9999999999999982 34 9.9999999999999982 9.9999999999999982 9.9999999999999982 10.999999999999998 19 21 34 19 61 47 10.000000000000002 10.999999999999998 59 19 13.000000000000002 9.9999999999999982 10.999999999999998 9.9999999999999982 12.999999999999998 15.999999999999998 9.9999999999999982 73 69 56
leaf_count=53 15 10 12 10 123 10 10 19 47 18 30 48 18 10 13 10 17 13 10 86 10 13 11 13 68 34 16 10 10 57 19 51 14 20 10 16 10 34 10 10 10 11 19 21 34 19 61 47 10 11 59 19 13 10 11 10 13 16 10 73 69 56
internal_value=0.880133 54.9023 127.64 -82.4808 22.9393 251.173 100.431 143.568 -37.5499 34.4865 8.5179 175.802 -5.41297 97.9854 47.0176 -78.4094 37.0343 89.1235 63.9397 0.332589 18.2531 374.926 69.202 93.8671 -111.873 -50.3515 -42.5221 29.7604 36.813 -102.39 36.6415 -12.5073 9.45303 -22.4889 148.058 107.533 -21.354 38.6571 -20.6537 24.6076 51.4573 95.3755 126.117 175.802 -25.6118 -82.358 18.4062 66.1156 127.896 58.4629 -112.468 -48.9435 -53.0911 103.863 87.1033 106.088 -15.5848 -79.8701 77.4578 -131.269 -46.3333 -120.975
internal_weight=1620 983 300 637 683 54 246 136 252 38 573 78 385 110 110 28 188 58 88 357 149 23 70 45 385 214 180 171 148 259 105 208 65 143 40 48 28 54 22 25 44 30 35 31 44 87 91 57 30 34 172 164 145 34 24 20 23 29 23 126 116 113
internal_count=1620 983 300 637 683 54 246 136 252 38 573 78 385 110 110 28 188 58 88 357 149 23 70 45 385 214 180 171 148 259 105 208 65 143 40 48 28 54 22 25 44 30 35 31 44 87 91 57 30 34 172 164 145 34 24 20 23 29 23 126 116 113
is_linear=0
shrinkage=0.03


Tree=75
num_leaves=63
num_cat=0
split_feature=18 18 18 18 16 16 17 16 16 10 10 2 24 18 18 18 21 8 10 16 18 16 21 9 16 17 21 14 2 2 18 18 11 10 8 9 18 16 18 2 18 8 19 10 2 3 7 24 20 3 16 2 20 24 20 10 20 8 20 7 19 2
split_gain=7.63997e+09 2.1239e+09 1.3202e+09 8.96773e+08 5.94654e+08 5.63341e+08 5.54636e+08 3.76234e+08 3.68198e+08 4.00326e+08 2.50153e+08 2.21141e+08 1.75879e+08 1.50875e+08 1.3859e+08 1.37906e+08 1.18499e+08 1.12115e+08 1.00513e+08 1.42898e+08 1.07504e+08 9.01165e+07 8.6138e+07 1.53463e+08 6.33269e+07 5.49945e+07 5.02188e+07 4.64755e+07 4.48407e+07 6.8385e+07 4.71338e+07 3.61602e+07 3.31309e+07 3.07655e+07 2.94922e+07 2.62998e+07 2.55012e+07 3.00726e+07 2.51941e+07 2.46796e+07 2.3805e+07 2.21338e+07 5.05058e+07 1.86069e+07 1.85197e+07 1.78431e+07 1.67173e+07 1.52181e+07 1.5116e+07 1.49344e+07 2.38004e+07 1.47232e+07 1.56761e+07 1.21664e+07 1.07785e+07 1.05907e+07 1.05361e+07 1.00018e+07 8.41506e+06 5.8557e+06 5.84716e+06 5.01059e+06
threshold=46445.350000000006 108144.60000000002 31763.850000000002 71103.950000000026 0.05017507414820211 -1.0000000180025095e-35 0.07545679011077143 -1.0000000180025095e-35 -0.040941482945758438 0.91023613416931248 0.95297903005573359 60701.875000000007 39701.55000000001 54543.700000000004 55728.200000000004 81692.800000000017 16835.637500000004 0.93301270189221952 0.61559370248597567 0.0037543201186628354 86836.700000000012 0.05017507414820211 109413.48750000003 -0.66312265824079519 0.05017507414820211 0.079999999981325773 42282.762500000004 0.20948616596859607 62812.500000000007 57130.000000000007 84370.60000000002 40304.150000000009 0.95922883995513952 -0.98182534576205283 0.93301270189221952 -0.61559370248597534 22902.900000000005 0.0050505372572776661 62654.05000000001 46562.625000000007 50657.150000000001 1.0000000180025095e-35 48164.600000000006 -0.70581670320594803 47258.250000000007 46585.625000000007 -0.24999999999999997 45027.375000000007 60073.900000000009 44169.125000000007 1.0000000180025095e-35 45877.875000000007 18491.000000000004 44388.375000000007 48279.750000000007 0.95297903005573359 48393.850000000006 -0.9330127018922193 12511.800000000001 -0.24999999999999997 33738.850000000006 62500.000000000007
decision_type=2 2 2 2 2 2 2 2 2 2 2 2 2 2 2 2 2 2 2 2 2 2 2 2 2 2 2 2 2 2 2 2 2 2 2 2 2 2 2 2 2 2 2 2 2 2 2 2 2 2 2 2 2 2 2 2 2 2 2 2 2 2
left_child=2 3 16 5 7 13 11 15 9 26 18 -3 39 32 33 -5 27 21 20 -20 -9 -16 -13 -24 31 -15 -4 44 29 30 56 49 45 -14 36 -34 61 51 -27 -7 -35 43 -43 57 -1 -2 -29 -45 -32 50 60 -38 -53 54 -51 -46 -6 -33 -48 -55 -10 -18
right_child=1 6 8 4 28 12 -8 10 24 -11 -12 22 14 25 17 -17 34 -19 19 -21 -22 -23 23 -25 -26 38 -28 46 -30 -31 48 41 35 40 -36 -37 37 -39 -40 -41 -42 42 -44 47 55 -47 58 -49 -50 53 -52 52 -54 59 -56 -57 -58 -59 -60 -61 -62 -63
leaf_value=-112.72577754101745 108.35296354690396 88.803861983449821 -30.831891401776613 168.46068899213893 14.449780562380521 -104.52940419789904 391.46931173121675 87.347827012264119 -60.739625524572425 222.86630525796718 223.82059788074898 297.06355420405322 33.828507198313766 192.30718690777772 44.67304756436117 312.71750251392325 -98.666304383569823 -61.278350269214535 87.508066056754075 -42.688502919738355 150.82975040309017 -11.474524144777824 267.36461740541063 117.26395136942386 -94.281353259353153 88.207230799091391 42.003702627466524 -115.69229061893367 63.243915675648466 -55.611158956732631 31.096264417493654 -32.623357521199289 53.480426482148673 -15.042845435206896 -121.81815952234098 -9.5462126733761021 -74.217350177493699 -102.04790739639945 138.33575438778701 -38.937176169216045 6.5729536981130838 49.541951974916067 -26.703886566852553 -75.80136812719968 -94.514774696213024 53.480426482148673 -146.13861488179185 -32.121887249124455 81.179605613914688 -52.365549819643121 4.1550320364682731 -72.174402810276121 -26.45173806430039 -26.449085605702503 -93.371373714031563 -59.476729458346227 -23.712378625790933 -1.7849457634269417 -125.86555517870507 -49.478070121224469 -35.808973052310243 -81.698271940712601
leaf_weight=32 10.000000000000002 17 15.999999999999998 16.000000000000004 14.000000000000002 11.000000000000002 13.999999999999998 91 10.999999999999998 9.9999999999999982 13.999999999999998 9.9999999999999982 19 9.9999999999999982 179 9.9999999999999982 44 10.999999999999998 24 10.999999999999998 33 30 11.999999999999998 13.000000000000002 15.999999999999998 20 18 82 17 11.999999999999998 11.000000000000002 15.999999999999998 13.000000000000002 111 17 9.9999999999999982 21 15.999999999999998 18 9.9999999999999982 78 11.999999999999998 22 9.9999999999999982 50 9.9999999999999982 42 26 10.999999999999998 15.000000000000002 12.999999999999998 10.000000000000002 21 13.999999999999998 9.9999999999999982 9.9999999999999982 11.999999999999998 23 50 38 41 32
leaf_count=32 10 17 16 16 14 11 14 91 11 10 14 10 19 10 179 10 44 11 24 11 33 30 12 13 16 20 18 82 17 12 11 16 13 111 17 10 21 16 18 10 78 12 22 10 50 10 42 26 11 15 13 10 21 14 10 10 12 23 50 38 41 32
internal_value=0.893296 60.4843 -70.3238 47.2287 91.2103 24.7365 224.053 118.591 -23.2967 57.0255 102.489 178.314 10.933 92.7569 15.0983 224.93 -104.562 31.6918 91.6716 46.584 104.35 36.6119 221.414 190.091 -36.5498 129.296 7.73814 -116.894 20.3847 8.15623 24.1806 -32.8336 51.7633 -2.45931 -84.127 27.0267 -79.5959 -66.0214 112.253 -73.6277 -6.12327 -19.8089 0.27269 -28.9008 -99.3364 79.9341 -126.115 -44.4315 56.3921 -42.8104 -32.1279 -54.7617 -41.3857 -51.7747 -69.0746 -88.7838 -3.18678 -14.4878 -135.269 -43.3407 -41.1893 -91.6387
internal_weight=1620 882 738 816 276 540 66 199 311 44 173 52 449 91 428 26 427 220 159 35 124 209 35 25 267 48 34 266 77 60 48 251 43 208 161 23 144 68 38 21 189 109 34 75 92 20 174 36 22 142 65 52 31 77 25 60 26 39 92 52 52 76
internal_count=1620 882 738 816 276 540 66 199 311 44 173 52 449 91 428 26 427 220 159 35 124 209 35 25 267 48 34 266 77 60 48 251 43 208 161 23 144 68 38 21 189 109 34 75 92 20 174 36 22 142 65 52 31 77 25 60 26 39 92 52 52 76
is_linear=0
shrinkage=0.03


Tree=76
num_leaves=63
num_cat=0
split_feature=23 6 23 25 19 12 24 16 12 23 27 8 6 10 10 21 20 23 12 7 22 17 16 14 7 27 12 24 13 2 16 7 20 23 7 19 19 16 2 23 22 7 17 22 23 14 24 24 4 23 20 16 23 19 24 22 21 22 16 20 4 23
split_gain=7.16728e+09 2.43379e+09 1.9763e+09 1.00594e+09 1.00269e+09 8.12548e+08 4.37496e+08 4.30247e+08 3.0894e+08 2.85694e+08 2.44627e+08 2.34758e+08 1.7938e+08 1.52447e+08 1.28059e+08 1.27864e+08 1.26796e+08 1.21916e+08 1.15357e+08 1.14e+08 2.29086e+08 1.03826e+08 1.03081e+08 9.94646e+07 9.90587e+07 9.33544e+07 7.7972e+07 7.24873e+07 7.53735e+07 6.90559e+07 6.69091e+07 6.65886e+07 5.60172e+07 5.55559e+07 5.42738e+07 5.28284e+07 4.68121e+07 4.5119e+07 4.4666e+07 3.95918e+07 8.25148e+07 3.81385e+07 3.4616e+07 2.80569e+07 2.70838e+07 2.58801e+07 2.55552e+07 2.40966e+07 2.30369e+07 2.19874e+07 2.04412e+07 2.02019e+07 1.92629e+07 1.92339e+07 1.91677e+07 1.90562e+07 1.86969e+07 1.67959e+07 1.53495e+07 1.52555e+07 1.50002e+07 1.32016e+07
threshold=46586.150000000009 1.0000000180025095e-35 83682.400000000009 1.0000000180025095e-35 33738.850000000006 1.0326530610178755 57366.875000000007 -0.040941482945758438 1.1224489793650323 61188.596153846163 1.0000000180025095e-35 0.93301270189221952 1.0000000180025095e-35 0.95297903005573359 -0.78574730703237872 69242.625000000015 80863.300000000017 68668.026923076934 1.0658391177286974 -0.93301270189221919 2622.0315956020982 0.079999999983496412 0.0037543201186628354 0.20948616596859607 1.0000000180025095e-35 1.0000000180025095e-35 1.1612903222684685 60701.875000000007 1.1261261259281683 62812.500000000007 0.0050251573518178558 -0.24999999999999997 72853.900000000009 59215.411538461543 -0.93301270189221919 60667.400000000009 75325.000000000015 1.0000000180025095e-35 62812.500000000007 85769.303846153853 9078.4029334761308 -0.24999999999999997 0.075282020246646417 6625.9421386823351 39079.003846153857 0.13707268499901715 41358.375000000007 47138.750000000007 38798.750000000007 61477.526923076934 71430.900000000009 0.0037543201186628354 12581.007692307694 20550.450000000004 52316.875000000007 7766.9183557587348 33173.437500000007 16459.783515010615 0.0049140049140049555 47674.150000000001 38408.750000000007 65166.646153846166
decision_type=2 2 2 2 2 2 2 2 2 2 2 2 2 2 2 2 2 2 2 2 2 2 2 2 2 2 2 2 2 2 2 2 2 2 2 2 2 2 2 2 2 2 2 2 2 2 2 2 2 2 2 2 2 2 2 2 2 2 2 2 2 2
left_child=3 6 4 12 -3 -4 11 17 16 25 27 15 31 22 -14 24 -7 18 21 61 -21 -6 -13 29 47 38 -27 43 32 45 35 44 -29 -20 46 -26 59 -18 -9 -12 -41 52 58 -8 -1 -5 -16 -2 -44 -32 -17 56 -25 -31 -43 -53 -33 -52 60 -15 -36 -11
right_child=1 2 5 23 7 8 10 9 -10 19 39 13 14 36 34 50 37 -19 33 20 -22 -23 -24 41 30 26 -28 28 -30 53 49 51 -34 -35 42 -37 -38 -39 -40 40 -42 54 48 -45 -46 -47 -48 -49 -50 -51 57 55 -54 -55 -56 -57 -58 -59 -60 -61 -62 -63
leaf_value=-39.718303965459469 81.057211956364071 371.65454490132845 422.16682779048682 -54.931760760368185 232.82108849808967 169.83932362930548 15.918100265654001 5.2628592325942236 60.616712406537012 3.1153466998644106 158.26964333713644 -37.279640563360516 87.663029913283495 -78.501570585647428 -84.768844199605482 18.61078310900972 229.94686241768491 205.34813827782341 104.19802583167993 188.27349804943142 76.675244607947761 120.7107192746968 -157.75572910372063 -118.53213929463666 -18.0646828711693 97.265167889733519 -2.3572392824380706 132.05250442353801 5.6605492531447208 -8.1234816628635507 -57.680415600573589 -80.976411970907165 41.856861772365846 21.454076628813869 -40.011587784041218 22.178015895940863 14.886066215941623 305.01426357271191 63.988689454056839 45.498032852092955 133.05672294047338 -133.29000064869498 5.280124989580516 -48.742645872002406 3.5733549304257068 -99.07731110003941 -26.009875850392813 22.961651334815258 66.814804850663293 -15.484227086416681 45.955637785259036 -66.57758231982848 -99.137698271444307 -59.570208813732201 -105.00050336929762 -119.67015636481861 -46.860469736975027 95.413878415551522 9.8157184556891135 -33.62802086187164 2.3565318556462436 43.295282067903045
leaf_weight=34 10.000000000000002 9.9999999999999982 18 13.999999999999998 11.000000000000002 18 10.000000000000002 106 12.999999999999998 12.000000000000002 9.9999999999999982 10.000000000000002 12.999999999999998 9.9999999999999982 10.000000000000002 12.999999999999998 11.000000000000002 17 22 19 128 11.999999999999998 18 54 92 24 9.9999999999999982 10.000000000000002 28 10.000000000000002 37 20 13.999999999999998 10.999999999999998 20 43 15.999999999999998 9.9999999999999982 12.999999999999998 19 20 97 12.000000000000002 14.999999999999998 21 103 20 18 9.9999999999999982 15.999999999999998 17.000000000000004 17.000000000000004 77 19 31 9.9999999999999982 55 9.9999999999999982 19 22 11.999999999999998 19
leaf_count=34 10 10 18 14 11 18 10 106 13 12 10 10 13 10 10 13 11 17 22 19 128 12 18 54 92 24 10 10 28 10 37 20 14 11 20 43 16 10 13 19 20 97 12 15 21 103 20 18 10 16 17 17 77 19 31 10 55 10 19 22 12 19
internal_value=0.865001 54.3968 101.298 -73.5082 76.3327 248.628 4.82229 68.9326 187.862 54.3633 52.3941 -13.2424 -28.9853 -59.5044 -0.689826 0.509521 230.013 134.828 113.092 80.1952 91.2177 164.656 -115.014 -103.505 -8.62026 24.2778 68.0434 19.0001 39.1583 -83.5678 -16.4653 -49.8777 78.0532 76.7649 -11.9154 -5.23969 -26.9518 280.541 11.7267 104.725 90.6255 -114.708 2.05864 -22.9179 -23.2122 -93.8464 -45.8129 43.9248 33.4263 -44.9952 49.7089 -64.2193 -103.072 -41.9189 -126.526 -86.6106 -56.0538 64.5581 -11.5114 -47.852 -24.1656 27.8019
internal_weight=1620 942 484 678 414 70 458 404 52 331 126 332 273 76 116 256 39 73 56 178 147 23 28 405 216 153 34 77 52 146 188 157 24 33 103 135 48 21 119 49 39 259 73 25 55 117 30 28 22 53 40 102 131 29 128 27 75 27 51 32 32 31
internal_count=1620 942 484 678 414 70 458 404 52 331 126 332 273 76 116 256 39 73 56 178 147 23 28 405 216 153 34 77 52 146 188 157 24 33 103 135 48 21 119 49 39 259 73 25 55 117 30 28 22 53 40 102 131 29 128 27 75 27 51 32 32 31
is_linear=0
shrinkage=0.03


Tree=77
num_leaves=63
num_cat=0
split_feature=18 18 1 14 18 16 3 16 18 20 21 21 8 18 9 22 11 18 27 20 3 18 16 27 6 16 1 10 6 16 16 3 6 22 16 19 20 20 3 19 4 22 14 22 11 14 16 20 22 22 10 16 16 10 19 18 19 20 11 23 9 8
split_gain=6.76167e+09 2.13899e+09 9.73532e+08 1.00597e+09 7.7907e+08 6.92462e+08 4.3105e+08 2.54355e+08 2.29343e+08 2.20328e+08 2.11135e+08 2.07182e+08 1.5748e+08 1.48507e+08 1.26114e+08 8.81174e+07 8.67513e+07 8.10309e+07 7.91782e+07 1.29449e+08 1.2064e+08 7.8716e+07 1.13913e+08 7.59634e+07 8.90799e+07 7.43993e+07 6.63127e+07 6.03491e+07 5.98919e+07 1.1325e+08 8.28371e+07 5.96917e+07 5.40495e+07 5.15479e+07 5.15029e+07 4.82585e+07 4.66165e+07 4.49959e+07 4.45126e+07 4.08255e+07 6.29143e+07 4.68662e+07 4.0698e+07 3.42279e+07 3.13408e+07 3.08793e+07 3.783e+07 2.95337e+07 6.53293e+07 2.43985e+07 2.38134e+07 5.9273e+07 4.61541e+07 2.36764e+07 1.57457e+07 1.78033e+07 1.67544e+07 1.54334e+07 1.5333e+07 1.34419e+07 1.3391e+07 1.32871e+07
threshold=41414.350000000006 73508.35000000002 42920.000000000007 0.24296675187449793 25887.350000000002 -1.0000000180025095e-35 57426.875000000007 0.0050761748317067487 112238.65000000001 69122.050000000017 62054.67500000001 99781.10000000002 0.93301270189221952 58054.450000000004 -0.1799261722714405 560.80752151949002 0.87850467273699395 63299.650000000001 1.0000000180025095e-35 89710.050000000017 56958.750000000007 50188.150000000009 0.05017507414820211 1.0000000180025095e-35 1.0000000180025095e-35 0.0051020740191197742 29754.000000000004 0.78574730703237883 1.0000000180025095e-35 0.0037543201186628354 0.0049140049140049555 54281.875000000007 1.0000000180025095e-35 4978.8612881104364 0.0050505372572776661 40141.900000000009 50055.350000000013 19984.050000000007 52272.500000000007 78079.900000000009 45715.625000000007 18141.490044905473 0.21335175927490965 8270.8997994733418 0.94399999985264305 0.16675568844966851 0.0049140049140049555 59445.150000000009 8976.1217819383874 15476.735992566928 1.0000000180025095e-35 0.0050505372572776661 0.0049140049140049555 0.5163939593874618 63247.850000000006 59333.55000000001 76819.050000000017 51897.150000000001 0.94696969682937071 47531.580769230779 -0.61559370248597534 0.93301270189221952
decision_type=2 2 2 2 2 2 2 2 2 2 2 2 2 2 2 2 2 2 2 2 2 2 2 2 2 2 2 2 2 2 2 2 2 2 2 2 2 2 2 2 2 2 2 2 2 2 2 2 2 2 2 2 2 2 2 2 2 2 2 2 2 2
left_child=4 5 7 6 26 13 11 16 18 15 12 -4 21 23 -14 -6 38 54 20 -20 -5 50 25 31 -25 -23 -1 34 29 -19 57 36 61 -21 45 -24 59 -34 42 41 -41 53 -3 -29 -10 -17 -47 48 -15 58 51 -7 -52 60 -12 56 -56 -30 -18 -2 -9 -28
right_child=1 2 3 8 9 10 -8 39 44 -11 17 -13 14 47 -16 27 49 28 19 33 -22 22 35 24 -26 -27 32 43 30 -31 -32 -33 37 -35 -36 -37 -38 -39 -40 40 -42 -43 -44 -45 -46 46 -48 -49 -50 -51 52 -53 -54 -55 55 -57 -58 -59 -60 -61 -62 -63
leaf_value=-124.48778548548201 31.49943951476434 195.14825589771107 493.02262511602709 126.78430192082563 35.800008516966841 -13.893529604389665 212.91692651651641 21.424325836383744 212.91692651651641 103.08794409421411 -8.7636380602115942 301.63441055171739 -146.58809586454024 216.40102519724618 -18.103848221109519 19.875227562932686 97.657537851186234 72.11601402881881 201.06143583790353 47.950549272144116 13.667866412420954 20.773594596505969 -78.934825691664514 51.283980020059111 175.34913226137064 105.27416990978884 -102.53031708514663 -107.48944718334555 35.874705663126299 -34.19569387335526 137.80907000126732 107.6917959413434 -87.357858754056892 119.63407273099352 -82.000088236794539 -9.1378932402490509 -20.537099901738056 -34.757762799179339 97.657537851186234 31.122854878851697 -66.977465687364642 92.109610084327485 120.05397034828707 -53.72140898869926 155.95731822400992 -40.523227428777339 -7.2453792009710192 106.14393570789315 110.84836470170455 25.161572797416461 -12.55465745942551 -77.604112862088044 56.56960739548142 -9.0550861569668371 27.304365571434818 38.743035363031026 -10.976371057880996 70.189701197240254 52.945131395547698 76.081853979129605 66.337823534672793 -126.27379947105757
leaf_weight=92 16.000000000000004 12.000000000000002 10.000000000000002 15.999999999999998 12.999999999999998 102 17 14.999999999999998 12.000000000000002 9.9999999999999982 22 11.999999999999998 12.000000000000002 10.000000000000002 15.999999999999998 9.9999999999999982 12.000000000000002 19 14.999999999999998 12.999999999999998 18 133 11.999999999999998 11 10 9.9999999999999982 134 18 25 17 12.999999999999998 9.9999999999999982 114 31 20 34 12.999999999999998 17 11.999999999999998 14.000000000000002 9.9999999999999982 10.999999999999998 15.999999999999998 27 9.9999999999999982 133 21 18 11.999999999999998 9.9999999999999982 40 14.999999999999998 10.999999999999998 13.999999999999998 20 28 21 23 9.9999999999999982 9.9999999999999982 10.000000000000002 28
leaf_count=92 16 12 10 16 13 102 17 15 12 10 22 12 12 10 16 10 12 19 15 13 18 133 12 11 10 10 134 18 25 17 13 10 114 31 20 34 13 17 12 14 10 11 16 27 10 133 21 18 12 10 40 15 11 14 20 28 21 23 10 10 10 28
internal_value=0.853039 50.1896 116.948 169.554 -75.2776 20.8536 301.121 61.3823 124.713 -34.2503 7.61208 390.466 -5.11438 89.7605 -73.4943 -39.9657 101.489 33.6631 103.904 124.954 67.1149 0.267828 13.5458 63.2597 110.914 26.7522 -102.116 -44.2806 52.7272 21.9575 70.8207 42.6522 -95.0512 98.6117 -36.6282 -27.4776 25.7425 -80.5636 130.963 22.2756 -9.86046 37.6899 152.817 -75.4193 211.81 -31.0485 -34.366 135.864 159.589 64.352 -14.6691 -22.1209 2.43597 22.1443 13.3064 20.3458 7.71809 52.4291 81.9712 48.8724 39.5826 -106.71
internal_weight=1620 983 300 154 637 683 39 146 115 252 573 22 385 110 28 242 72 188 93 59 34 357 189 70 21 143 385 229 97 36 61 49 293 44 184 46 39 131 40 74 24 50 28 45 22 164 154 40 22 32 168 117 51 39 91 69 41 48 22 26 25 162
internal_count=1620 983 300 154 637 683 39 146 115 252 573 22 385 110 28 242 72 188 93 59 34 357 189 70 21 143 385 229 97 36 61 49 293 44 184 46 39 131 40 74 24 50 28 45 22 164 154 40 22 32 168 117 51 39 91 69 41 48 22 26 25 162
is_linear=0
shrinkage=0.03


Tree=78
num_leaves=63
num_cat=0
split_feature=23 6 1 27 25 14 2 21 1 27 10 11 9 27 9 16 6 12 23 10 16 11 10 23 6 14 2 2 16 1 7 20 7 7 20 22 20 1 20 14 2 20 22 23 1 14 21 23 16 14 23 7 1 10 23 14 21 9 16 21 9 7
split_gain=6.35849e+09 2.18561e+09 1.78921e+09 1.03931e+09 8.87833e+08 5.85677e+08 4.86872e+08 4.62886e+08 4.52488e+08 3.21101e+08 2.43284e+08 2.3471e+08 2.20258e+08 1.97698e+08 1.87993e+08 1.80136e+08 1.6395e+08 1.60201e+08 1.23955e+08 1.18321e+08 1.04571e+08 9.60486e+07 9.11903e+07 1.05085e+08 9.05742e+07 9.04282e+07 8.58885e+07 8.13784e+07 7.84689e+07 7.80759e+07 6.81571e+07 6.22283e+07 6.13086e+07 5.12149e+07 4.67285e+07 4.30661e+07 4.24569e+07 3.75417e+07 3.68414e+07 3.19634e+07 3.14136e+07 3.1074e+07 2.86382e+07 2.77014e+07 2.67373e+07 2.50373e+07 2.49579e+07 2.44554e+07 2.37397e+07 2.19003e+07 2.42573e+07 2.10666e+07 1.74105e+07 1.66451e+07 1.6138e+07 1.59128e+07 1.53938e+07 1.53456e+07 1.49876e+07 1.34908e+07 1.33898e+07 1.3195e+07
threshold=46586.150000000009 1.0000000180025095e-35 42920.000000000007 1.0000000180025095e-35 1.0000000180025095e-35 0.18069397097137688 60180.000000000007 99781.10000000002 42920.000000000007 1.0000000180025095e-35 -0.060268340127661524 1.0593220337196512 -0.35460488704253573 1.0000000180025095e-35 0.29696027566504674 0.0037543201186628354 1.0000000180025095e-35 1.1518987338855935 57199.780769230776 -0.78574730703237872 -0.068478572480783359 0.88714733527913558 0.5163939593874618 63741.803846153853 1.0000000180025095e-35 0.24623845328038668 60475.000000000007 63437.500000000007 -1.0000000180025095e-35 41550.000000000007 -0.24999999999999997 95253.60000000002 -0.24999999999999997 -0.93301270189221919 60379.850000000006 13129.28028695893 46767.650000000009 31500.000000000004 117473.20000000001 0.16675568845983602 65340.000000000007 72954.300000000017 5321.1271400236519 65469.053846153845 30945.000000000004 0.2133517592883212 67433.237500000003 39079.003846153857 0.0037543201186628354 0.22321717548807393 42087.469230769238 0.68301270189221941 32004.000000000004 -0.46472317204376873 12581.007692307694 0.23425692689183655 29674.587500000005 0.35460488704253579 0.0050251573518178558 54274.112500000003 -0.85421994577343319 -0.24999999999999997
decision_type=2 2 2 2 2 2 2 2 2 2 2 2 2 2 2 2 2 2 2 2 2 2 2 2 2 2 2 2 2 2 2 2 2 2 2 2 2 2 2 2 2 2 2 2 2 2 2 2 2 2 2 2 2 2 2 2 2 2 2 2 2 2
left_child=4 8 5 6 16 -3 11 -5 12 20 -9 -4 15 26 -12 -2 32 25 30 -18 -7 -20 23 -22 45 35 41 39 -8 -24 -14 -15 47 52 59 -11 -32 -35 40 -26 -33 -10 53 -19 57 -6 -27 -1 -44 -39 -51 -36 -21 -28 -41 -46 -29 -34 -38 -23 -30 -47
right_child=1 2 3 7 24 9 28 10 13 17 14 -13 18 31 -16 -17 19 43 21 33 22 34 29 -25 27 46 42 56 60 -31 36 38 44 37 51 -37 58 49 -40 54 -42 -43 48 -45 55 61 -48 -49 -50 50 -52 -53 -54 -55 -56 -57 -58 -59 -60 -61 -62 -63
leaf_value=-37.460981350895942 -15.686848783315336 237.54269969963875 338.43438318201004 478.39439085705442 -97.818295514170643 78.648033222312534 145.72320607778187 140.43907199539302 110.25587906337017 144.91068598074517 354.09028514602409 140.69671673748942 37.708399965708495 152.80233395641994 189.91690908299816 -155.844181058114 84.589924102666728 17.361978608054674 56.276122754116564 -73.973842699205534 18.359472322910083 -17.577907535061971 4.7716303463691361 89.960274582858887 -66.375666957865789 108.66225114164263 5.6826629768533898 -27.547900105393278 33.97363529276403 -83.017247799022783 -75.463998710272818 83.128332690857974 -109.7369668654765 -20.562545948420105 -6.898496736697 108.66225114164263 -19.603698975643052 49.343568666351501 120.83963048257118 -111.60056568420747 17.938714698585301 38.336009571926652 0.41449859714112336 68.547867500355693 -16.316254091005067 -108.8764549043844 71.372597132011862 3.6753303686928409 -54.407581732721617 -31.436003773354052 26.524512098887623 20.393673808861131 -26.438094197617772 56.258915078946863 -89.399540593011409 -56.083394926568275 -70.505212171399918 -67.630715317441172 -45.031151783736711 -66.973467824199417 68.516413500284401 -126.09193246577459
leaf_weight=34 15.999999999999998 15.999999999999998 11.000000000000002 9.9999999999999982 79 30 10.999999999999998 12.999999999999998 10.000000000000002 19 19.000000000000004 10.999999999999998 12.999999999999998 12.999999999999998 9.9999999999999982 17 12.999999999999998 26 34 11.000000000000002 79 10.000000000000002 51 24 36 10.999999999999998 14.000000000000002 24 15.999999999999998 10.999999999999998 19 17.000000000000004 11.999999999999998 34 48 28 75 15.999999999999998 11.999999999999998 54 10.999999999999998 11.999999999999998 24 14.999999999999998 10.999999999999998 30 44 21 9.9999999999999982 10.000000000000002 12.999999999999998 54 19 9.9999999999999982 75 54 10.999999999999998 25 29 9.9999999999999982 29 96
leaf_count=34 16 16 11 10 79 30 11 13 10 19 19 11 13 13 10 17 13 26 34 11 79 10 51 24 36 11 14 24 16 11 19 17 12 34 48 28 75 16 12 54 11 12 24 15 11 30 44 21 10 10 13 54 19 10 75 54 11 25 29 10 29 96
internal_value=0.835891 51.2569 95.7021 190.85 -69.2153 60.7169 121.341 294.68 4.27802 52.2787 249.906 240.65 -14.7985 50.8698 298.326 -88.1419 -27.3876 86.4115 -6.48239 -0.336792 27.2164 11.765 17.8233 35.1143 -97.3966 106.535 21.0521 -82.9294 74.1236 -10.9124 -27.4065 95.7532 -47.3612 -11.1274 -0.675609 137.165 -34.3137 2.44658 76.8773 -91.7484 57.6732 71.378 1.87292 36.2098 -61.1222 -111.464 80.1594 -21.7762 -15.8218 22.5072 3.70546 7.55609 -44.0558 26.9022 -98.7723 -49.389 -41.2113 -81.5459 -26.7305 -42.4862 56.3372 -119.935
internal_weight=1620 942 484 130 678 354 78 52 458 338 42 22 325 133 29 33 273 143 292 116 195 156 165 103 405 102 80 200 56 62 136 53 157 103 122 47 123 73 40 165 28 22 58 41 102 205 55 55 34 39 23 102 30 24 129 65 35 37 104 20 45 126
internal_count=1620 942 484 130 678 354 78 52 458 338 42 22 325 133 29 33 273 143 292 116 195 156 165 103 405 102 80 200 56 62 136 53 157 103 122 47 123 73 40 165 28 22 58 41 102 205 55 55 34 39 23 102 30 24 129 65 35 37 104 20 45 126
is_linear=0
shrinkage=0.03


Tree=79
num_leaves=63
num_cat=0
split_feature=18 18 18 16 10 8 16 18 10 17 24 18 20 16 8 18 27 18 4 11 17 12 20 20 18 16 16 16 8 16 9 16 16 14 20 18 11 18 18 17 17 6 9 7 4 18 20 14 20 20 8 10 18 18 10 14 8 20 16 4 7 20
split_gain=5.98957e+09 1.85845e+09 1.34461e+09 8.13081e+08 5.00908e+08 4.57134e+08 4.11147e+08 3.76417e+08 3.08495e+08 3.03752e+08 3.00616e+08 1.52907e+08 1.43255e+08 1.31846e+08 1.10022e+08 1.04772e+08 1.01907e+08 9.32108e+07 8.5355e+07 6.92327e+07 6.90014e+07 9.06707e+07 5.92204e+07 5.25225e+07 6.73621e+07 4.62137e+07 4.22752e+07 1.33707e+08 1.05707e+08 4.12274e+07 3.13941e+07 3.13474e+07 4.85594e+07 2.77076e+07 2.62573e+07 2.37929e+07 2.19421e+07 1.91127e+07 1.8717e+07 1.79576e+07 1.74161e+07 1.46536e+07 1.41583e+07 1.33256e+07 1.28007e+07 1.10407e+07 1.10031e+07 1.03442e+07 1.02533e+07 1.02132e+07 9.60768e+06 8.03735e+06 7.59543e+06 7.22819e+06 7.13533e+06 3.9121e+06 4.2317e+06 3.52178e+06 2.58083e+06 2.12106e+06 1.85753e+06 2.09703e+06
threshold=55071.80000000001 31763.850000000002 112238.65000000001 -1.0000000180025095e-35 0.98182534576205305 0.93301270189221952 -1.0000000180025095e-35 82632.60000000002 0.95297903005573359 0.075479115465842489 57604.375000000007 85153.35000000002 66207.60000000002 0.05017507414820211 1.0000000180025095e-35 45231.650000000001 1.0000000180025095e-35 16098.500000000002 54458.750000000007 0.94399999985264305 0.079999999984314604 1.0658391177286974 92289.10000000002 61017.05000000001 38172.30000000001 0.05017507414820211 0.0050251573518178558 0.0049140049140049555 1.0000000180025095e-35 0.0050505372572776661 0.8542199457734333 0.0050251573518178558 0.0049751551641986644 0.20948616596859607 78079.900000000009 62654.05000000001 0.95922883995513952 22902.900000000005 41414.350000000006 0.079999999982243997 0.079999999985739687 1.0000000180025095e-35 0.78574730703237894 -0.24999999999999997 41160.000000000007 52055.200000000004 45755.30000000001 0.21012658222621433 12511.800000000001 19412.850000000002 1.0000000180025095e-35 0.8542199457734333 50055.350000000013 30133.000000000004 -0.70581670320594803 0.15919902640022157 0.6830127018922193 9454.9000000000015 0.0037543201186628354 56445.625000000007 1.0000000180025095e-35 11848.950000000003
decision_type=2 2 2 2 2 2 2 2 2 2 2 2 2 2 2 2 2 2 2 2 2 2 2 2 2 2 2 2 2 2 2 2 2 2 2 2 2 2 2 2 2 2 2 2 2 2 2 2 2 2 2 2 2 2 2 2 2 2 2 2 2 2
left_child=1 17 3 7 5 10 8 20 23 19 13 18 -7 14 -5 25 -15 33 -12 34 21 -2 -13 24 -3 30 27 42 52 37 31 32 -8 44 -4 -22 -26 55 -32 -25 -37 53 45 57 -1 -17 -44 -31 -45 -43 -38 60 -28 54 -39 -19 59 -35 -50 -57 -46 -62
right_child=2 6 9 4 -6 12 15 -9 -10 -11 11 22 -14 16 -16 26 -18 29 -20 -21 35 -23 -24 39 36 -27 28 -29 -30 47 38 -33 -34 43 -36 40 50 41 -40 -41 -42 49 46 48 51 -47 -48 -49 58 -51 -52 -53 -54 -55 -56 56 -58 -59 -60 -61 61 -63
leaf_value=-99.804226889089023 197.08953879151662 -24.699838650285706 176.15356071030791 21.456006906612771 237.35389385633232 -157.14168614411153 -35.901545785635015 313.93959723395267 159.73177378280383 363.58687605574318 94.694234587177078 162.85971910210716 -13.593743060162959 -14.142394736629916 63.324408487578999 -16.861548011683617 46.006857329853965 -60.660080210788195 33.724825370770873 122.06380634402441 61.613171904469269 87.65490681003881 93.577492333000848 -47.534990264590405 80.699508249272284 -87.543608723092589 -56.94359909174095 85.075746399329987 30.170558276886638 -76.688484450478583 -21.383967558678155 -73.076856271311726 24.134378339461698 -111.59943605870677 242.98984583730916 143.26506062422644 17.471575228793558 -61.276356015412702 32.119044935774092 7.8069383116026181 86.613624094370252 -56.815441897552773 -10.392757619492551 -130.49763631281544 -71.500860039739337 2.3364589710182759 24.56369987767404 -109.99341399861272 -105.57145975969358 -15.688997822911285 57.396038088656894 -53.422753592009599 -91.969606735641904 -44.638633373363604 -94.799625377088461 -82.460620719612407 -93.866384021063524 -99.804226889089023 -126.1828338200031 -70.789907787681642 -76.26511875870203 -96.833992684347578
leaf_weight=28 19.000000000000004 11.999999999999998 12.000000000000002 94 11.999999999999998 12.000000000000002 168 10.999999999999998 18 10.999999999999998 40 25 12.999999999999998 72 142 107 39 11.999999999999998 43 11.999999999999998 12.999999999999998 10.999999999999998 21 10.000000000000002 18 13.999999999999998 13.000000000000002 14.999999999999998 13.999999999999998 12.999999999999998 14.000000000000002 18 12.999999999999998 31 12.999999999999998 10.000000000000002 12.000000000000002 15.999999999999998 9.9999999999999982 10.999999999999998 10.999999999999998 10.000000000000002 13.999999999999998 42 9.9999999999999982 36 19 32 46 11.999999999999998 9.9999999999999982 9.9999999999999982 10.999999999999998 10.999999999999998 10.000000000000002 23 18 48 9.9999999999999982 18 10.000000000000002 17
leaf_count=28 19 12 12 94 12 12 168 11 18 11 40 25 13 72 142 107 39 12 43 12 13 11 21 10 18 14 13 15 14 13 14 18 13 31 13 10 12 16 10 11 11 10 14 42 10 36 19 32 46 12 10 10 11 11 10 23 18 48 10 18 10 17
internal_value=0.833615 -45.5408 72.5786 60.0915 46.5838 41.968 -9.43839 152.299 48.854 225.102 48.5395 87.6301 -82.8484 33.9862 46.6642 -20.8297 7.01349 -92.6213 63.1863 183.062 124.07 157.388 131.503 21.3332 37.4837 -34.8084 -6.35386 -0.597839 -35.2078 -75.6994 -31.4598 -35.3671 -31.5786 -104.338 211.738 94.297 56.1539 -67.0219 0.949602 -18.6466 114.142 -54.1996 -7.94375 -110.912 -88.6968 -12.0302 9.747 -100.563 -118.606 -34.5555 35.7968 -78.2989 -73.3123 -65.7553 -74.4839 -77.5857 -80.9197 -101.229 -109.47 -75.0212 -84.8599 -89.5255
internal_weight=1620 984 636 588 513 501 557 75 91 48 476 129 25 347 236 466 111 427 83 37 64 30 46 73 52 237 229 191 38 175 223 199 181 252 25 34 40 130 24 21 21 59 176 177 75 143 33 45 98 22 22 47 24 37 26 71 59 79 56 41 37 27
internal_count=1620 984 636 588 513 501 557 75 91 48 476 129 25 347 236 466 111 427 83 37 64 30 46 73 52 237 229 191 38 175 223 199 181 252 25 34 40 130 24 21 21 59 176 177 75 143 33 45 98 22 22 47 24 37 26 71 59 79 56 41 37 27
is_linear=0
shrinkage=0.03


Tree=80
num_leaves=63
num_cat=0
split_feature=18 18 18 16 10 8 16 18 19 17 24 18 18 20 16 8 18 2 27 18 6 17 3 17 12 2 20 16 16 20 24 16 16 6 16 24 18 14 10 20 18 17 19 18 2 24 24 2 19 6 14 7 7 7 20 10 18 7 24 14 8 18
split_gain=5.63659e+09 1.74856e+09 1.26592e+09 7.65509e+08 4.71587e+08 4.30277e+08 3.86957e+08 3.54394e+08 2.97997e+08 2.85979e+08 2.82936e+08 1.65732e+08 1.43923e+08 1.34858e+08 1.24055e+08 1.03523e+08 9.93734e+07 9.7005e+07 9.58974e+07 8.77318e+07 8.28304e+07 1.50481e+08 8.03234e+07 6.55764e+07 1.00784e+08 6.27483e+07 5.57306e+07 4.5488e+07 4.81077e+07 4.02895e+07 3.95615e+07 3.88459e+07 3.57942e+07 1.00071e+08 1.20865e+08 2.62264e+07 2.26346e+07 2.24541e+07 1.81504e+07 4.03679e+07 1.79114e+07 1.6952e+07 1.65098e+07 1.57998e+07 1.27838e+07 1.23168e+07 1.14126e+07 1.13741e+07 9.79644e+06 1.60336e+07 9.72767e+06 8.97559e+06 8.6324e+06 8.28151e+06 8.40385e+06 7.66766e+06 7.59584e+06 6.95604e+06 4.48586e+06 3.65745e+06 4.02289e+06 3.49091e+06
threshold=55071.80000000001 31763.850000000002 112238.65000000001 -1.0000000180025095e-35 0.98182534576205305 0.93301270189221952 -1.0000000180025095e-35 82632.60000000002 35545.650000000009 0.075479115465842489 57604.375000000007 40304.150000000009 85153.35000000002 66207.60000000002 0.05017507414820211 1.0000000180025095e-35 41414.350000000006 60701.875000000007 1.0000000180025095e-35 16098.500000000002 1.0000000180025095e-35 0.075434243158852596 56820.000000000007 0.079999999984114015 1.0658391177286974 64045.625000000007 92289.10000000002 0.0050251573518178558 0.0049751551641986644 61017.05000000001 44726.950000000004 0.0050505372572776661 0.0049140049140049555 1.0000000180025095e-35 0.0050505372572776661 38286.600000000006 62654.05000000001 0.21012658222621433 1.0000000180025095e-35 50188.150000000009 22902.900000000005 0.079999999985739687 24003.150000000005 49464.000000000007 50621.875000000007 48014.875000000007 42661.350000000006 48701.250000000007 33410.900000000009 1.0000000180025095e-35 0.21012658222621433 -0.24999999999999997 0.25000000000000011 -0.5 7752.5000000000009 0.8542199457734333 46043.900000000009 -0.24999999999999997 50093.125000000007 0.15919902640022157 0.6830127018922193 35240.200000000004
decision_type=2 2 2 2 2 2 2 2 2 2 2 2 2 2 2 2 2 2 2 2 2 2 2 2 2 2 2 2 2 2 2 2 2 2 2 2 2 2 2 2 2 2 2 2 2 2 2 2 2 2 2 2 2 2 2 2 2 2 2 2 2 2
left_child=1 19 3 7 5 10 8 23 -3 17 14 -10 22 -7 15 -5 27 -4 -16 35 29 -22 -12 24 -2 -19 -14 28 48 -13 38 40 43 34 -34 53 -25 55 39 -18 59 -38 -42 44 -32 -45 -40 -23 61 -50 -33 -44 -53 54 -1 -37 -41 -39 -29 -21 -61 -8
right_child=2 6 9 4 -6 13 16 -9 11 -11 12 20 26 -15 18 -17 30 25 -20 31 21 47 -24 36 -26 -27 -28 58 -30 -31 32 50 33 -35 -36 37 41 57 46 56 42 -43 51 45 -46 -47 -48 -49 49 -51 -52 52 -54 -55 -56 -57 -58 -59 -60 60 -62 -63
leaf_value=-123.37157748685021 204.10855420225147 193.08048386032516 101.52358391839104 20.813010959057703 230.29212774103337 -152.46639579835997 -62.909313263588764 304.60626082136821 -58.956475860406144 352.77753536739863 91.860492434989169 50.786936018660249 157.99339144398962 -13.189043772457209 -13.718711386004699 61.426012862203493 -85.013635058221013 246.66151543090052 44.630181233828026 -58.855319052451904 176.23828770401454 55.132758724992428 32.715428195962218 63.112433616962839 85.048951737687389 147.65452293471535 90.783470820567047 -84.780780324995121 23.415873475984764 -24.505313627735667 -2.2113360929874717 -74.405392365200825 45.10270701258635 77.737745596902414 -95.491188989016081 -84.015756852545707 137.44935639688788 -92.616237046551547 2.0007293435408604 -40.695532501522841 -20.952127090327995 84.03862413561022 -39.980327213368518 22.152329479616078 -24.428126825179238 -5.4935960288606074 -30.035234534777896 15.071691417882937 -36.929765896341799 -2.4277216858559467 -106.70389185254818 -84.289211939761501 -52.753130925338461 -121.30692060270641 -87.367617839393816 -55.891393780668906 -7.407187586363797 -109.24445951896578 -57.580760709554852 -72.706750225429104 -91.065950772617398 -42.18019348189317
leaf_weight=10.000000000000002 16.000000000000004 10.999999999999998 10.999999999999998 94 11.999999999999998 12.000000000000002 13.999999999999998 10.999999999999998 15.999999999999998 10.999999999999998 40 11.000000000000002 25 12.999999999999998 72 142 12.999999999999998 16.000000000000004 39 11.999999999999998 9.9999999999999982 18.000000000000004 43 13.999999999999998 10.999999999999998 9.9999999999999982 21 16.000000000000004 12.999999999999998 14.999999999999998 37 12.999999999999998 12.000000000000002 17 9.9999999999999982 44 12.000000000000002 47 21 10.000000000000002 11.999999999999998 10.999999999999998 13.999999999999998 20 63 52 19 9.9999999999999982 91 13.999999999999998 32 17 15.999999999999998 60 19 11.999999999999998 15.999999999999998 60 9.9999999999999982 41 18 18
leaf_count=10 16 11 11 94 12 12 14 11 16 11 40 11 25 13 72 142 13 16 39 12 10 18 43 14 11 10 21 16 13 15 37 13 12 17 10 44 12 47 21 10 12 11 14 20 63 52 19 10 91 14 32 17 16 60 19 12 16 60 10 41 18 18
internal_value=0.813533 -44.1737 70.4124 58.2962 45.1896 40.7109 -9.15494 147.765 47.3967 218.406 47.0865 27.1491 85.0102 -80.3834 32.9676 45.2653 -20.2061 177.614 6.80394 -89.841 48.7339 76.9066 61.2954 120.375 156.096 209.294 127.574 -37.9831 -31.5941 7.42152 -9.40792 -73.424 -2.62346 23.2889 -18.9464 -101.208 93.9584 -93.8639 -27.5022 -42.0451 -65.0009 112.38 -52.5875 -8.50908 -16.2184 2.20586 -13.2532 40.9299 -36.8273 -32.3362 -97.5589 -60.603 -69.2047 -114.538 -100.164 -78.0995 -20.3174 -102.034 -74.58 -75.2278 -78.4525 -51.417
internal_weight=1620 984 636 588 513 501 557 75 91 48 476 80 129 25 347 236 466 37 111 427 64 38 83 64 27 26 46 176 150 26 290 175 211 39 22 252 37 163 79 39 130 23 59 172 100 72 40 28 137 105 45 47 33 89 29 56 26 107 26 71 59 32
internal_count=1620 984 636 588 513 501 557 75 91 48 476 80 129 25 347 236 466 37 111 427 64 38 83 64 27 26 46 176 150 26 290 175 211 39 22 252 37 163 79 39 130 23 59 172 100 72 40 28 137 105 45 47 33 89 29 56 26 107 26 71 59 32
is_linear=0
shrinkage=0.03


Tree=81
num_leaves=63
num_cat=0
split_feature=23 6 1 14 23 3 14 27 1 27 2 10 27 12 6 10 16 10 23 19 14 22 8 14 6 1 2 2 10 14 1 10 8 8 23 22 16 22 5 23 1 22 14 23 3 21 1 16 10 23 23 8 16 23 19 22 4 8 23 19 10 4
split_gain=5.32795e+09 1.89039e+09 1.53316e+09 9.02149e+08 7.33049e+08 6.77958e+08 5.1923e+08 3.94812e+08 3.74634e+08 2.78994e+08 2.18773e+08 1.73733e+08 1.66083e+08 1.45032e+08 1.33141e+08 1.08701e+08 8.71131e+07 8.56158e+07 9.28901e+07 8.39367e+07 8.01644e+07 7.93734e+07 7.77116e+07 7.75521e+07 7.44072e+07 7.06977e+07 6.99815e+07 6.92288e+07 6.14759e+07 6.01813e+07 4.99035e+07 4.90446e+07 7.88872e+07 4.68976e+07 4.43063e+07 5.83465e+07 3.64801e+07 3.62629e+07 3.16561e+07 2.82997e+07 2.67342e+07 2.60871e+07 2.52708e+07 2.49205e+07 2.45947e+07 2.27769e+07 2.25726e+07 2.19617e+07 2.09806e+07 2.00868e+07 1.85677e+07 1.84117e+07 1.77917e+07 1.70966e+07 1.66463e+07 1.66368e+07 1.61336e+07 1.49422e+07 1.471e+07 1.39238e+07 1.35511e+07 1.23025e+07
threshold=46586.150000000009 1.0000000180025095e-35 42920.000000000007 0.21850899738985968 30658.015384615388 56820.000000000007 0.18069397097137688 1.0000000180025095e-35 42920.000000000007 1.0000000180025095e-35 60701.875000000007 0.78574730703237883 1.0000000180025095e-35 1.1518987338855935 1.0000000180025095e-35 -0.78574730703237872 -0.068478572480783359 0.5163939593874618 63741.803846153853 60667.400000000009 0.28888888884146641 21038.210522748308 0.25000000000000017 0.26550868481347384 1.0000000180025095e-35 41550.000000000007 63437.500000000007 60475.000000000007 -0.78574730703237872 0.22250639381557705 30945.000000000004 0.95297903005573359 0.93301270189221952 -0.9330127018922193 85769.303846153853 9078.4029334761308 0.0050505372572776661 5410.8699778947002 1.0000000180025095e-35 72901.334615384621 34262.000000000007 5321.1271400236519 0.16675568845983602 65469.053846153845 47613.750000000007 41545.075000000004 29754.000000000004 0.0037543201186628354 -0.95297903005573326 56505.676923076928 61995.976923076931 0.93301270189221952 0.0050505372572776661 12581.007692307694 20015.050000000007 25878.681180325369 38798.750000000007 -0.5 18497.403846153848 56348.900000000009 -0.12053668025532321 56935.625000000007
decision_type=2 2 2 2 2 2 2 2 2 2 2 2 2 2 2 2 2 2 2 2 2 2 2 2 2 2 2 2 2 2 2 2 2 2 2 2 2 2 2 2 2 2 2 2 2 2 2 2 2 2 2 2 2 2 2 2 2 2 2 2 2 2
left_child=4 8 6 5 24 -4 -3 10 11 16 20 19 27 23 30 -16 -8 18 -18 28 -5 31 -9 37 46 -19 42 39 33 -21 60 32 -13 -2 -14 -36 -30 -11 -17 -10 -34 57 -26 59 45 -32 -1 -43 -35 -31 -33 58 -51 -44 -28 -37 -40 -29 -48 -15 -6 -12
right_child=1 2 3 7 14 -7 9 22 12 13 61 21 34 43 15 38 17 25 -20 29 -22 -23 -24 -25 26 -27 54 41 36 49 44 50 40 48 35 55 -38 -39 56 -41 -42 47 53 -45 -46 -47 51 -49 -50 52 -52 -53 -54 -55 -56 -57 -58 -59 -60 -61 -62 -63
leaf_value=-119.28236625560355 -17.842241655809396 222.38598321192009 525.26697749071764 215.81755617098037 -58.316267770350663 230.87486845091573 71.532040469654362 165.06863853254865 94.406115258587278 135.16821391118344 40.183636478410499 -27.011441869371719 140.442900390625 37.717763111965702 85.119935238420467 -19.998552979135642 17.018810915940936 3.1018650269928276 84.336321845470124 85.405104395338327 101.20586298876471 9.4986637155633211 230.87486845091573 65.461149874155623 -60.210128604328858 -80.438167402937609 -2.2222279607187398 4.8918364309757303 -19.38307574858899 -26.178909682472153 -33.675692817393127 -55.02553458077567 -153.71146679027657 59.17640895113032 33.275524464552312 127.15050080510491 -65.079715816446011 102.41991320593881 -2.9382979255322583 25.851813517655476 -88.603912577155896 -0.16476804535418624 -102.20493183016114 62.676594222112989 -57.324460802817256 1.8391052881301257 -97.138434027156777 -52.896526694722702 11.79125857023266 29.867333346905351 -12.060213639215126 -118.45203485355165 -4.8351333714030797 -79.822067777369355 -48.893981513804434 74.082330068456073 43.605474333487265 52.806713099715736 -74.846071524679502 -6.1850214986598235 -95.573321676051364 73.478908251649841
leaf_weight=48 36 15.999999999999998 10.000000000000002 13.000000000000002 26 18 30 19 12.000000000000002 15.999999999999998 28 12.999999999999998 10.999999999999998 12.000000000000002 11.999999999999998 75 79 51 24 11.999999999999998 9.9999999999999982 17 15.999999999999998 33 36 10.999999999999998 9.9999999999999982 14.000000000000002 55 9.9999999999999982 62 23 11.000000000000002 13.999999999999998 19 13.000000000000002 22 53 15.000000000000002 9.9999999999999982 12.999999999999998 24 54 14.999999999999998 27 22 96 9.9999999999999982 21 44 14.999999999999998 27 19 80 22 9.9999999999999982 11.999999999999998 9.9999999999999982 40 13.999999999999998 13.999999999999998 15.999999999999998
leaf_count=48 36 16 10 13 26 18 30 19 12 16 28 13 11 12 12 75 79 51 24 12 10 17 16 33 36 11 10 14 55 10 62 23 11 14 19 13 22 53 15 10 13 24 54 15 27 22 96 10 21 44 15 27 19 80 22 10 12 10 40 14 14 16
internal_value=0.790983 46.9456 88.2802 176.357 -63.3328 327.036 55.8951 134.714 3.25468 47.9504 91.8267 -14.1032 45.6492 79.7665 -24.3774 0.0991659 24.5897 16.0166 32.7711 -0.314878 166.64 -48.9852 216.316 98.9127 -88.3164 -11.8254 -75.2085 18.3211 -13.9581 23.4288 -42.8442 -62.2366 -86.8131 6.1755 86.787 72.434 -32.5068 117.13 -9.97682 63.5032 -118.959 1.10316 -82.8726 32.0096 -32.4402 -24.383 -100.824 -15.7838 30.86 13.138 -38.1418 -95.3181 19.4104 -88.9115 -34.3615 104.498 17.8323 24.9928 -90.6417 14.1446 -71.5621 52.4302
internal_weight=1620 942 484 130 678 28 354 102 458 338 67 325 133 143 265 114 195 165 103 233 23 92 35 102 413 62 202 80 148 85 151 75 37 71 53 42 77 69 102 22 24 58 170 41 111 84 211 34 35 73 38 163 63 134 32 23 27 24 136 26 40 44
internal_count=1620 942 484 130 678 28 354 102 458 338 67 325 133 143 265 114 195 165 103 233 23 92 35 102 413 62 202 80 148 85 151 75 37 71 53 42 77 69 102 22 24 58 170 41 111 84 211 34 35 73 38 163 63 134 32 23 27 24 136 26 40 44
is_linear=0
shrinkage=0.03


Tree=82
num_leaves=63
num_cat=0
split_feature=18 18 18 16 10 8 16 18 10 17 21 16 20 1 18 3 2 21 16 21 17 12 2 20 10 18 16 16 16 8 14 9 16 16 8 19 11 19 18 16 21 8 2 21 7 2 20 10 18 20 28 10 8 10 20 16 9 18 11 20 14 21
split_gain=4.99061e+09 1.54841e+09 1.12919e+09 6.76118e+08 4.30862e+08 3.8347e+08 3.48522e+08 3.10588e+08 2.78579e+08 2.55703e+08 2.47822e+08 1.21596e+08 1.21174e+08 9.08895e+07 8.7597e+07 8.73836e+07 8.63628e+07 8.17706e+07 8.10465e+07 6.50685e+07 6.17005e+07 9.89309e+07 5.91617e+07 5.06852e+07 4.81634e+07 4.68342e+07 4.05718e+07 3.61494e+07 1.17809e+08 9.29126e+07 3.12778e+07 2.82209e+07 2.73953e+07 4.14436e+07 2.11855e+07 2.03629e+07 1.88626e+07 1.74412e+07 1.60398e+07 2.01381e+07 1.42735e+07 1.8496e+07 1.39809e+07 1.2566e+07 1.21207e+07 1.13427e+07 1.3011e+07 8.20662e+06 7.71207e+06 6.65466e+06 6.62636e+06 4.68989e+06 5.47134e+06 7.74214e+06 3.68009e+06 2.71825e+06 2.13966e+06 2.08693e+06 4.42406e+06 2.08348e+06 1.35189e+06 611832
threshold=55071.80000000001 31763.850000000002 112238.65000000001 -1.0000000180025095e-35 0.98182534576205305 0.93301270189221952 -1.0000000180025095e-35 82632.60000000002 0.95297903005573359 0.075479115465842489 72962.250000000015 0.05017507414820211 66207.60000000002 42920.000000000007 45231.650000000001 57720.625000000007 60701.875000000007 16835.637500000004 0.0051020740191197742 42282.762500000004 0.079999999983956085 1.0658391177286974 64045.625000000007 63512.350000000006 -0.060268340127661524 74039.35000000002 0.05017507414820211 0.0050251573518178558 0.0049140049140049555 1.0000000180025095e-35 0.20948616596859607 0.8542199457734333 0.0050251573518178558 0.0049751551641986644 0.93301270189221952 59082.100000000006 0.95922883995513952 46629.000000000007 22902.900000000005 0.0050505372572776661 59413.325000000004 0.6830127018922193 47258.250000000007 72962.250000000015 -0.24999999999999997 45877.875000000007 18491.000000000004 0.95297903005573359 52055.200000000004 12511.800000000001 1.0000000180025095e-35 -0.70581670320594803 1.0000000180025095e-35 0.5163939593874618 9107.2500000000018 0.0037543201186628354 0.61559370248597556 12267.550000000001 0.77724137917700353 21946.950000000001 0.21717973125094933 11646.850000000002
decision_type=2 2 2 2 2 2 2 2 2 2 2 2 2 2 2 2 2 2 2 2 2 2 2 2 2 2 2 2 2 2 2 2 2 2 2 2 2 2 2 2 2 2 2 2 2 2 2 2 2 2 2 2 2 2 2 2 2 2 2 2 2 2
left_child=1 17 3 7 5 10 8 20 19 16 11 18 -7 24 26 -15 -4 30 -5 -3 21 -2 -18 36 -12 -13 31 28 40 50 42 32 33 -8 38 -22 -21 -33 51 45 41 -16 -1 -37 54 56 -47 57 -42 60 -29 -19 59 -54 -32 61 -40 -44 -59 -53 -46 -51
right_child=2 6 9 4 -6 12 14 -9 -10 -11 13 25 -14 15 27 -17 22 34 -20 23 35 -23 -24 -25 -26 -27 -28 29 -30 -31 44 37 -34 -35 -36 43 -38 -39 39 -41 48 -43 47 -45 49 46 -48 -49 -50 55 -52 52 53 -55 -56 -57 -58 58 -60 -61 -62 -63
leaf_value=-91.345233264273659 199.06564200900243 -28.716885585285603 95.683501883841856 34.868077682479075 219.44110502384908 -144.41404438113372 -32.882989492036273 285.74507324218752 150.43999549654961 333.10238492398645 13.284315688263824 -22.348070718644834 -12.392722421893636 117.75396491788874 -6.6550117667819242 59.570960567954593 233.59898055366841 -55.833023107106449 118.21614315548459 79.159935543662627 115.90368760671046 79.633700413059557 137.65918916305694 -5.382119862256129 63.39152842093204 23.825242279144931 -81.271167427225322 -51.671005554199219 79.896958541364867 28.765440284242018 -104.03565410573285 32.082016976233746 -67.68025378822621 22.578766159756491 -99.455914156729705 44.171731540188915 35.381540851293437 -19.565828945078749 -70.427236625052757 -82.422766750169828 -4.8464718468509496 -34.756190111883754 -87.791818158098764 89.658715182005906 -110.61971751267996 -60.050370429010655 -18.464742884342137 -45.527400784634125 21.446399845863453 -106.14085620777027 -84.26676084912512 -93.892899918529849 -47.906981737121079 -78.732509086229143 -91.345233264273659 -115.6819159261689 -49.600022468189202 -57.592593663601171 -80.25576343090502 -74.35728786159207 -126.52417417055599 -92.336327676005737
leaf_weight=32 15.000000000000002 19 10.999999999999998 202 11.999999999999998 12.000000000000002 168 10.999999999999998 18 10.999999999999998 24 49 12.999999999999998 53 110 42 16.000000000000004 12.999999999999998 10.999999999999998 17 14.999999999999998 10.999999999999998 9.9999999999999982 18 62 33 13.999999999999998 12 14.999999999999998 13.999999999999998 28 10.000000000000002 18 12.999999999999998 17 10.000000000000002 19 13.999999999999998 11.000000000000002 15.999999999999998 20 26 12.999999999999998 12.999999999999998 19 10.000000000000002 21 9.9999999999999982 20 10.999999999999998 12 18.000000000000004 11.999999999999998 22 54 12.999999999999998 9.9999999999999982 13.999999999999998 23 10.999999999999998 23 26
leaf_count=32 15 19 11 202 12 12 168 11 18 11 24 49 13 53 110 42 16 13 11 17 15 11 10 18 62 33 14 12 15 14 28 10 18 13 17 10 19 14 11 16 20 26 13 13 19 10 21 10 20 11 12 18 12 22 54 13 10 14 23 11 23 26
internal_value=0.784185 -41.5467 66.2735 54.8303 42.5128 38.232 -8.59301 138.914 45.0766 206.046 44.2508 27.2801 -76.086 71.8799 -19.081 92.1207 167.477 -84.521 39.2259 18.9263 113.271 149.036 197.368 35.7118 49.4398 -3.7597 -31.8627 -5.84464 -0.521982 -32.5264 -94.7631 -28.7257 -32.4302 -28.8893 -67.5509 88.4728 56.2168 1.99781 -63.7179 -52.9491 -7.41736 -12.0489 -80.3652 70.1587 -102.325 -43.7395 -32.0295 -71.146 8.32059 -110.088 -68.251 -73.2709 -76.7749 -68.0254 -93.4921 -101.868 -60.7917 -76.1685 -71.8589 -86.7639 -119.609 -96.7155
internal_weight=1620 984 636 588 513 501 557 75 91 48 476 295 25 181 466 95 37 427 213 73 64 26 26 54 86 82 237 229 191 38 266 223 199 181 161 38 36 24 144 68 176 136 92 23 174 52 31 60 40 92 24 76 63 34 82 50 21 50 37 29 42 37
internal_count=1620 984 636 588 513 501 557 75 91 48 476 295 25 181 466 95 37 427 213 73 64 26 26 54 86 82 237 229 191 38 266 223 199 181 161 38 36 24 144 68 176 136 92 23 174 52 31 60 40 92 24 76 63 34 82 50 21 50 37 29 42 37
is_linear=0
shrinkage=0.03


Tree=83
num_leaves=63
num_cat=0
split_feature=23 6 23 23 12 16 22 24 12 20 22 23 27 18 6 22 16 20 10 10 21 10 27 3 7 7 24 18 6 16 7 16 27 26 2 6 23 22 10 20 14 23 22 24 22 21 20 23 16 22 14 23 24 18 22 24 10 16 7 18 7 22
split_gain=4.72862e+09 1.70999e+09 1.31802e+09 6.47541e+08 6.24825e+08 5.66559e+08 2.94691e+08 2.84458e+08 2.21602e+08 1.86985e+08 1.77271e+08 1.72987e+08 1.61731e+08 1.41812e+08 1.19422e+08 1.09132e+08 2.309e+08 1.08032e+08 1.05739e+08 1.00294e+08 9.45742e+07 8.36811e+07 7.43232e+07 6.75759e+07 6.51049e+07 5.32531e+07 5.18546e+07 4.84107e+07 4.5919e+07 4.07318e+07 4.01061e+07 3.92529e+07 4.57494e+07 3.81882e+07 3.51738e+07 3.29684e+07 3.10591e+07 7.18704e+07 2.92173e+07 2.81281e+07 2.64166e+07 2.45414e+07 2.38381e+07 2.09153e+07 2.07915e+07 1.98244e+07 1.85561e+07 1.79958e+07 1.75432e+07 1.76893e+07 1.72726e+07 1.54277e+07 1.4775e+07 1.41215e+07 1.90101e+07 1.39004e+07 1.34461e+07 1.34394e+07 1.26599e+07 1.06794e+07 1.06551e+07 9.36261e+06
threshold=46586.150000000009 1.0000000180025095e-35 82963.484615384616 30658.015384615388 1.0326530610178755 -0.040941482945758438 1644.4962698710331 57366.875000000007 1.1224489793650323 44507.650000000001 21272.212898325703 58324.465384615389 1.0000000180025095e-35 74296.250000000015 1.0000000180025095e-35 2622.0315956020982 0.0049140049140049555 81692.800000000017 0.78574730703237883 -0.78574730703237872 69242.625000000015 -0.70581670320594803 1.0000000180025095e-35 60701.875000000007 1.0000000180025095e-35 -0.24999999999999997 60701.875000000007 51612.650000000009 1.0000000180025095e-35 0.0050251573518178558 -0.93301270189221919 0.088483499821170555 1.0000000180025095e-35 1.0000000180025095e-35 60475.000000000007 1.0000000180025095e-35 85769.303846153853 9078.4029334761308 0.5163939593874618 72954.300000000017 0.22321717548807393 12581.007692307694 13129.28028695893 47138.750000000007 6625.9421386823351 28616.800000000007 74518.60000000002 42087.469230769238 0.0037543201186628354 7766.9183557587348 0.2567237163233177 40678.834615384621 38478.575000000004 33236.650000000001 3926.0514478670279 42379.500000000007 0.95297903005573359 0.0050251573518178558 -0.93301270189221919 41667.000000000007 -0.24999999999999997 3352.8228474363718
decision_type=2 2 2 2 2 2 2 2 2 2 2 2 2 2 2 2 2 2 2 2 2 2 2 2 2 2 2 2 2 2 2 2 2 2 2 2 2 2 2 2 2 2 2 2 2 2 2 2 2 2 2 2 2 2 2 2 2 2 2 2 2 2
left_child=3 7 5 23 -4 6 -3 9 17 -2 11 21 26 27 25 16 -13 50 20 -16 24 -7 -17 28 43 51 44 -8 52 -26 55 32 56 -23 39 -25 -14 -38 40 -28 -32 -30 -29 -11 -9 -37 -22 -42 53 -50 -6 -5 -1 -27 -55 -21 -20 60 -43 -40 -54 -36
right_child=1 2 4 14 8 10 13 12 -10 18 -12 15 36 -15 19 22 -18 -19 31 30 46 33 -24 35 29 48 34 42 41 -31 38 -33 -34 -35 61 45 37 -39 59 -41 47 58 -44 -45 -46 -47 -48 -49 49 -51 -52 -53 57 54 -56 -57 -58 -59 -60 -61 -62 -63
leaf_value=-111.47973057058404 -127.64313469500581 272.84349674445536 354.75479368093914 -27.096800108388109 165.55820039352562 88.932334801539895 33.778269191432642 11.894832032458613 42.062758085527499 72.28804773217378 146.57956378456771 38.021154363342603 130.9081247945351 208.6704792084565 81.812325754402096 28.844934065643198 195.43753968497774 234.74407117245798 -64.932017614554354 -67.817778018158236 18.929786296535184 -18.574195824570545 69.677604081255225 -72.704623329753787 -3.2171468502062006 -57.484618616270595 96.623458276125433 124.64532842485734 -91.1994826547364 -36.80974784178413 49.463125550290378 -86.250704744197122 4.1196387218606878 18.220575868403554 31.648152032800613 0.77164450434328014 29.147592266542123 110.73347738237521 -47.711159470016881 28.336616140318309 -13.634255350044523 -95.010173599567821 77.936411729675626 18.199074551914276 -43.778806690948691 -55.248959338499773 67.213849117044006 25.420470892319354 -54.658370072214211 -105.57902193277189 113.30972269118698 8.0243927109032338 -67.488113513241444 -46.468691271497057 1.4351699581661739 -24.034290570963112 -32.032336475738845 -112.65598058936128 -63.999121942549309 -4.9123124709931929 -92.321651190549815 -3.0165753924784231
leaf_weight=56 11.999999999999998 11.999999999999998 18 33 10.000000000000002 11.999999999999998 10.999999999999998 10.000000000000002 12.999999999999998 10.000000000000002 14.999999999999998 19 9.9999999999999982 10.999999999999998 11.999999999999998 83 14.999999999999998 20 19 10.000000000000002 10.999999999999998 38 78 27 132 40 10.000000000000002 24 67 43 13.999999999999998 11.999999999999998 26 76 11.000000000000002 13.000000000000002 19 20 11.000000000000002 11.999999999999998 25 13.999999999999998 18 18 14.999999999999998 9.9999999999999982 21 12.999999999999998 17.000000000000004 9.9999999999999982 10.999999999999998 17 21 23 10.999999999999998 19 28 25 98 9.9999999999999982 82 19
leaf_count=56 12 12 18 33 10 12 11 10 13 10 15 19 10 11 12 83 15 20 19 10 11 38 78 27 132 40 10 24 67 43 14 12 26 76 11 13 19 20 11 12 25 14 18 18 15 10 21 13 17 10 11 17 21 23 11 19 28 25 98 10 82 19
internal_value=0.761096 44.2423 83.5552 -59.6485 201.905 62.8287 136.757 2.68855 150.394 -11.8776 46.0711 41.3303 41.0481 110.855 -23.0355 59.0269 107.839 184.557 -7.49784 0.145708 2.87692 13.9174 48.6582 -83.1299 -4.6872 -40.525 13.8979 90.1986 -87.6418 -11.4877 -9.53282 -36.1507 -27.8083 5.9501 30.9492 -50.2635 83.5976 71.1628 2.33534 59.673 14.394 -76.7027 104.86 37.7052 -21.5506 -23.7187 50.727 1.37782 -53.0528 -73.838 135.873 -15.1634 -98.2363 -45.3796 -31.0115 -39.3133 -45.4419 -92.3597 -67.9568 -27.4508 -87.3289 9.75664
internal_weight=1620 942 484 678 72 412 76 458 54 332 336 321 126 64 265 195 34 41 320 114 235 126 161 413 203 151 77 53 363 175 102 85 73 114 52 50 49 39 73 22 52 179 42 28 25 23 32 38 101 27 21 50 184 74 34 29 47 128 112 21 103 30
internal_count=1620 942 484 678 72 412 76 458 54 332 336 321 126 64 265 195 34 41 320 114 235 126 161 413 203 151 77 53 363 175 102 85 73 114 52 50 49 39 73 22 52 179 42 28 25 23 32 38 101 27 21 50 184 74 34 29 47 128 112 21 103 30
is_linear=0
shrinkage=0.03


Tree=84
num_leaves=63
num_cat=0
split_feature=18 18 12 25 16 24 27 12 14 6 18 16 24 18 6 17 2 16 7 6 16 19 16 14 2 24 18 16 24 16 2 10 20 28 18 16 21 6 11 19 18 18 19 7 16 3 7 24 14 14 20 24 21 2 16 3 7 18 8 19 20 18
split_gain=4.42068e+09 1.44125e+09 6.3671e+08 5.13898e+08 4.66183e+08 3.23211e+08 2.91726e+08 3.33302e+08 2.40156e+08 2.01991e+08 1.58474e+08 1.41015e+08 1.40717e+08 1.46907e+08 1.12692e+08 1.13645e+08 9.36257e+07 1.23497e+08 8.22671e+07 7.35604e+07 8.41389e+07 1.46833e+08 8.30582e+07 6.75221e+07 6.57299e+07 6.10077e+07 5.22423e+07 5.16545e+07 6.69503e+07 5.02834e+07 4.82503e+07 4.07634e+07 3.97142e+07 3.84324e+07 3.61891e+07 3.37295e+07 8.66852e+07 9.5175e+07 3.21742e+07 2.90813e+07 3.17998e+07 2.87933e+07 2.66127e+07 2.5744e+07 2.54984e+07 2.20904e+07 2.36334e+07 2.1223e+07 2.06031e+07 1.92124e+07 1.90885e+07 1.84166e+07 1.81538e+07 1.70768e+07 1.69837e+07 1.67514e+07 2.06344e+07 1.61844e+07 1.57209e+07 1.51809e+07 1.37612e+07 1.96813e+07
threshold=41414.350000000006 73508.35000000002 1.0326530610178755 1.0000000180025095e-35 -1.0000000180025095e-35 52630.625000000007 1.0000000180025095e-35 1.0267857140995378 0.17083023276520834 1.0000000180025095e-35 80288.900000000009 0.0050761748317067487 44240.945000000007 55728.200000000004 1.0000000180025095e-35 0.061650782740210804 44210.375000000007 -0.075467952801286139 -0.93301270189221919 1.0000000180025095e-35 0.0049751551641986644 58786.350000000013 0.0037543201186628354 0.20948616596859607 51960.625000000007 37090.350000000006 61631.000000000007 0.0037543201186628354 59776.875000000007 1.0000000180025095e-35 62812.500000000007 0.8542199457734333 60379.850000000006 1.0000000180025095e-35 61631.000000000007 0.0049140049140049555 54979.475000000006 1.0000000180025095e-35 0.87850467273699395 69122.050000000017 87880.050000000003 79169.450000000012 49877.250000000007 -0.24999999999999997 -0.080000000000000002 46005.625000000007 -0.24999999999999997 49061.750000000007 0.13707268499901715 0.25307125302469863 66439.000000000015 39505.450000000004 54377.125000000007 53698.125000000007 0.0037543201186628354 42910.500000000007 0.25000000000000011 9247.9500000000025 0.93301270189221952 20550.450000000004 49575.900000000009 48886.600000000006
decision_type=2 2 2 2 2 2 2 2 2 2 2 2 2 2 2 2 2 2 2 2 2 2 2 2 2 2 2 2 2 2 2 2 2 2 2 2 2 2 2 2 2 2 2 2 2 2 2 2 2 2 2 2 2 2 2 2 2 2 2 2 2 2
left_child=3 4 6 8 16 11 -3 -8 -1 27 -11 38 25 35 33 29 -2 26 -12 22 42 -22 34 30 -19 -6 55 41 -29 51 48 39 -24 53 -15 60 37 -37 -4 40 -13 -7 -21 -25 -28 46 -27 -40 -5 -48 -41 -16 -47 -10 57 -18 -57 -45 -35 -32 -14 -62
right_child=1 2 5 23 12 9 7 -9 14 10 18 31 13 19 15 -17 17 24 -20 20 21 -23 32 43 -26 45 44 28 -30 -31 59 -33 -34 58 -36 36 -38 -39 47 50 -42 -43 -44 54 -46 52 49 -49 -50 -51 -52 -53 -54 -55 -56 56 -58 -59 -60 -61 61 -63
leaf_value=117.90329548599698 -2.4973177751148024 143.43567005137911 108.46375497396889 -38.796447052651267 -88.583094721613705 53.740011692858758 408.23118744198621 182.83365651515933 -23.333985423113077 48.303543557113734 49.044580836940462 20.386236523370052 -20.388072828860782 15.973278524697232 -20.72472525039521 43.103898638200242 76.142591627281135 93.696385649123968 143.43567005137911 82.430322857847315 23.022664245001149 185.45602766282488 -71.077074634448905 -80.88914611528341 203.94688365974048 11.03656294265282 134.29083707242395 79.366287165461344 -27.449639699199409 28.42596806294209 -0.060079732460550712 -39.287037465312693 -1.9730777460568909 -50.792444513142577 60.615678781092846 2.6235293658990511 -55.269936245455604 107.74279574561666 27.282284521154445 -17.518240339385791 81.983333059995232 109.41919336931736 30.497141371218611 -110.51775358181062 74.682412891053318 -20.556294275054125 -1.9818631707391705 83.237539231320653 -77.611980324323412 -36.514808783800497 28.002554894162895 -77.137259175068635 -70.50485376339148 -53.757013410956937 -116.46108271912065 22.010403449398346 72.688419020246755 -82.549450681455909 -84.392728658166718 -45.685719516614341 -14.533201947145271 8.9763208414872242
leaf_weight=9.9999999999999982 12.999999999999998 13.999999999999998 23 13.999999999999998 10.999999999999998 13.999999999999998 10.000000000000002 14.999999999999998 80 15.999999999999998 10.999999999999998 18.000000000000004 58 44 10.000000000000002 9.9999999999999982 12.999999999999998 10.000000000000002 55 9.9999999999999982 10.000000000000002 9.9999999999999982 10.999999999999998 131 9.9999999999999982 36 11.000000000000002 11.000000000000002 9.9999999999999982 10.999999999999998 10.000000000000002 9.9999999999999982 23 63 26 19 9.9999999999999982 12.999999999999998 11.000000000000002 15.999999999999998 12.999999999999998 22 77 30 17 19.000000000000004 28 13.999999999999998 103 30 17 10.999999999999998 9.9999999999999982 21 41 26 9.9999999999999982 57 15.999999999999998 19 64 64
leaf_count=10 13 14 23 14 11 14 10 15 80 16 11 18 58 44 10 10 13 10 55 10 10 10 11 131 10 36 11 11 10 11 10 10 23 63 26 19 10 13 11 16 13 22 77 30 17 19 28 14 103 30 17 11 10 21 41 26 10 57 16 19 64 64
internal_value=0.740783 40.6328 95.4319 -60.8161 16.5524 78.4795 208.392 274.26 -25.1992 109.748 139.907 42.7926 5.68779 13.9013 -31.6955 12.5294 73.0907 83.2132 143.436 31.935 49.3886 104.758 13.9477 -81.2076 149.562 -21.2108 65.8081 66.1931 28.6124 -23.365 -64.7906 16.7743 -24.4732 -42.0159 32.6176 -2.7945 21.4564 45.5309 82.7859 25.5815 46.3979 87.9751 36.5543 -90.4334 98.4947 -15.1186 -8.0379 58.8241 -73.3791 -19.8759 5.94553 -50.4998 -37.9631 -29.7065 -100.13 46.9674 36.2501 -92.3095 -57.6957 -30.0071 -8.27911 -2.78059
internal_weight=1620 983 300 637 683 261 39 25 232 139 82 122 573 439 222 42 110 97 66 211 107 20 104 405 20 134 77 57 21 32 146 74 34 180 70 228 42 32 48 64 31 36 87 259 28 123 94 25 117 58 33 21 29 101 128 49 36 87 79 29 186 128
internal_count=1620 983 300 637 683 261 39 25 232 139 82 122 573 439 222 42 110 97 66 211 107 20 104 405 20 134 77 57 21 32 146 74 34 180 70 228 42 32 48 64 31 36 87 259 28 123 94 25 117 58 33 21 29 101 128 49 36 87 79 29 186 128
is_linear=0
shrinkage=0.03


Tree=85
num_leaves=63
num_cat=0
split_feature=18 18 18 16 10 8 16 19 18 17 21 18 20 16 1 3 18 2 21 16 6 17 2 17 12 10 20 20 16 16 16 8 14 6 16 16 19 8 21 18 16 21 2 18 2 8 19 8 18 16 10 14 3 10 10 8 10 19 18 20 18 11
split_gain=4.16576e+09 1.29133e+09 9.58519e+08 5.63711e+08 3.87325e+08 3.38449e+08 2.9268e+08 2.74652e+08 2.61388e+08 2.15689e+08 2.09698e+08 1.44623e+08 1.06003e+08 1.03042e+08 7.85783e+07 7.79216e+07 7.4492e+07 7.39915e+07 7.03038e+07 6.82176e+07 6.77224e+07 1.26618e+08 5.77937e+07 5.51939e+07 8.43886e+07 4.35294e+07 4.11696e+07 3.56938e+07 3.41359e+07 3.25672e+07 1.16758e+08 8.64866e+07 2.69652e+07 2.18347e+07 3.93432e+07 2.31059e+07 2.10466e+07 1.8959e+07 1.65642e+07 1.34146e+07 1.72279e+07 1.31226e+07 1.30533e+07 1.26302e+07 1.15237e+07 1.07265e+07 1.13991e+07 9.89635e+06 8.85581e+06 7.8066e+06 7.28957e+06 6.84446e+06 6.63934e+06 4.6174e+06 4.27614e+06 4.70129e+06 7.11182e+06 4.27564e+06 2.28365e+06 2.1079e+06 1.91368e+06 4.05557e+06
threshold=55071.80000000001 31763.850000000002 112238.65000000001 -1.0000000180025095e-35 0.98182534576205305 0.93301270189221952 -1.0000000180025095e-35 35545.650000000009 82632.60000000002 0.075479115465842489 72962.250000000015 40304.150000000009 66207.60000000002 0.05017507414820211 42920.000000000007 57720.625000000007 46043.900000000009 60701.875000000007 16835.637500000004 0.0051020740191197742 1.0000000180025095e-35 0.075434243158852596 64045.625000000007 0.079999999984114015 1.0658391177286974 -0.060268340127661524 58561.80000000001 61017.05000000001 0.05017507414820211 0.0050251573518178558 0.0049140049140049555 1.0000000180025095e-35 0.21012658222032701 1.0000000180025095e-35 1.0000000180025095e-35 0.0050251573518178558 59082.100000000006 0.93301270189221952 56003.600000000006 22902.900000000005 0.0050505372572776661 77002.78750000002 47258.250000000007 33738.850000000006 48701.250000000007 -0.9330127018922193 34717.450000000004 0.6830127018922193 8546.9000000000015 0.0050251573518178558 0.95297903005573359 0.23907455008803444 43730.625000000007 0.5163939593874618 -0.70581670320594803 1.0000000180025095e-35 0.5163939593874618 33410.900000000009 17322.450000000004 21946.950000000001 12267.550000000001 0.77724137917700353
decision_type=2 2 2 2 2 2 2 2 2 2 2 2 2 2 2 2 2 2 2 2 2 2 2 2 2 2 2 2 2 2 2 2 2 2 2 2 2 2 2 2 2 2 2 2 2 2 2 2 2 2 2 2 2 2 2 2 2 2 2 2 2 2
left_child=1 18 3 8 5 10 7 -3 23 17 13 -9 -7 19 25 -16 28 -4 32 -5 27 -22 -19 24 -2 -12 -15 -13 33 30 38 52 42 35 57 43 -25 39 47 54 45 -38 -1 -8 -23 -41 -47 -18 -34 51 60 -50 -31 -40 -20 59 -57 -35 -51 -56 -44 -62
right_child=2 6 9 4 -6 12 16 11 -10 -11 14 20 -14 26 15 -17 29 22 37 -21 21 44 -24 36 -26 -27 -28 -29 -30 31 -32 -33 48 34 -36 -37 41 -39 53 40 -42 -43 50 -45 -46 46 -48 -49 49 58 -52 -53 -54 -55 55 56 -58 -59 -60 -61 61 -63
leaf_value=-83.813124249176852 179.94584645526001 181.22117146260027 87.515992505872575 31.791516192991622 206.5559305137445 -136.556444848431 -44.357180468200482 -58.49255262291949 261.52741461676521 306.06719304265198 10.59444095532429 45.576929923392626 -13.061993631843391 10.705670831305458 108.83871368494411 53.91166053989437 -7.9168386230397312 217.30884125703602 -49.979326206818797 108.2580950102935 158.68090692199104 48.871173341866999 122.91487763961943 106.65213355462282 71.13197823189401 58.218822307125954 -34.903484483039243 -25.288316546812752 -72.175109448464511 -44.047861098487758 87.26558925483063 32.33232024913525 -112.04935014204544 -39.565072157839516 27.208417065868062 -62.90226228155484 38.288866912589576 -91.579455951891433 15.730396973433443 -67.353736366800746 -75.209678917168077 85.304443649443073 -80.310808571385977 -23.053949826338698 8.6432163835280011 -22.058704056100744 -55.933304438117808 -29.86414836677773 -83.911948729976046 -109.67475685150023 -40.491739695331837 -108.35695021767653 -76.96738000098695 -1.1894992800487632 -86.117325176428679 -42.563783486579077 -72.013927084806269 -18.735311301181987 -88.813936610457915 -66.974626794763523 -51.657898286860039 -73.230686304662129
leaf_weight=36 16.000000000000004 10.999999999999998 10.999999999999998 202 11.999999999999998 12.000000000000002 31 15.999999999999998 10.999999999999998 10.999999999999998 24 11.000000000000002 12.999999999999998 56 53 42 80 16.000000000000004 12.999999999999998 10.999999999999998 9.9999999999999982 18.000000000000004 9.9999999999999982 14.999999999999998 10.999999999999998 62 26 14.999999999999998 14.999999999999998 10.000000000000002 12.999999999999998 12.999999999999998 23 13.999999999999998 18 18 12.000000000000002 17 28 9.9999999999999982 15.999999999999998 9.9999999999999982 12.999999999999998 133 9.9999999999999982 29 12.999999999999998 24 99 25 9.9999999999999982 12.999999999999998 13.999999999999998 30 18.000000000000004 11.999999999999998 22 25 9.9999999999999982 10.999999999999998 13.999999999999998 23
leaf_count=36 16 11 11 202 12 12 31 16 11 11 24 11 13 56 53 42 80 16 13 11 10 18 10 15 11 62 26 15 15 10 13 13 23 14 18 18 12 17 28 10 16 10 13 133 10 29 13 24 99 25 10 13 14 30 18 12 22 25 10 11 14 23
internal_value=0.76419 -37.9106 60.5971 50.0543 38.8072 34.7488 -7.81663 41.3658 126.831 189.374 40.4035 21.9334 -72.6473 24.7927 65.8186 84.6374 -17.4277 153.95 -77.1555 35.7895 42.0998 67.5734 181.614 103.308 136.04 44.9561 -3.78063 4.75277 -28.3826 -4.29532 1.11667 -29.8267 -86.6513 -25.6051 -9.38094 -30.6783 79.1192 -61.4228 -5.84607 -57.8016 -47.9558 59.949 -73.7206 -27.1054 34.586 -39.4417 -32.6517 -13.0055 -93.9057 -90.9926 -64.5766 -86.8435 -63.4907 6.99169 -66.5363 -69.8682 -61.7751 -26.2948 -103.985 -79.1115 -69.3031 -65.2293
internal_weight=1620 984 636 588 513 501 557 91 75 48 476 80 25 295 181 95 466 37 427 213 64 38 26 64 27 86 82 26 254 212 175 37 266 239 57 182 37 161 162 144 68 22 96 164 28 52 42 104 170 147 60 112 24 58 76 63 34 39 35 29 50 37
internal_count=1620 984 636 588 513 501 557 91 75 48 476 80 25 295 181 95 466 37 427 213 64 38 26 64 27 86 82 26 254 212 175 37 266 239 57 182 37 161 162 144 68 22 96 164 28 52 42 104 170 147 60 112 24 58 76 63 34 39 35 29 50 37
is_linear=0
shrinkage=0.03


Tree=86
num_leaves=63
num_cat=0
split_feature=23 6 1 3 27 23 11 1 27 8 9 3 16 12 27 18 9 6 14 1 1 10 18 11 12 16 1 3 3 11 7 6 23 22 7 16 7 16 6 18 23 10 16 23 22 14 18 16 21 1 23 27 8 23 24 24 18 9 7 3 22 9
split_gain=3.97189e+09 1.477e+09 1.20303e+09 7.15009e+08 6.30807e+08 5.33785e+08 4.2787e+08 2.74633e+08 2.05636e+08 1.71256e+08 1.54665e+08 1.47659e+08 1.32564e+08 1.23642e+08 1.18571e+08 1.04709e+08 1.02928e+08 9.86315e+07 9.6361e+07 1.00209e+08 9.93534e+07 8.75271e+07 8.22996e+07 7.22154e+07 6.33094e+07 5.93166e+07 5.87913e+07 5.44025e+07 5.04112e+07 4.82765e+07 4.65474e+07 3.91993e+07 3.85876e+07 5.01818e+07 3.80968e+07 3.65534e+07 3.60432e+07 3.08139e+07 2.84351e+07 2.78374e+07 2.58479e+07 2.50333e+07 2.31064e+07 2.17109e+07 2.15689e+07 2.11188e+07 1.95066e+07 1.92722e+07 1.80268e+07 1.60004e+07 1.58776e+07 1.4782e+07 1.35321e+07 1.3433e+07 1.26112e+07 1.22568e+07 1.17262e+07 1.17156e+07 1.15299e+07 1.09122e+07 1.37207e+07 1.07582e+07
threshold=46586.150000000009 1.0000000180025095e-35 42920.000000000007 54420.625000000007 1.0000000180025095e-35 30658.015384615388 0.81689655158114804 42920.000000000007 1.0000000180025095e-35 0.25000000000000017 -0.35460488704253573 56820.000000000007 0.0037543201186628354 1.1565945280765215 1.0000000180025095e-35 49014.400000000009 -0.78574730703237861 1.0000000180025095e-35 0.19209099601679602 38830.000000000007 34262.000000000007 -0.78574730703237872 60197.850000000006 1.0593220337205358 1.0658391177286974 0.0050251573518178558 43670.000000000007 56958.750000000007 57868.125000000007 0.87850467273699395 -0.24999999999999997 1.0000000180025095e-35 85769.303846153853 9078.4029334761308 0.68301270189221941 -1.0000000180025095e-35 -0.93301270189221919 0.0050505372572776661 1.0000000180025095e-35 37927.400000000009 72901.334615384621 0.5163939593874618 0.0050761748317067487 12581.007692307694 5321.1271400236519 0.22321717548807393 121773.20000000001 0.0037543201186628354 28616.800000000007 30945.000000000004 42087.469230769238 1.0000000180025095e-35 -0.5 39079.003846153857 38478.575000000004 42379.500000000007 61631.000000000007 -0.35460488704253573 -0.93301270189221919 47613.750000000007 3926.0514478670279 0.35460488704253579
decision_type=2 2 2 2 2 2 2 2 2 2 2 2 2 2 2 2 2 2 2 2 2 2 2 2 2 2 2 2 2 2 2 2 2 2 2 2 2 2 2 2 2 2 2 2 2 2 2 2 2 2 2 2 2 2 2 2 2 2 2 2 2 2
left_child=5 7 6 -4 11 26 -3 10 18 16 12 23 -2 22 27 37 -6 30 -8 20 -20 -19 -10 -5 -24 29 31 40 -21 56 53 54 -16 -34 -35 -13 55 39 -28 -12 -9 45 -27 -33 52 -38 -11 -46 -40 61 -47 -44 -29 -7 -1 -23 -17 -56 -45 60 -51 -32
right_child=1 2 3 4 9 17 8 14 13 46 15 35 -14 -15 32 25 -18 21 19 28 -22 36 24 -25 -26 42 38 44 -30 -31 49 43 33 34 -36 -37 41 -39 48 -41 -42 -43 51 58 47 50 -48 -49 -50 59 -52 -53 -54 -55 57 -57 -58 -59 -60 -61 -62 -63
leaf_value=-102.16895476478943 -12.204184786399697 240.94154356701537 397.90679175046409 199.222760768581 88.146539838432062 -26.766740061966413 98.435445920254324 84.74962041177038 141.8581314755624 306.85406563096365 -52.105739860707274 103.31186141514542 -132.42898565995065 13.046409836086935 123.02893843367293 39.740441024495937 215.39128438746675 75.975478226842966 -2.6624866063254218 -40.830683641693021 50.403434788820711 -64.359807899399541 120.35438632476949 86.559531224316885 61.887134079089655 -53.267966044657946 -66.136116524446493 2.5285465776159404 23.917067763050149 11.08658575519557 -90.038950756176106 -83.674799355337768 23.410520344479544 51.762238497142938 129.60896418391044 39.501470552023122 44.41157024140054 -74.181426812249256 2.685358731218876 -14.655075090998166 19.319741839418313 -25.677285793358678 -21.154120188101352 -87.60438331117021 -0.80229813654887716 -12.763345213506325 240.23424004583075 -50.202503139382543 -50.721105008266946 -42.816223883754695 22.914256120739939 12.105175353211241 48.108462871136048 4.6963187498842931 -112.2266581434876 -23.236998832263243 79.421162442294047 -81.287694101076767 -58.062113319886933 -60.67520833333333 -7.4815413259952628 -53.803763310633805
leaf_weight=56 15.999999999999998 9.9999999999999982 9.9999999999999982 11.000000000000002 10.000000000000002 29 13.999999999999998 12.000000000000002 13.999999999999998 13.000000000000002 22 9.9999999999999982 17 28 10.999999999999998 16.000000000000004 13.999999999999998 11.999999999999998 51 33 84 10.000000000000002 21 9.9999999999999982 83 10.999999999999998 27 14.000000000000002 15.999999999999998 78 10.999999999999998 67 19 12 11 42 13.999999999999998 10.999999999999998 13.000000000000002 94 9.9999999999999982 21 25 13.999999999999998 24 25 9.9999999999999982 9.9999999999999982 9.9999999999999982 34 12.999999999999998 23 9.9999999999999982 21 12.999999999999998 19 11.999999999999998 115 98 17 13.999999999999998 25
leaf_count=56 16 10 10 11 10 29 14 12 14 13 22 10 17 28 11 16 14 12 51 33 84 10 21 10 83 11 27 14 16 78 11 67 19 12 11 42 14 11 13 94 10 21 25 14 24 25 10 10 10 34 13 23 10 21 13 19 12 115 98 17 14 25
internal_value=0.738934 40.5894 77.126 155.145 134.601 -54.6264 48.4391 1.97024 42.7747 220.243 -12.8913 79.2352 -74.3512 69.7768 38.2684 -5.92238 162.959 -21.3843 22.8389 17.0366 30.3692 -0.316885 83.2158 146.238 73.7973 9.83688 -75.9457 15.1782 -19.6828 23.2487 -37.2787 -80.1536 73.0274 59.6705 89.3933 51.9475 -9.35811 -26.3887 -45.2973 -21.7966 55.2309 1.89327 -14.2574 -70.0486 -0.0831271 13.0555 279.054 -15.4365 -20.6538 -48.991 1.41694 -5.22528 21.6411 -13.5692 -89.9406 -37.5898 56.9687 -84.5151 -61.8298 -39.9858 -32.5473 -65.0945
internal_weight=1620 942 484 130 120 678 354 458 344 47 325 73 33 146 133 292 24 265 198 184 135 114 118 21 104 165 413 80 49 106 151 363 53 42 23 52 102 127 50 116 22 73 59 179 58 52 23 34 23 101 38 48 24 50 184 29 28 128 112 65 48 36
internal_count=1620 942 484 130 120 678 354 458 344 47 325 73 33 146 133 292 24 265 198 184 135 114 118 21 104 165 413 80 49 106 151 363 53 42 23 52 102 127 50 116 22 73 59 179 58 52 23 34 23 101 38 48 24 50 184 29 28 128 112 65 48 36
is_linear=0
shrinkage=0.03


Tree=87
num_leaves=63
num_cat=0
split_feature=18 18 18 5 1 1 4 14 22 17 8 27 6 2 18 20 22 10 20 10 20 27 8 22 13 18 6 7 20 20 17 6 7 22 22 1 22 14 14 18 22 22 27 3 20 6 22 2 6 22 10 9 4 6 1 19 19 19 22 3 19 7
split_gain=3.68865e+09 1.14381e+09 8.35849e+08 4.38053e+08 2.63284e+08 2.43252e+08 5.87773e+08 2.09758e+08 3.22673e+08 1.97945e+08 1.93761e+08 1.41499e+08 1.14371e+08 1.11741e+08 1.11297e+08 1.10908e+08 1.09585e+08 1.6137e+08 7.09808e+07 7.01572e+07 7.65395e+07 6.65637e+07 9.30865e+07 5.99017e+07 7.85177e+07 5.93603e+07 5.48434e+07 6.972e+07 4.75944e+07 4.05746e+07 3.58189e+07 3.39998e+07 3.18531e+07 2.81234e+07 2.75424e+07 2.65561e+07 2.60874e+07 2.4264e+07 2.34133e+07 2.17852e+07 2.12869e+07 1.95782e+07 1.94349e+07 1.48319e+07 1.37681e+07 1.65693e+07 1.43139e+07 1.2948e+07 1.22654e+07 1.32815e+07 1.24273e+07 1.17974e+07 1.00736e+07 9.11455e+06 8.51754e+06 8.44678e+06 8.16477e+06 7.91327e+06 7.8252e+06 7.66361e+06 7.30084e+06 6.87407e+06
threshold=55071.80000000001 31763.850000000002 112238.65000000001 1.0000000180025095e-35 42920.000000000007 42920.000000000007 54913.125000000007 0.1979434446864379 1112.1659640303524 0.075479115465842489 0.93301270189221952 1.0000000180025095e-35 1.0000000180025095e-35 60475.000000000007 41210.450000000004 39895.950000000004 29598.87805743868 0.61559370248597567 72853.900000000009 0.5163939593874618 43561.200000000004 1.0000000180025095e-35 1.0000000180025095e-35 8029.3897787953165 0.93599999985389182 18575.650000000005 1.0000000180025095e-35 -0.93301270189221919 61602.30000000001 50188.150000000009 0.079999999983496412 1.0000000180025095e-35 -0.24999999999999997 2777.0393656196543 5721.4557298115424 30529.000000000004 5435.2013828951067 0.21012658222032701 0.23425692690411656 51612.650000000009 18596.605127991981 11235.918004339381 1.0000000180025095e-35 44169.125000000007 17296.950000000004 1.0000000180025095e-35 3352.8228474363718 51003.125000000007 1.0000000180025095e-35 2992.5807065258396 -0.95297903005573326 -0.46472317204376817 56935.625000000007 1.0000000180025095e-35 43670.000000000007 31199.500000000004 14402.000000000002 40141.900000000009 11390.201640744677 45107.500000000007 39029.200000000004 -0.24999999999999997
decision_type=2 2 2 2 2 2 2 2 2 2 2 2 2 2 2 2 2 2 2 2 2 2 2 2 2 2 2 2 2 2 2 2 2 2 2 2 2 2 2 2 2 2 2 2 2 2 2 2 2 2 2 2 2 2 2 2 2 2 2 2 2 2
left_child=1 25 3 4 10 15 -7 8 -3 16 21 13 33 18 43 -5 17 -4 36 20 -17 23 47 24 -2 35 29 -28 -24 34 -22 41 -31 -13 -16 -1 -6 53 -34 -10 -25 -15 -21 48 46 55 -27 -23 50 -50 -9 -45 -33 -37 -47 -46 -55 -29 -35 -53 -61 -39
right_child=2 7 9 5 11 6 -8 14 39 -11 -12 12 -14 31 26 19 -18 -19 -20 42 30 22 28 40 -26 44 27 57 -30 32 -32 52 38 58 -36 37 -38 61 -40 -41 -42 -43 -44 51 45 54 -48 -49 49 -51 -52 59 -54 56 -56 -57 -58 -59 -60 60 -62 -63
leaf_value=-93.215064124688283 79.340628241227122 178.59950494198395 167.20984567742593 -18.749135269693809 156.00372947768403 346.91640387457761 65.745890684964351 -9.0248470480400211 16.78265608104747 289.03446104307432 -83.016130029903422 36.938551765000526 170.30661184370143 17.516200510366069 -19.137182865498222 54.07787980174291 228.19798262492264 15.332103041091766 35.009771700221187 33.897097889599877 185.46128022065025 0.060788579713604789 84.497768361279256 -10.305734745471691 -1.6530326926114871 -36.198147074255616 -31.388407030207404 -11.577195643374791 38.436617413370676 16.78265608104747 113.22718228357918 27.019609839779203 16.78265608104747 76.665659352929538 -77.964867945081409 -70.207754113058499 88.735505956224173 -72.892341474417577 -16.813280885060149 64.56546502745978 30.876787412221191 -33.704378606622868 79.602485450128583 -70.858759262497372 -64.524981971136626 -42.532785535755714 -77.727325675480301 24.995640779383042 16.78265608104747 -24.80194492015433 -39.011993322190207 -12.842155912795869 58.742248807866524 -57.943549160110614 -3.4365066634074295 -40.244810587334953 -27.58700274493243 16.78265608104747 107.58263868319278 -51.796377912809611 -31.439296266885794 -86.868125068395059
leaf_weight=92 21 12.999999999999998 17.000000000000004 9.9999999999999982 10.000000000000002 11.000000000000002 17 17 34 10.999999999999998 15.999999999999998 11.999999999999998 15.999999999999998 15.000000000000002 16.000000000000004 12.999999999999998 9.9999999999999982 9.9999999999999982 14.999999999999998 18 11.000000000000002 36 37 82 22 9.9999999999999982 28 17 45 23 15.999999999999998 26 15.999999999999998 18 12.999999999999998 30 11.999999999999998 61 133 9.9999999999999982 12.999999999999998 11.999999999999998 15.999999999999998 10.999999999999998 34 10 33 39 10.000000000000002 13.999999999999998 47 9.9999999999999982 13.999999999999998 32 10 22 10.999999999999998 80 14.999999999999998 31 34 82
leaf_count=92 21 13 17 10 10 11 17 17 34 11 16 12 16 15 16 13 10 10 15 18 11 36 37 82 22 10 28 17 45 23 16 26 16 18 13 30 12 61 133 10 13 12 16 11 34 10 33 39 10 14 47 10 14 32 10 22 11 80 15 31 34 82
internal_value=0.723977 -35.6687 57.0264 47.1812 34.6072 100.542 177.047 -7.34591 47.1296 177.281 18.3454 65.2283 101.49 43.8823 -13.5643 74.8606 143.368 111.223 85.6601 87.5189 114.464 23.8693 37.224 8.65994 37.9943 -72.6041 -3.22076 12.3766 59.2979 -12.9219 143.232 20.7176 -7.37448 76.6986 -45.6856 -79.5742 119.88 -73.7237 -12.6461 16.7827 -4.64366 -5.28876 55.576 -32.9306 -54.5121 -46.7019 -68.1758 13.043 -24.2227 -5.90157 -31.0732 -41.8025 38.2414 -59.454 -23.0991 -55.0751 -50.26 16.7827 91.0015 -37.4522 -41.2128 -80.9616
internal_weight=1620 984 636 588 476 112 28 557 57 48 311 165 61 104 500 84 37 27 37 74 40 295 157 138 43 427 326 125 82 201 27 67 172 45 29 308 22 216 149 44 95 27 34 174 119 76 43 75 88 24 64 86 40 73 20 56 43 97 33 75 65 143
internal_count=1620 984 636 588 476 112 28 557 57 48 311 165 61 104 500 84 37 27 37 74 40 295 157 138 43 427 326 125 82 201 27 67 172 45 29 308 22 216 149 44 95 27 34 174 119 76 43 75 88 24 64 86 40 73 20 56 43 97 33 75 65 143
is_linear=0
shrinkage=0.03


Tree=88
num_leaves=63
num_cat=0
split_feature=23 6 1 14 23 14 8 27 1 27 20 16 12 27 6 18 9 18 18 16 8 23 8 23 1 1 1 14 8 16 20 11 5 8 1 20 18 24 24 20 16 9 14 24 9 11 20 20 22 9 18 19 16 20 1 23 22 19 16 16 8 19
split_gain=3.52778e+09 1.32841e+09 1.06851e+09 6.61586e+08 4.73641e+08 4.02178e+08 3.64465e+08 2.82497e+08 2.43907e+08 1.77427e+08 1.49331e+08 1.24545e+08 1.14218e+08 1.04479e+08 8.81403e+07 7.91856e+07 7.7156e+07 7.40777e+07 6.88766e+07 6.74913e+07 6.23915e+07 7.78792e+07 6.13938e+07 5.93016e+07 5.80667e+07 5.45455e+07 1.06178e+08 6.26608e+07 5.10991e+07 4.96566e+07 4.40295e+07 4.23801e+07 4.13278e+07 3.9083e+07 3.3325e+07 2.79596e+07 3.35066e+07 2.65153e+07 2.63578e+07 2.40001e+07 2.37186e+07 2.25655e+07 2.23956e+07 2.23081e+07 2.31252e+07 2.03301e+07 1.75891e+07 1.73296e+07 1.59084e+07 1.53797e+07 1.51446e+07 1.46761e+07 1.43582e+07 1.48612e+07 1.43542e+07 1.3308e+07 1.32259e+07 1.27183e+07 1.19842e+07 1.07224e+07 1.06467e+07 1.02803e+07
threshold=46586.150000000009 1.0000000180025095e-35 42920.000000000007 0.21850899738985968 33809.134615384617 0.18006257412947754 0.25000000000000017 1.0000000180025095e-35 42920.000000000007 1.0000000180025095e-35 44507.650000000001 -0.068478572480783359 1.1565945280765215 1.0000000180025095e-35 1.0000000180025095e-35 61129.650000000009 -0.35460488704253573 49014.400000000009 59514.000000000007 0.0037543201186628354 0.6830127018922193 63741.803846153853 0.25000000000000017 16901.850000000002 38830.000000000007 44730.000000000007 46885.000000000007 0.28888888884146641 1.0000000180025095e-35 0.0050251573518178558 95253.60000000002 0.87850467273699395 1.0000000180025095e-35 0.93301270189221952 30945.000000000004 117473.20000000001 88851.200000000012 60701.875000000007 63750.000000000007 72954.300000000017 0.0050761748317067487 0.06026834012766185 0.16675568845983602 41009.805000000008 -0.66312265824079519 0.79771551917947658 20513.200000000004 63121.400000000009 2777.0393656196543 -0.91023613416931226 71103.950000000026 34184.000000000007 0.0050251573518178558 47348.400000000009 30529.000000000004 42840.411538461543 12397.728458434989 41203.700000000004 0.0049889909738903846 0.0049140049140049555 1.0000000180025095e-35 49464.000000000007
decision_type=2 2 2 2 2 2 2 2 2 2 2 2 2 2 2 2 2 2 2 2 2 2 2 2 2 2 2 2 2 2 2 2 2 2 2 2 2 2 2 2 2 2 2 2 2 2 2 2 2 2 2 2 2 2 2 2 2 2 2 2 2 2
left_child=4 8 5 6 23 -3 -4 25 10 11 -2 18 15 37 34 -11 19 52 61 -12 21 -13 -9 42 -22 50 27 -27 -17 31 -15 -19 48 45 57 36 -32 47 39 -39 -31 58 60 -34 -45 46 -25 -10 49 -16 -5 -43 53 -18 -44 -53 -50 -6 -36 -14 -1 -7
right_child=1 2 3 7 14 9 -8 22 13 12 16 20 59 30 32 28 17 29 -20 -21 24 -23 -24 33 -26 26 -28 -29 -30 40 35 -33 43 -35 41 -37 -38 38 -40 -41 -42 51 54 44 -46 -47 -48 -49 56 -51 -52 55 -54 -55 -56 -57 -58 -59 -60 -61 -62 -63
leaf_value=-70.345968727086913 -107.84811162421045 232.52038364523705 193.13813795938975 58.727214959777214 -76.815640787653891 64.318419845202712 367.89926603618414 134.70650691646551 -36.435083525791633 136.45914656664988 -10.165100352306236 11.251942805467788 -7.0053915113083844 116.38811613708963 -12.599981705949109 45.349945400414754 -50.221755296861808 53.641587087420803 135.44765651393581 -101.65996633976064 6.1876479662654011 72.701722066412316 193.13813795938975 -41.22168951232014 -57.852141248165566 181.5613822086712 47.732567252637935 80.458008765418938 84.792551458417577 -52.015146385399078 60.378928001783152 10.652052445259045 -6.8556890159078163 -97.954375214158432 -20.229116806490037 90.87081534897986 -7.9711167016359834 85.822024614692879 8.4929519584250208 22.796948282541319 -3.148225210897317 -64.662473678083614 -92.876936182664153 16.090696320404874 77.652412513526698 -55.725776375888259 5.3554408490775831 11.09352330936408 -27.793188403835913 38.586950928338688 6.5708660344794252 -4.669655547396828 -49.667444055435503 -13.477456507464906 -76.93251730430211 -40.853836553641074 5.1968714980573845 -37.814728276201791 12.946628205976412 30.017382533296626 -41.231559515348906 24.792570069368217
leaf_weight=23 13.999999999999998 9.9999999999999982 11.000000000000002 10.000000000000002 19 12.000000000000002 17 19 12.000000000000002 13.999999999999998 15.000000000000002 81 14.000000000000002 12.999999999999998 11.000000000000002 33 10.999999999999998 28 10.999999999999998 13.999999999999998 43 24 15.999999999999998 18.000000000000004 18 13.000000000000002 24 9.9999999999999982 68 10.999999999999998 18.000000000000004 78 9.9999999999999982 17 39 11.999999999999998 9.9999999999999982 10.000000000000002 30 11.999999999999998 46 14.999999999999998 81 10.999999999999998 11.000000000000002 102 9.9999999999999982 15.999999999999998 40 9.9999999999999982 9.9999999999999982 12.999999999999998 13.999999999999998 94 157 31 14.999999999999998 12.999999999999998 12.999999999999998 13.999999999999998 19 11.999999999999998
leaf_count=23 14 10 11 10 19 12 17 19 12 14 15 81 14 13 11 33 11 28 11 14 43 24 16 18 18 13 24 10 68 11 18 78 10 17 39 12 10 10 30 12 46 15 81 11 11 102 10 16 40 10 10 13 14 94 157 31 15 13 13 14 19 12
internal_value=0.718281 38.2748 72.9248 146.453 -51.46 45.8892 275.477 110.799 1.64982 40.3979 -12.3556 22.2075 65.9328 35.8573 -18.7452 79.1531 -8.02365 -3.22316 73.5532 -54.5327 11.3438 25.3534 179.819 -70.6815 -12.773 74.5299 92.175 138.142 69.6603 9.91263 68.4854 22.0477 1.71268 -55.1692 -34.1862 52.6655 36.0266 14.1827 26.8386 51.7036 -12.6533 -26.3681 -78.8029 30.2588 47.0838 -49.5032 -26.7176 -9.33295 -10.3307 11.842 32.8116 -39.0548 -21.2091 -17.371 -82.3957 -30.198 -18.8027 -61.1388 -11.9262 11.5468 -58.2962 44.7405
internal_weight=1620 942 484 130 678 354 28 102 458 344 325 201 143 133 251 115 311 282 35 29 166 105 35 427 61 67 47 23 101 163 53 106 108 147 143 40 28 80 52 22 57 111 280 32 22 130 28 28 76 21 20 59 119 105 238 44 55 32 52 28 42 24
internal_count=1620 942 484 130 678 354 28 102 458 344 325 201 143 133 251 115 311 282 35 29 166 105 35 427 61 67 47 23 101 163 53 106 108 147 143 40 28 80 52 22 57 111 280 32 22 130 28 28 76 21 20 59 119 105 238 44 55 32 52 28 42 24
is_linear=0
shrinkage=0.03


Tree=89
num_leaves=63
num_cat=0
split_feature=23 1 3 27 14 23 7 8 17 2 23 8 18 8 3 8 7 20 20 7 20 16 23 18 7 18 14 23 20 8 2 16 22 7 8 14 1 11 7 14 20 24 16 7 23 23 23 7 20 18 22 24 22 18 7 22 20 16 23 14 20 20
split_gain=3.31996e+09 1.04361e+09 9.49834e+08 5.25261e+08 4.45844e+08 4.45803e+08 3.66276e+08 3.38419e+08 2.99924e+08 1.62975e+08 1.5952e+08 1.30324e+08 9.5397e+07 8.94531e+07 8.80762e+07 1.24076e+08 8.22065e+07 7.83204e+07 9.80133e+07 7.6758e+07 9.58921e+07 5.73333e+07 5.57556e+07 5.49055e+07 5.41015e+07 4.76609e+07 4.582e+07 4.53731e+07 4.31063e+07 3.67754e+07 3.6275e+07 3.30486e+07 2.9753e+07 2.96402e+07 2.67818e+07 2.10422e+07 2.06813e+07 2.60412e+07 2.04892e+07 2.42943e+07 1.97199e+07 1.96311e+07 1.74112e+07 1.55982e+07 2.09727e+07 1.53398e+07 1.34695e+07 1.19877e+07 1.10882e+07 1.0262e+07 9.73629e+06 9.38784e+06 8.83124e+06 8.17642e+06 7.95068e+06 7.12744e+06 6.70304e+06 6.40982e+06 6.29112e+06 6.12202e+06 4.6285e+06 3.3229e+06
threshold=46586.150000000009 42920.000000000007 54144.375000000007 1.0000000180025095e-35 0.16675568845983602 33809.134615384617 -0.5 0.93301270189221952 0.075411471304537223 60475.000000000007 61188.596153846163 0.25000000000000017 54148.900000000009 1.0000000180025095e-35 52530.000000000007 1.0000000180025095e-35 -0.24999999999999997 89710.050000000017 118089.15000000001 -0.6830127018922193 43561.200000000004 -0.075399971249820216 16901.850000000002 52316.250000000007 0.93301270189221952 51612.650000000009 0.22321717548807393 68668.026923076934 48830.150000000009 0.93301270189221952 64045.625000000007 -0.078707565751361327 2926.6672130974471 0.93301270189221952 -0.68301270189221952 0.21012658222032701 30945.000000000004 0.87136929442319999 -0.93301270189221919 0.20204603576131075 60073.900000000009 51929.975000000013 0.0048899755501222728 -0.93301270189221919 42087.469230769238 23002.84615384616 39917.442307692319 -0.24999999999999997 45483.750000000007 36620.000000000007 21038.210522748308 37528.200000000004 2622.0315956020982 39029.200000000004 -0.6830127018922193 807.60804000007852 45483.750000000007 0.0049505253806327873 23002.84615384616 0.145767166759142 12511.800000000001 8135.3000000000011
decision_type=2 2 2 2 2 2 2 2 2 2 2 2 2 2 2 2 2 2 2 2 2 2 2 2 2 2 2 2 2 2 2 2 2 2 2 2 2 2 2 2 2 2 2 2 2 2 2 2 2 2 2 2 2 2 2 2 2 2 2 2 2 2
left_child=5 4 -3 9 -2 22 11 8 10 13 23 -5 28 27 15 -12 26 -8 30 20 -10 -11 35 33 36 -21 46 -4 56 38 -19 -27 -25 -6 40 51 48 -38 -24 45 -23 -16 -36 57 49 -40 -7 61 -18 -45 -30 -1 -51 55 -41 -39 -9 -28 -56 -53 -49 -37
right_child=1 2 3 6 7 16 17 12 19 21 14 -13 -14 -15 41 -17 24 18 -20 25 -22 34 29 32 -26 31 43 -29 50 -31 -32 -33 -34 -35 42 47 37 53 39 54 -42 -43 -44 44 -46 -47 -48 60 -50 52 -52 59 -54 -55 58 -57 -58 -59 -60 -61 -62 -63
leaf_value=-74.199628718181813 215.30846641011757 373.23958406656095 105.38528356571005 145.9440414921541 -17.727050583397567 10.805692445323787 151.37666555851064 -77.562734912834529 41.939867119115057 83.664389898126785 13.791524389938788 265.44572244043502 -104.60483731601778 144.29191832692996 -40.357244295482793 66.2400230741342 -49.620860320285139 82.174734943718306 138.86751820665725 1.4911348065678376 114.89504596794245 16.408255722458293 -87.222840609163853 49.666702910306157 26.412712897223393 82.718561561250112 -19.124121181664872 23.96575425615962 -19.471942409325507 -95.032928959361286 22.186723206755403 20.130587836600633 7.2676060907816087 25.221208116993399 14.134480868840622 -90.321273686835113 8.6332465465648749 -52.337388956436264 -37.228417250395644 -37.228417250395644 -37.965757602371333 6.486341124728507 46.404876110203453 10.094936598785653 10.805692445323787 4.9168028044897669 49.063439604106698 -99.362481503760122 -85.483333445147053 -1.7410986017391381 11.20739497261758 -38.037698133313981 -29.502307160945097 -62.671849365234372 -66.288353819235766 -26.834326824302291 -43.511797715179192 -50.266001963096095 -47.816366631271485 -62.900464822795534 -83.662595589073902 -74.199628718181813
leaf_weight=28 9.9999999999999982 9.9999999999999982 10.000000000000002 15.999999999999998 143 10.000000000000002 13.999999999999998 10.000000000000002 19 11.999999999999998 74 18 18 17 11.999999999999998 90 24 14.999999999999998 13.999999999999998 15.999999999999998 28 11.000000000000002 10.999999999999998 17 10.999999999999998 24.999999999999996 15.000000000000002 15.999999999999998 22 17 23 11.000000000000002 116 15.999999999999998 53 13.999999999999998 10.999999999999998 14.999999999999998 20 17 12.999999999999998 24 21 11.999999999999998 23 11.999999999999998 17 40 11.999999999999998 14.999999999999998 15.999999999999998 10.999999999999998 33 12.999999999999998 35 30 11.999999999999998 9.9999999999999982 35 65 41 81
leaf_count=28 10 10 10 16 143 10 14 10 19 12 74 18 18 17 12 90 24 15 14 16 28 11 11 17 11 25 15 16 22 17 23 11 116 16 53 14 11 15 20 17 13 24 21 12 23 12 17 40 12 15 16 11 33 13 35 30 12 10 35 65 41 81
internal_value=0.694723 37.1283 87.8535 76.4304 17.4706 -49.9233 129.871 14.4816 22.2344 41.4399 12.6409 209.803 -44.2141 90.8965 33.2743 42.5971 -18.1845 88.4388 71.2359 69.8507 97.6327 22.0419 -68.5715 -1.49812 -36.6944 44.6007 -2.26431 55.5649 -25.9529 -53.53 46.0198 63.7033 12.7203 -13.3921 14.4186 -76.4463 -43.3245 -33.6206 -48.0338 -44.341 -13.0795 -9.19664 23.3426 -11.0071 -4.73413 -21.8941 32.6185 -82.8367 -61.7788 -14.6534 -6.55874 -65.5625 -20.8486 -41.6354 -52.5628 -35.4326 -59.2706 -31.7316 -57.1338 -59.3567 -91.5286 -75.3373
internal_weight=1620 942 263 253 679 678 100 669 591 153 492 34 78 43 200 164 251 66 52 99 47 110 427 292 116 52 135 26 60 147 38 36 133 159 98 280 105 69 130 119 24 36 74 108 83 32 27 176 36 60 38 104 48 58 87 45 22 25 70 76 81 95
internal_count=1620 942 263 253 679 678 100 669 591 153 492 34 78 43 200 164 251 66 52 99 47 110 427 292 116 52 135 26 60 147 38 36 133 159 98 280 105 69 130 119 24 36 74 108 83 32 27 176 36 60 38 104 48 58 87 45 22 25 70 76 81 95
is_linear=0
shrinkage=0.03


Tree=90
num_leaves=63
num_cat=0
split_feature=23 6 1 3 27 23 11 1 27 8 9 2 16 13 9 27 6 18 18 14 1 1 11 7 16 8 2 14 4 7 11 5 17 23 22 7 16 22 16 23 18 23 18 7 14 18 23 23 18 23 7 18 23 16 4 23 16 16 22 8 23 22
split_gain=3.12551e+09 1.19394e+09 9.49246e+08 6.08689e+08 4.99229e+08 4.2016e+08 3.74713e+08 2.14683e+08 1.64691e+08 1.40496e+08 1.26451e+08 1.17363e+08 1.09189e+08 1.05165e+08 9.62864e+07 9.28949e+07 8.85921e+07 8.30846e+07 7.62e+07 7.20914e+07 8.80556e+07 8.71483e+07 6.04034e+07 5.9634e+07 5.01667e+07 4.52815e+07 4.50979e+07 4.41265e+07 4.36204e+07 4.16918e+07 3.85127e+07 3.76396e+07 3.93328e+07 3.47755e+07 4.47848e+07 3.31475e+07 3.18192e+07 3.08592e+07 2.78211e+07 2.71705e+07 2.31462e+07 2.30035e+07 2.26653e+07 2.25335e+07 1.83699e+07 1.81024e+07 1.70195e+07 1.63798e+07 1.54287e+07 1.43647e+07 1.13591e+07 1.05988e+07 1.0573e+07 1.03586e+07 9.66413e+06 9.03891e+06 8.79778e+06 8.73582e+06 8.43908e+06 8.41047e+06 1.41572e+07 8.39702e+06
threshold=46586.150000000009 1.0000000180025095e-35 42920.000000000007 54420.625000000007 1.0000000180025095e-35 25473.334615384618 0.81689655158114804 42920.000000000007 1.0000000180025095e-35 0.25000000000000017 -0.35460488704253573 60701.875000000007 0.0037543201186628354 1.0843802342401301 -0.78574730703237861 1.0000000180025095e-35 1.0000000180025095e-35 48886.600000000006 60197.850000000006 0.19209099601679602 38830.000000000007 34262.000000000007 1.0593220337205358 -0.93301270189221919 0.0050251573518178558 1.0000000180025095e-35 61250.000000000007 0.20948616596859607 55470.625000000007 -0.24999999999999997 0.87850467273699395 1.0000000180025095e-35 0.075456790109967767 85769.303846153853 9078.4029334761308 0.68301270189221941 0.0050505372572776661 1244.5142190205249 -1.0000000180025095e-35 15753.146153846155 37061.05000000001 65313.965384615389 55231.500000000007 1.0000000180025095e-35 0.23907455008803444 121773.20000000001 42087.469230769238 12581.007692307694 70625.900000000009 39079.003846153857 -0.24999999999999997 61631.000000000007 36571.30000000001 0.0049140049140049555 56935.625000000007 70843.088461538471 0.0037543201186628354 0.0050251573518178558 1048.4134910777559 0.6830127018922193 42087.469230769238 2357.8067368757315
decision_type=2 2 2 2 2 2 2 2 2 2 2 2 2 2 2 2 2 2 2 2 2 2 2 2 2 2 2 2 2 2 2 2 2 2 2 2 2 2 2 2 2 2 2 2 2 2 2 2 2 2 2 2 2 2 2 2 2 2 2 2 2 2
left_child=5 7 6 -4 11 27 -3 10 19 14 12 22 -2 18 -6 28 29 36 -10 -8 21 -21 -5 46 30 -20 -22 39 41 49 51 37 -33 -17 -35 -36 40 -25 -13 -1 -12 -9 -26 -31 47 -11 -18 -29 55 61 -30 -19 -45 -15 -40 -43 -46 58 -54 60 -39 -7
right_child=1 2 3 4 9 16 8 15 13 45 17 38 -14 53 -16 33 23 24 25 20 26 -23 -24 31 42 -27 -28 44 50 43 -32 32 -34 34 35 -37 -38 59 54 -41 -42 48 -44 52 56 -47 -48 -49 -50 -51 -52 -53 57 -55 -56 -57 -58 -59 -60 -61 -62 -63
leaf_value=-65.21304556234216 -10.993174120032268 223.54997919970219 362.15326802773046 178.15322028082764 71.453814012886255 -8.486161468181205 85.652974957405249 72.774989246330648 130.8278806617495 274.91703229365447 -48.76444568121611 90.476394490157034 -120.10419896175985 -8.2679343089651525 194.23391861286569 111.6014009382918 -70.642339592357658 34.45807987663315 42.311733559765223 -3.1909829815679798 -39.175701098485298 46.507481209270729 75.21188735508683 44.063031386573719 -54.614934829862996 79.328350360242624 22.066490961868567 -83.343019812365739 15.561145830815381 -85.154004602353439 9.8847623378618632 81.404996177054741 11.516729875175871 17.29769230048694 44.541026106905342 117.08194078600083 -75.095927613513311 -17.025035262250427 24.481100991680105 -37.354226038791012 -13.299754236143096 15.491996247472835 -5.3294890645878041 -64.838858327297189 -86.808278652724894 212.17418882464415 -23.057706550489669 -66.391717764541667 -10.14260579024211 5.1250955677484447 -21.931405619533585 72.115575506036933 -46.152004688659936 28.115726727424782 55.128774388090093 52.421700295692638 -123.37722583732982 -53.138461945769073 -22.809784639875602 -33.994829392760764 22.619394267314185 -38.8237159606592
leaf_weight=91 15.999999999999998 9.9999999999999982 9.9999999999999982 11.000000000000002 10.000000000000002 13.999999999999998 13.999999999999998 9.9999999999999982 13.999999999999998 13.000000000000002 20 9.9999999999999982 17 14.000000000000002 13.999999999999998 10.999999999999998 10.000000000000002 16.000000000000004 33 51 33 84 9.9999999999999982 9.9999999999999982 9.9999999999999982 71 15.999999999999998 93 9.9999999999999982 11.999999999999998 79 10.999999999999998 21 19 12 11 9.9999999999999982 30 28 49 95 12.000000000000002 50 14.999999999999998 18.000000000000004 9.9999999999999982 21 124 9.9999999999999982 21 26 11.999999999999998 22 13.999999999999998 13.999999999999998 11.999999999999998 9.9999999999999982 23 39 12.999999999999998 10.999999999999998 20
leaf_count=91 16 10 10 11 10 14 14 10 14 13 20 10 17 14 14 11 10 16 33 51 33 84 10 10 10 71 16 93 10 12 79 11 21 19 12 11 10 30 28 49 95 12 50 15 18 10 21 124 10 21 26 12 22 14 14 12 10 23 39 13 11 20
internal_value=0.6882 36.0387 68.8882 138.192 119.242 -48.4251 43.406 1.31685 38.1058 195.43 -11.8228 69.989 -67.395 62.2705 143.584 33.4097 -21.3433 -5.52141 74.6644 20.2649 15.2459 27.744 129.722 -2.47897 8.3222 65.6068 -19.174 -69.0245 12.9726 -35.7654 20.6281 9.2084 35.7197 64.1756 51.519 79.5913 -24.0084 -4.08223 45.6632 -55.4961 -19.5046 32.9784 -13.621 -46.3435 -76.7293 248.674 -38.5855 -73.6916 21.0943 -14.3715 -11.5025 50.7963 -41.558 9.95911 34.8037 34.0979 -99.9249 -37.3285 -31.2901 -13.063 -6.3595 -26.3934
internal_weight=1620 942 484 130 120 678 354 458 344 47 325 73 33 146 24 133 293 292 118 198 184 135 21 127 167 104 49 385 80 166 107 96 32 53 42 23 125 64 52 140 115 44 60 111 245 23 31 217 34 55 36 28 99 28 42 24 28 84 61 54 41 34
internal_count=1620 942 484 130 120 678 354 458 344 47 325 73 33 146 24 133 293 292 118 198 184 135 21 127 167 104 49 385 80 166 107 96 32 53 42 23 125 64 52 140 115 44 60 111 245 23 31 217 34 55 36 28 99 28 42 24 28 84 61 54 41 34
is_linear=0
shrinkage=0.03


Tree=91
num_leaves=63
num_cat=0
split_feature=18 18 10 16 25 16 18 14 18 16 24 18 2 22 16 2 16 17 18 1 18 7 16 16 19 24 14 7 7 7 7 22 16 9 9 16 16 16 16 20 27 2 12 16 22 21 3 18 2 21 19 7 16 22 18 14 18 22 16 1 7 19
split_gain=2.88255e+09 9.44643e+08 4.99865e+08 4.58063e+08 3.45711e+08 3.14489e+08 2.96939e+08 1.89272e+08 1.3791e+08 1.26555e+08 1.0616e+08 9.66182e+07 9.47778e+07 9.30933e+07 7.5779e+07 1.01043e+08 5.79471e+07 4.93591e+07 5.02804e+07 4.92197e+07 4.85082e+07 4.79953e+07 7.04186e+07 8.50395e+07 5.68981e+07 4.72375e+07 3.71643e+07 3.58679e+07 4.29993e+07 3.50669e+07 3.31735e+07 3.07316e+07 6.14783e+07 1.06064e+08 2.23055e+07 2.22662e+07 2.06847e+07 2.04902e+07 2.68177e+07 1.88982e+07 2.28131e+07 1.98867e+07 1.79015e+07 1.73831e+07 2.39875e+07 1.72498e+07 1.62507e+07 1.59683e+07 1.39647e+07 1.38168e+07 1.33092e+07 1.18808e+07 1.68558e+07 1.15451e+07 1.01284e+07 9.68738e+06 9.55841e+06 9.46608e+06 7.65156e+06 7.00003e+06 6.00252e+06 5.56103e+06
threshold=41414.350000000006 73508.35000000002 0.98182534576205305 -1.0000000180025095e-35 1.0000000180025095e-35 -1.0000000180025095e-35 112238.65000000001 0.17083023276520834 89710.050000000017 0.05017507414820211 43949.875000000007 55728.200000000004 55054.375000000007 18700.653114417055 -0.075467952801286139 51960.625000000007 0.05017507414820211 0.07547911546421833 84370.60000000002 34707.000000000007 61631.000000000007 0.93301270189221952 0.0050505372572776661 0.0049140049140049555 59967.100000000006 37090.350000000006 0.21012658222621433 -0.24999999999999997 0.68301270189221941 -0.93301270189221919 -0.24999999999999997 4507.3402040284991 0.0049140049140049555 0.35460488704253579 0.78574730703237894 -0.080000000000000002 0.0049140049140049555 -0.0027522199815387389 0.0037543201186628354 49338.600000000013 1.0000000180025095e-35 45877.875000000007 1.1226329111137654 0.0037543201186628354 9532.6702392357183 54377.125000000007 44388.375000000007 33410.900000000009 62812.500000000007 56938.537500000006 20550.450000000004 -0.24999999999999997 0.0037543201186628354 1356.8451285550386 8546.9000000000015 0.23907455008803444 52191.000000000007 3706.7748967424836 -1.0000000180025095e-35 37795.000000000007 -0.93301270189221919 32134.200000000001
decision_type=2 2 2 2 2 2 2 2 2 2 2 2 2 2 2 2 2 2 2 2 2 2 2 2 2 2 2 2 2 2 2 2 2 2 2 2 2 2 2 2 2 2 2 2 2 2 2 2 2 2 2 2 2 2 2 2 2 2 2 2 2 2
left_child=4 5 3 8 7 14 9 -1 -3 17 25 31 30 -8 20 -16 -15 18 -5 54 42 22 23 -13 -23 -7 48 29 -29 -11 36 32 53 -34 -24 -22 61 -32 47 41 -41 -27 46 49 -45 -43 -2 -39 59 -33 -50 60 -53 -12 -6 58 -48 -42 -56 -21 -28 -9
right_child=1 2 -4 6 19 10 13 12 -10 27 11 21 -14 16 15 -17 -18 -19 -20 26 35 24 34 -25 -26 39 51 28 -30 -31 37 43 33 -35 -36 -37 -38 38 -40 40 57 45 -44 44 -46 -47 56 -49 50 -51 -52 52 -54 -55 55 -57 -58 -59 -60 -61 -62 -63
leaf_value=107.20992412302755 63.064257918648089 125.47117335793195 284.8290058883818 52.250596305880087 -93.756748550795137 -78.962841215391421 51.695157936020657 -42.653390309550971 263.30808704723012 -23.110301740287554 -18.560124513126386 22.179280839294172 40.808107207933091 195.09906451308927 54.266996778122916 179.35495852026608 111.0210039633893 10.848756597767702 91.15501670742232 -32.620606661211717 112.27650535789692 22.489796233481542 3.8249853196784631 99.491293356063522 111.51962064884911 20.903050262306536 -74.845066439796042 -60.581385654758748 18.38310820883893 39.207194092992928 -68.752439543071546 -15.213448106027046 126.62967606648355 -0.91609148958896069 -43.598383373177569 56.872137553900998 14.338200320099034 -41.984980118237679 -66.649226926234377 -54.524032944842595 -30.304038595827464 -3.6485242009400527 -5.6384512903194617 1.4458598101021034 -59.284990883685175 -48.990534794873533 16.392656198137516 -18.906584011363563 5.006716381866152 5.4488569631594839 -37.667077314766289 -65.157704914846235 -99.843410455693189 7.199734493366309 -54.656135090961712 -101.55433079075169 42.391739410935784 0.59811819759767437 -74.394957180517324 -52.877249295822388 -52.877249295822388 -17.175373753969968
leaf_weight=9.9999999999999982 15.999999999999998 15.000000000000002 9.9999999999999982 81 28 10.999999999999998 9.9999999999999982 9.9999999999999982 11.999999999999998 9.9999999999999982 27 141 9.9999999999999982 17.000000000000004 14.000000000000002 9.9999999999999982 13.999999999999998 15.999999999999998 48 18 11.000000000000002 14.000000000000002 20 13.999999999999998 11.999999999999998 21 12.999999999999998 11.000000000000002 13.999999999999998 42 17 66 10.000000000000002 13.999999999999998 15.999999999999998 17 19 45 19 18 15.999999999999998 30 9.9999999999999982 10.000000000000002 13.999999999999998 9.9999999999999982 14.999999999999998 68 10.000000000000002 52 19 47 18 37 22 10.999999999999998 17 20 135 36 48 34
leaf_count=10 16 15 10 81 28 11 10 10 12 10 27 141 10 17 14 10 14 16 48 18 11 14 20 14 12 21 13 11 14 42 17 66 10 14 16 17 19 45 19 18 16 30 10 10 14 10 15 68 10 52 19 47 18 37 22 11 17 20 135 36 48 34
internal_value=0.669417 32.8823 77.2471 69.9934 -49.038 13.3872 57.8656 -19.8257 187.478 44.1275 4.46359 11.3194 -25.5937 131.964 59.8245 106.915 157.607 60.6254 66.7861 -65.7629 46.574 25.6738 20.4462 29.222 63.8504 -19.8479 -55.5718 13.0215 -16.4641 27.2016 -30.0441 -2.22887 11.6932 52.5328 -17.3144 78.9603 -11.7689 -37.7581 -33.7174 -14.1297 -27.038 -2.6771 30.8301 -10.8588 -34.0793 -15.078 38.4238 -28.1261 -39.8973 -6.1111 -22.9852 -65.8572 -74.9016 -3.67966 -76.5961 -73.6818 25.9453 -13.182 -71.6656 -48.9203 -56.1129 -23.0495
internal_weight=1620 983 300 290 637 683 263 232 27 222 573 447 222 41 110 24 31 145 129 405 86 217 191 155 26 126 209 77 25 52 212 230 88 24 36 28 63 149 132 115 54 61 58 142 24 40 48 113 83 118 29 126 65 64 196 168 32 36 157 54 61 44
internal_count=1620 983 300 290 637 683 263 232 27 222 573 447 222 41 110 24 31 145 129 405 86 217 191 155 26 126 209 77 25 52 212 230 88 24 36 28 63 149 132 115 54 61 58 142 24 40 48 113 83 118 29 126 65 64 196 168 32 36 157 54 61 44
is_linear=0
shrinkage=0.03


Tree=92
num_leaves=63
num_cat=0
split_feature=23 6 1 10 27 23 11 1 27 17 9 2 16 12 4 6 10 14 1 1 23 14 11 14 16 24 11 10 14 22 2 10 1 10 10 19 4 19 22 23 9 22 19 13 2 6 9 16 22 16 16 24 5 19 8 22 22 22 16 9 22 9
split_gain=2.77375e+09 1.08224e+09 8.52161e+08 6.17723e+08 3.80929e+08 3.71336e+08 3.456e+08 1.8962e+08 1.47613e+08 1.20271e+08 1.18232e+08 1.18069e+08 1.01827e+08 9.42216e+07 8.51537e+07 7.97912e+07 7.22531e+07 6.36037e+07 8.27673e+07 7.85181e+07 5.72012e+07 5.27186e+07 5.00882e+07 4.8111e+07 4.73708e+07 4.51699e+07 5.09679e+07 4.36666e+07 4.18129e+07 3.93047e+07 3.5619e+07 3.22095e+07 3.14619e+07 3.04012e+07 2.68089e+07 2.48937e+07 2.06468e+07 2.16557e+07 2.05202e+07 2.01395e+07 1.88296e+07 1.85169e+07 1.75228e+07 1.73529e+07 2.09076e+07 1.71552e+07 1.59595e+07 2.5883e+07 1.54508e+07 1.53268e+07 1.43825e+07 1.40878e+07 1.78557e+07 1.30525e+07 1.23693e+07 1.21011e+07 1.51903e+07 9.68136e+06 9.36085e+06 9.18026e+06 9.45902e+06 8.58218e+06
threshold=46586.150000000009 1.0000000180025095e-35 42920.000000000007 0.98182534576205305 1.0000000180025095e-35 25473.334615384618 0.81689655158114804 42920.000000000007 1.0000000180025095e-35 0.07545679011077143 -0.35460488704253573 60701.875000000007 0.0037543201186628354 1.1565945280765215 54354.375000000007 1.0000000180025095e-35 -0.78574730703237872 0.19209099601679602 38830.000000000007 34262.000000000007 57199.780769230776 0.24623845328038668 0.88714733527913558 0.28888888884146641 0.0048899755501222728 60218.125000000007 1.0559999998267067 0.8542199457734333 0.13707268499901715 13129.28028695893 59081.250000000007 0.78574730703237883 34707.000000000007 -0.78574730703237872 1.0000000180025095e-35 33738.850000000006 56935.625000000007 60667.400000000009 10834.934566728369 35425.080769230779 0.17992617227144045 5074.3992930491704 62654.05000000001 0.93599999984872639 66000.000000000015 1.0000000180025095e-35 0.78574730703237894 0.0050505372572776661 12987.479613952821 0.0050251573518178558 0.0050505372572776661 38798.750000000007 1.0000000180025095e-35 60667.400000000009 1.0000000180025095e-35 1048.4134910777559 7766.9183557587348 1070.0033673958881 0.0049140049140049555 0.06026834012766185 2777.0393656196543 0.17992617227144045
decision_type=2 2 2 2 2 2 2 2 2 2 2 2 2 2 2 2 2 2 2 2 2 2 2 2 2 2 2 2 2 2 2 2 2 2 2 2 2 2 2 2 2 2 2 2 2 2 2 2 2 2 2 2 2 2 2 2 2 2 2 2 2 2
left_child=5 7 6 4 11 28 -3 10 17 24 12 23 -2 21 30 31 -17 -8 19 -19 33 29 -22 -4 -6 43 38 -20 -1 -10 -9 35 -30 41 -23 59 37 -13 -27 54 -37 -12 49 -16 -45 50 53 -48 -44 -24 -34 -41 57 -35 -18 -42 -57 -53 -15 60 -7 -32
right_child=1 2 3 -5 9 15 8 14 13 -11 20 36 -14 58 25 16 39 18 27 -21 22 34 42 -25 -26 26 -28 -29 32 -31 61 -33 45 46 -36 40 -38 -39 -40 51 55 -43 48 44 -46 -47 47 -49 -50 -51 -52 52 -54 -55 -56 56 -58 -59 -60 -61 -62 -63
leaf_value=-17.373167574005834 -10.720054400900134 214.08914606377627 158.14759126703785 356.47200352432702 114.31700398869538 -14.645967983799121 80.523756592121543 30.877499480665776 124.30959184189184 255.54429003533517 -11.763773063434444 49.062734598669188 -116.08894424170775 -7.9677596120631415 16.996486164814716 64.478760408590773 -60.605475324876217 -2.855561906661539 -3.6782316601370257 44.318282022453516 39.180704953369855 39.981640814494341 -7.1235700881849269 70.906281140015849 185.93121324226718 34.81010913166778 1.8824897216986931 -71.326007014094188 -75.588649402760893 73.648136789234897 107.47237839157513 -75.681383056640627 -60.560235882092435 -32.70134828369941 71.267516103574835 -6.3519459014351245 66.060087233063911 -1.9405459746908635 86.602698955972684 -34.296483564140381 -60.686328347695842 31.677794346336189 18.617624430427028 -60.968446570292542 -6.0045218742956559 -48.138296972135215 1.3858797352584367 -44.328829690079665 -8.0202762674902015 -48.308702921348043 -89.705819437966412 18.411653602902252 22.743998290222962 -71.226055533531877 -13.364640626057538 -8.8367766273795763 -45.082079342747235 -13.852595460040991 26.618832637705701 -57.166827185748026 -53.508775816058176 71.566371687421139
leaf_weight=15.999999999999998 15.999999999999998 9.9999999999999982 14.000000000000002 9.9999999999999982 19 13.000000000000002 13.999999999999998 17 22 12.999999999999998 27 16.000000000000004 17 14.000000000000002 10.999999999999998 12.999999999999998 10.000000000000002 51 38 84 34 31 42 9.9999999999999982 15.999999999999998 15.000000000000002 28 10.999999999999998 190 28 11.000000000000002 14.999999999999998 73 39 37 45 18 13.999999999999998 12.999999999999998 11.999999999999998 10.999999999999998 12.999999999999998 39 10.000000000000002 11.999999999999998 86 29 18 31 9.9999999999999982 20 9.9999999999999982 23 9.9999999999999982 9.9999999999999982 23 19 49 13.999999999999998 30 9.9999999999999982 15.999999999999998
leaf_count=16 16 10 14 10 19 13 14 17 22 13 27 16 17 14 11 13 10 51 38 84 34 31 42 10 16 15 28 11 190 28 11 15 73 39 37 45 18 14 13 12 11 13 39 10 12 86 29 18 31 10 20 10 23 10 10 23 19 49 14 30 10 16
internal_value=0.652594 33.9545 65.2297 130.893 111.814 -45.6146 41.0858 0.896737 35.9958 177.226 -11.452 68.0205 -65.1878 58.8733 31.0582 -20.1547 -2.25202 19.1053 14.391 26.5081 -5.35888 70.6047 7.03728 122.242 147.491 14.1489 30.5353 -18.9789 -64.9802 94.026 65.1513 -33.8418 -67.0392 -19.5727 53.2703 -29.6382 40.7118 25.3337 59.0794 -9.91154 -20.6452 2.39845 -1.94546 -13.6664 -29.0055 -57.9272 -28.7204 -16.1788 7.84993 -15.1214 -66.9178 -4.07867 0.379801 -40.6926 -37.1692 -32.7462 -25.3017 -8.36213 9.35862 -46.1964 -31.7015 86.5375
internal_weight=1620 942 484 130 120 678 354 458 344 48 325 72 33 146 133 293 127 198 184 135 292 118 156 24 35 89 56 49 385 50 44 166 369 136 68 151 48 30 28 114 98 40 122 33 22 179 96 47 70 52 93 94 82 49 20 53 42 59 28 53 23 27
internal_count=1620 942 484 130 120 678 354 458 344 48 325 72 33 146 133 293 127 198 184 135 292 118 156 24 35 89 56 49 385 50 44 166 369 136 68 151 48 30 28 114 98 40 122 33 22 179 96 47 70 52 93 94 82 49 20 53 42 59 28 53 23 27
is_linear=0
shrinkage=0.03


Tree=93
num_leaves=63
num_cat=0
split_feature=23 6 12 9 23 23 23 19 9 21 18 20 27 24 6 12 18 16 18 20 24 23 23 11 12 24 23 5 8 2 23 22 18 21 21 11 13 24 23 11 11 22 20 21 19 22 9 22 24 9 18 16 2 19 8 2 18 9 8 9 6 18
split_gain=2.60988e+09 1.01766e+09 7.44003e+08 4.26832e+08 3.54277e+08 3.49592e+08 2.24455e+08 2.10427e+08 1.72246e+08 1.93534e+08 1.16666e+08 1.14067e+08 7.53987e+07 7.81992e+07 6.6956e+07 6.55759e+07 5.29289e+07 5.18839e+07 5.9076e+07 4.75579e+07 4.72723e+07 4.54604e+07 4.45441e+07 3.81782e+07 3.54991e+07 3.30404e+07 3.22528e+07 3.09968e+07 3.0657e+07 2.84329e+07 4.36749e+07 2.79267e+07 2.65598e+07 2.25535e+07 2.11998e+07 1.83006e+07 1.81131e+07 1.70448e+07 2.06482e+07 1.66388e+07 1.54282e+07 1.5414e+07 1.52874e+07 1.4886e+07 1.31758e+07 1.27444e+07 1.26141e+07 1.16516e+07 1.11424e+07 9.27779e+06 1.60283e+07 1.01284e+07 8.1252e+06 7.29397e+06 6.288e+06 5.7772e+06 5.42426e+06 4.07927e+06 4.01691e+06 3.57085e+06 3.32921e+06 2.99253e+06
threshold=46586.150000000009 1.0000000180025095e-35 1.0326530610178755 0.06026834012766185 73745.661538461558 33809.134615384617 83682.400000000009 35240.200000000004 -0.46472317204376817 69923.362500000017 75914.050000000003 44100.350000000006 1.0000000180025095e-35 59626.200000000004 1.0000000180025095e-35 1.151898733888481 60197.850000000006 0.0050505372572776661 58786.350000000013 57376.05000000001 61750.67500000001 76503.769230769234 16901.850000000002 0.97476190453211509 1.1348314604241379 63125.000000000007 56659.200000000012 1.0000000180025095e-35 0.93301270189221952 59885.000000000007 82963.484615384616 7766.9183557587348 49014.400000000009 33532.962500000009 45449.325000000012 0.94399999984743344 1.1261261259281683 57604.375000000007 84180.519230769249 0.80822429891277703 0.79771551917947658 9264.9075712238828 20513.200000000004 43035.075000000004 67572.300000000003 2777.0393656196543 -0.91023613416931226 12892.245410530541 38478.575000000004 0.17992617227144045 36237.30000000001 0.0049889909738903846 63437.500000000007 48927.000000000007 1.0000000180025095e-35 61875.000000000007 83762.10000000002 -0.82298386589365657 -0.68301270189221952 0.06026834012766185 1.0000000180025095e-35 12267.550000000001
decision_type=2 2 2 2 2 2 2 2 2 2 2 2 2 2 2 2 2 2 2 2 2 2 2 2 2 2 2 2 2 2 2 2 2 2 2 2 2 2 2 2 2 2 2 2 2 2 2 2 2 2 2 2 2 2 2 2 2 2 2 2 2 2
left_child=5 8 3 6 7 22 -3 -4 -2 11 21 -10 13 19 31 16 -14 18 -11 -9 23 -6 39 32 35 -15 -25 45 40 30 56 33 -13 -7 -29 -19 -22 -20 -39 54 42 -33 -24 49 -17 46 -16 53 -41 51 -51 -35 55 57 61 -42 -12 -47 -54 -56 -50 -1
right_child=1 2 4 -5 10 14 -8 12 9 17 29 20 15 25 27 44 -18 24 37 -21 36 -23 28 26 -26 -27 -28 34 -30 -31 -32 41 -34 43 -36 -37 -38 38 -40 48 52 -43 -44 -45 -46 47 -48 -49 60 50 -52 -53 58 -55 59 -57 -58 -59 -60 -61 -62 -63
leaf_value=-61.18923777508158 -102.35069458007813 108.48746465369628 108.48746465369628 324.76756172117121 86.514887728304458 -47.833076283732261 226.84263442285803 18.173644154885359 -102.02816204998945 -2.988695128990325 84.847725359501709 -14.130348799051182 108.48746465369628 105.20433112067143 -11.03641542589342 25.898979281721445 52.267870713994249 55.246487835033506 36.717487921463814 -21.026017544738249 53.460086912950935 6.3830826027977547 -35.091641493946049 -17.95070585791925 -37.690647038640201 36.531998248573963 -71.485416068084973 -1.3021353344207114 -85.203840139288644 108.48746465369628 25.727478151226986 -83.544628840266029 6.8595066183121478 -20.430465684594296 47.851392123817739 0.64041254816828541 9.8695662461465847 110.56269058680772 61.78132284296138 -79.476481692401038 -49.685557558372949 -38.604985287651338 7.5505065797107056 12.739621536579538 -14.491074661405959 -46.579181708258552 35.321933998636673 9.749543963345614 -69.977538823928541 -15.244133869639608 -60.54536395364557 12.589972363033811 -53.888621001372464 -5.7695069787857385 -49.97372606642702 -72.795564691674613 108.48746465369628 -23.156834354295249 -35.091641493946049 -26.027213010882388 -61.18923777508158 -45.139199213705773
leaf_weight=11.000000000000002 13.999999999999998 28 10.999999999999998 11.999999999999998 11.000000000000002 25 14.999999999999998 135 10.999999999999998 14.999999999999998 13.000000000000002 81 12.999999999999998 11.000000000000002 11.000000000000002 26 65 11.000000000000002 17 35 14.999999999999998 14.999999999999998 18.000000000000004 63 10.999999999999998 14.999999999999998 11.999999999999998 13.999999999999998 17 49 9.9999999999999982 11.000000000000002 128 34 18 10.999999999999998 20 9.9999999999999982 39 91 48 19 9.9999999999999982 13.999999999999998 9.9999999999999982 10.999999999999998 9.9999999999999982 11.999999999999998 81 17.000000000000004 11.999999999999998 10.999999999999998 10.999999999999998 13.999999999999998 14.000000000000002 12.999999999999998 9.9999999999999982 18.000000000000004 30 9.9999999999999982 61 11.999999999999998
leaf_count=11 14 28 11 12 11 25 15 135 11 15 13 81 13 11 11 26 65 11 17 35 15 15 18 63 11 15 12 14 17 49 10 11 128 34 18 11 20 10 39 91 48 19 10 14 10 11 10 12 81 17 12 11 11 14 14 13 10 18 30 10 61 12
internal_value=0.630741 32.9339 63.2616 167.056 49.9187 -44.2489 122.392 34.0864 0.877796 4.15507 96.9008 -7.488 28.8232 17.525 -16.1428 48.2158 63.6597 37.8357 50.7408 10.0955 -4.19703 40.4867 -60.7626 -8.2538 6.10207 65.8776 -26.6001 1.6877 -47.3194 108.487 78.4053 -29.6009 -1.66062 -22.7338 26.4096 28.07 28.6504 62.9381 71.9417 -67.8009 -42.3036 -55.3058 -22.4597 -15.557 14.6704 -8.74249 11.1016 -16.3258 -71.1129 -20.9205 -34.1332 -12.3487 -47.7236 -23.6084 -51.2655 -54.7218 101.098 -32.1708 -37.2038 -40.1455 -65.701 -61.1892
internal_weight=1620 942 484 55 429 678 43 321 458 444 108 330 310 196 251 114 78 114 81 170 319 26 427 284 33 26 75 108 147 82 33 143 209 113 32 22 35 66 49 280 130 30 28 88 36 76 21 55 233 74 29 45 102 43 47 61 23 29 41 24 142 23
internal_count=1620 942 484 55 429 678 43 321 458 444 108 330 310 196 251 114 78 114 81 170 319 26 427 284 33 26 75 108 147 82 33 143 209 113 32 22 35 66 49 280 130 30 28 88 36 76 21 55 233 74 29 45 102 43 47 61 23 29 41 24 142 23
is_linear=0
shrinkage=0.03


Tree=94
num_leaves=63
num_cat=0
split_feature=23 6 1 10 27 23 11 1 27 20 2 11 13 3 6 10 18 20 23 11 16 10 19 7 9 20 13 18 23 13 1 7 7 2 11 16 16 6 7 18 20 10 19 7 1 23 20 22 19 20 23 22 19 16 11 18 8 19 18 6 20 16
split_gain=2.4592e+09 9.60679e+08 7.71338e+08 5.78866e+08 3.41445e+08 3.29637e+08 3.09587e+08 1.6801e+08 1.33462e+08 1.19701e+08 1.07798e+08 9.0492e+07 8.42359e+07 7.57601e+07 7.08979e+07 6.67347e+07 6.6417e+07 6.1934e+07 7.66377e+07 1.03183e+08 6.57802e+07 5.91653e+07 4.96101e+07 5.90175e+07 3.85387e+07 3.85337e+07 3.83294e+07 3.74966e+07 6.4217e+07 3.69963e+07 3.43463e+07 3.38332e+07 3.3283e+07 3.30098e+07 3.19496e+07 3.19325e+07 2.48675e+07 2.4483e+07 1.88697e+07 1.8796e+07 1.86933e+07 1.85745e+07 1.88556e+07 1.78126e+07 1.91693e+07 1.76458e+07 1.67613e+07 1.66434e+07 1.54594e+07 1.4566e+07 1.42367e+07 1.40229e+07 1.39967e+07 1.37209e+07 1.31868e+07 1.30923e+07 1.22669e+07 2.62964e+07 1.22585e+07 9.9467e+06 9.7496e+06 9.13652e+06
threshold=46586.150000000009 1.0000000180025095e-35 42920.000000000007 0.98182534576205305 1.0000000180025095e-35 25473.334615384618 0.81689655158114804 42920.000000000007 1.0000000180025095e-35 44507.650000000001 60701.875000000007 0.94399170107185504 1.0843802342401301 56958.750000000007 1.0000000180025095e-35 -0.78574730703237872 60197.850000000006 80863.300000000017 60896.976923076923 0.88793103433118203 -0.068478572480783359 0.78574730703237883 60667.400000000009 1.0000000180025095e-35 -0.29696027566504662 110861.50000000001 0.99859296457813607 85153.35000000002 76034.134615384639 1.1261261259242288 34707.000000000007 -0.93301270189221919 -0.24999999999999997 59081.250000000007 0.87850467273048816 0.0048899755501222728 0.0050505372572776661 1.0000000180025095e-35 1.0000000180025095e-35 64146.500000000007 110861.50000000001 0.5163939593874618 39571.500000000007 -0.93301270189221919 43670.000000000007 57199.780769230776 74884.950000000012 9473.5867969385836 35545.650000000009 61017.05000000001 42087.469230769238 5321.1271400236519 32134.200000000001 0.0050505372572776661 0.86899563299803473 55231.500000000007 0.25000000000000017 60667.400000000009 74039.35000000002 1.0000000180025095e-35 42647.200000000004 0.0049889909738903846
decision_type=2 2 2 2 2 2 2 2 2 2 2 2 2 2 2 2 2 2 2 2 2 2 2 2 2 2 2 2 2 2 2 2 2 2 2 2 2 2 2 2 2 2 2 2 2 2 2 2 2 2 2 2 2 2 2 2 2 2 2 2 2 2
left_child=5 7 6 4 10 30 -3 9 17 -2 29 -6 16 33 32 -16 -10 18 20 -20 -8 22 23 55 39 27 -18 28 51 -4 59 50 52 -9 -24 -13 -25 53 -34 -23 -35 42 54 -39 -45 47 -36 -26 -40 60 -17 -15 -7 -32 -33 -11 57 -12 -58 -1 -50 -54
right_child=1 2 3 -5 11 14 8 13 12 21 56 35 -14 25 15 31 26 -19 19 -21 -22 24 34 36 45 -27 -28 -29 -30 -31 37 41 38 40 46 -37 -38 43 48 -41 -42 -43 -44 44 -46 -47 -48 -49 49 -51 -52 -53 61 -55 -56 -57 58 -59 -60 -61 -62 -63
leaf_value=-76.702244637599691 -96.272789826088768 202.22886079391628 160.03001677560329 342.28633862788132 226.07603948557596 -39.804570510514822 57.378625165153949 28.411992053650966 117.94983329215887 58.662249955281162 53.81382707580061 108.03240105879932 8.6074889903221248 15.904676162581634 62.065322424036857 -65.43855586590152 91.320549373389255 -54.789738369176888 89.846219771080399 2.5788388162766589 0.90481381820461859 -37.169806935550589 64.594005833145019 -11.829947634037934 -9.7394633380786768 63.058523171164779 47.958770315620335 -48.440043522296563 68.027244873046868 83.314623809165141 -56.703948473162086 9.1457023756416671 -76.801836139269113 101.16899383009522 1.0632291792168276 169.82922705542961 -47.115594429430374 -71.010150461765321 -51.030401415302798 -92.234543469117412 48.679694860477262 -22.998428101000204 26.574410918717533 -41.511532061956324 -0.34037373062007681 -3.2864758156603711 31.544268508242421 -60.831651661770408 -35.876554669052801 -59.667318955223159 -21.907735222188215 -15.565839293216944 -13.115024544852119 -85.052393817047559 -29.942795166132104 14.344004631800367 71.146376147980376 -8.7980761963079779 27.300031608354928 -62.821159003706008 -8.4501791194494924 17.755177103152946
leaf_weight=101 13.999999999999998 9.9999999999999982 10.000000000000002 9.9999999999999982 15.999999999999998 12.999999999999998 22 17 13.999999999999998 10.000000000000002 12.000000000000002 17 28 22 12.999999999999998 10.000000000000002 24 9.9999999999999982 29 21 116 13.000000000000002 11.999999999999998 97 11.000000000000002 11.999999999999998 80 9.9999999999999982 14.999999999999998 13.999999999999998 75 19 11.999999999999998 17.000000000000004 46 14.999999999999998 22 14.999999999999998 41 9.9999999999999982 9.9999999999999982 22 29 67 11.999999999999998 38 25 11.999999999999998 20 9.9999999999999982 21 30 30 20 12.999999999999998 14.999999999999998 14.000000000000002 11.999999999999998 9.9999999999999982 95 28 11.999999999999998
leaf_count=101 14 10 10 10 16 13 22 17 14 10 12 17 28 22 13 10 24 10 29 21 116 13 12 97 11 12 80 10 15 14 75 19 12 17 46 15 22 15 41 10 10 22 29 67 12 38 25 12 20 10 21 30 30 20 13 15 14 12 10 95 28 12
internal_value=0.635134 31.9919 61.4583 123.93 105.464 -42.9297 38.4881 0.846136 33.6708 -10.7777 64.0032 167.393 55.4239 29.237 -18.942 -2.06644 66.5162 17.6107 21.4889 53.2723 9.94294 -6.89932 1.06345 -9.58263 -28.3935 13.2877 58.0435 5.45948 13.5644 115.811 -61.1756 -9.42772 -31.8437 61.3947 19.5231 137.439 -18.3875 -51.9822 -41.295 -61.4068 81.98 0.571353 9.09571 -41.0393 -35.2661 -15.8657 11.8253 -36.5443 -36.9179 -26.8712 -36.1153 -2.24636 -12.7289 -62.7552 -6.77772 32.2345 37.9124 22.6011 53.0663 -70.0096 -19.9287 -4.27367
internal_weight=1620 942 484 130 120 678 354 458 344 325 72 48 146 133 293 127 118 198 188 50 138 311 227 144 84 89 104 77 67 24 385 114 166 44 83 32 119 189 111 23 27 83 61 94 79 61 71 23 99 58 31 52 55 95 32 25 48 24 24 196 48 42
internal_count=1620 942 484 130 120 678 354 458 344 325 72 48 146 133 293 127 118 198 188 50 138 311 227 144 84 89 104 77 67 24 385 114 166 44 83 32 119 189 111 23 27 83 61 94 79 61 71 23 99 58 31 52 55 95 32 25 48 24 24 196 48 42
is_linear=0
shrinkage=0.03


Tree=95
num_leaves=63
num_cat=0
split_feature=18 25 18 16 10 8 6 21 18 17 24 20 22 8 20 16 18 18 16 8 7 16 16 20 17 12 3 3 18 7 6 22 21 16 21 22 14 6 21 18 17 22 24 21 2 18 14 22 3 22 21 16 21 16 7 22 9 9 20 11 7 7
split_gain=2.25174e+09 7.09377e+08 5.00459e+08 3.16897e+08 2.53963e+08 2.02704e+08 1.934e+08 3.95949e+08 1.56971e+08 1.31873e+08 1.18124e+08 8.08555e+07 7.83034e+07 1.34745e+08 6.92962e+07 6.17111e+07 6.96873e+07 6.15016e+07 5.97116e+07 6.02008e+07 5.46738e+07 7.75132e+07 6.31349e+07 4.86749e+07 4.66819e+07 6.31016e+07 4.10177e+07 3.59991e+07 3.5029e+07 3.18873e+07 2.74713e+07 2.55518e+07 2.26779e+07 1.81396e+07 1.72746e+07 1.89228e+07 1.53976e+07 1.51087e+07 1.89766e+07 1.42777e+07 1.64936e+07 1.38212e+07 1.37476e+07 1.3332e+07 1.17267e+07 1.27701e+07 1.07009e+07 1.05824e+07 1.04554e+07 1.042e+07 8.37019e+06 7.81918e+06 7.42916e+06 6.79053e+06 5.72193e+06 5.70185e+06 4.88982e+06 4.10587e+06 3.45389e+06 2.31968e+06 2.24346e+06 2.21449e+06
threshold=55071.80000000001 1.0000000180025095e-35 112238.65000000001 -0.00086798958295125617 0.98182534576205305 0.93301270189221952 1.0000000180025095e-35 33532.962500000009 82632.60000000002 0.075479115465842489 56820.000000000007 73147.500000000015 29598.87805743868 0.6830127018922193 66207.60000000002 0.0050505372572776661 40827.950000000004 85153.35000000002 0.0051282388444369173 1.0000000180025095e-35 -0.93301270189221919 0.0049140049140049555 -0.014350739189725846 92289.10000000002 0.079999999984114015 1.0658391177286974 60701.875000000007 56820.000000000007 74039.35000000002 -0.24999999999999997 1.0000000180025095e-35 2926.6672130974471 43990.537500000006 0.0037543201186628354 33532.962500000009 6858.8681809133968 0.13707268499901715 1.0000000180025095e-35 29674.587500000005 62654.05000000001 0.079999999985739687 1035.1161032554153 44801.625000000007 50027.287500000013 50241.875000000007 45771.750000000007 0.23907455008803444 4374.7026435314629 49095.625000000007 8658.8390795884952 32536.675000000007 0.0037543201186628354 10584.137500000003 0.0050251573518178558 -0.93301270189221919 1326.1229085226969 0.06026834012766185 -0.88545602565320969 8135.3000000000011 0.84848484835499083 -0.24999999999999997 1.0000000180025095e-35
decision_type=2 2 2 2 2 2 2 2 2 2 2 2 2 2 2 2 2 2 2 2 2 2 2 2 2 2 2 2 2 2 2 2 2 2 2 2 2 2 2 2 2 2 2 2 2 2 2 2 2 2 2 2 2 2 2 2 2 2 2 2 2 2
left_child=1 6 3 8 5 10 15 -8 24 12 18 20 13 -4 -7 16 34 27 19 -5 42 22 -22 -19 25 -2 30 -12 -20 31 46 -18 -23 41 50 47 -32 59 -39 -26 -41 -31 -9 -33 45 -17 52 -36 55 -37 56 -48 61 60 -50 -38 -1 -56 -57 -28 -54 -3
right_child=2 26 9 4 -6 14 7 11 -10 -11 17 -13 -14 -15 -16 44 29 23 28 -21 21 32 -24 -25 39 -27 37 -29 -30 33 36 43 -34 -35 35 49 48 38 -40 40 -42 -43 -44 -45 -46 -47 51 -49 54 -51 -52 -53 53 -55 57 58 -58 -59 -60 -61 -62 -63
leaf_value=-18.914641929097687 144.18233137616451 -64.927001481976419 134.081273514597 10.539495586308284 159.03918619170443 -109.57357852652051 201.35950408331237 -60.316787775625102 199.24021236935175 228.81675622888511 59.660633570226338 79.908130432594831 181.62743081876548 -4.5068018424156877 -9.7326023387180935 -67.803143905765751 63.898261388646496 106.6121189480602 -15.919683276339363 42.469564121981442 33.470582479968293 30.922469687886746 -15.244718882967151 46.190469865755794 30.406639761417466 47.562490439839884 -37.922480254302137 22.068805843968487 17.318027728967923 -32.508079030624287 -18.845653900971282 -10.556592842253623 93.66717935098184 -46.908830974314469 -21.477083551507249 -65.523015438873003 -52.778678208049541 4.8374797765466537 -46.87573338689031 93.472500423715104 42.028821188436972 -2.195153853964205 -18.710509931024802 33.979929362382038 -82.695049311571793 -26.666012395065021 -77.344276286029512 2.7388427429694633 -66.319216934078 -30.982841217161159 -64.100193162122309 -109.80312142249382 -42.556331358050357 -74.717384697856417 -37.290749499940958 -83.14575310859972 -47.075831000641102 -48.468143466941527 -64.211679327957981 -56.75275832656007 -59.009422830845068 -77.344276286029512
leaf_weight=10.000000000000002 16.000000000000004 17 17.000000000000004 92 12.999999999999998 12.000000000000002 9.9999999999999982 9.9999999999999982 10.999999999999998 10.999999999999998 40 12.999999999999998 9.9999999999999982 9.9999999999999982 12.999999999999998 12.000000000000002 9.9999999999999982 27 52 126 36 10.000000000000002 71 22 13.999999999999998 9.9999999999999982 11.000000000000002 54 63 14.999999999999998 10.999999999999998 15.000000000000002 10.999999999999998 9.9999999999999982 55 9.9999999999999982 35 15.000000000000002 10.999999999999998 12.000000000000002 10.999999999999998 131 25 9.9999999999999982 9.9999999999999982 15.999999999999998 18.000000000000004 23 11.999999999999998 38 14.999999999999998 9.9999999999999982 9.9999999999999982 28 12.999999999999998 12.999999999999998 12.999999999999998 48 42 15.999999999999998 60 35
leaf_count=10 16 17 17 92 13 12 10 10 11 11 40 13 10 10 13 12 10 27 52 126 36 10 71 22 14 10 11 54 63 15 11 15 11 10 55 10 35 15 11 12 11 131 25 10 10 16 18 23 12 38 15 10 10 28 13 13 13 48 42 16 60 35
internal_value=0.62102 -27.8131 44.6109 36.9927 28.6245 25.2094 -6.50689 18.6895 95.0009 137.663 29.5858 8.20201 110.019 82.925 -57.902 -18.4336 -14.5347 52.3852 19.7822 29.0055 2.43761 11.5255 1.1614 79.6334 76.5135 107.346 -58.264 38.1118 2.288 -2.21493 -61.9733 23.6229 64.077 -8.02333 -28.8727 -23.4921 -53.4159 -33.5581 -17.1368 54.6166 69.1576 -5.32963 -30.7361 7.3223 -54.7235 -44.4749 -70.3037 -14.3421 -55.7358 -38.3 -46.605 -87.6858 -67.0028 -61.9353 -47.1334 -62.6533 -34.9669 -43.2568 -68.8298 -49.2495 -56.7231 -76.4159
internal_weight=1620 984 636 588 514 501 579 186 74 48 476 176 37 27 25 393 355 143 333 218 163 128 107 49 63 26 405 94 115 191 352 35 21 156 164 126 174 53 26 37 23 146 35 25 38 28 178 78 163 48 38 28 150 98 73 90 23 61 55 27 70 52
internal_count=1620 984 636 588 514 501 579 186 74 48 476 176 37 27 25 393 355 143 333 218 163 128 107 49 63 26 405 94 115 191 352 35 21 156 164 126 174 53 26 37 23 146 35 25 38 28 178 78 163 48 38 28 150 98 73 90 23 61 55 27 70 52
is_linear=0
shrinkage=0.03


Tree=96
num_leaves=63
num_cat=0
split_feature=21 1 25 6 27 21 6 6 21 8 16 9 3 7 16 16 27 3 20 22 10 20 12 14 16 24 11 1 10 7 22 11 1 27 6 20 3 22 21 21 4 22 24 16 16 14 6 21 21 20 4 22 10 16 28 16 10 22 14 1 21 24
split_gain=2.0622e+09 5.46841e+08 4.94705e+08 4.62311e+08 5.0697e+08 3.91238e+08 2.33207e+08 1.82219e+08 3.8145e+08 1.56868e+08 1.30882e+08 1.19194e+08 1.09848e+08 8.43717e+07 7.8775e+07 7.65687e+07 7.15439e+07 5.93424e+07 5.6457e+07 5.61729e+07 7.16938e+07 5.08517e+07 4.89699e+07 4.80408e+07 4.65303e+07 4.2157e+07 3.88473e+07 3.8577e+07 3.76785e+07 4.61107e+07 3.71514e+07 3.48121e+07 3.20804e+07 3.08442e+07 2.60125e+07 2.35049e+07 2.34298e+07 3.10793e+07 2.12289e+07 1.98303e+07 1.97149e+07 1.86204e+07 1.57704e+07 1.50844e+07 2.02589e+07 1.44621e+07 1.42209e+07 1.78648e+07 1.40275e+07 1.62567e+07 1.30526e+07 1.17906e+07 1.15335e+07 1.86866e+07 1.131e+07 1.07701e+07 1.06385e+07 1.05567e+07 1.00793e+07 9.93658e+06 9.33826e+06 7.86892e+06
threshold=50331.849999999999 42920.000000000007 1.0000000180025095e-35 1.0000000180025095e-35 1.0000000180025095e-35 99781.10000000002 1.0000000180025095e-35 1.0000000180025095e-35 33532.962500000009 0.25000000000000017 -1.0000000180025095e-35 -0.35460488704253573 56820.000000000007 -0.93301270189221919 0.0037543201186628354 -0.075467952801286139 1.0000000180025095e-35 56958.750000000007 104550.10000000002 18596.605127991981 0.5163939593874618 60841.05000000001 1.1565945280765215 0.28888888884146641 0.0048899755501222728 60218.125000000007 0.88714733527913558 43670.000000000007 0.78574730703237883 -0.93301270189221919 2777.0393656196543 1.0559999998267067 30945.000000000004 1.0000000180025095e-35 1.0000000180025095e-35 51897.150000000001 55525.625000000007 2263.136266797504 63254.350000000013 33532.962500000009 56935.625000000007 10834.934566728369 60826.525000000009 0.0050251573518178558 0.0049889909738903846 0.13707268499901715 1.0000000180025095e-35 29674.587500000005 70141.425000000032 56519.30000000001 55470.625000000007 14635.774752071544 0.74851074817110097 0.0050505372572776661 1.0000000180025095e-35 0.0049140049140049555 -0.12053668025532321 8156.9189980174297 0.2133517592883212 34707.000000000007 49323.412500000006 48858.750000000007
decision_type=2 2 2 2 2 2 2 2 2 2 2 2 2 2 2 2 2 2 2 2 2 2 2 2 2 2 2 2 2 2 2 2 2 2 2 2 2 2 2 2 2 2 2 2 2 2 2 2 2 2 2 2 2 2 2 2 2 2 2 2 2 2
left_child=2 6 7 17 12 -6 11 32 -9 -7 15 14 23 35 -2 48 19 36 -11 20 -15 28 24 -5 -18 50 54 34 29 -10 -31 41 56 52 58 -12 37 -3 -14 -34 51 -27 -39 44 60 -36 -29 -48 49 -8 -19 -40 53 -28 -13 -24 -1 -56 -4 -47 -41 -50
right_child=1 3 27 4 5 9 10 8 21 18 13 26 38 16 -16 -17 22 25 -20 -21 -22 -23 55 -25 -26 31 33 46 -30 30 -32 -33 39 -35 45 -37 -38 42 40 43 -42 -43 -44 -45 -46 59 47 -49 61 -51 -52 -53 -54 -55 57 -57 -58 -59 -60 -61 -62 -63
leaf_value=-37.354107481876262 -7.2173593200279385 3.8687566973711998 -58.881700479784726 147.15284790847471 351.57366355971533 78.27050238963821 62.344218582233189 195.37852819763788 -35.035793826568749 249.72043220142319 -19.765868916755174 56.206117100071268 75.474382505511286 29.213282725531524 -100.23952297147466 148.86583341390781 48.174351836777518 12.973694598509528 151.86478811016519 74.537633965674871 -21.624606284875696 50.799398459755913 -7.5295350819665003 61.389558617620189 100.23861763495901 29.654112190094995 4.1345745744743194 -47.782516959214995 -43.031622531111068 48.91453511170301 1.9654282766789912 1.6679033953770641 -50.657446888706133 7.1878335171460366 -18.285376859097866 27.81412104393825 97.836256623220919 86.932239179538385 -10.140279641187824 -18.120567697457599 51.382889741596422 78.935319451484972 36.306411224969544 -34.927035891215006 27.929474877083653 -60.780327338113899 4.6933165513600725 -45.482129757855397 96.81136709081062 17.593327119685398 -29.232831259522762 31.900516717240617 -39.68094753405186 -40.083717759110549 38.648896773488886 35.320314059115873 -68.976242662795045 13.736202064591327 -73.937046736631473 -45.653108524160736 7.4752836641352225 59.484931141246449
leaf_weight=32 14.999999999999998 10.999999999999998 68 15.000000000000002 9.9999999999999982 19 19.000000000000004 9.9999999999999982 21 10.000000000000002 41 10.999999999999998 9.9999999999999982 69 18 9.9999999999999982 48 10.000000000000002 12.999999999999998 13.999999999999998 39 18 11.000000000000002 9.9999999999999982 23 15.000000000000002 25 27 18 21 54 21 17 96 10.999999999999998 11.999999999999998 9.9999999999999982 13.000000000000002 13.000000000000002 147 17 12.999999999999998 9.9999999999999982 35 9.9999999999999982 90 15.000000000000002 10.999999999999998 10.000000000000002 11.999999999999998 19 10.999999999999998 19 12.999999999999998 17.000000000000004 9.9999999999999982 13.999999999999998 9.9999999999999982 110 73 13.999999999999998 11.999999999999998
leaf_count=32 15 11 68 15 10 19 19 10 21 10 41 11 10 69 18 10 48 10 13 14 39 18 11 10 23 15 25 27 18 21 54 21 17 96 11 12 10 13 13 147 17 13 10 35 10 90 15 11 10 12 19 11 19 13 17 10 14 10 110 73 14 12
internal_value=0.604234 34.7014 -32.9917 71.5236 111.333 183.445 18.075 -9.79997 17.6854 142.674 34.1076 -5.54901 61.8167 24.9125 -58.1064 72.9758 33.302 29.6996 195.308 18.2154 10.8521 4.08605 53.2667 113.229 65.1575 13.9528 3.55722 -56.5187 -3.32777 4.15371 15.1588 30.8967 -24.3102 -3.19054 -60.116 -8.96089 57.5194 45.4093 36.4423 -19.5886 26.7617 52.7343 65.1736 -17.0014 -13.3141 -51.7893 -32.5591 -16.6276 58.4035 45.1337 -14.6842 9.18071 -20.6519 -11.0582 30.6629 12.9457 -47.107 20.0873 -68.2219 -54.0377 -15.8916 76.8129
internal_weight=1620 804 816 250 128 52 554 411 142 42 330 224 76 267 33 63 214 122 23 122 108 132 92 25 71 78 191 405 114 96 75 49 269 153 352 53 44 34 51 223 41 28 23 206 171 174 53 26 53 31 29 24 57 38 38 21 46 27 178 163 161 22
internal_count=1620 804 816 250 128 52 554 411 142 42 330 224 76 267 33 63 214 122 23 122 108 132 92 25 71 78 191 405 114 96 75 49 269 153 352 53 44 34 51 223 41 28 23 206 171 174 53 26 53 31 29 24 57 38 38 21 46 27 178 163 161 22
is_linear=0
shrinkage=0.03


Tree=97
num_leaves=63
num_cat=0
split_feature=23 6 14 23 23 10 19 23 9 21 16 20 7 14 7 16 7 23 23 20 7 22 7 24 14 14 21 14 16 2 7 9 21 4 11 10 19 22 7 23 20 9 7 14 22 20 11 2 24 16 10 19 22 19 22 16 2 23 22 7 23 7
split_gain=2.06597e+09 8.17752e+08 6.27417e+08 5.26218e+08 2.7257e+08 2.54217e+08 2.18179e+08 1.86042e+08 1.43345e+08 1.54618e+08 1.0843e+08 9.58358e+07 7.37965e+07 6.32926e+07 5.45167e+07 5.34821e+07 4.78963e+07 5.99602e+07 4.06602e+07 3.99737e+07 3.9039e+07 3.67311e+07 3.52822e+07 3.49457e+07 3.19261e+07 2.91099e+07 2.50427e+07 2.30068e+07 1.86798e+07 1.52865e+07 1.42795e+07 1.44882e+07 1.42554e+07 1.36421e+07 1.75851e+07 1.66817e+07 1.14374e+07 1.12109e+07 1.11323e+07 1.67389e+07 9.90485e+06 8.44444e+06 8.28812e+06 7.89997e+06 7.65668e+06 6.68645e+06 5.91136e+06 5.44183e+06 8.94525e+06 5.42185e+06 5.18834e+06 4.56745e+06 4.47108e+06 4.08124e+06 2.79666e+06 2.70983e+06 2.5024e+06 2.19729e+06 1.52366e+06 752506 721370 521593
threshold=46586.150000000009 1.0000000180025095e-35 0.18006257412947754 95195.73461538463 33809.134615384617 -0.78574730703237872 35240.200000000004 67005.403846153858 -0.46472317204376817 69923.362500000017 -0.0027522199815387389 44100.350000000006 -0.24999999999999997 0.24938271598645248 -0.24999999999999997 0.0049889909738903846 -0.24999999999999997 90862.826923076937 64699.450000000004 82632.60000000002 0.68301270189221941 9078.4029334761308 0.93301270189221952 38286.600000000006 0.22321717548807393 0.21012658222032701 77810.900000000009 0.2342569268975227 0.0050505372572776661 62812.500000000007 -0.24999999999999997 -0.1799261722714405 45449.325000000012 38408.750000000007 0.87136929442319999 0.78574730703237883 20550.450000000004 20311.604193421026 -0.93301270189221919 42087.469230769238 58363.05000000001 0.70581670320594825 -0.93301270189221919 0.13707268499901715 2357.8067368757315 22724.650000000005 0.80898876386758156 50495.625000000007 48014.875000000007 0.0049505253806327873 -0.12053668025532321 35240.200000000004 4004.4930102399358 40304.150000000009 792.44576301583209 0.0050251573518178558 46562.625000000007 21552.888461538463 5019.7633581603322 0.68301270189221941 15003.596153846154 1.0000000180025095e-35
decision_type=2 2 2 2 2 2 2 2 2 2 2 2 2 2 2 2 2 2 2 2 2 2 2 2 2 2 2 2 2 2 2 2 2 2 2 2 2 2 2 2 2 2 2 2 2 2 2 2 2 2 2 2 2 2 2 2 2 2 2 2 2 2
left_child=4 8 -3 5 23 -4 -7 13 -2 11 -9 -10 15 -8 24 40 -11 20 28 -5 37 -19 33 46 32 29 -22 -20 -14 43 42 -32 -6 35 -35 51 -31 -18 49 44 -13 -23 -27 -25 -40 55 50 48 -36 -26 -1 -16 -53 -46 -45 -33 59 -47 -56 61 -44 -48
right_child=1 2 3 19 14 6 7 10 9 16 -12 12 18 -15 22 -17 17 21 27 -21 26 41 -24 25 38 30 -28 -29 -30 36 31 45 -34 34 47 -37 -38 -39 39 -41 -42 -43 60 54 53 57 56 -49 -50 -51 -52 52 -54 -55 58 -57 -58 -59 -60 -61 -62 -63
leaf_value=-67.875026602851648 -93.581177549970917 253.74011342150095 152.16203665334612 101.06623609126009 9.3462732413732379 152.16203665334612 36.614389145580212 113.697900780259 -93.483521761507603 96.110637690478043 47.746213602729526 37.568936235786666 -12.687062583496679 5.5834012889428859 -49.905353835085613 89.451482057313669 -46.925710307206245 20.846888189252638 34.634390093907363 152.16203665334612 44.833163441625132 64.399043381086727 21.361043132060281 -20.372866205893271 -14.803180358709874 -65.578835515501268 0.21733986925722945 -1.285684343325932 -36.465827264091715 7.6821201619063251 -92.811696621509313 -60.619796285653045 50.161353781896693 9.7715491176295934 -40.322871346980961 -75.072006728776543 -31.854055652917989 -2.0930175811465421 3.1427238320555362 9.3462732413732379 1.6745418683220359 102.45371497428063 -53.817865076148962 -33.630598584287654 -26.304761521655045 -61.409429073522574 -77.984088627330024 -46.542636006041342 -11.599898727642216 -43.399700643709387 -46.08611964065836 -42.143623934659082 -17.4223534231628 -5.9202427312254002 -46.66492594998806 -76.080820141173248 -67.875026602851648 -46.66492594998806 -33.518896077940667 -70.768915883657101 -46.66492594998806 -90.812986707450904
leaf_weight=28 13.999999999999998 13.999999999999998 10.999999999999998 14.999999999999998 14.000000000000002 10.999999999999998 96 27 10.999999999999998 9.9999999999999982 133 9.9999999999999982 151 154 13.999999999999998 10.999999999999998 10.000000000000002 14.999999999999998 21 23 26 13.000000000000002 10.999999999999998 11.999999999999998 15.000000000000002 22 20 67 37 10.000000000000002 13.999999999999998 40 12.999999999999998 10.999999999999998 14.000000000000002 12.999999999999998 19 9.9999999999999982 19 23 22 9.9999999999999982 34 15.999999999999998 28 10.000000000000002 17 15.999999999999998 9.9999999999999982 9.9999999999999982 15.999999999999998 12.000000000000002 14.999999999999998 12.999999999999998 54 17 20 17 9.9999999999999982 10.999999999999998 48 12.000000000000002
leaf_count=28 14 14 11 15 14 11 96 27 11 10 133 10 151 154 14 11 10 15 21 23 26 13 11 12 15 22 20 67 37 10 14 40 13 11 14 13 19 10 19 23 22 10 34 16 28 10 17 16 10 10 16 12 15 13 54 17 20 17 10 11 48 12
internal_value=0.584695 29.3254 56.5116 50.584 -39.3455 41.1355 37.2807 33.6876 0.589759 3.57952 58.9396 -6.82726 -3.81075 17.5092 -14.5278 32.7 33.684 27.5949 -9.50882 152.162 10.2787 57.5644 -29.6013 -53.927 -1.56336 -49.0216 25.4776 7.3157 -17.3838 -37.3221 -56.0077 -64.2922 27.554 -34.9555 -23.7512 -45.4738 -18.2412 -24.6315 -8.8615 -3.56266 12.9737 81.3166 -48.1469 -43.3104 -12.5906 -59.4342 -69.1005 -32.9713 -23.7681 -26.3692 -60.3263 -35.9291 -28.5247 -19.8716 -46.6649 -65.3562 -75.4238 -46.7372 -46.6649 -80.247 -46.6649 -83.5865
internal_weight=1620 942 484 470 678 432 421 410 458 444 160 330 319 250 251 43 114 104 276 38 66 38 116 427 135 323 46 88 188 121 202 98 27 105 51 54 29 20 108 83 32 23 104 92 60 84 104 40 24 25 44 41 27 41 80 57 60 27 64 40 82 29
internal_count=1620 942 484 470 678 432 421 410 458 444 160 330 319 250 251 43 114 104 276 38 66 38 116 427 135 323 46 88 188 121 202 98 27 105 51 54 29 20 108 83 32 23 104 92 60 84 104 40 24 25 44 41 27 41 80 57 60 27 64 40 82 29
is_linear=0
shrinkage=0.03


Tree=98
num_leaves=63
num_cat=0
split_feature=23 23 19 12 23 9 8 17 27 18 8 23 13 10 22 17 10 23 21 17 8 19 10 24 9 9 11 20 9 18 11 20 8 22 8 9 26 22 23 24 20 22 21 2 18 2 23 22 18 19 11 21 21 10 19 24 23 8 21 22 2 2
split_gain=1.94555e+09 6.00612e+08 6.47445e+08 2.89552e+08 2.56678e+08 2.12433e+08 1.97718e+08 1.812e+08 1.07009e+08 8.77228e+07 8.74988e+07 8.50936e+07 9.60283e+07 8.22623e+07 1.21219e+08 7.6825e+07 7.18114e+07 5.05938e+07 5.0011e+07 4.84552e+07 4.01624e+07 3.70551e+07 3.3765e+07 3.29683e+07 3.13826e+07 2.93916e+07 2.5661e+07 2.53053e+07 2.27773e+07 2.73987e+07 2.26927e+07 2.03373e+07 1.9161e+07 1.80207e+07 1.75827e+07 1.75379e+07 1.48301e+07 1.45926e+07 1.40756e+07 1.34408e+07 1.21725e+07 1.00241e+07 9.74205e+06 9.69155e+06 9.36863e+06 8.49032e+06 8.3545e+06 6.96626e+06 6.92896e+06 6.36891e+06 5.54167e+06 5.36201e+06 9.26756e+06 4.88626e+06 4.32787e+06 4.0417e+06 3.99518e+06 3.88768e+06 3.76227e+06 2.93696e+06 2.38236e+06 2.1804e+06
threshold=46586.150000000009 74749.11923076924 33738.850000000006 1.0267857140995378 33809.134615384617 -0.51639395938746191 0.93301270189221952 0.075411471304537223 1.0000000180025095e-35 53973.05000000001 0.93301270189221952 60896.976923076923 0.93069306912077232 0.40966402954315184 18596.605127991981 0.075479115460650545 0.23931566428755774 52238.019230769241 43684.500000000007 0.02117530354566587 1.0000000180025095e-35 108144.60000000002 -0.78574730703237872 38286.600000000006 0.35460488704253579 0.06026834012766185 0.79771551917947658 47348.400000000009 0.91023613416931248 69943.35000000002 0.86516853913142167 19984.050000000007 0.6830127018922193 5721.4557298115424 0.93301270189221952 1.0000000180025095e-35 1.0000000180025095e-35 15935.217835209549 16901.850000000002 56412.500000000007 45483.750000000007 764.90113071877727 105242.65000000002 48580.750000000007 52316.250000000007 44964.875000000007 44678.207692307704 982.87138303228892 41414.350000000006 41380.850000000006 0.80898876386758156 47172.125000000007 54377.125000000007 -0.12053668025532321 45379.450000000004 39253.125000000007 42840.411538461543 1.0000000180025095e-35 48144.700000000012 2312.6578718931219 46562.625000000007 63437.500000000007
decision_type=2 2 2 2 2 2 2 2 2 2 2 2 2 2 2 2 2 2 2 2 2 2 2 2 2 2 2 2 2 2 2 2 2 2 2 2 2 2 2 2 2 2 2 2 2 2 2 2 2 2 2 2 2 2 2 2 2 2 2 2 2 2
left_child=4 2 -2 -3 23 13 7 11 28 27 16 19 -13 42 37 -9 25 44 33 24 -14 -18 -20 50 -4 -10 31 -8 29 36 -24 -25 -19 35 38 47 -7 -15 57 -12 49 -37 -5 46 -17 -43 58 -6 59 55 53 -29 -53 -1 -45 -35 -47 -28 -32 -49 -52 -40
right_child=1 3 6 5 18 8 9 15 10 -11 39 12 20 14 -16 17 21 32 22 -21 -22 -23 30 26 -26 -27 34 51 -30 -31 43 -33 -34 40 -36 41 -38 -39 61 -41 -42 45 -44 54 -46 56 -48 48 -50 -51 60 52 -54 -55 -56 -57 -58 -59 -60 -61 -62 -63
leaf_value=-65.841821195846876 242.54138860547863 190.31578027557904 11.116976600791247 126.00661635353336 10.991882067228618 -20.436823343711314 -53.405053465382153 115.55658411897571 93.255867339785738 -107.59873926526718 -21.352380419438422 109.38899166622677 6.5864301755335628 52.876349604582977 126.00661635353336 -20.221882719521467 126.00661635353336 66.325471998980248 53.949371024466849 -65.390209269004302 32.002911599582482 64.861679052404455 30.219465224916572 -38.916489296831855 -8.4471908856025717 34.317353298864631 -59.25289643361512 -25.942646067402151 36.456925444731844 -54.208231726920253 -8.886231712492382 3.3494392593034354 33.210830671454808 -49.810485856339731 -76.796710728236604 -51.554469581196329 29.808471778663424 6.1294804748030733 -46.77920043596761 26.47806884765625 -59.657659416435664 -38.280603449637425 95.084528990628414 -14.33544866483073 20.639558987759127 3.7950235680306301 -23.749580922646096 -13.21812247905325 2.351129203185192 -7.6679609593306441 -77.857549041215321 19.244807521725484 -15.992891432402148 -44.712123157193197 -41.176624988518135 -25.871482737286488 -19.798292197548879 -48.359205960028177 9.4634466104393624 -34.608905122964686 -65.841821195846876 -40.765596643835416
leaf_weight=28 10.999999999999998 17 149 15.999999999999998 17 10.000000000000004 14.999999999999998 14.999999999999998 9.9999999999999982 12.999999999999998 10.000000000000002 10.999999999999998 115 12.000000000000002 14.999999999999998 10.000000000000002 17.000000000000004 44 10.999999999999998 9.9999999999999982 109 10.999999999999998 14.999999999999998 48 146 32 89 9.9999999999999982 10.999999999999998 9.9999999999999982 10.000000000000002 12.999999999999998 25 11.000000000000002 23 12.999999999999998 11 11.999999999999998 59 10.999999999999998 15.999999999999998 17 17 12.000000000000002 9.9999999999999982 10.000000000000002 9.9999999999999982 14.000000000000002 18 9.9999999999999982 40 12.000000000000002 14.999999999999998 15.999999999999998 9.9999999999999982 15.999999999999998 18 50 12.999999999999998 9.9999999999999982 20 41
leaf_count=28 11 17 149 16 17 10 15 15 10 13 10 11 115 12 15 10 17 44 11 10 109 11 15 48 146 32 89 10 11 10 10 13 25 11 23 13 11 12 59 11 16 17 17 12 10 10 10 14 18 10 40 12 15 16 10 16 18 50 13 10 20 41
internal_value=0.608193 28.4987 15.1924 71.6279 -38.1408 61.6975 11.6314 16.6659 39.1792 -38.1969 57.4437 9.67747 23.2405 103.182 72.2032 52.9075 73.5359 42.2308 -14.0575 -0.776908 18.963 110.726 5.33824 -52.2909 1.43478 48.5386 -47.5264 -20.6731 -0.436251 -13.6026 -2.36667 -29.9182 54.3929 -23.2967 -51.613 -16.6985 5.89854 29.6255 -49.1583 3.70827 -37.8036 -28.399 126.007 -11.2926 0.209728 -21.6101 -0.993108 -5.16761 -11.719 -28.2178 -67.0286 -7.29518 -0.318358 -58.5318 -26.6672 -35.7723 -11.3885 -55.3719 8.96086 -22.2377 -73.1518 -40.7656
internal_weight=1620 942 720 222 678 205 709 644 133 65 91 540 235 72 39 104 70 89 251 305 224 28 81 427 295 42 323 52 42 31 70 61 69 170 262 117 21 24 239 21 53 58 33 55 20 45 33 59 42 37 104 37 27 44 22 27 28 139 23 24 60 100
internal_count=1620 942 720 222 678 205 709 644 133 65 91 540 235 72 39 104 70 89 251 305 224 28 81 427 295 42 323 52 42 31 70 61 69 170 262 117 21 24 239 21 53 58 33 55 20 45 33 59 42 37 104 37 27 44 22 27 28 139 23 24 60 100
is_linear=0
shrinkage=0.03


Tree=99
num_leaves=54
num_cat=0
split_feature=18 21 18 16 10 14 8 18 14 16 18 1 22 18 16 10 8 16 22 27 21 7 22 27 22 8 16 2 10 8 7 19 16 16 7 14 6 22 1 22 9 7 2 10 1 16 16 16 18 1 1 2 7
split_gain=1.77691e+09 5.60138e+08 4.06491e+08 2.54172e+08 2.20018e+08 1.69485e+08 1.61269e+08 1.30535e+08 1.08352e+08 9.45345e+07 9.33962e+07 8.86611e+07 7.76724e+07 7.56938e+07 6.004e+07 5.44513e+07 4.86509e+07 4.63826e+07 4.60553e+07 4.1427e+07 3.71777e+07 3.3889e+07 4.28541e+07 3.21714e+07 2.55424e+07 2.15449e+07 2.05321e+07 4.97521e+07 1.74133e+07 1.83808e+07 1.83386e+07 1.71933e+07 1.70688e+07 2.07952e+07 1.41334e+07 1.34848e+07 1.21472e+07 1.89866e+07 1.41783e+07 9.79073e+06 8.30253e+06 7.59866e+06 7.21313e+06 4.78005e+06 3.63977e+06 2.7978e+06 2.66908e+06 2.18337e+06 1.91695e+06 1.71251e+06 4.35137e+06 958342 883669
threshold=55071.80000000001 32941.725000000013 112238.65000000001 -0.00086798958295125617 0.98182534576205305 0.1634562465166825 0.93301270189221952 82632.60000000002 0.21717973125094933 0.05017507414820211 63299.650000000001 44730.000000000007 27294.740151761671 41210.450000000004 -1.0000000180025095e-35 0.40966402954315184 1.0000000180025095e-35 0.092418649295454194 16107.538830964284 1.0000000180025095e-35 16835.637500000004 -0.6830127018922193 13227.450487089251 1.0000000180025095e-35 2926.6672130974471 0.93301270189221952 -1.0000000180025095e-35 49095.625000000007 -0.98182534576205283 -0.68301270189221952 1.0000000180025095e-35 51612.650000000009 0.0050251573518178558 0.0049140049140049555 -0.93301270189221919 0.21012658222032701 1.0000000180025095e-35 1644.4962698710331 43670.000000000007 9996.0019555278159 0.06026834012766185 -0.24999999999999997 47258.250000000007 0.95297903005573359 30529.000000000004 0.0050505372572776661 0.0037543201186628354 0.05017507414820211 10311.600000000002 37795.000000000007 34707.000000000007 45421.375000000007 -0.93301270189221919
decision_type=2 2 2 2 2 2 2 2 2 2 2 2 2 2 2 2 2 2 2 2 2 2 2 2 2 2 2 2 2 2 2 2 2 2 2 2 2 2 2 2 2 2 2 2 2 2 2 2 2 2 2 2 2
left_child=1 20 3 7 6 -3 9 21 -4 10 24 13 15 26 23 -10 -12 19 -8 -11 35 22 -2 31 -5 34 27 -7 30 -30 -16 -15 33 -28 -22 42 40 -38 -39 -23 -36 47 -1 49 51 -42 48 52 -46 50 -44 -43 -37
right_child=2 5 8 4 -6 11 18 -9 12 17 16 -13 -14 14 28 -17 -18 -19 -20 -21 25 39 -24 -25 -26 -27 32 -29 29 -31 -32 -33 -34 -35 36 41 37 38 -40 -41 45 44 43 -45 46 -47 -48 -49 -50 -51 -52 -53 -54
leaf_value=-54.820856727613531 118.29465834692509 111.7933372043919 193.8048438019448 37.042044627340957 146.72981915888897 -11.845240669541683 -87.859267032704423 179.83729053806613 106.68453725453966 -4.8560858168783074 29.466140784333771 52.571512556727818 143.98350254452279 26.176170845031738 49.218634262840339 12.375750171558277 56.483096736571916 -58.811064571154006 -5.9003021198994405 34.608993676415437 -68.489888223184124 28.733069816257633 47.114765583067452 52.571512556727818 3.7716485320197211 -73.323933250983032 -21.358761119270763 -100.70723072014233 -21.014031610893326 -3.1875707336817576 -4.6353326675182069 -15.462320705734136 -51.998024876371346 14.813368027965472 -23.934138149029639 -63.454111494294011 13.714082581170713 -39.229489110472848 -7.8755205550641625 62.75065723141298 -43.636682968670691 -69.056251755391258 -47.412848924658761 -21.629797702449384 -69.415438297650297 -60.164076142056302 -73.973438066514163 -67.99975794668417 -54.820856727613531 -54.021934165142952 -23.732550731696701 -83.612160280594907 -54.820856727613531
leaf_weight=36 19 10.999999999999998 13.999999999999998 27 12.999999999999998 13.000000000000002 14.000000000000002 10.999999999999998 11.000000000000002 71 110 14.999999999999998 11.999999999999998 28 10 10.999999999999998 133 9.9999999999999982 10.999999999999998 36 10.999999999999998 16.000000000000004 12.999999999999998 15.999999999999998 89 14.999999999999998 130 9.9999999999999982 73 181 13 12.999999999999998 13.999999999999998 15.999999999999998 18 19 9.9999999999999982 47 18 14.999999999999998 43 12.000000000000002 26 9.9999999999999982 12.999999999999998 12.999999999999998 18 12.999999999999998 29 13.999999999999998 9.9999999999999982 15.999999999999998 50
leaf_count=36 19 11 14 27 13 13 14 11 11 71 110 15 12 28 10 11 133 10 11 36 11 16 13 16 89 15 130 10 73 181 13 13 14 16 18 19 10 47 18 15 43 12 26 10 13 13 18 13 29 14 10 16 50
internal_value=0.627855 -24.631 39.7053 32.8396 25.3453 -4.23075 22.1669 84.7905 123.567 26.0705 33.701 -6.65031 94.1622 -8.77838 -0.27993 59.7996 44.2704 2.64833 -51.9646 8.44177 -49.743 67.9363 89.6148 27.7318 11.5409 -38.9565 -24.2806 -50.7497 -6.05201 -8.31719 18.891 12.9682 -20.4463 -17.3872 -35.6908 -56.8221 -33.225 -24.657 -30.5723 45.3421 -41.8638 -61.943 -47.6987 -40.8877 -68.1951 -47.5739 -63.6647 -55.1584 -59.0814 -44.6884 -40.919 -77.642 -54.8209
internal_weight=1620 984 636 588 514 543 501 74 48 476 359 532 34 517 334 22 243 117 25 107 441 63 32 57 116 175 183 23 277 254 23 41 160 146 160 266 149 75 65 31 74 170 96 60 88 56 60 82 42 50 36 28 69
internal_count=1620 984 636 588 514 543 501 74 48 476 359 532 34 517 334 22 243 117 25 107 441 63 32 57 116 175 183 23 277 254 23 41 160 146 160 266 149 75 65 31 74 170 96 60 88 56 60 82 42 50 36 28 69
is_linear=0
shrinkage=0.03


Tree=100
num_leaves=63
num_cat=0
split_feature=23 6 1 3 27 11 23 9 1 27 20 8 3 9 19 20 23 11 1 18 16 7 11 11 7 23 7 14 7 24 14 6 7 7 22 1 11 14 9 7 1 11 21 4 9 23 21 20 9 16 7 23 18 23 16 21 18 19 20 22 7 7
split_gain=1.73127e+09 7.05862e+08 5.89352e+08 4.92789e+08 2.98373e+08 2.55255e+08 2.25807e+08 1.24631e+08 1.32607e+08 1.04986e+08 9.8238e+07 9.57698e+07 8.28947e+07 8.10222e+07 6.33279e+07 5.83669e+07 5.80575e+07 8.40789e+07 5.64124e+07 7.15656e+07 5.01216e+07 4.73748e+07 4.43982e+07 4.20974e+07 3.70318e+07 3.69965e+07 3.47669e+07 3.24276e+07 3.03345e+07 2.95211e+07 2.75798e+07 2.4998e+07 2.527e+07 2.23379e+07 2.21087e+07 2.21014e+07 1.92737e+07 1.92063e+07 1.79845e+07 1.74344e+07 1.60914e+07 1.65898e+07 1.51861e+07 1.67664e+07 1.33675e+07 1.32596e+07 1.26462e+07 1.13439e+07 1.12983e+07 1.0383e+07 1.01202e+07 1.49688e+07 9.23194e+06 8.34631e+06 7.7861e+06 7.66867e+06 6.96767e+06 9.15476e+06 6.91981e+06 6.30781e+06 5.87505e+06 5.39069e+06
threshold=46586.150000000009 1.0000000180025095e-35 42920.000000000007 54420.625000000007 1.0000000180025095e-35 0.81689655158114804 33809.134615384617 -0.46472317204376817 42920.000000000007 1.0000000180025095e-35 43403.600000000006 0.25000000000000017 56820.000000000007 -0.78574730703237861 76360.200000000012 80863.300000000017 60896.976923076923 0.88793103433118203 33323.000000000007 64938.350000000006 -0.080000000000000002 -0.24999999999999997 1.0593220337205358 0.87241379295598065 -0.24999999999999997 61795.576923076937 -0.24999999999999997 0.25440806039321712 0.93301270189221952 38286.600000000006 0.22321717548807393 1.0000000180025095e-35 -0.93301270189221919 -0.6830127018922193 11235.918004339381 43670.000000000007 0.94399999984743344 0.21335175927490965 -0.2393156642875576 0.68301270189221941 30945.000000000004 0.87136929442319999 63254.350000000013 56935.625000000007 0.78574730703237894 64699.450000000004 45449.325000000012 45483.750000000007 -0.35460488704253573 -1.0000000180025095e-35 -0.93301270189221919 41748.776923076926 36620.000000000007 23002.84615384616 0.0049140049140049555 82139.012500000026 39029.200000000004 35545.650000000009 12511.800000000001 2622.0315956020982 -0.24999999999999997 0.68301270189221941
decision_type=2 2 2 2 2 2 2 2 2 2 2 2 2 2 2 2 2 2 2 2 2 2 2 2 2 2 2 2 2 2 2 2 2 2 2 2 2 2 2 2 2 2 2 2 2 2 2 2 2 2 2 2 2 2 2 2 2 2 2 2 2 2
left_child=6 7 5 -4 12 -3 29 -2 10 15 -9 13 22 -6 26 16 20 -18 37 -20 -7 30 -5 -21 38 39 -10 -27 40 -1 46 48 -33 -13 45 49 -16 -11 -12 -26 47 -42 -14 -44 55 -28 -8 -23 -31 58 -32 52 -52 60 -39 -38 57 -43 -34 -54 -50 -62
right_child=1 2 3 4 11 9 21 8 14 18 24 33 42 -15 36 -17 17 -19 19 23 -22 28 -24 -25 25 27 34 -29 -30 31 50 32 35 -35 -36 -37 44 54 -40 -41 41 56 43 -45 -46 -47 -48 -49 53 -51 51 -53 59 -55 -56 -57 -58 -59 -60 -61 61 -63
leaf_value=-63.147108648393605 -87.57335277800864 180.78765719876429 308.23385242726545 143.34579791094802 40.189669425133417 60.812086077751005 8.8838384410528786 -99.468358879467047 44.145603691649043 49.541007052334876 0.64601622175579199 228.19895616588016 62.460603121551308 152.35746000249335 86.810604215054894 -56.778289797943422 77.941205544225937 -0.81874717386977913 104.26368789016614 87.23152070458255 1.1199119633344947 -36.44726125390698 55.302576302254558 37.905532908701197 -26.649341161810533 19.465030741014647 -21.592842452549696 -11.920542762188642 19.861201823466534 -76.252703172114849 -24.731934076742348 -61.966148833685502 -36.718720074644168 163.60251091178137 -37.878407802436193 -3.0808450147361235 32.358679030134873 -9.5255627230531648 49.171592136169814 -6.7558220715560369 9.8885258195206927 -39.614615651600396 6.5702159656825394 45.477236467327984 20.008590690660178 18.898713919102462 47.118442892991865 -72.456779305954612 -38.809082076086248 -40.925142552592078 8.8838384410528786 8.8838384410528786 -1.7160861029214418 -35.149266349276608 21.011760335070022 63.319426477605639 -49.561203331401337 -12.346245861295683 -3.5863392365433788 -25.29366481495795 -62.235490132944584 -47.310817597998437
leaf_weight=104 13.999999999999998 9.9999999999999982 9.9999999999999982 11.000000000000002 10.000000000000002 13.999999999999998 14.000000000000002 9.9999999999999982 18 11.999999999999998 12.000000000000002 10.000000000000002 10.999999999999998 13.999999999999998 10.999999999999998 9.9999999999999982 29 21 12.999999999999998 20 124 24 9.9999999999999982 71 83 64 9.9999999999999982 55 10.999999999999998 17 25 28 10.000000000000002 12.999999999999998 12.999999999999998 22 10.999999999999998 16.000000000000004 15.999999999999998 76 10.999999999999998 20 24 17 15.999999999999998 26 12.999999999999998 11.999999999999998 21 85 11.999999999999998 24 14.999999999999998 28 13.999999999999998 23 12.999999999999998 25 12.999999999999998 32 62 37
leaf_count=104 14 10 10 11 10 14 14 10 18 12 12 10 11 14 11 10 29 21 13 20 124 24 10 71 83 64 10 55 11 17 25 28 10 13 13 22 11 16 16 76 11 20 24 17 16 26 13 12 21 85 12 24 15 28 14 23 13 25 13 32 62 37
internal_value=0.62303 26.9328 52.1908 106.798 89.7685 32.1129 -35.9299 0.235471 3.02332 27.7397 -7.41203 148.666 51.6966 105.982 28.7713 13.4971 17.2634 44.9264 47.0325 58.877 7.21531 -13.3411 101.881 48.8303 -4.37213 -7.68714 8.61392 4.96124 -27.3926 -49.2018 -1.25588 -44.6935 -36.1159 192.554 -4.5018 -30.5047 50.861 17.633 28.4513 -17.1507 -32.3573 -23.8153 31.273 22.7739 42.7945 7.62232 25.8069 -48.618 -52.8804 -36.083 -8.03921 -2.98754 -11.7619 -50.1461 4.74755 53.4271 -30.2135 -24.5266 -18.0884 -17.7886 -53.6131 -56.711
internal_weight=1620 942 484 130 120 354 678 458 444 344 316 47 73 24 128 198 188 50 146 104 138 251 21 91 306 278 67 119 116 427 135 323 158 23 49 130 61 42 28 159 105 69 52 41 50 36 27 36 165 108 108 83 59 148 30 34 58 45 23 47 120 99
internal_count=1620 942 484 130 120 354 678 458 444 344 316 47 73 24 128 198 188 50 146 104 138 251 21 91 306 278 67 119 116 427 135 323 158 23 49 130 61 42 28 159 105 69 52 41 50 36 27 36 165 108 108 83 59 148 30 34 58 45 23 47 120 99
is_linear=0
shrinkage=0.03


Tree=101
num_leaves=63
num_cat=0
split_feature=23 6 1 10 14 27 23 9 1 27 20 2 12 11 10 22 1 19 18 11 7 20 20 7 23 14 7 13 14 7 6 14 20 22 11 10 9 11 9 7 1 11 22 20 9 23 19 10 7 2 10 19 9 18 23 22 20 19 7 10 18 19
split_gain=1.62942e+09 6.6494e+08 5.54466e+08 4.99023e+08 2.41136e+08 2.31829e+08 2.12807e+08 1.17318e+08 1.24809e+08 1.002e+08 9.24919e+07 7.77725e+07 6.67238e+07 6.63368e+07 6.38544e+07 7.53091e+07 6.50424e+07 5.96137e+07 5.556e+07 4.8536e+07 4.4769e+07 3.74051e+07 3.55035e+07 3.48544e+07 3.48127e+07 3.33865e+07 3.27257e+07 3.18896e+07 3.05143e+07 2.85543e+07 2.78355e+07 2.57684e+07 2.50584e+07 2.08101e+07 2.07187e+07 2.00348e+07 4.31132e+07 1.81487e+07 1.69281e+07 1.64052e+07 1.51468e+07 1.56157e+07 1.28685e+07 1.26288e+07 1.73061e+07 1.25147e+07 1.16724e+07 1.15277e+07 1.14394e+07 1.34599e+07 1.03244e+07 1.55744e+07 1.05e+07 1.01231e+07 1.01448e+07 9.79525e+06 8.93571e+06 8.62482e+06 8.51315e+06 6.83376e+06 6.56016e+06 8.61661e+06
threshold=46586.150000000009 1.0000000180025095e-35 42920.000000000007 0.98182534576205305 0.18006257412947754 1.0000000180025095e-35 33809.134615384617 -0.46472317204376817 42920.000000000007 1.0000000180025095e-35 43403.600000000006 60701.875000000007 1.1565945280765215 0.94399170107185504 0.5163939593874618 3074.2507273311589 38830.000000000007 76360.200000000012 61129.650000000009 1.0593406591089942 -0.24999999999999997 73147.500000000015 43561.200000000004 -0.24999999999999997 61795.576923076937 0.28888888884146641 -0.24999999999999997 0.99859296457813607 0.25440806039321712 0.93301270189221952 1.0000000180025095e-35 0.22321717548807393 18491.000000000004 11235.918004339381 0.79771551917947658 -0.060268340127661524 0.29696027566504674 0.94399999984743344 -0.2393156642875576 0.68301270189221941 30945.000000000004 0.87136929442319999 13272.513853744798 117473.20000000001 0.78574730703237894 65166.646153846166 40141.900000000009 0.78574730703237883 -0.93301270189221919 62812.500000000007 0.8542199457734333 11190.450000000003 -0.29696027566504662 67449.85000000002 66053.488461538465 2263.136266797504 25067.350000000002 40304.150000000009 -0.93301270189221919 0.12053668025532312 39029.200000000004 35545.650000000009
decision_type=2 2 2 2 2 2 2 2 2 2 2 2 2 2 2 2 2 2 2 2 2 2 2 2 2 2 2 2 2 2 2 2 2 2 2 2 2 2 2 2 2 2 2 2 2 2 2 2 2 2 2 2 2 2 2 2 2 2 2 2 2 2
left_child=6 7 4 5 -3 11 30 -2 10 14 -9 25 18 -7 15 19 21 26 -11 -6 31 -16 -17 38 39 -4 -10 -20 -26 40 50 46 48 45 -34 -15 -37 -19 -12 -25 47 -42 -18 44 -39 -28 -8 -22 -32 -50 51 -1 -52 -13 -55 -33 -36 -57 -59 -14 61 -43
right_child=1 2 3 -5 9 13 20 8 17 12 23 53 59 35 16 22 42 37 27 -21 29 -23 -24 24 28 -27 33 -29 -30 -31 32 55 34 -35 56 36 -38 43 -40 -41 41 60 -44 -45 -46 -47 -48 -49 49 -51 52 -53 -54 54 -56 57 -58 58 -60 -61 -62 -63
leaf_value=-65.347971738691712 -84.964785844518786 175.68528507648131 126.20798412566488 306.31260973033335 101.30782717377882 187.70744832862232 8.6332544582155766 -96.513855330967672 42.82855331842412 101.30782717377882 0.62679622602856833 55.369430826547983 -13.781448643658607 77.831418193095445 -5.2650892955843451 2.0720345088940308 -69.500586463986437 84.229748819712057 81.111092309454605 29.288307850811933 -34.153566987669315 48.506572948005626 39.498947576063159 -25.85082324860328 18.881990500761084 53.659923919073428 -19.15809494843354 39.488363346857078 -11.563575570717482 19.270732875514675 -60.546023493344471 6.1852558585193655 12.629458713677092 -36.750730234393636 -17.742074010987938 149.81200159676177 82.756779413996512 46.374276236266006 47.705606663863854 -6.5534135856327662 9.5945421126082131 -38.432090016834771 -23.956069231694286 62.873671668929788 3.307156336760718 19.105993832895955 44.127834966131985 -69.758179447086718 -44.271936359069208 -13.999106263293335 -91.902504901449191 -46.27994788488634 -57.418889952820614 -1.5986528097616659 32.735919976946946 -25.408116724246014 -52.581289914974498 -23.211893035686568 4.5539515587718213 16.452059376699879 -48.085718393107406 -11.977334069331802
leaf_weight=57 13.999999999999998 9.9999999999999982 14.000000000000002 9.9999999999999982 11.000000000000002 15.999999999999998 13.000000000000002 9.9999999999999982 18 13.999999999999998 12.000000000000002 10.999999999999998 11.000000000000002 10.999999999999998 42 62 13.000000000000002 10.999999999999998 21 10.999999999999998 23 15.999999999999998 36 83 64 9.9999999999999982 10.999999999999998 80 55 10.999999999999998 34 32 12.999999999999998 12.999999999999998 15.000000000000002 10.000000000000002 10.999999999999998 28 15.999999999999998 76 10.999999999999998 20 9.9999999999999982 9.9999999999999982 11.999999999999998 25 13.999999999999998 12.999999999999998 119 14.999999999999998 12.999999999999998 126 23 10.999999999999998 26 32 11.999999999999998 14.999999999999998 29 17 12.999999999999998 25
leaf_count=57 14 10 14 10 11 16 13 10 18 14 12 11 11 11 42 62 13 11 21 11 23 16 36 83 64 10 11 80 55 11 34 32 13 13 15 10 11 28 16 76 11 20 10 10 12 25 14 13 119 15 13 126 23 11 26 32 12 15 29 17 13 25
internal_value=0.616507 26.1406 50.6555 103.621 31.1809 86.4895 -34.8448 0.228688 2.9335 26.9304 -7.19039 52.3269 46.1186 137.518 13.2629 27.1465 -7.31346 27.913 56.2225 77.1812 -12.9159 9.62638 15.847 -4.24073 -7.45681 96.3278 8.35566 48.2143 4.81259 -26.5755 -47.7291 -1.16779 -39.8246 -4.36923 -18.4213 111.917 129.317 49.3451 27.6031 -16.6368 -31.3923 -23.1048 -49.8882 41.5176 33.4947 7.39342 24.9911 -47.1685 -44.9066 -40.8962 -55.2149 -52.2516 -70.0915 30.1718 22.5515 -7.72461 -33.3632 -13.5819 -4.94278 4.56773 -29.3123 -23.7942
internal_weight=1620 942 484 130 354 120 678 458 444 344 316 72 143 48 201 120 81 128 115 22 251 58 98 306 278 24 67 101 119 116 427 135 208 49 40 32 21 61 28 159 105 69 23 50 40 36 27 36 168 134 219 183 36 48 37 108 27 76 44 28 58 45
internal_count=1620 942 484 130 354 120 678 458 444 344 316 72 143 48 201 120 81 128 115 22 251 58 98 306 278 24 67 101 119 116 427 135 208 49 40 32 21 61 28 159 105 69 23 50 40 36 27 36 168 134 219 183 36 48 37 108 27 76 44 28 58 45
is_linear=0
shrinkage=0.03


Tree=102
num_leaves=63
num_cat=0
split_feature=23 1 3 14 21 17 23 8 17 23 4 3 8 20 7 20 7 21 20 21 20 23 18 17 10 22 7 10 14 7 18 1 11 18 7 7 10 22 10 22 21 20 18 14 24 20 7 3 21 22 23 24 23 23 18 14 10 18 22 3 20 22
split_gain=1.53502e+09 5.20539e+08 6.28735e+08 2.84296e+08 2.47453e+08 2.3809e+08 2.00757e+08 1.6987e+08 1.42084e+08 8.13142e+07 7.42876e+07 6.19227e+07 7.70374e+07 6.05037e+07 5.49401e+07 7.27962e+07 5.27354e+07 5.13315e+07 5.13294e+07 5.43054e+07 4.90813e+07 4.53329e+07 3.93954e+07 3.34307e+07 2.97582e+07 2.93765e+07 2.90885e+07 2.78381e+07 2.76107e+07 2.73473e+07 2.6687e+07 1.828e+07 1.81678e+07 1.78205e+07 1.73413e+07 1.6829e+07 1.42704e+07 1.39246e+07 2.29976e+07 1.33365e+07 1.09546e+07 1.08651e+07 1.37425e+07 1.06509e+07 1.04822e+07 8.48614e+06 8.22207e+06 8.0502e+06 7.6754e+06 1.01448e+07 7.21532e+06 6.55821e+06 7.6251e+06 7.47417e+06 6.18345e+06 6.093e+06 5.5425e+06 5.36165e+06 4.17161e+06 3.96096e+06 4.52729e+06 3.92734e+06
threshold=46586.150000000009 42920.000000000007 54144.375000000007 0.16675568845983602 84388.487500000003 0.07545679011077143 25473.334615384618 0.93301270189221952 0.075411471304537223 61188.596153846163 54634.375000000007 52530.000000000007 1.0000000180025095e-35 45079.750000000007 -0.6830127018922193 43561.200000000004 -0.5 43684.500000000007 72853.900000000009 72264.737500000003 80288.900000000009 108381.55384615385 53973.05000000001 0.018910212594641086 -0.78574730703237872 8976.1217819383874 -0.5 -0.98182534576205283 0.13707268499901715 -0.24999999999999997 51612.650000000009 34707.000000000007 0.86516853913142167 80288.900000000009 -0.5 1.0000000180025095e-35 0.61559370248597567 5019.7633581603322 -0.88545602565320969 982.87138303228892 47172.125000000007 48830.150000000009 73508.35000000002 0.21410579339789343 38955.525000000009 60073.900000000009 -0.24999999999999997 44993.750000000007 34587.625000000007 5899.8513640182555 44678.207692307704 40666.870000000003 39452.942307692319 36571.30000000001 8546.9000000000015 0.23907455008803444 -1.722546424198833e-16 16818.850000000002 1326.1229085226969 59336.875000000007 14060.400000000003 21038.210522748308
decision_type=2 2 2 2 2 2 2 2 2 2 2 2 2 2 2 2 2 2 2 2 2 2 2 2 2 2 2 2 2 2 2 2 2 2 2 2 2 2 2 2 2 2 2 2 2 2 2 2 2 2 2 2 2 2 2 2 2 2 2 2 2 2
left_child=6 3 -3 -2 10 16 28 8 9 23 18 12 -11 -9 15 -10 21 29 33 -20 -18 -6 40 27 -19 -22 41 -5 -1 39 -16 54 -26 -4 -32 -31 -13 38 -28 -8 -15 -12 -43 59 -41 -39 -45 50 49 -46 -34 52 53 -37 -30 58 -53 -48 -56 60 -33 -42
right_child=1 2 4 7 5 -7 17 13 14 11 26 36 -14 22 30 -17 20 24 19 -21 25 -23 -24 -25 32 -27 37 -29 31 35 34 43 47 -35 -36 51 -38 45 -40 44 61 42 -44 46 48 -47 57 -49 -50 -51 -52 56 -54 -55 55 -57 -58 -59 -60 -61 -62 -63
leaf_value=-9.3959255900886465 169.48385845524251 293.3778132553856 122.80065499787278 38.321967796183522 69.41579014224898 186.797642990871 12.979862317537004 -101.01169613677676 23.653838593647741 7.8648727549811603 13.275756800627905 6.0228676069902445 49.186718368233905 -29.252438103884259 -6.1541491477089636 89.301128093369229 95.359425962334441 50.861076866356107 -3.4882515997635681 76.124320639752327 -12.707344330136138 147.34457011454813 -58.802794860520279 -50.907922857615574 27.148411905655006 46.532195274124909 -7.5701763526429504 -2.3109528169158913 -69.557482362794701 -67.945164300042222 19.373014232045378 -29.556266140791994 8.5767240627739181 64.909885915624045 61.116491523869129 -49.060564750444755 -31.672909374763954 14.688490867803591 48.854575362244915 -41.965877743555495 -7.0688520963868084 74.236357708921503 24.261584173523552 -42.046760141242231 -48.399777706259528 -16.858986122273954 -52.798111280919557 -23.491365175618753 -5.0923957712090182 -5.7080732470219679 -21.279227405208172 -26.953545085526169 -58.871727723681239 -15.035492767983293 -46.265888459517662 -75.866641086887668 -2.7437448494033054 -77.75046017208615 -56.68902151074559 -29.556266140791994 -42.046760141242231 13.584398534247214
leaf_weight=15.999999999999998 9.9999999999999982 9.9999999999999982 10.000000000000002 15.999999999999998 18.000000000000004 18 17 9.9999999999999982 19 74 11.999999999999998 18 90 14.999999999999998 15.999999999999998 28 14.999999999999998 10.999999999999998 17.000000000000004 13.999999999999998 9.9999999999999982 10.999999999999998 19 11.999999999999998 14.999999999999998 30 14.000000000000002 264 28 10.999999999999998 18 25 22 9.9999999999999982 18 10.000000000000002 18 9.9999999999999982 11.999999999999998 11.999999999999998 20 10.000000000000002 9.9999999999999982 54 10.000000000000002 32 33 23 48 9.9999999999999982 9.9999999999999982 58 11.999999999999998 13.999999999999998 65 10.999999999999998 9.9999999999999982 10.999999999999998 86 24 32 13.999999999999998
leaf_count=16 10 10 10 16 18 18 17 10 19 74 12 18 90 15 16 28 15 11 17 14 10 11 19 12 15 30 14 264 28 11 18 25 22 10 18 10 18 10 12 12 20 10 10 54 10 32 33 23 48 10 10 58 12 14 65 11 10 11 86 24 32 14
internal_value=0.614108 25.3878 61.2123 11.5048 51.9235 88.0039 -33.8047 9.1184 14.6113 8.00837 27.5092 22.7399 30.5577 -32.4662 47.3846 70.8712 66.6368 -15.0845 56.939 32.5949 49.2233 99.3798 -22.2525 -2.08601 5.22536 31.7275 12.4581 0.0237702 -48.0438 -22.8432 26.061 -49.7166 -2.00825 94.3224 40.3563 -32.7348 -12.8605 1.34476 18.5593 -11.0944 -7.98891 35.996 49.4941 -42.7743 -16.2201 -9.33056 -49.4636 -9.99496 -11.6217 -27.1887 -0.25137 -28.9489 -39.3315 -29.3575 -56.2311 -53.8862 -23.4026 -59.1984 -52.2359 -34.6299 -39.5826 1.45024
internal_weight=1620 942 263 679 253 102 678 669 591 492 151 200 164 78 99 47 84 293 51 31 55 29 68 292 81 40 100 280 385 212 52 369 70 20 36 115 36 68 26 97 49 32 20 179 80 42 98 55 68 20 32 104 36 24 190 162 68 44 151 81 57 34
internal_count=1620 942 263 679 253 102 678 669 591 492 151 200 164 78 99 47 84 293 51 31 55 29 68 292 81 40 100 280 385 212 52 369 70 20 36 115 36 68 26 97 49 32 20 179 80 42 98 55 68 20 32 104 36 24 190 162 68 44 151 81 57 34
is_linear=0
shrinkage=0.03


Tree=103
num_leaves=63
num_cat=0
split_feature=18 21 1 12 6 27 10 22 6 9 2 3 12 22 7 12 3 18 17 2 24 7 27 21 19 9 10 9 7 10 10 9 10 19 7 24 19 3 19 18 19 6 10 17 6 22 2 18 19 19 19 10 19 21 10 9 10 4 19 1 11 21
split_gain=1.38104e+09 4.58093e+08 3.18769e+08 3.2167e+08 1.37119e+08 1.65149e+08 1.28086e+08 4.29385e+08 1.17438e+08 9.86251e+07 8.71499e+07 6.92253e+07 9.93018e+07 6.16632e+07 4.91795e+07 4.89119e+07 4.18197e+07 4.13426e+07 4.18021e+07 4.12705e+07 3.86381e+07 3.36069e+07 3.13007e+07 2.98125e+07 2.63798e+07 2.29437e+07 2.25224e+07 3.56652e+07 2.09355e+07 3.02711e+07 2.09403e+07 2.00737e+07 2.00658e+07 1.83064e+07 1.62958e+07 1.51496e+07 1.49683e+07 1.4102e+07 2.3126e+07 1.45536e+07 1.28448e+07 1.12762e+07 1.10703e+07 1.10589e+07 1.11206e+07 1.19942e+07 1.0874e+07 1.0546e+07 1.01769e+07 9.09391e+06 8.41528e+06 1.11615e+07 1.04155e+07 9.7043e+06 8.41042e+06 9.19499e+06 8.34798e+06 8.25307e+06 1.80127e+07 8.24664e+06 7.83804e+06 6.87964e+06
threshold=55728.200000000004 32941.725000000013 42920.000000000007 1.0267857140995378 1.0000000180025095e-35 1.0000000180025095e-35 0.98182534576205305 1156.0329855113916 1.0000000180025095e-35 -0.35460488704253573 60701.875000000007 52530.000000000007 1.0595238092663919 5270.6484128719994 -0.24999999999999997 1.1565945280765215 54973.125000000007 40304.150000000009 0.075411471302971281 61250.000000000007 42379.500000000007 -0.93301270189221919 1.0000000180025095e-35 16835.637500000004 81692.800000000017 0.29696027566504674 0.91023613416931248 0.35460488704253579 0.93301270189221952 0.29696027566504685 -0.98182534576205283 -0.66312265824079519 0.74851074817110097 73675.900000000009 1.0000000180025095e-35 38955.525000000009 45645.400000000001 50996.250000000007 74458.200000000026 67657.500000000015 62654.05000000001 1.0000000180025095e-35 -0.060268340127661524 0.0010234886395476695 1.0000000180025095e-35 4209.0940813226034 48340.250000000007 74884.950000000012 64774.000000000007 21995.150000000005 33738.850000000006 -0.78574730703237872 48164.600000000006 38789.67500000001 0.78574730703237883 -0.29696027566504662 0.8542199457734333 56935.625000000007 60667.400000000009 34707.000000000007 0.86899563300175509 43684.500000000007
decision_type=2 2 2 2 2 2 2 2 2 2 2 2 2 2 2 2 2 2 2 2 2 2 2 2 2 2 2 2 2 2 2 2 2 2 2 2 2 2 2 2 2 2 2 2 2 2 2 2 2 2 2 2 2 2 2 2 2 2 2 2 2 2
left_child=1 23 8 -4 14 10 17 -8 9 -2 24 12 13 -10 -5 20 -16 50 28 31 -14 -22 61 41 -6 42 27 -18 30 -30 34 -13 36 56 -19 -32 -20 38 39 48 -15 -1 -7 54 -45 -46 -38 -40 -11 -47 -3 53 60 -52 -25 -56 -17 58 -12 -43 -53 -9
right_child=2 6 3 4 5 25 7 22 11 37 57 19 15 40 16 33 26 18 32 -21 21 -23 -24 43 -26 -27 -28 -29 29 -31 35 -33 -34 -35 -36 -37 46 -39 47 -41 -42 59 -44 44 45 49 -48 -49 -50 -51 51 52 -54 -55 55 -57 -58 -59 -60 -61 -62 -63
leaf_value=-55.967527996299225 -68.768197449689126 -35.586561324414227 189.02432391250341 76.372309536193455 120.02558861265788 83.229878734832113 198.20897698142312 -38.895485299379764 137.599151792784 -3.7045386987444999 37.56109026320437 -51.024061362083913 21.154896859001283 83.634447879003105 64.428427722248813 18.640017704878318 -46.189448646339208 36.541351815533162 6.9978089813838737 29.782692239047226 21.154896859001283 51.094253108894783 33.152898042402192 -34.890296237176081 57.092738173201283 76.654994094436233 50.807692955696943 13.355284400520402 -11.008175988704597 53.716214458370999 -47.95368580128887 -1.1589533137643573 -11.204203536637866 -30.284299526730095 -7.5644546358474827 -10.436609105663715 60.319388094126047 -19.475717198152715 49.1946036103053 -32.881120007061725 51.094253108894783 -47.79665496725675 121.37099126607845 -44.462372550673159 15.50173374893641 -3.4896211408860602 22.308267715706315 10.960182639457084 27.935826562110414 -42.971412304027659 -13.9862076494845 -17.389829897848973 -11.04497212963172 18.434557111585463 -76.729873614924941 -39.576139605978263 -11.985597662595239 40.072760536922431 -9.6165456678377854 -28.971898385621472 -44.77803720759249 -9.058809375257681
leaf_weight=147 19 30 17 15.999999999999998 14.000000000000002 13.999999999999998 11.999999999999998 13.000000000000002 10.999999999999998 26 14.000000000000002 14.000000000000002 20 11.999999999999998 14.999999999999998 39 10.999999999999998 15 14.999999999999998 21 15.999999999999998 82 12.999999999999998 105 10.999999999999998 10.999999999999998 9.9999999999999982 49 14.000000000000002 11.999999999999998 9.9999999999999982 14.999999999999998 12.999999999999998 10.999999999999998 15 243 16.000000000000004 15.999999999999998 16.000000000000004 9.9999999999999982 24 91 18 12.999999999999998 10.000000000000002 10.000000000000002 11.999999999999998 10.999999999999998 13.999999999999998 10.999999999999998 33 14.999999999999998 28 10.999999999999998 10.000000000000002 15.999999999999998 9.9999999999999982 15.999999999999998 14.999999999999998 28 26 14.999999999999998
leaf_count=147 19 30 17 16 14 14 12 13 11 26 14 14 20 12 15 39 11 15 15 21 16 82 13 105 11 11 10 49 14 12 10 15 13 11 15 243 16 16 16 10 24 91 18 13 10 10 12 11 14 11 33 15 28 11 10 16 10 16 15 28 26 15
internal_value=0.604675 -21.1481 35.8714 63.7528 53.7177 76.4127 -3.16171 41.1734 19.2169 -6.67469 47.8697 29.7605 36.8531 75.6042 28.2757 26.5843 19.143 -7.79442 -2.4355 -2.16616 37.7905 47.3865 -5.15854 -44.0228 92.673 121.371 9.3609 2.38001 -6.75889 18.9559 -9.12725 -25.3245 21.3898 4.51928 14.5365 -11.9379 31.247 6.07128 11.3982 -0.696459 56.3325 -50.3616 121.371 -34.3646 -21.2726 -11.436 44.1664 33.7157 7.41156 -24.2763 -21.4615 -17.6833 -25.205 -5.85753 -38.7424 -54.1054 12.3781 22.8287 13.2096 -43.3954 -34.8247 -23.0008
internal_weight=1620 1002 618 231 214 113 561 53 387 112 70 275 225 47 101 178 85 508 365 50 118 98 41 441 25 43 70 60 309 26 283 29 56 60 30 253 43 93 77 50 36 266 32 175 44 31 28 27 40 21 143 113 69 44 131 26 49 45 29 119 41 28
internal_count=1620 1002 618 231 214 113 561 53 387 112 70 275 225 47 101 178 85 508 365 50 118 98 41 441 25 43 70 60 309 26 283 29 56 60 30 253 43 93 77 50 36 266 32 175 44 31 28 27 40 21 143 113 69 44 131 26 49 45 29 119 41 28
is_linear=0
shrinkage=0.03


Tree=104
num_leaves=63
num_cat=0
split_feature=23 19 23 19 7 23 8 23 7 17 20 17 10 18 7 9 9 21 14 7 23 22 20 10 19 21 14 7 8 3 19 22 20 24 11 7 14 10 22 24 3 19 3 18 23 24 23 23 10 19 10 13 9 19 24 22 9 21 8 17 7 18
split_gain=1.36316e+09 4.79576e+08 4.97662e+08 2.99107e+08 2.99571e+08 1.78266e+08 1.38572e+08 1.36512e+08 1.15766e+08 1.10164e+08 1.05124e+08 7.44888e+07 6.80089e+07 6.13068e+07 5.86018e+07 9.54708e+07 4.80399e+07 4.52584e+07 4.37198e+07 4.36615e+07 3.25366e+07 3.09132e+07 2.84705e+07 2.80451e+07 2.77745e+07 2.68345e+07 2.53366e+07 2.51204e+07 2.44989e+07 2.24907e+07 1.9332e+07 1.79624e+07 1.70499e+07 1.66713e+07 1.63508e+07 1.53575e+07 1.24942e+07 1.29641e+07 1.23177e+07 9.57611e+06 9.4396e+06 8.54062e+06 7.38548e+06 7.03481e+06 6.67091e+06 5.981e+06 7.24275e+06 6.85866e+06 5.11227e+06 6.67403e+06 5.11176e+06 4.82532e+06 4.64128e+06 4.04109e+06 3.66579e+06 3.49759e+06 2.75595e+06 1.92797e+06 1.86375e+06 1.66751e+06 1.5277e+06 1.05961e+06
threshold=46586.150000000009 33738.850000000006 72901.334615384621 53342.700000000004 -0.6830127018922193 25473.334615384618 0.93301270189221952 98090.592307692321 -0.93301270189221919 0.075411471304537223 77666.550000000003 0.075479115460650545 0.8542199457734333 53973.05000000001 0.93301270189221952 0.91023613416931248 0.35460488704253579 43684.500000000007 0.2506329113478229 -0.93301270189221919 52238.019230769241 12766.93886077987 112093.20000000003 -0.78574730703237872 58786.350000000013 60874.98750000001 0.13707268499901715 -0.24999999999999997 0.6830127018922193 57105.000000000007 72676.900000000009 24077.478229851473 47348.400000000009 51643.150000000009 0.86516853913142167 1.0000000180025095e-35 0.23907455008803444 -1.722546424198833e-16 982.87138303228892 38955.525000000009 42697.500000000007 40304.150000000009 44993.750000000007 52316.250000000007 44678.207692307704 40666.870000000003 39452.942307692319 36571.30000000001 -1.722546424198833e-16 35545.650000000009 0.5163939593874618 0.89830508459118807 -1.0000000180025095e-35 45379.450000000004 38917.150000000009 2357.8067368757315 -0.1799261722714405 49528.462500000009 -0.9330127018922193 0.075434243158852596 -0.24999999999999997 41414.350000000006
decision_type=2 2 2 2 2 2 2 2 2 2 2 2 2 2 2 2 2 2 2 2 2 2 2 2 2 2 2 2 2 2 2 2 2 2 2 2 2 2 2 2 2 2 2 2 2 2 2 2 2 2 2 2 2 2 2 2 2 2 2 2 2 2
left_child=5 -2 6 -4 8 26 9 12 -5 14 21 -11 30 32 16 -16 19 27 29 -3 43 -10 -20 -19 -18 -17 -1 38 -22 -9 -6 -14 -8 36 -25 -29 37 54 -7 -40 -39 55 44 -13 57 46 47 -37 49 -47 -42 59 61 -44 -28 -41 -38 -36 -56 -35 -53 -34
right_child=1 2 3 4 7 17 13 18 10 11 -12 20 31 -15 15 25 24 23 22 -21 28 -23 -24 34 -26 -27 33 35 -30 -31 -32 -33 52 51 42 45 56 40 39 41 50 -43 53 -45 -46 48 -48 -49 -50 -51 -52 60 -54 -55 58 -57 -58 -59 -60 -61 -62 -63
leaf_value=-8.2414227285444355 219.97785126557221 -11.430131971978881 217.62725541822979 27.910213590054898 6.6228052714333598 12.909929788154466 -46.407925230114664 131.25436861693402 144.55055601214414 102.83329147642021 204.54379033514792 -20.707317308104855 -22.040934589092551 -95.628579424393081 106.61152361454855 -9.1314376292509163 -18.036229020459377 49.173914827913855 15.981640854464226 18.783692730565409 53.749535871094167 77.121235874912188 74.590759241366356 25.509793850728219 3.7771548452981953 37.130521162949599 -59.128803604186736 -64.598585897909629 14.14774867559496 74.590759241366356 39.850855829515723 21.760350259316933 -9.1598263912389815 -27.550770432001709 -5.3163005028148671 -46.42274791150988 -79.691848118558823 -59.128803604186736 -39.758190466510364 -3.2299783390126331 -29.217740105188639 10.069464838555517 -11.485737210339257 14.70320196170618 -20.626132235385402 -38.010002441406243 -56.298188872534389 -13.837056314995948 -2.2170539055248297 -17.133859531105074 -42.779973611102648 -35.192280840140505 6.9573110742608337 -36.916306557230428 -59.128803604186736 -20.673007951103838 -59.128803604186736 7.8912047778443508 -47.891395260768896 -35.192280840140505 -49.026786559679493 -22.775784503833666
leaf_weight=15.999999999999998 10.999999999999998 55 9.9999999999999982 10.999999999999998 20 17 14.999999999999998 13.000000000000002 10.000000000000002 14.999999999999998 13.999999999999998 10.000000000000002 35 11.999999999999998 12.999999999999998 22 106 10.999999999999998 13.000000000000002 197 43 17 9.9999999999999982 14.999999999999998 104 23 59 10.999999999999998 21 12.999999999999998 75 10.999999999999998 9.9999999999999947 28 10.000000000000002 10.000000000000002 14.000000000000002 11.999999999999998 11.999999999999998 13.999999999999998 43 13.999999999999998 13.000000000000002 9.9999999999999982 9.9999999999999982 23 11.999999999999998 13.999999999999998 9.9999999999999982 35 64 11.000000000000002 12.000000000000005 9.9999999999999982 17 40 10.999999999999998 11.999999999999998 84 9.9999999999999982 15.999999999999998 10.999999999999998
leaf_count=16 11 55 10 11 20 17 15 13 10 15 14 10 35 12 13 22 106 11 13 197 43 17 10 15 104 23 59 11 21 13 75 11 10 28 10 10 14 12 12 14 43 14 13 10 10 23 12 14 10 35 64 11 12 10 17 40 11 12 84 10 16 11
internal_value=0.594958 23.9407 21.6011 57.5961 50.8961 -31.8399 8.23561 33.3999 114.637 12.4565 137.781 41.4457 18.3829 -35.2581 6.93048 35.3274 3.35862 -14.1995 76.4867 12.1875 30.3744 102.536 46.0486 4.87114 -7.23674 14.5434 -45.2577 -21.4848 40.7976 103.133 32.8698 -11.5422 -19.998 -46.8601 -2.1509 -30.9649 -49.8185 -47.9588 -10.2252 -15.1514 -40.373 -10.757 -9.72738 -3.01684 -0.394237 -27.3489 -37.2628 -27.5508 -22.0533 -25.4636 -37.3621 -32.9686 -7.88949 -22.6546 -53.572 -16.1651 -70.2988 7.8912 -49.9097 -27.5508 -42.8338 -16.3663
internal_weight=1620 942 931 252 242 678 679 190 52 619 41 99 141 60 520 58 462 293 49 252 84 27 23 81 210 45 385 212 64 26 95 46 48 369 70 115 304 279 97 80 119 68 55 20 32 104 36 24 68 58 107 65 33 23 160 54 25 22 101 38 27 21
internal_count=1620 942 931 252 242 678 679 190 52 619 41 99 141 60 520 58 462 293 49 252 84 27 23 81 210 45 385 212 64 26 95 46 48 369 70 115 304 279 97 80 119 68 55 20 32 104 36 24 68 58 107 65 33 23 160 54 25 22 101 38 27 21
is_linear=0
shrinkage=0.03


Tree=105
num_leaves=53
num_cat=0
split_feature=18 21 18 16 10 14 8 17 18 16 16 16 24 27 14 11 20 20 16 20 8 17 10 28 17 16 3 24 21 19 7 8 19 16 7 7 19 14 21 7 24 10 7 19 24 10 20 20 24 3 9 3
split_gain=1.22621e+09 4.05215e+08 2.68424e+08 1.92674e+08 1.79994e+08 1.48041e+08 1.2075e+08 9.24383e+07 9.12344e+07 7.26003e+07 6.50261e+07 9.82824e+07 5.48789e+07 6.06275e+07 7.35209e+07 4.77407e+07 4.48197e+07 4.29051e+07 4.08306e+07 3.99217e+07 3.84628e+07 3.78824e+07 4.84051e+07 3.48458e+07 3.43767e+07 3.91528e+07 3.12119e+07 3.02888e+07 2.63733e+07 1.81731e+07 1.78978e+07 1.65046e+07 1.49727e+07 1.45455e+07 1.17369e+07 1.03632e+07 1.32429e+07 1.01752e+07 8.46746e+06 7.88774e+06 6.30001e+06 5.99506e+06 7.5419e+06 5.25133e+06 4.37263e+06 3.97218e+06 1.90829e+06 1.81206e+06 2.37978e+06 792227 385145 603032
threshold=55728.200000000004 32941.725000000013 112238.65000000001 -0.00086798958295125617 0.98182534576205305 0.1634562465166825 0.93301270189221952 0.075479115465842489 82632.60000000002 0.05017507414820211 0.0051020740191197742 0.0050505372572776661 59559.375000000007 1.0000000180025095e-35 0.24189526180302526 0.94399999985264305 61172.600000000006 66207.60000000002 0.092418649295454194 60841.05000000001 0.93301270189221952 0.079999999984114015 0.5163939593874618 1.0000000180025095e-35 0.075456790105959223 -0.0027522199815387389 43730.625000000007 45715.625000000007 16835.637500000004 59082.100000000006 -0.24999999999999997 0.93301270189221952 50657.150000000001 0.0048899755501222728 -0.93301270189221919 -0.6830127018922193 18575.650000000005 0.2133517592883212 77002.78750000002 -0.24999999999999997 37528.200000000004 0.8542199457734333 0.93301270189221952 55071.80000000001 44107.92500000001 0.91023613416931248 8135.3000000000011 14060.400000000003 42139.475000000006 54558.125000000007 -0.060268340127661565 43123.500000000007
decision_type=2 2 2 2 2 2 2 2 2 2 2 2 2 2 2 2 2 2 2 2 2 2 2 2 2 2 2 2 2 2 2 2 2 2 2 2 2 2 2 2 2 2 2 2 2 2 2 2 2 2 2 2
left_child=1 28 3 8 6 -3 9 15 21 10 11 -5 13 20 -15 33 -12 -8 23 -14 24 22 -2 -11 25 -7 -26 -22 37 -23 -16 34 -32 -4 -30 36 -36 40 -31 46 -1 42 -37 -29 50 47 -39 48 -42 -46 -41 -52
right_child=2 5 7 4 -6 12 17 -9 -10 18 16 -13 19 14 30 -17 -18 -19 -20 -21 27 29 -24 -25 26 -27 -28 43 31 38 32 -33 -34 -35 35 41 -38 39 -40 44 45 -43 -44 -45 49 -47 -48 -49 -50 -51 51 -53
leaf_value=-46.283502238499189 127.7160089064736 105.4745872043919 75.259584103146111 30.197116133725434 131.33450243651413 -65.558205788352282 -86.12553460239377 178.09583337732261 154.00277983794342 19.366798138067487 125.74988692179761 -34.021858074634103 50.144589583168177 50.144589583168177 25.280290505760394 29.292507921329214 37.72415781381968 -7.5650742299320131 -56.084277376986968 -4.0832260126011972 -73.39908348026654 66.359938451888723 39.514785180422336 -16.914290758169919 41.869385774079092 -10.579933308660706 -6.4283455530349887 -4.2097925680553576 -59.352168496621623 3.907496205922719 -26.036203707843629 -62.412887696525118 4.0258040949482812 122.96627529712434 -34.707136118648606 -36.699449035445717 4.9174709189399168 -58.066403860538571 41.99082289894028 -71.813746267271426 -40.38731826945132 -12.748857843926611 -11.295783466307585 -31.146005009242469 -46.283502238499189 -21.906587832266823 -46.283502238499189 -46.283502238499189 -25.200456388865081 -54.580436155084975 -68.102605738669439 -57.881593400186567
leaf_weight=33 13.000000000000002 10.999999999999998 11 303 12.999999999999998 11.999999999999998 12.000000000000002 10.999999999999998 10.999999999999998 70 10.000000000000002 23 10.000000000000002 20 15.999999999999998 11.999999999999998 10.999999999999998 12.999999999999998 9.9999999999999982 12.999999999999998 14.999999999999998 13.999999999999998 9.9999999999999982 36 21 323 28 11.000000000000002 10.999999999999998 11.000000000000002 23 14.999999999999998 42 14 13.000000000000002 92 18 13.999999999999998 9.9999999999999982 11.999999999999998 28 13.999999999999998 11.999999999999998 15.999999999999998 10.000000000000002 17 68 15.999999999999998 14.999999999999998 17 15.999999999999998 20
leaf_count=33 13 11 11 303 13 12 12 11 11 70 10 23 10 20 16 12 11 13 10 13 15 14 10 36 21 323 28 11 11 11 23 15 42 14 13 92 18 14 10 12 28 14 12 16 10 17 68 16 15 17 16 20
internal_value=0.583471 -19.9137 33.8145 28.0657 21.5834 -2.99719 18.6334 101.882 75.033 22.1037 28.9705 25.6573 -5.18541 -7.16798 13.72 78.8046 80.0386 -45.4671 1.55512 40.0757 -12.1224 59.8166 89.7049 7.04056 -9.13519 -12.5683 14.3137 -39.3471 -41.4277 39.9761 0.415991 -32.3436 -6.63513 102.359 -29.4874 -27.2443 -11.7574 -47.3897 22.1556 -52.3193 -40.2477 -31.2994 -33.782 -20.2281 -59.4589 -34.9013 -46.2835 -38.6021 -35.1604 -49.3187 -65.0483 -62.6004
internal_weight=1620 1002 618 570 501 561 488 48 69 463 347 326 550 527 101 37 21 25 116 23 426 58 23 106 384 335 49 42 441 35 81 175 65 25 160 149 31 266 21 157 109 118 104 27 75 76 82 59 43 27 48 36
internal_count=1620 1002 618 570 501 561 488 48 69 463 347 326 550 527 101 37 21 25 116 23 426 58 23 106 384 335 49 42 441 35 81 175 65 25 160 149 31 266 21 157 109 118 104 27 75 76 82 59 43 27 48 36
is_linear=0
shrinkage=0.03


Tree=106
num_leaves=60
num_cat=0
split_feature=23 6 10 12 23 10 23 20 8 23 9 21 16 14 22 21 9 28 16 18 8 14 10 16 16 10 18 14 18 8 8 9 22 24 11 14 10 19 24 2 2 18 23 16 24 23 22 19 10 21 14 13 16 18 19 22 21 20 8
split_gain=1.21508e+09 5.18363e+08 4.76364e+08 5.39774e+08 3.23361e+08 2.38298e+08 1.56938e+08 9.61919e+07 8.48721e+07 8.45912e+07 7.94936e+07 8.28691e+07 6.88948e+07 5.95096e+07 5.8679e+07 4.10484e+07 3.58771e+07 3.58482e+07 3.05684e+07 3.28526e+07 2.92956e+07 2.91905e+07 2.85219e+07 6.64597e+07 3.03346e+07 2.59587e+07 2.43309e+07 2.31955e+07 2.23354e+07 2.17471e+07 2.1077e+07 1.6254e+07 1.7549e+07 1.51235e+07 1.42423e+07 1.11039e+07 1.14053e+07 1.04067e+07 9.67334e+06 8.73199e+06 7.71747e+06 6.88478e+06 6.1351e+06 5.92048e+06 4.86248e+06 7.69252e+06 5.58727e+06 4.98001e+06 4.82265e+06 4.6093e+06 4.56598e+06 4.43132e+06 4.0859e+06 4.92251e+06 3.27885e+06 2.45008e+06 2.31669e+06 1.95658e+06 1.10388e+06
threshold=46586.150000000009 1.0000000180025095e-35 0.98182534576205305 1.1372222219125194 95195.73461538463 -0.78574730703237872 25473.334615384618 44507.650000000001 0.25000000000000017 68080.376923076939 -0.46472317204376817 69923.362500000017 -1.0000000180025095e-35 0.24938271598645248 11124.983996477047 43684.500000000007 -0.91023613416931226 1.0000000180025095e-35 0.0050505372572776661 58786.350000000013 0.6830127018922193 0.2506329113478229 -0.98182534576205283 0.0049889909738903846 0.0050505372572776661 -0.78574730703237872 48886.600000000006 0.13707268499901715 51612.650000000009 -0.5 0.93301270189221952 0.06026834012766185 738.7485396015619 51643.150000000009 0.86516853913142167 0.23907455008803444 -1.722546424198833e-16 38442.000000000007 57604.375000000007 45253.125000000007 48580.750000000007 32134.200000000001 44678.207692307704 0.0037543201186628354 40666.870000000003 39452.942307692319 764.90113071877727 31199.500000000004 0.5163939593874618 42173.025000000009 0.23425692689183655 0.89715254222483953 0.0050251573518178558 8936.3000000000011 45379.450000000004 2673.6846364669877 48144.700000000012 18491.000000000004 -0.68301270189221952
decision_type=2 2 2 2 2 2 2 2 2 2 2 2 2 2 2 2 2 2 2 2 2 2 2 2 2 2 2 2 2 2 2 2 2 2 2 2 2 2 2 2 2 2 2 2 2 2 2 2 2 2 2 2 2 2 2 2 2 2 2
left_child=6 7 4 -4 5 -3 27 -2 -6 13 -9 22 14 28 -11 30 -14 -15 19 -13 -10 -20 23 55 26 -17 -24 -1 -7 -26 31 32 -8 35 -27 36 52 41 -21 -38 42 -34 56 -37 45 47 -46 -33 -41 -39 -48 58 53 -29 -42 -12 -36 -53 -35
right_child=1 2 3 -5 8 9 15 10 20 12 11 18 16 17 -16 25 -18 -19 21 38 -22 -23 24 -25 29 34 -28 33 -30 -31 -32 44 37 51 40 43 39 49 -40 48 54 -43 -44 -45 46 -47 50 -49 -50 -51 -52 57 -54 -55 -56 -57 -58 -59 -60
leaf_value=-7.2157821105577922 -77.395759140988616 166.56636614000476 277.16584811192854 4.476116490750699 70.243852753220935 18.120646547000149 27.661905529664295 -70.608080497916418 199.00237038791764 146.61391624526217 -19.19625283722829 -3.7974144305298663 63.710272354683603 10.811205397264812 47.86875432794745 47.297771305393532 25.699252660883406 -25.627578332717235 25.279434708999709 25.627187300815912 125.01592285156248 -32.866552818240102 -11.238256867780949 82.727066881334466 -50.690486948049461 23.734925076314155 8.0251654912615535 -55.756098721395205 39.765929291737585 -10.892520218655912 -60.703800186982029 -38.945352831123273 0.40036076313740504 -32.435452695877729 -7.2287436562717531 -55.756098721395205 -55.756098721395205 -7.7383768155887642 52.134772736030776 -27.29689145966638 -12.142221825339572 -25.759834373384539 -19.536552560636309 -84.634301201848714 -41.256002246753589 -55.448624895584487 -1.4613667946807609 -10.917917814512512 -40.458545231811712 16.724628912293085 -22.629692806234139 -32.435452695877729 -55.756098721395205 -43.926719591260337 -35.49904357910156 1.7358829301890759 7.2914566807898131 -45.634443418492822 -25.688689219492574
leaf_weight=15.999999999999998 13.999999999999998 10.999999999999998 16.000000000000004 10.999999999999998 17 20 9.9999999999999982 12.999999999999998 10 10.000000000000002 10.000000000000005 14.999999999999998 30 126 11.999999999999998 10.999999999999998 88 30 19 17 11 12.999999999999998 121 10.999999999999998 21 14.999999999999998 115 29 92 30 10.999999999999998 12.000000000000002 10.999999999999998 12.999999999999998 10.000000000000002 15.000000000000002 11.999999999999998 22 49 43 12.000000000000002 51 9.9999999999999982 9.9999999999999982 10.999999999999998 11.999999999999998 11.999999999999998 10.999999999999998 64 9.9999999999999982 39 12.999999999999998 37 94 9.9999999999999982 9.9999999999999982 12.999999999999998 19 20
leaf_count=16 14 11 16 11 17 20 10 13 10 10 10 15 30 126 12 11 88 30 19 17 11 13 121 11 21 15 115 29 92 30 11 12 11 13 10 15 12 22 49 43 12 51 10 10 11 12 12 11 64 10 39 13 37 94 10 10 13 19 20
internal_value=0.583711 22.625 44.2698 166.497 37.0137 29.3968 -30.0388 -0.25329 120.703 25.6587 2.196 4.40783 44.5525 15.7758 93.2134 -13.4872 35.4089 3.7918 26.4632 36.2602 161.024 1.62873 -3.4353 23.856 -6.39043 4.67481 -1.85198 -42.6285 32.4495 -27.3471 -20.4254 -18.192 -9.93844 -44.1616 -2.08096 -46.979 -45.2258 -13.9637 45.3562 -38.1098 -9.15201 -21.1253 0.035812 -66.2864 -27.0218 -35.9932 -21.9074 -25.6463 -35.1997 -0.0653077 -17.6616 -30.9328 -50.4912 -47.4826 -22.8717 -8.77347 7.29146 -39.1822 -25.6887
internal_weight=1620 942 484 27 457 419 678 458 38 408 444 431 140 268 22 293 118 156 113 81 21 32 318 31 287 81 236 385 112 51 212 201 104 369 70 304 279 94 66 119 55 62 33 25 97 35 62 23 107 32 51 65 160 123 22 20 23 32 33
internal_count=1620 942 484 27 457 419 678 458 38 408 444 431 140 268 22 293 118 156 113 81 21 32 318 31 287 81 236 385 112 51 212 201 104 369 70 304 279 94 66 119 55 62 33 25 97 35 62 23 107 32 51 65 160 123 22 20 23 32 33
is_linear=0
shrinkage=0.03


Tree=107
num_leaves=63
num_cat=0
split_feature=23 19 23 19 10 23 23 20 18 16 16 18 18 24 24 20 16 22 19 16 23 18 16 16 23 17 14 23 24 10 19 20 20 24 24 20 23 24 10 14 10 23 24 22 2 14 20 22 22 2 3 10 16 20 10 18 22 13 24 16 18 20
split_gain=1.14286e+09 4.38795e+08 4.27489e+08 2.69569e+08 1.6832e+08 1.47953e+08 1.35383e+08 8.46334e+07 8.24035e+07 9.00852e+07 4.92693e+07 5.89281e+07 4.3982e+07 4.17851e+07 5.18875e+07 4.11751e+07 3.9566e+07 3.69771e+07 3.53271e+07 3.39072e+07 3.38549e+07 2.4214e+07 4.2748e+07 4.0312e+07 3.23296e+07 2.27468e+07 2.1838e+07 2.05534e+07 1.80079e+07 1.65612e+07 1.58268e+07 2.99041e+07 2.37038e+07 1.49323e+07 1.44768e+07 1.28979e+07 1.2492e+07 1.53021e+07 1.21157e+07 1.03809e+07 1.07757e+07 8.84546e+06 8.39375e+06 8.88453e+06 8.3305e+06 7.93151e+06 9.50407e+06 7.87194e+06 7.6437e+06 7.53096e+06 7.03104e+06 6.46977e+06 5.59856e+06 5.54599e+06 4.53761e+06 4.43394e+06 4.4286e+06 4.21163e+06 3.89434e+06 3.88799e+06 4.68296e+06 1.85926e+06
threshold=46586.150000000009 33738.850000000006 72901.334615384621 53342.700000000004 0.8542199457734333 25473.334615384618 118294.44230769231 106817.25000000001 52191.000000000007 -0.075365239294710326 -1.0000000180025095e-35 82632.60000000002 121773.20000000001 60701.875000000007 63125.000000000007 58561.80000000001 0.088483499821170555 5721.4557298115424 39280.900000000001 0.0037543201186628354 50108.226923076923 41210.450000000004 -1.0000000180025095e-35 -1.0000000180025095e-35 59215.411538461543 0.075411471302971281 0.13707268499901715 57761.180769230778 48580.750000000007 -0.51639395938746235 48344.750000000007 58561.80000000001 55099.350000000013 38478.575000000004 51643.150000000009 58101.750000000007 42840.411538461543 39027.365000000013 0.29696027566504685 0.23907455008803444 -1.722546424198833e-16 52462.246153846158 39828.755000000012 9915.154304740101 45253.125000000007 0.219342946937647 32660.050000000003 3074.2507273311589 14532.56492422816 47498.750000000007 44169.125000000007 -0.61559370248597534 0.0037543201186628354 40412.400000000009 0.5163939593874618 39571.500000000007 5797.2985807016712 0.89715254222483953 44801.625000000007 0.0050251573518178558 8936.3000000000011 18491.000000000004
decision_type=2 2 2 2 2 2 2 2 2 2 2 2 2 2 2 2 2 2 2 2 2 2 2 2 2 2 2 2 2 2 2 2 2 2 2 2 2 2 2 2 2 2 2 2 2 2 2 2 2 2 2 2 2 2 2 2 2 2 2 2 2 2
left_child=5 -2 8 -4 6 26 10 19 21 15 11 -5 -12 16 56 17 20 -10 33 48 -11 22 -3 24 -23 42 -1 -18 -19 -27 31 -25 -32 -7 39 -16 37 -35 -17 40 59 55 53 47 -42 46 -39 -44 -6 -38 -49 -47 -41 -20 -46 -24 -15 -36 -45 60 -28 -59
right_child=1 2 3 4 7 18 -8 -9 9 13 12 -13 -14 14 35 38 27 28 25 -21 -22 23 41 30 -26 29 34 -29 -30 -31 32 -33 -34 36 57 -37 49 45 -40 52 44 -43 43 58 54 51 -48 50 -50 -51 -52 -53 -54 -55 -56 -57 -58 61 -60 -61 -62 -63
leaf_value=-7.0006529169497274 209.45326762431375 -79.105754183023279 204.97945356010209 48.545085036819032 -18.326721146042281 -51.915504241294052 158.13315504342071 70.560121296889903 115.75932971438847 -34.419325773731764 43.109033233675966 149.57313086179224 102.94911964605663 87.576445675085054 28.659773000584959 39.445150431264729 -4.1123120924263938 78.121003234450868 -8.321085907448337 -52.702677575926124 11.673835446034852 8.1213542048838878 -12.377127344664803 28.211170401250762 75.236468085864985 51.628569665857249 -54.092617082176631 -60.788720802100933 26.653430825903058 2.5432715038543052 -29.290752380106298 -18.437224109010998 -1.9527113489336401 17.694420021675729 -24.924878344343782 -19.288759170381152 -58.039709654112102 -13.727021753610735 -7.0782186557278779 -54.092617082176631 -54.092617082176631 6.1755868767855455 7.3668583491460176 27.723576358001999 -26.479884974574819 -18.221354402925893 16.22488949610182 -4.6285526125463425 12.42777557156097 -21.799825508948597 -29.897760441395455 -35.943728812425988 -82.120409962871292 -36.062965367732154 -39.246682054159606 -35.923741290118237 57.671556366268952 -31.451343910553533 1.299172364792021 -54.092617082176631 -42.610319084791783 -44.272577728750818
leaf_weight=15.999999999999998 10.999999999999998 9.9999999999999982 9.9999999999999982 11.000000000000002 10.999999999999998 13.999999999999998 11.999999999999998 12.999999999999998 10.999999999999998 14.999999999999998 137 9.9999999999999982 11.999999999999998 10.000000000000002 10.000000000000002 10.000000000000002 12.000000000000002 11.000000000000002 13.000000000000002 14.999999999999998 287 18.000000000000004 21 28 9.9999999999999982 11.000000000000002 29 10.999999999999998 13.999999999999998 13.999999999999998 46 22 75 10.999999999999998 33 9.9999999999999982 11.000000000000002 13.000000000000002 9.9999999999999982 15.000000000000002 11.999999999999998 17 19 10.000000000000002 43 66 11.999999999999998 22 21 9.9999999999999982 18 26 9.9999999999999982 12.999999999999998 64 10.999999999999998 9.9999999999999982 12.999999999999998 9.9999999999999982 37 94 19
leaf_count=16 11 10 10 11 11 14 12 13 11 15 137 10 12 10 10 10 12 11 13 15 287 18 21 28 10 11 29 11 14 14 46 22 75 11 33 10 11 13 10 15 12 17 19 10 43 66 12 22 21 10 18 26 10 13 64 11 10 13 10 37 94 19
internal_value=0.56104 21.9373 19.6995 53.0604 46.7006 -29.1376 61.0593 3.11687 7.31215 15.4922 54.1181 97.1347 47.9942 10.0492 38.944 50.8876 6.48202 70.0247 -13.0668 -15.6478 9.37379 -6.03671 -22.8981 -1.02859 32.2736 -1.39963 -41.3615 -31.3644 49.5203 24.2606 -6.49728 7.68998 -12.3613 -22.3653 -42.8491 4.70867 -19.5558 -16.0136 16.2638 -45.6054 -43.91 -11.2894 -7.5265 -2.64978 -36.9934 -19.1952 -4.19057 -8.50649 1.83167 -40.9679 -16.046 -23.2635 -64.2752 -22.2772 -34.1456 -20.5581 72.9855 -29.9078 14.5837 -49.0279 -46.0822 -37.9778
internal_weight=1620 942 931 252 242 678 182 60 679 421 170 21 149 365 40 56 325 36 293 47 302 258 59 199 28 130 385 23 25 25 171 50 121 163 369 20 149 128 20 304 279 49 105 79 119 117 25 59 32 21 40 92 25 26 107 32 20 65 20 160 123 32
internal_count=1620 942 931 252 242 678 182 60 679 421 170 21 149 365 40 56 325 36 293 47 302 258 59 199 28 130 385 23 25 25 171 50 121 163 369 20 149 128 20 304 279 49 105 79 119 117 25 59 32 21 40 92 25 26 107 32 20 65 20 160 123 32
is_linear=0
shrinkage=0.03


Tree=108
num_leaves=63
num_cat=0
split_feature=23 6 14 1 3 23 27 20 10 27 7 12 7 18 1 24 23 23 12 2 23 10 6 10 9 19 8 16 7 14 23 7 10 10 10 19 24 13 16 24 23 8 16 14 10 9 20 20 2 2 16 23 18 16 18 10 13 16 18 20 18 1
split_gain=1.0762e+09 4.68795e+08 4.51675e+08 3.25526e+08 2.12085e+08 1.39253e+08 1.21606e+08 8.85306e+07 7.82161e+07 7.84253e+07 7.35098e+07 7.20495e+07 6.4839e+07 6.41389e+07 6.07505e+07 6.82162e+07 5.85528e+07 5.1276e+07 4.92314e+07 4.6544e+07 4.38392e+07 3.99837e+07 3.45655e+07 4.64538e+07 3.07786e+07 2.98491e+07 2.84664e+07 2.39754e+07 2.16889e+07 2.05685e+07 2.05289e+07 1.59824e+07 1.47685e+07 1.46853e+07 1.44863e+07 1.39012e+07 1.37912e+07 1.16954e+07 1.1114e+07 1.11032e+07 1.0798e+07 1.67529e+07 9.97576e+06 9.70254e+06 1.01819e+07 9.28301e+06 8.74306e+06 8.63517e+06 7.94908e+06 6.89069e+06 6.61481e+06 6.55244e+06 5.71936e+06 5.2946e+06 5.03946e+06 4.26941e+06 3.97463e+06 3.69977e+06 4.45582e+06 3.24133e+06 7.91219e+06 3.15132e+06
threshold=46586.150000000009 1.0000000180025095e-35 0.18006257412947754 42920.000000000007 56820.000000000007 25473.334615384618 1.0000000180025095e-35 44507.650000000001 -0.70581670320594803 1.0000000180025095e-35 -0.24999999999999997 1.1789083555783397 0.68301270189221941 81692.800000000017 38830.000000000007 44726.950000000004 90862.826923076937 61995.976923076931 1.1565945280765215 61250.000000000007 61995.976923076931 1.0000000180025095e-35 1.0000000180025095e-35 -0.78574730703237872 0.78574730703237894 80288.900000000009 0.25000000000000017 0.0049889909738903846 -0.93301270189221919 0.13707268499901715 92010.219230769246 -0.24999999999999997 0.5163939593874618 -0.2393156642875576 -0.2393156642875576 39571.500000000007 51643.150000000009 0.92129629608409302 0.0037543201186628354 41358.375000000007 76503.769230769234 0.25000000000000017 0.0050761748317067487 0.23907455008803444 -1.722546424198833e-16 -0.12053668025532321 58363.05000000001 40674.500000000007 45253.125000000007 49734.375000000007 0.0049140049140049555 36571.30000000001 57016.650000000001 0.0037543201186628354 41667.000000000007 0.5163939593874618 0.89715254222483953 0.0050251573518178558 8936.3000000000011 58101.750000000007 33738.850000000006 36220.000000000007
decision_type=2 2 2 2 2 2 2 2 2 2 2 2 2 2 2 2 2 2 2 2 2 2 2 2 2 2 2 2 2 2 2 2 2 2 2 2 2 2 2 2 2 2 2 2 2 2 2 2 2 2 2 2 2 2 2 2 2 2 2 2 2 2
left_child=5 7 -3 8 11 29 40 -2 -4 14 17 -5 13 16 15 -10 24 27 21 -16 33 -11 31 -24 -12 -13 -8 46 39 -1 34 45 35 -14 -22 37 43 -30 51 -25 41 -6 -40 44 57 47 -9 -7 -46 -35 -20 -33 -48 -45 -34 -50 -38 58 -31 60 -53 -37
right_child=1 2 3 4 6 22 26 10 9 18 12 25 20 -15 19 -17 -18 -19 50 -21 30 -23 23 28 -26 -27 -28 -29 32 36 -32 38 54 49 -36 61 56 -39 42 -41 -42 -43 -44 53 48 -47 52 -49 55 -51 -52 59 -54 -55 -56 -57 -58 -59 -60 -61 -62 -63
leaf_value=-6.7919378453604171 -74.480556192600986 209.19879783143386 88.496646908387433 123.01897851645019 10.865785899182077 -36.417853472760619 66.688940848358399 30.154135527657989 -17.141805109940176 22.399179452452739 -10.38008683846788 94.23408861565926 18.311407246879448 -77.583985157740941 -39.373672869700307 29.908992241010374 40.939766019651401 92.365644069362332 -14.571695478723401 18.292326260711508 43.870761062906396 58.770958730830955 52.5997864142265 -54.296206562306601 -52.563156995271378 27.926235581577412 123.01897851645019 60.089461407047686 9.9169360551284846 -52.478750133855307 55.212251372755617 -41.062359348053633 -33.086490616286085 -5.1093416226379507 11.668767475991569 31.85474505240456 -24.187351748506327 -26.892351784742516 -62.326086893284561 -15.893163199763727 -6.7006943532582879 50.483499993270961 -27.398543209289166 -52.478750133855307 -52.478750133855307 9.9343061319986958 -20.201037071907866 -6.3160318274706944 -25.687331523851007 -26.847058877517927 15.664677765310302 -24.543458664298406 10.381250300840899 -79.681189496635213 -4.256018371582031 -38.071118953663174 -36.809541369286649 -52.478750133855307 -41.333367600800763 -33.340392685967522 -1.4602222741243527 11.65365601153413
leaf_weight=15.999999999999998 13.999999999999998 13.999999999999998 14.999999999999998 31 24 12.999999999999998 12.000000000000002 9.9999999999999982 38 37 175 10.000000000000002 18 12.999999999999998 37 102 19 10.999999999999998 14.000000000000002 19 15.999999999999998 70 12.999999999999998 10.000000000000002 17 9.9999999999999982 11.999999999999998 9.9999999999999982 19 29 17 13.999999999999998 12.000000000000002 38 58 17.000000000000004 33 12.999999999999998 14.000000000000002 21 10.999999999999998 15.999999999999998 15.999999999999998 15.000000000000002 11.999999999999998 17 10.000000000000002 25 43 20 11.999999999999998 34 11.999999999999998 9.9999999999999982 9.9999999999999982 64 32 37 94 10.999999999999998 22 11.999999999999998
leaf_count=16 14 14 15 31 24 13 12 10 38 37 175 10 18 13 37 102 19 11 14 19 16 70 13 10 17 10 12 10 19 29 17 14 12 38 58 17 33 13 14 21 11 16 16 15 12 17 10 25 43 20 12 34 12 10 10 64 32 37 94 11 22 12
internal_value=0.5395 21.283 41.867 36.8392 78.0751 -28.28 45.8601 -0.473915 21.717 18.6464 1.87587 123.019 -2.62141 -13.1673 6.57431 17.1349 -9.16359 34.9964 36.4184 -19.8106 11.5234 45.4081 -12.6888 -0.906086 -14.1405 65.4492 101.403 19.7873 -7.04841 -40.1391 25.5588 -21.6973 0.956844 -5.29376 18.6812 8.55732 -41.5828 -5.07394 -28.2465 -28.4161 19.5748 26.7993 -43.8511 -44.2728 -42.6336 -8.45244 7.04484 -16.6827 -35.9104 -12.6385 -0.609782 -22.4201 -3.54816 -62.3239 -20.0604 -33.1231 -28.9527 -47.6084 -44.7238 -18.4693 -15.4939 23.5645
internal_weight=1620 942 484 470 126 678 75 458 344 329 444 51 391 224 196 140 211 53 133 56 167 107 293 127 192 20 24 42 114 385 91 166 83 76 74 61 369 32 111 31 51 40 30 304 279 55 32 38 119 58 26 81 22 25 22 107 65 160 123 67 56 29
internal_count=1620 942 484 470 126 678 75 458 344 329 444 51 391 224 196 140 211 53 133 56 167 107 293 127 192 20 24 42 114 385 91 166 83 76 74 61 369 32 111 31 51 40 30 304 279 55 32 38 119 58 26 81 22 25 22 107 65 160 123 67 56 29
is_linear=0
shrinkage=0.03


Tree=109
num_leaves=63
num_cat=0
split_feature=18 21 1 12 14 8 6 27 16 1 2 27 14 3 12 10 24 7 3 16 10 17 21 21 8 24 17 16 3 20 21 10 2 1 6 20 9 7 20 8 21 7 9 7 10 24 18 4 20 9 8 11 20 20 10 21 20 8 20 9 10 24
split_gain=9.6256e+08 3.19932e+08 2.39834e+08 2.56261e+08 1.31699e+08 1.12317e+08 1.0047e+08 1.23002e+08 7.30969e+07 7.22373e+07 6.92349e+07 5.18501e+07 6.36088e+07 5.12045e+07 4.37533e+07 4.89314e+07 4.18235e+07 4.05812e+07 3.42794e+07 3.85408e+07 3.14622e+07 4.01025e+07 3.04581e+07 2.80691e+07 2.73725e+07 3.14177e+07 2.90586e+07 3.85533e+07 2.72565e+07 2.7047e+07 2.67294e+07 4.92072e+07 2.46054e+07 2.13233e+07 1.70947e+07 2.19278e+07 1.61192e+07 1.49621e+07 1.39754e+07 1.32149e+07 1.12611e+07 1.03296e+07 1.32823e+07 1.02544e+07 8.8267e+06 8.3444e+06 7.55656e+06 6.63952e+06 1.02087e+07 5.6771e+06 5.55731e+06 5.09846e+06 4.27486e+06 3.62547e+06 3.6085e+06 2.83131e+06 2.79324e+06 2.78475e+06 2.56076e+06 2.19036e+06 2.13183e+06 1.53726e+06
threshold=55728.200000000004 32941.725000000013 42920.000000000007 1.0267857140995378 0.1634562465166825 0.93301270189221952 1.0000000180025095e-35 1.0000000180025095e-35 -1.0000000180025095e-35 44730.000000000007 60701.875000000007 1.0000000180025095e-35 0.24189526180302526 52530.000000000007 1.1565945280765215 -0.060268340127661524 42040.780000000006 -0.24999999999999997 54973.125000000007 0.0037543201186628354 0.5163939593874618 0.079999999983956085 82139.012500000026 80744.462500000009 0.93301270189221952 45715.625000000007 0.075456790105959223 -0.0027522199815387389 43730.625000000007 59600.000000000007 105242.65000000002 0.12053668025532312 61250.000000000007 29138.000000000004 1.0000000180025095e-35 18491.000000000004 -0.61559370248597534 -0.24999999999999997 48830.150000000009 0.6830127018922193 64524.974999999999 -0.24999999999999997 -0.29696027566504662 -0.93301270189221919 0.91023613416931248 53078.725000000006 73724.550000000017 56935.625000000007 61602.30000000001 -0.12053668025532321 -0.5 0.80898876386758156 22724.650000000005 81692.800000000017 -0.12053668025532321 69242.625000000015 74296.250000000015 -0.5 48830.150000000009 -0.88545602565320969 -0.95297903005573326 44575.875000000007
decision_type=2 2 2 2 2 2 2 2 2 2 2 2 2 2 2 2 2 2 2 2 2 2 2 2 2 2 2 2 2 2 2 2 2 2 2 2 2 2 2 2 2 2 2 2 2 2 2 2 2 2 2 2 2 2 2 2 2 2 2 2 2 2
left_child=1 33 5 -4 -3 8 17 10 20 11 29 24 -13 14 15 56 -17 -5 -19 22 21 -2 -20 -21 26 -26 27 -6 -28 -8 -9 -32 36 51 41 43 -15 -14 40 -37 -16 49 -43 -36 -41 59 -40 48 -12 61 -39 54 57 -22 -1 -38 -10 -44 -27 -45 -54 -35
right_child=2 4 3 6 9 -7 7 30 13 -11 47 12 37 32 38 16 -18 18 19 23 53 -23 -24 -25 25 58 28 -29 -30 -31 31 -33 -34 34 35 39 55 50 46 44 -42 42 52 45 -46 -47 -48 -49 -50 -51 -52 -53 60 -55 -56 -57 -58 -59 -60 -61 -62 -63
leaf_value=-48.589136953881749 118.95349444415115 99.725991342905402 165.97788870025099 67.125968423215497 -64.117132154732701 -59.639306229708481 51.039967915149433 105.59744649258491 12.839599491863467 47.539259917072457 22.959814159751591 47.539259917072457 24.009379664148376 -59.424354848088427 12.839599491863467 12.839599491863467 47.706043577852256 56.145473012355779 1.9729381683192304 4.4716918340005156 12.273852171945094 44.262653672591497 50.770061794101252 -63.363926578937196 -68.199856109619134 -25.935307996628133 38.930103688533841 -9.5631692463441791 -6.2032318981347121 105.59744649258491 34.825500176612366 105.59744649258491 12.86673128577427 -41.392382676305836 -49.446553818904071 23.275777732924659 -2.8931747466738851 -13.564365164661664 -23.198956859330256 -34.732833643323588 -18.947178411200493 -76.379564390276911 -50.088701058584682 -20.679179185192034 -1.0207493720149361 -3.1854526581635345 7.5772088864770266 33.166938631993638 -13.598867999927416 -8.9702873777433201 4.1281203389422325 -56.339080124367513 -43.222930531603232 37.938949693736461 -30.180915379494611 -25.445366331799192 29.197085699933638 -39.287775429365873 -9.1646717561180893 -33.227864714674809 -29.022069727579751 -25.307672465556376
leaf_weight=27 11.000000000000002 10.999999999999998 17 15.999999999999998 11.999999999999998 17 14.000000000000002 9.9999999999999982 72 15.999999999999998 18.000000000000004 20 15.999999999999998 11.000000000000002 29 15.999999999999998 97 14.999999999999998 29 12.000000000000002 10.000000000000002 15.999999999999998 19 9.9999999999999982 14.999999999999998 13.999999999999998 21 323 28 10.999999999999998 13.999999999999998 19 19 12.000000000000002 25 9.9999999999999982 10.000000000000002 37 25 13 9.9999999999999982 9.9999999999999982 43 15.999999999999998 15 10.999999999999998 9.9999999999999982 15.999999999999998 10.999999999999998 12.999999999999998 28 49 13.999999999999998 9.9999999999999982 15.999999999999998 9.9999999999999982 13.999999999999998 50 20 71 35 10.999999999999998
leaf_count=27 11 11 17 16 12 17 14 10 72 16 18 20 16 11 29 16 97 15 29 12 10 16 19 10 15 14 21 323 28 11 14 19 19 12 25 10 10 37 25 13 10 10 43 16 15 11 10 16 11 13 28 49 14 10 16 10 14 50 20 71 35 11
internal_value=0.545605 -17.6148 29.9882 54.1722 -2.58352 15.5426 45.217 64.6434 19.0121 -4.64747 40.0193 -6.56426 12.7826 13.9158 19.027 26.3476 39.4992 23.44 15.1475 6.29466 53.9314 75.019 21.3539 -26.5097 -11.0789 -32.1736 -8.3795 -11.5359 13.1795 79.9498 104.543 77.9943 -13.9736 -36.7313 -33.3235 -26.1157 -30.4127 0.479499 -0.668407 -6.17659 11.6683 -39.4789 -42.9106 -32.2657 -16.7408 -27.8369 -14.4091 17.7076 9.09355 -24.9108 -5.94831 -49.6084 -40.5015 25.2315 -41.8256 -14.2399 12.8396 -44.3302 -16.1261 -30.9465 -33.1593 -33.8427
internal_weight=1620 1002 618 231 561 387 214 113 370 550 70 534 101 323 273 199 113 101 85 70 47 27 48 22 433 49 384 335 49 25 43 33 50 441 349 161 31 81 74 38 39 188 152 123 28 98 35 45 29 36 65 92 142 20 43 20 86 93 34 87 49 23
internal_count=1620 1002 618 231 561 387 214 113 370 550 70 534 101 323 273 199 113 101 85 70 47 27 48 22 433 49 384 335 49 25 43 33 50 441 349 161 31 81 74 38 39 188 152 123 28 98 35 45 29 36 65 92 142 20 43 20 86 93 34 87 49 23
is_linear=0
shrinkage=0.03


Tree=110
num_leaves=63
num_cat=0
split_feature=23 6 10 13 23 10 23 9 20 7 9 21 17 7 20 21 7 23 18 9 22 10 3 9 22 7 23 14 22 11 21 6 7 18 23 6 21 21 14 2 24 7 7 23 17 14 10 7 24 9 20 11 23 22 22 20 21 22 10 10 18 22
split_gain=9.62255e+08 4.26505e+08 4.32743e+08 4.8285e+08 2.59675e+08 2.1304e+08 1.22167e+08 8.14771e+07 8.3687e+07 7.73249e+07 1.18784e+08 6.65815e+07 6.18193e+07 4.39099e+07 4.18924e+07 3.03261e+07 3.01515e+07 3.38499e+07 2.91023e+07 2.72361e+07 2.56802e+07 2.29046e+07 2.11984e+07 1.92358e+07 1.79052e+07 1.7809e+07 1.44102e+07 1.51104e+07 1.4051e+07 1.2375e+07 1.15661e+07 1.1389e+07 1.13763e+07 1.06174e+07 1.70693e+07 9.44098e+06 1.15026e+07 8.95793e+06 8.10456e+06 6.87439e+06 6.52382e+06 5.83737e+06 8.95576e+06 5.48169e+06 5.43705e+06 7.46069e+06 5.23238e+06 4.70093e+06 6.02749e+06 4.59271e+06 3.74785e+06 3.21499e+06 3.17783e+06 3.00225e+06 2.97686e+06 2.71123e+06 1.95175e+06 1.54161e+06 958125 511529 477193 197292
threshold=46586.150000000009 1.0000000180025095e-35 0.98182534576205305 1.0765598850139511 95195.73461538463 -0.78574730703237872 30658.015384615388 -0.46472317204376817 43403.600000000006 -0.93301270189221919 -0.98182534576205283 66071.125000000015 0.079999999986477263 -0.24999999999999997 82632.60000000002 43684.500000000007 -0.24999999999999997 90862.826923076937 71103.950000000026 -0.12053668025532321 9078.4029334761308 -0.78574730703237872 60701.875000000007 -0.91023613416931226 5019.7633581603322 -0.24999999999999997 64699.450000000004 0.2342569268975227 982.87138303228892 0.86516853913142167 42173.025000000009 1.0000000180025095e-35 0.68301270189221941 80288.900000000009 65166.646153846166 1.0000000180025095e-35 28616.800000000007 34587.625000000007 0.17083023276520834 48580.750000000007 48014.875000000007 -0.24999999999999997 0.68301270189221941 44678.207692307704 0.021524947067177325 0.23341523337310963 -0.61559370248597534 -0.93301270189221919 36772.500000000007 -0.29696027566504662 12511.800000000001 0.94117647040368979 11910.353846153846 2673.6846364669877 9532.6702392357183 13692.150000000001 48144.700000000012 4072.9019467218063 0.5163939593874618 -0.12053668025532321 15778.800000000001 1904.6673255919193
decision_type=2 2 2 2 2 2 2 2 2 2 2 2 2 2 2 2 2 2 2 2 2 2 2 2 2 2 2 2 2 2 2 2 2 2 2 2 2 2 2 2 2 2 2 2 2 2 2 2 2 2 2 2 2 2 2 2 2 2 2 2 2 2
left_child=6 7 4 -4 5 -3 22 -2 -9 33 24 13 -12 19 -6 25 -13 18 -18 51 -19 -17 31 -16 -11 28 32 -28 -8 -23 40 41 -15 34 -7 57 -37 -30 50 43 44 55 49 56 45 -27 53 -40 -49 -43 61 -10 -51 -39 -41 -1 -31 -24 -50 -44 -61 -33
right_child=1 2 3 -5 14 9 15 8 11 10 12 16 -14 26 23 21 17 20 -20 -21 -22 29 35 -25 -26 30 27 -29 37 39 -32 38 -34 -35 -36 36 -38 46 47 54 -42 42 59 -45 -46 -47 -48 48 58 52 -52 -53 -54 -55 -56 -57 -58 -59 -60 60 -62 -63
leaf_value=-41.074263351212686 -71.58816589883034 155.74786168278877 260.95981342197194 3.0604249809883739 68.142051516905525 -11.821455547302726 19.208749907032544 -83.705164861395815 18.141825635755374 123.34440536045788 19.912367079743408 67.989140295080233 74.290151348968038 -19.710907555287427 165.47098961556313 44.52837326049805 19.717486115170029 8.95665512792322 -14.997212110340085 56.070204386932168 59.023628464061687 22.209050704753949 -36.092801623428066 107.62321361745583 69.649871124916899 -2.6482134369129442 27.86466364131951 -5.3882426895610189 -38.89749376957959 -6.5029426529383869 -56.292572402198722 -24.427959739760588 -4.3292035829266418 -31.610093723326237 26.814737860497008 14.189247751017557 -28.420193499574566 12.109068926442969 -48.250993463575227 -9.1720088649032103 -6.6571887666392691 -71.740031078441731 -33.17623659731737 -18.300974148287629 -45.864576830477333 -28.124279234637953 -21.913900794313662 -49.957578227257848 -29.583551017730759 -58.319850689559885 -11.118798276667007 -2.8555189210879872 -45.626623843318093 -6.962699318339391 -31.420252632267218 -24.174201251675623 6.8814294552978117 -20.822966036654933 -35.200244803991836 -36.773289387560538 -45.239799198995115 -29.583551017730759
leaf_weight=20 13.999999999999998 10.999999999999998 16.000000000000004 10.999999999999998 14.999999999999998 38 14.999999999999998 9.9999999999999982 11.000000000000002 10.000000000000002 299 10.999999999999998 20 111 9.9999999999999982 10.999999999999998 57 14.999999999999998 35 14.999999999999998 24 14.999999999999998 17.000000000000004 13.000000000000002 13.999999999999998 12.999999999999998 15.999999999999998 52 9.9999999999999982 10.000000000000002 9.9999999999999982 10.000000000000002 71 12.999999999999998 13.999999999999998 13.000000000000002 9.9999999999999982 9.9999999999999982 29 10.000000000000002 19 10.999999999999998 20 9.9999999999999982 10.999999999999998 51 17 19 54 31 17 15.999999999999998 51 28 11.999999999999998 15.999999999999998 12.999999999999998 9.9999999999999982 38 22 12.999999999999998 11.999999999999998
leaf_count=20 14 11 16 11 15 38 15 10 11 10 299 11 20 111 10 11 57 15 35 15 24 15 17 13 14 13 16 52 10 10 10 10 71 13 14 13 10 10 29 10 19 11 20 10 11 51 17 19 54 31 17 16 51 28 12 16 13 10 38 22 13 12
internal_value=0.546822 20.1614 39.795 156.289 32.8798 26.0541 -26.7043 -0.590888 1.66337 22.5201 28.2042 3.64923 23.3439 -4.54548 107.876 -10.8009 20.4917 16.4545 6.50883 23.8019 39.8393 4.4912 -36.9036 133.382 92.4417 -17.5315 -9.31546 2.46535 -6.87753 -1.85486 -25.7124 -39.4277 -13.716 -7.47161 -1.38784 -18.5363 -4.3793 -12.9178 -33.99 -8.44619 -22.4028 -44.6962 -47.3583 0.224688 -26.3774 -22.9617 -8.13209 -37.3681 -34.4839 -53.0783 -21.799 5.73422 -50.4905 -1.92512 -21.3948 -33.651 6.88143 -30.5351 -31.2375 -37.6076 -40.038 -29.5836
internal_weight=1620 942 484 27 457 419 678 458 444 408 343 434 319 292 38 265 142 131 92 42 39 81 413 23 24 184 250 68 80 70 104 363 182 65 52 50 23 65 179 55 94 184 148 33 75 64 55 140 111 93 39 27 82 38 22 36 23 27 92 55 35 22
internal_count=1620 942 484 27 457 419 678 458 444 408 343 434 319 292 38 265 142 131 92 42 39 81 413 23 24 184 250 68 80 70 104 363 182 65 52 50 23 65 179 55 94 184 148 33 75 64 55 140 111 93 39 27 82 38 22 36 23 27 92 55 35 22
is_linear=0
shrinkage=0.03


Tree=111
num_leaves=63
num_cat=0
split_feature=23 6 10 12 23 10 23 20 7 10 23 7 7 23 10 21 11 19 21 21 15 23 21 10 7 21 24 20 21 11 6 21 20 10 2 14 24 19 1 11 2 24 10 24 23 17 14 1 19 17 7 19 24 7 6 7 7 14 21 10 7 14
split_gain=9.05361e+08 4.01422e+08 4.07333e+08 4.54487e+08 2.44475e+08 2.00574e+08 1.15141e+08 7.6257e+07 7.27688e+07 7.68625e+07 8.90466e+07 6.23008e+07 5.57074e+07 4.46547e+07 4.12345e+07 4.01813e+07 3.99488e+07 3.83645e+07 3.49292e+07 2.87085e+07 2.46492e+07 2.43183e+07 4.22924e+07 2.14951e+07 1.67614e+07 1.61848e+07 1.59926e+07 1.37345e+07 1.91804e+07 1.15782e+07 1.14189e+07 1.08919e+07 1.01473e+07 8.69416e+06 7.9773e+06 1.09977e+07 9.46744e+06 7.46031e+06 6.92157e+06 6.75249e+06 6.56496e+06 6.13955e+06 5.41753e+06 5.24723e+06 5.23513e+06 5.12081e+06 7.02035e+06 4.78399e+06 4.51535e+06 4.27999e+06 3.32543e+06 2.87711e+06 2.84219e+06 2.56491e+06 2.361e+06 3.91009e+06 2.84034e+06 3.12627e+06 1.83733e+06 1.65183e+06 1.64026e+06 1.53181e+06
threshold=46586.150000000009 1.0000000180025095e-35 0.98182534576205305 1.1372222219125194 95195.73461538463 -0.78574730703237872 30658.015384615388 44507.650000000001 -0.93301270189221919 0.5163939593874618 74897.723076923096 -0.24999999999999997 0.68301270189221941 61995.976923076931 -0.35460488704253562 69519.050000000017 0.94399999985264305 38442.000000000007 126656.17500000003 43684.500000000007 -6096.4249999999984 61477.526923076934 53709.562500000007 -0.78574730703237872 -0.24999999999999997 102112.97500000002 47138.750000000007 106817.25000000001 90713.075000000026 0.86516853913142167 1.0000000180025095e-35 42173.025000000009 18491.000000000004 -0.70581670320594803 51256.875000000007 0.24087591236571201 38955.525000000009 49058.850000000006 29754.000000000004 0.88636363623000625 48580.750000000007 48014.875000000007 -0.98182534576205283 55609.375000000007 44678.207692307704 0.021524947067177325 0.23341523337310963 41970.000000000007 21995.150000000005 0.075456790108121383 -0.24999999999999997 45379.450000000004 42085.42500000001 0.68301270189221941 1.0000000180025095e-35 -0.93301270189221919 -0.24999999999999997 0.21410579339192487 48144.700000000012 -0.060268340127661524 -0.24999999999999997 0.15669176380189678
decision_type=2 2 2 2 2 2 2 2 2 2 2 2 2 2 2 2 2 2 2 2 2 2 2 2 2 2 2 2 2 2 2 2 2 2 2 2 2 2 2 2 2 2 2 2 2 2 2 2 2 2 2 2 2 2 2 2 2 2 2 2 2 2
left_child=6 7 4 -4 5 -3 20 -2 39 10 -10 13 21 26 -14 37 18 -11 -6 24 30 22 33 -21 34 -17 -9 28 -23 -25 60 41 49 -13 35 -8 -37 -16 50 -7 44 45 -28 -41 58 46 -26 -44 -34 -32 59 -42 -38 -52 56 -56 -40 -58 -31 -22 -1 -51
right_child=1 2 3 -5 16 8 19 11 9 17 -12 12 14 -15 15 25 -18 -19 -20 23 38 27 -24 29 31 -27 42 -29 -30 40 32 -33 48 -35 -36 36 52 -39 54 43 51 -43 47 -45 -46 -47 -48 -49 -50 61 53 -53 -54 -55 55 -57 57 -59 -60 -61 -62 -63
leaf_value=-18.077710024389887 -69.258090302081825 151.11752329233531 253.17963805773235 2.9694406983659074 95.945524395019646 12.99628723648954 26.064605459081065 50.8260696403579 31.731744530075048 55.662434389228061 92.188631644077958 -7.7269973822353641 56.220141195925123 85.634916662267727 -27.962010144240985 16.771423734754265 63.678346492686174 5.0749080171142387 167.88743658942144 43.204557218809384 -46.442476928158584 -4.0396774449202884 -79.212695081556163 21.547191887154483 -2.5693738654915617 55.587387554074127 25.683756689694857 21.798177178424332 -47.277213116636368 -6.3097858950171117 -12.139372609522951 -54.62051671396388 15.86352255339669 -27.771391357030623 -30.278531725084459 -32.780789613466006 9.1267700078964076 -3.4656778239647239 -32.45143758067293 -18.887908045203805 -10.716071561703009 -6.4585191532953852 -16.091997988105987 0.57424800539070131 -17.757380898352896 -44.501034655184363 -27.282201934224702 11.874805736699379 -12.504933743618501 -19.683828798803951 -59.528075146658132 -32.58366167540597 -6.2685185808422155 -43.260252564284976 -45.968305768198306 -32.45143758067293 -36.015102934949979 -47.469022251002215 6.7212833209876877 -32.573268497548199 -32.45143758067293 -32.45143758067293
leaf_weight=9.9999999999999982 13.999999999999998 10.999999999999998 16.000000000000004 10.999999999999998 13.000000000000002 11.999999999999998 9.9999999999999982 9.9999999999999982 176 14.999999999999998 25 44 15.999999999999998 10.999999999999998 12.999999999999998 49 13.999999999999998 127 10.999999999999998 10.999999999999998 22 108 10.999999999999998 14.999999999999998 12.999999999999998 11.999999999999998 9.9999999999999947 15.999999999999998 9.9999999999999982 10.000000000000002 19 9.9999999999999982 10.000000000000002 35 10.999999999999998 10.999999999999998 11.999999999999998 77 23 34 12.000000000000002 19 10.000000000000005 19 9.9999999999999982 10.999999999999998 51 11.999999999999998 9.9999999999999982 9.9999999999999982 28 9.9999999999999982 36 14.999999999999998 21 74 38 57 12.999999999999998 13.999999999999998 40 22
leaf_count=10 14 11 16 11 13 12 10 10 176 15 25 44 16 11 13 49 14 127 11 11 22 108 11 15 13 12 10 16 10 10 19 10 10 35 11 11 12 77 23 34 12 19 10 19 10 11 51 12 10 10 28 10 36 15 21 74 38 57 13 14 40 22
internal_value=0.534143 19.5601 38.6076 151.629 31.8984 25.2755 -25.8991 -0.5728 21.8465 27.3606 39.2934 1.60805 -2.53214 32.099 10.5788 5.70864 104.667 10.4541 128.213 -10.4598 -35.8007 -12.3072 -24.3596 4.41885 -17.0084 24.4859 17.9076 -4.20014 -7.74083 -1.72895 -24.3793 -24.945 -16.42 -16.6313 -6.67257 -2.87089 -7.81107 -7.03118 -40.5236 -7.24823 -8.10463 -21.7333 7.49414 -11.8478 0.368417 -25.5892 -22.2743 -0.852535 1.6875 -23.5104 -48.1876 -20.7585 -2.03252 -53.9669 -37.6597 -34.0083 -40.5681 -42.9302 6.72128 -41.1542 -32.4514 -30.203
internal_weight=1620 942 484 27 457 419 678 458 408 343 201 444 391 53 167 151 38 142 24 265 413 224 90 81 184 61 42 134 118 70 121 104 71 79 80 69 59 90 292 65 55 94 32 53 33 75 64 22 20 51 79 22 48 43 213 95 118 95 23 36 50 32
internal_count=1620 942 484 27 457 419 678 458 408 343 201 444 391 53 167 151 38 142 24 265 413 224 90 81 184 61 42 134 118 70 121 104 71 79 80 69 59 90 292 65 55 94 32 53 33 75 64 22 20 51 79 22 48 43 213 95 118 95 23 36 50 32
is_linear=0
shrinkage=0.03


Tree=112
num_leaves=63
num_cat=0
split_feature=18 25 1 11 6 18 6 27 27 16 2 6 9 21 10 16 7 22 4 4 4 16 21 10 21 28 10 1 21 20 24 24 21 10 18 10 10 1 21 20 21 18 20 16 24 2 11 6 21 22 18 19 21 20 18 16 18 22 27 2 20 21
split_gain=8.09474e+08 2.65906e+08 2.0739e+08 2.27827e+08 9.29941e+07 3.2729e+08 9.27916e+07 1.09126e+08 8.01393e+07 7.91661e+07 6.36745e+07 5.65399e+07 6.31061e+07 4.35818e+07 4.3815e+07 3.65329e+07 3.41264e+07 3.28904e+07 4.66489e+07 6.43133e+07 3.13013e+07 3.44892e+07 2.89631e+07 2.82867e+07 2.69842e+07 2.68062e+07 2.65122e+07 3.1719e+07 2.56616e+07 2.52434e+07 2.42697e+07 4.64712e+07 4.9475e+07 2.12597e+07 1.954e+07 1.93653e+07 1.88726e+07 1.86101e+07 1.80995e+07 1.72056e+07 1.62998e+07 2.87224e+07 1.32022e+07 1.19843e+07 1.68751e+07 1.18099e+07 1.11848e+07 1.09984e+07 1.04863e+07 1.41261e+07 8.7565e+06 8.7404e+06 8.72824e+06 8.60663e+06 7.82278e+06 7.52946e+06 6.77564e+06 1.71633e+07 6.51067e+06 9.43858e+06 6.77544e+06 6.0882e+06
threshold=55728.200000000004 1.0000000180025095e-35 42920.000000000007 0.86847999986376712 1.0000000180025095e-35 34717.450000000004 1.0000000180025095e-35 1.0000000180025095e-35 1.0000000180025095e-35 -1.0000000180025095e-35 60701.875000000007 1.0000000180025095e-35 -0.35460488704253573 105242.65000000002 0.12053668025532312 0.0050505372572776661 -0.24999999999999997 18596.605127991981 45390.000000000007 43215.625000000007 52501.875000000007 0.0037543201186628354 49323.412500000006 -0.40966402954315212 82139.012500000026 1.0000000180025095e-35 0.61559370248597567 39920.000000000007 80744.462500000009 59600.000000000007 54834.375000000007 46537.30000000001 49035.92500000001 0.61559370248597567 62654.05000000001 0.17992617227144031 0.12053668025532312 43670.000000000007 74733.062500000015 50502.200000000004 64087.462500000001 49277.350000000013 42136.80000000001 0.0050505372572776661 48014.875000000007 50241.875000000007 0.88636363622729286 1.0000000180025095e-35 33532.962500000009 6690.1091165217285 45771.750000000007 20015.050000000007 32536.675000000007 51897.150000000001 35545.650000000009 -0.040941482945758438 67657.500000000015 7641.0798420496303 1.0000000180025095e-35 51003.125000000007 60073.900000000009 130855.48750000002
decision_type=2 2 2 2 2 2 2 2 2 2 2 2 2 2 2 2 2 2 2 2 2 2 2 2 2 2 2 2 2 2 2 2 2 2 2 2 2 2 2 2 2 2 2 2 2 2 2 2 2 2 2 2 2 2 2 2 2 2 2 2 2 2
left_child=1 4 9 -4 15 -6 16 10 30 23 29 12 -11 -9 -15 22 -5 18 19 25 -18 24 48 -2 -22 -13 27 -20 -23 -8 31 39 -33 46 -25 -19 -21 47 -36 -7 41 -35 -32 44 -14 50 -24 -3 52 53 -17 -39 -1 -50 -51 -49 -12 -58 60 -60 -45 -16
right_child=2 37 3 6 5 8 7 13 -10 11 56 17 43 14 61 45 20 35 26 36 21 28 33 34 -26 -27 -28 -29 -30 -31 42 32 -34 40 38 -37 -38 51 -40 -41 -42 -43 -44 58 -46 -47 -48 55 49 54 -52 -53 -54 -55 -56 -57 57 -59 59 -61 -62 -63
leaf_value=-18.080993377883711 95.164908051443575 -42.660591232673561 171.57241971780326 61.646520097625924 179.80599823300201 -4.2780352012380254 48.026871243740644 107.12744254257581 76.031798264598123 -58.371088558816162 36.006723286396749 17.180512955025666 32.382639147862442 29.645171190627075 80.521593017578112 -48.92623622925813 53.156697529167531 18.416674052323437 -39.023761941135518 29.824363275995317 1.5268950399295571 4.114635942947765 33.757793636914364 4.6716236382561762 47.455753707486295 -24.787333851689876 -33.738808379730621 22.685642030460315 -60.74782777087524 107.12744254257581 -7.6670689253373565 68.090180230391638 6.0961814418591942 -6.5639623096074704 79.330136022646542 73.234756352850738 73.35376813616071 0.26097753489239617 28.896410626350566 -43.946865139523069 10.480167163511664 -64.585319329339114 -53.136618800807646 -0.21648323436774825 -7.7440884914732804 -67.313521148379493 6.012564880048668 -17.931873005345924 -0.75586959645815721 -19.002882156550328 -15.394884715833161 -26.26415516506308 -47.577079097924646 -15.774218113106238 -46.655258215984318 -34.778170004075022 -21.725419818775073 23.677027965397031 -16.006920538749398 19.362463391892451 -32.503074334327209 107.12744254257581
leaf_weight=23 9.9999999999999982 178 12.999999999999998 15.999999999999998 9.9999999999999982 87 14.000000000000002 10.999999999999998 12.999999999999998 19 10.999999999999998 92 21 13.999999999999998 12.000000000000002 12.000000000000002 14.999999999999998 10.000000000000002 9.9999999999999982 14.999999999999998 29 12.000000000000002 15.999999999999998 10.999999999999998 19 15.999999999999998 23 29 9.9999999999999982 10.999999999999998 12.000000000000002 17 36 25 12.000000000000002 13.999999999999998 23 15.999999999999998 13.999999999999998 10.999999999999998 18 10.999999999999998 10.999999999999998 10.000000000000002 17 9.9999999999999982 70 29 74 32 17 37 14.999999999999998 64 12.999999999999998 145 10.999999999999998 23 13.000000000000002 13.999999999999998 13.999999999999998 9.9999999999999982
leaf_count=23 10 178 13 16 10 87 14 11 13 19 11 92 21 14 12 12 15 10 10 15 29 12 16 11 19 16 23 29 10 11 12 17 36 25 12 14 23 16 14 11 18 11 11 10 17 10 70 29 74 32 17 37 15 64 13 145 11 23 13 14 14 10
internal_value=0.518417 -16.1354 27.5184 50.0071 -3.40491 13.4625 42.6825 60.8607 4.47573 14.0855 37.0354 9.03303 -8.8918 96.1911 71.4289 -11.7134 21.5851 17.3776 13.5258 22.7794 13.9805 5.52175 -8.7272 50.5385 19.768 10.9458 -8.26657 6.8033 -25.5096 75.3274 -0.910993 3.4678 26.0719 1.94875 38.2532 50.5652 56.2946 -34.8955 52.3884 -8.77095 -12.7904 -24.4226 -29.5494 1.72482 14.4579 -39.2617 11.2077 -37.3927 -15.4881 -12.4977 -29.3905 -18.2711 -29.8186 -7.7273 -27.0771 -31.9824 15.6422 8.96728 -7.77227 2.33642 -19.1072 97.764
internal_weight=1620 1002 618 231 597 197 218 117 187 387 70 340 108 47 36 400 101 232 208 146 85 70 361 47 48 108 62 39 22 25 174 151 53 140 37 24 38 405 26 98 54 36 23 89 38 39 86 352 221 183 29 53 38 138 45 174 45 34 51 27 24 22
internal_count=1620 1002 618 231 597 197 218 117 187 387 70 340 108 47 36 400 101 232 208 146 85 70 361 47 48 108 62 39 22 25 174 151 53 140 37 24 38 405 26 98 54 36 23 89 38 39 86 352 221 183 29 53 38 138 45 174 45 34 51 27 24 22
is_linear=0
shrinkage=0.03


Tree=113
num_leaves=63
num_cat=0
split_feature=23 19 23 19 7 23 7 23 8 24 16 18 7 22 7 9 16 16 7 17 20 22 22 18 9 7 21 18 7 7 23 7 1 2 20 11 17 1 20 19 11 21 19 16 24 16 17 22 18 19 22 2 21 21 8 7 8 7 1 2 2 18
split_gain=8.0725e+08 3.78856e+08 3.18064e+08 2.2488e+08 2.15284e+08 1.01752e+08 9.82568e+07 8.74904e+07 8.62596e+07 7.7336e+07 7.28977e+07 4.84028e+07 4.81803e+07 4.66167e+07 4.32558e+07 8.27538e+07 3.58007e+07 1.06339e+08 3.20834e+07 3.16618e+07 3.02389e+07 3.00162e+07 5.32823e+07 2.88737e+07 2.55937e+07 2.53338e+07 2.30887e+07 1.89493e+07 1.81466e+07 1.63723e+07 2.52657e+07 1.91853e+07 1.63059e+07 1.36488e+07 1.16428e+07 1.13309e+07 1.10218e+07 1.07269e+07 1.21588e+07 1.05441e+07 9.82897e+06 9.4693e+06 8.22523e+06 7.78793e+06 8.5446e+06 7.24811e+06 7.10517e+06 6.90142e+06 5.68991e+06 6.62231e+06 4.9676e+06 1.08547e+07 4.49948e+06 9.46916e+06 2.81016e+06 3.23778e+06 2.628e+06 2.88937e+06 2.26573e+06 1.93418e+06 1.28287e+06 943987
threshold=46586.150000000009 33738.850000000006 72901.334615384621 53342.700000000004 -0.6830127018922193 33809.134615384617 -0.93301270189221919 98090.592307692321 0.93301270189221952 59626.200000000004 -0.075399971249820216 53973.05000000001 -0.6830127018922193 14290.554779633016 0.93301270189221952 0.91023613416931248 0.0050251573518178558 0.0049140049140049555 -0.24999999999999997 0.079999999983496412 74296.250000000015 11390.201640744677 24737.018531749356 74039.35000000002 0.46472317204376884 -0.24999999999999997 60874.98750000001 51612.650000000009 0.93301270189221952 -0.93301270189221919 42346.392307692317 -0.6830127018922193 43670.000000000007 51256.875000000007 47348.400000000009 0.79771551917947658 0.075411471302971281 30945.000000000004 45483.750000000007 99120.200000000026 0.87136929442319999 60559.200000000012 20015.050000000007 0.088483499821170555 38478.575000000004 0.0049140049140049555 0.075456790108121383 9532.6702392357183 39029.200000000004 35545.650000000009 6023.5058879775906 65340.000000000007 54377.125000000007 47172.125000000007 0.93301270189221952 -0.93301270189221919 1.0000000180025095e-35 -1.0000000180025095e-35 28548.000000000004 46562.625000000007 44736.625000000007 8546.9000000000015
decision_type=2 2 2 2 2 2 2 2 2 2 2 2 2 2 2 2 2 2 2 2 2 2 2 2 2 2 2 2 2 2 2 2 2 2 2 2 2 2 2 2 2 2 2 2 2 2 2 2 2 2 2 2 2 2 2 2 2 2 2 2 2 2
left_child=5 -2 8 -4 6 32 -5 18 10 13 12 34 19 -8 16 -16 17 -12 20 -3 -6 39 -23 -18 -20 29 -17 -14 37 47 33 -32 35 36 -10 46 45 38 60 -9 -39 -29 -34 44 58 -31 -1 -7 49 -42 51 -44 53 -36 55 -46 -48 -58 61 -60 -27 -37
right_child=1 2 3 4 7 25 9 21 11 -11 14 -13 27 -15 15 26 23 -19 24 -21 -22 22 -24 -25 -26 28 -28 41 -30 30 31 -33 42 -35 52 43 -38 40 -40 -41 48 -43 50 -45 54 -47 56 -49 -50 -51 -52 -53 -54 -55 -56 -57 57 -59 59 -61 -62 -63
leaf_value=-3.082935958420935 192.72357567039694 89.899281354872556 183.930443659112 13.640420713682431 4.2018393935018512 -8.6168906124186027 142.03269772973388 52.17302758547337 -36.862884272731698 182.76608306884762 2.0168528470073706 -82.229461722886271 -8.6284095709890281 62.286407343166971 95.890694785081706 -11.779451376798464 -24.63681681189972 60.92820678001226 -12.664919255357653 32.586828784608002 52.486957716755171 123.46337726622134 41.461831031941479 4.635425728120997 18.822754058318882 -17.547299514071629 30.687333479837758 52.389644659918694 16.988516932307064 -13.814173303497171 53.813162682715884 5.0344772965386992 0.25319710204319923 -31.980342826552064 -18.654168122546501 -46.632890987585085 24.057657082159785 9.5048042848947887 -61.246279090061662 8.6118966463296722 -29.060773670708954 15.129506128189412 -10.381923754097208 -62.829317923880922 -43.899746365660171 9.530374083194431 -30.898544630331422 -39.475609749458933 -38.796272195714124 -5.9230922612932302 -11.276319054136884 -52.014305874191166 -20.613291256878828 20.693555511285449 -45.946482130725933 -31.230793675176717 -30.12735179830041 -11.364176077335435 -53.338428751030968 -41.019854614836348 -31.754859610892634 -34.797943034191846
leaf_weight=11.999999999999998 10.999999999999998 18 9.9999999999999982 10.999999999999998 20 16.000000000000004 10.000000000000002 10.000000000000002 14.999999999999998 10.999999999999998 329 11.999999999999998 18 20 12.999999999999998 22 69 30 49 17 28 13.000000000000002 15.999999999999998 54 44 13.000000000000002 24 11.000000000000002 10.999999999999998 32 14 15 15.999999999999998 12.999999999999998 10.000000000000002 9.9999999999999982 14.999999999999998 10.999999999999998 11.999999999999998 9.9999999999999982 20 13.999999999999998 10.000000000000002 10.999999999999998 21 19 21 10.999999999999998 12.999999999999998 25 13.999999999999998 12.999999999999998 10.999999999999998 11.999999999999998 15.999999999999998 174 15.999999999999998 14.000000000000002 34 21 10.999999999999998 24
leaf_count=12 11 18 10 11 20 16 10 10 15 11 329 12 18 20 13 22 69 30 49 17 28 13 16 54 44 13 24 11 11 32 14 15 16 13 10 10 15 11 12 10 20 14 10 11 21 19 21 11 13 25 14 13 11 12 16 174 16 14 34 21 11 24
internal_value=0.521 18.4865 16.4073 45.1834 39.3764 -24.4389 93.409 24.5472 5.72247 114.725 9.05277 -28.5929 36.1472 89.2522 5.1404 29.3639 2.1698 6.95541 12.5271 62.234 32.4188 59.0396 78.5192 -11.7922 2.23666 -9.27539 10.3956 14.8185 -19.5508 -0.438184 4.7892 28.6869 -33.3481 -4.00852 -15.0406 -35.5568 1.54109 -23.3913 -36.6602 30.5438 -16.4253 31.6675 -17.7244 -37.9129 -36.9787 -5.1155 -23.8842 -21.2883 -21.351 -16.2363 -25.4784 -34.0367 -5.03996 2.80461 -33.649 -32.617 -28.7629 -21.4381 -44.8259 -48.718 -24.164 -38.4054
internal_weight=1620 942 931 252 242 678 52 190 679 41 619 60 78 30 541 59 482 359 141 35 48 49 29 123 93 251 46 43 116 135 108 29 427 79 48 374 66 105 36 20 69 25 53 311 300 51 63 27 58 45 37 23 33 22 211 195 51 30 89 55 24 34
internal_count=1620 942 931 252 242 678 52 190 679 41 619 60 78 30 541 59 482 359 141 35 48 49 29 123 93 251 46 43 116 135 108 29 427 79 48 374 66 105 36 20 69 25 53 311 300 51 63 27 58 45 37 23 33 22 211 195 51 30 89 55 24 34
is_linear=0
shrinkage=0.03


Tree=114
num_leaves=63
num_cat=0
split_feature=18 21 17 17 18 21 16 18 16 9 7 18 16 27 6 18 10 22 16 7 7 20 22 20 10 15 24 16 10 16 4 9 24 17 10 6 20 18 20 20 18 10 7 20 7 9 18 3 20 3 22 27 7 10 24 14 24 20 7 11 16 10
split_gain=7.2189e+08 2.35587e+08 1.73281e+08 1.77148e+08 1.85892e+08 1.19902e+08 7.22425e+07 9.23442e+07 6.63178e+07 5.63342e+07 5.00371e+07 4.62363e+07 3.87155e+07 3.61336e+07 6.11194e+07 3.49368e+07 3.81278e+07 3.36045e+07 4.16062e+07 5.98095e+07 6.43542e+07 3.33601e+07 3.28576e+07 3.40208e+07 3.26728e+07 2.33127e+07 2.94924e+07 2.1042e+07 2.06702e+07 1.87376e+07 1.71857e+07 1.62424e+07 1.60095e+07 1.54184e+07 1.46262e+07 1.40539e+07 1.69956e+07 1.31302e+07 1.30691e+07 1.19037e+07 1.18404e+07 1.11618e+07 1.10822e+07 1.03481e+07 1.02251e+07 1.31842e+07 1.01822e+07 9.77801e+06 9.72111e+06 1.58622e+07 9.30701e+06 8.82804e+06 8.46674e+06 7.16046e+06 6.90057e+06 5.61158e+06 5.40821e+06 5.10738e+06 4.08762e+06 3.76303e+06 3.46737e+06 2.71503e+06
threshold=55728.200000000004 32941.725000000013 0.061650782740210804 0.07542285723351326 104210.00000000001 33532.962500000009 0.088483499821170555 77771.35000000002 -1.0000000180025095e-35 -0.78574730703237861 -0.24999999999999997 133999.60000000003 0.0050251573518178558 1.0000000180025095e-35 1.0000000180025095e-35 72035.650000000009 0.5163939593874618 2926.6672130974471 0.0051020740191197742 -0.24999999999999997 -0.93301270189221919 82632.60000000002 7146.0342335514488 81692.800000000017 -0.060268340127661524 -5526.9666666666699 44575.875000000007 0.0049505253806327873 0.74851074817110097 -1.0000000180025095e-35 52763.125000000007 -0.66312265824079519 37717.80000000001 0.079999999981140837 0.12053668025532312 1.0000000180025095e-35 18491.000000000004 61631.000000000007 66693.750000000015 57854.650000000001 61631.000000000007 0.5163939593874618 -0.24999999999999997 35397.900000000001 -0.24999999999999997 -0.29696027566504662 66583.400000000009 47018.750000000007 49575.900000000009 44318.375000000007 1035.1161032554153 1.0000000180025095e-35 -0.93301270189221919 0.91023613416931248 53078.725000000006 0.25307125302469863 38955.525000000009 19984.050000000007 0.68301270189221941 0.80898876386758156 0.0050505372572776661 -0.12053668025532321
decision_type=2 2 2 2 2 2 2 2 2 2 2 2 2 2 2 2 2 2 2 2 2 2 2 2 2 2 2 2 2 2 2 2 2 2 2 2 2 2 2 2 2 2 2 2 2 2 2 2 2 2 2 2 2 2 2 2 2 2 2 2 2 2
left_child=1 32 6 -4 8 -3 7 17 15 -10 -8 12 22 25 42 40 -17 18 19 20 -2 31 24 -24 -9 33 48 37 34 -30 -21 -14 59 -7 -28 44 52 47 -39 43 -5 -38 -15 -29 57 -46 -42 -19 56 -50 -44 -41 -37 -43 -54 -52 -27 -34 60 61 -47 -1
right_child=2 5 3 4 -6 13 10 11 9 -11 -12 -13 21 14 -16 16 -18 27 -20 30 -22 -23 23 -25 -26 26 28 39 29 -31 -32 -33 35 -35 -36 36 41 38 -40 51 46 53 50 -45 45 58 -48 -49 49 -51 55 -53 54 -55 -56 -57 -58 -59 -60 -61 -62 -63
leaf_value=-41.396580463015738 8.0425977889762414 84.052809805362784 178.67516138360054 8.6584750203883392 135.16655400903184 40.298608965084249 12.416868307548656 43.241930537333005 30.019402879039681 -53.767167170866763 -60.203682545444416 102.26040128500155 10.320818573964106 26.036675653520795 72.100718784477877 120.91633728631649 39.640714342271963 15.015423343072786 83.932078527502114 -26.409554284027259 108.33765664590372 -24.371829983077884 11.357456311028578 58.632373277329904 110.92151527928942 -32.114982905941112 -5.8509224299859524 -21.449661683778505 -49.282584231547176 -11.023543402755333 19.782085679739961 44.111212288374752 -28.40082927859207 4.3951666828374929 4.3951666828374929 -43.190275465520727 22.430988836005181 9.1643014735167263 29.263723881641244 -36.007673575418032 60.554691668571301 -30.548927985038461 -26.230718630956222 12.7641173404137 -67.901913416838838 -36.624342860418459 24.148265445790393 -9.9490651201153071 -22.046955381275914 -67.982776984790775 17.769527226323664 -1.5410275186074742 -26.374719136459657 -0.19012567330669883 -1.1782328383987015 -2.863652333600029 -13.662948959829466 -4.661332320584596 -28.063140525589443 -48.442919651419807 -54.974076818517737 -24.843190827065325
leaf_weight=28 12.000000000000002 13.999999999999998 9.9999999999999982 13.999999999999998 18 15.000000000000002 17 13.000000000000002 16.000000000000004 12.999999999999998 17 9.9999999999999982 23 14.999999999999998 12.999999999999998 10.000000000000002 10.999999999999998 24 10.999999999999998 18.000000000000004 10.999999999999998 12.999999999999998 26 29 12.999999999999998 18 187 10.999999999999998 14.999999999999998 49 11.999999999999998 29 22 11.999999999999998 49 25 9.9999999999999982 68 51 17 14.000000000000002 13 11.999999999999998 28 11.999999999999998 78 13.999999999999998 34 21.000000000000004 9.9999999999999982 15.999999999999998 11.000000000000002 89 15 10.999999999999998 45 70 12.999999999999998 50 50 10.999999999999998 13.999999999999998
leaf_count=28 12 14 10 14 18 15 17 13 16 13 17 10 23 15 13 10 11 24 11 18 11 13 26 29 13 18 187 11 15 49 12 29 22 12 49 25 10 68 51 17 14 13 12 28 12 78 14 34 21 10 16 11 89 15 11 45 70 13 50 50 11 14
internal_value=0.503295 -15.2237 26.0008 58.3495 47.2584 -2.32513 18.1958 21.2896 29.9309 -7.59569 -23.9634 40.0884 35.7629 -4.55086 11.6441 47.1898 78.7332 11.7581 31.09 19.9852 56.2713 18.4758 49.5953 36.3455 77.3772 -8.22013 -9.9623 6.67683 -4.94608 -20.0534 -7.92846 29.214 -31.6279 18.7526 -0.842392 -28.6753 -22.2174 12.0953 17.7957 -7.63426 31.2685 -4.63278 2.64129 3.08382 -34.3196 -37.7112 42.5023 0.389081 -22.5934 -37.036 -2.19498 -22.521 -27.5551 -14.3439 -23.6071 2.56851 -17.4694 -19.6218 -35.0578 -42.7853 -38.9515 -35.951
internal_weight=1620 1002 618 120 110 561 498 464 92 29 34 156 146 547 101 63 21 308 64 53 23 65 81 55 26 446 419 244 300 64 30 52 441 27 236 349 163 177 119 67 42 38 88 39 186 151 28 58 119 31 73 28 125 28 100 61 88 35 139 92 89 42
internal_count=1620 1002 618 120 110 561 498 464 92 29 34 156 146 547 101 63 21 308 64 53 23 65 81 55 26 446 419 244 300 64 30 52 441 27 236 349 163 177 119 67 42 38 88 39 186 151 28 58 119 31 73 28 125 28 100 61 88 35 139 92 89 42
is_linear=0
shrinkage=0.03


Tree=115
num_leaves=63
num_cat=0
split_feature=18 25 17 17 18 15 24 16 22 27 19 24 27 14 16 6 16 18 18 3 20 20 8 22 8 3 8 12 24 24 15 24 3 22 3 11 4 18 18 7 19 18 20 18 16 18 6 22 22 15 24 14 17 8 21 16 4 17 22 16 7 7
split_gain=6.78903e+08 2.2234e+08 1.63129e+08 1.66791e+08 1.74957e+08 1.20387e+08 6.91286e+07 6.24326e+07 5.68896e+07 5.46611e+07 5.21701e+07 4.97004e+07 4.44982e+07 5.15992e+07 4.29052e+07 4.1974e+07 4.14048e+07 3.43699e+07 3.28951e+07 3.11342e+07 2.93932e+07 2.7927e+07 2.63221e+07 2.52847e+07 2.51425e+07 2.37612e+07 3.01363e+07 3.29879e+07 2.00254e+07 3.4109e+07 1.98835e+07 1.8664e+07 1.59441e+07 1.54415e+07 1.45137e+07 1.41574e+07 1.2966e+07 1.28748e+07 1.11455e+07 1.0585e+07 1.13241e+07 1.05634e+07 1.04784e+07 1.04723e+07 1.03826e+07 9.58466e+06 9.16247e+06 1.06675e+07 8.30544e+06 7.10112e+06 4.72793e+06 4.89424e+06 4.72257e+06 3.81279e+06 3.17157e+06 3.10616e+06 1.77392e+06 2.22915e+06 1.72443e+06 1.53937e+06 1.47874e+06 1.43837e+06
threshold=55728.200000000004 1.0000000180025095e-35 0.061650782740210804 0.07542285723351326 104210.00000000001 -6059.9999999999991 56820.000000000007 -1.0000000180025095e-35 28292.719272132705 1.0000000180025095e-35 62654.05000000001 59559.375000000007 1.0000000180025095e-35 0.24189526180302526 0.088483499821170555 1.0000000180025095e-35 1.0000000180025095e-35 48051.000000000007 72035.650000000009 56820.000000000007 72853.900000000009 62776.200000000004 0.6830127018922193 5435.2013828951067 0.93301270189221952 52530.000000000007 1.0000000180025095e-35 1.1518987338927065 54834.375000000007 44575.875000000007 -6096.4249999999984 45715.625000000007 50996.250000000007 11124.983996477047 58895.625000000007 0.94696969682253684 51718.125000000007 80288.900000000009 61631.000000000007 -0.24999999999999997 50657.150000000001 64146.500000000007 74296.250000000015 61968.600000000013 0.0048899755501222728 66583.400000000009 1.0000000180025095e-35 982.87138303228892 7641.0798420496303 -9991.1916666666639 37528.200000000004 0.24087591234469022 0.079999999981520867 1.0000000180025095e-35 47172.125000000007 0.0050251573518178558 39451.375000000007 0.011715170471228456 6576.1906674137563 0.0049505253806327873 -1.0000000180025095e-35 -0.24999999999999997
decision_type=2 2 2 2 2 2 2 2 2 2 2 2 2 2 2 2 2 2 2 2 2 2 2 2 2 2 2 2 2 2 2 2 2 2 2 2 2 2 2 2 2 2 2 2 2 2 2 2 2 2 2 2 2 2 2 2 2 2 2 2 2 2
left_child=1 5 6 -4 7 -1 8 18 14 19 -9 12 24 52 25 33 -17 -13 38 20 23 -16 -20 -8 28 26 42 -28 29 -7 46 -26 -30 35 43 -11 41 -38 -5 -15 -41 -27 -2 -21 48 -40 61 -48 -36 -49 56 53 -14 55 -33 59 57 -32 60 -52 -51 -3
right_child=2 30 3 4 -6 11 9 10 -10 15 -12 17 13 39 21 16 -18 -19 22 34 -22 -23 -24 -25 31 36 27 -29 32 -31 50 54 -34 -35 44 -37 37 -39 45 40 -42 -43 -44 -45 -46 -47 47 49 -50 58 51 -53 -54 -55 -56 -57 -58 -59 -60 -61 -62 -63
leaf_value=94.765451066300685 -1.2397118274290555 -15.692261107794126 173.3679798879954 8.4005624048760605 131.13396228094783 -15.951192534199157 96.293332440971113 21.816342299496306 73.403447971816888 38.698889920566614 -62.492052032168559 44.900415682158844 44.900415682158844 22.152497505519698 -0.4538028489497668 53.763122762606272 130.25092391514542 -4.6640276706491717 108.30929129935598 5.3814284099918765 7.6455238290158842 -57.562424238489029 40.562122310222954 32.619285323747242 -56.767895351209134 -3.579451346822303 34.992538294064055 3.3518350948409861 -53.464171142578131 2.7444655022628455 -35.100611623277409 -28.055326076539085 -16.216907669341492 58.502479071765208 -14.86960770478119 -3.2962975771565084 -11.205435760230344 30.290441751222353 58.750934694980039 -21.887359879729036 4.2554304932075553 -46.129737891119881 26.594198333253249 -37.880423611178252 39.607640958218958 23.428955415766289 10.861670996295517 -2.7262954920419253 18.865918852053813 -29.098185209456627 -35.219614661733573 -49.559183338901448 22.63646444022347 -29.098185209456627 -7.3418766964034532 -41.075516557318885 -49.390041017426775 -51.158275806323907 -15.935926868659404 -29.098185209456627 -17.244519068651847 -29.098185209456627
leaf_weight=10.999999999999998 89 9.9999999999999982 9.9999999999999982 13.999999999999998 18 159 10.000000000000002 19.000000000000004 11.999999999999998 18.000000000000004 9.9999999999999982 10.000000000000002 10.000000000000002 15.999999999999998 17.000000000000004 18.000000000000004 9.9999999999999982 12.999999999999998 11 10.000000000000002 15.999999999999998 13.999999999999998 10 12.999999999999998 17 10.000000000000002 87 45 12.999999999999998 196 34 12.000000000000002 50 15.999999999999998 11.000000000000002 11.999999999999998 17.000000000000004 10.999999999999998 14.000000000000002 23 42 10.999999999999998 13.999999999999998 9.9999999999999982 10.999999999999998 13.999999999999998 11.999999999999998 15.999999999999998 15.999999999999998 23.999999999999993 75 17 9.9999999999999982 79 14.999999999999998 27 27 10.999999999999998 11.999999999999998 10.999999999999998 10.000000000000005 40
leaf_count=11 89 10 10 14 18 159 10 19 12 18 10 10 10 16 17 18 10 13 11 10 16 14 10 13 17 10 87 45 13 196 34 12 50 16 11 12 17 11 14 23 42 11 14 10 11 14 12 16 16 24 75 17 10 79 15 27 27 11 12 11 10 40
internal_value=0.499145 -14.7525 25.2259 56.6126 45.8507 -3.11148 17.6529 29.0405 9.56509 33.1045 -7.37026 -4.96462 -6.73309 11.2974 7.11062 52.5116 81.4466 38.166 45.7862 18.2603 38.9507 -26.347 76.394 60.6008 -10.6764 10.7707 14.7322 24.2167 -8.40109 -5.63121 -31.9071 -32.2238 -23.9754 34.7604 4.30454 21.9456 -8.21965 5.14619 30.3371 0.372513 -5.01446 -25.9808 2.56563 -16.3302 15.1794 41.2363 -21.869 -14.9576 5.11755 -19.9644 -36.3274 -33.995 44.9004 -32.5918 -16.6175 -36.2969 -43.0411 -39.1306 -25.9413 -33.0489 -29.0982 -29.0982
internal_weight=1620 1002 618 120 110 597 498 92 327 171 29 586 563 101 315 74 28 23 63 97 39 31 21 23 462 284 235 132 418 355 405 44 63 46 58 30 49 28 42 81 65 21 103 20 38 28 124 74 27 62 281 209 20 192 27 113 72 45 46 86 34 50
internal_count=1620 1002 618 120 110 597 498 92 327 171 29 586 563 101 315 74 28 23 63 97 39 31 21 23 462 284 235 132 418 355 405 44 63 46 58 30 49 28 42 81 65 21 103 20 38 28 124 74 27 62 281 209 20 192 27 113 72 45 46 86 34 50
is_linear=0
shrinkage=0.03


Tree=116
num_leaves=63
num_cat=0
split_feature=23 19 23 7 19 19 8 23 5 20 19 7 20 7 9 9 24 10 23 22 22 8 23 4 24 15 22 27 24 1 19 2 7 22 5 24 8 9 22 8 20 14 15 7 10 7 8 23 1 27 22 1 19 11 19 10 22 22 9 14 7 22
split_gain=6.82378e+08 3.52671e+08 2.69222e+08 1.63524e+08 1.53505e+08 8.62362e+07 7.83681e+07 7.04391e+07 5.78451e+07 5.1204e+07 7.84892e+07 3.74662e+07 5.4483e+07 3.6333e+07 7.60382e+07 3.46437e+07 2.9885e+07 2.81582e+07 2.66311e+07 2.64394e+07 5.30807e+07 2.24707e+07 2.23726e+07 3.22471e+07 2.18644e+07 2.74174e+07 2.01228e+07 2.00152e+07 1.90684e+07 1.76941e+07 1.69533e+07 1.67228e+07 1.602e+07 1.46407e+07 1.40776e+07 1.35809e+07 1.32652e+07 1.06301e+07 1.01736e+07 1.17306e+07 8.76106e+06 7.93315e+06 6.41966e+06 5.84302e+06 4.73761e+06 6.16502e+06 1.22926e+07 6.16499e+06 4.4507e+06 4.42281e+06 3.91406e+06 3.78753e+06 3.2065e+06 2.99941e+06 2.98279e+06 2.93974e+06 3.74187e+06 2.64463e+06 2.62758e+06 1.89503e+06 1.6522e+06 1.59538e+06
threshold=46586.150000000009 33738.850000000006 74749.11923076924 -0.6830127018922193 54543.700000000004 39280.900000000001 0.93301270189221952 98090.592307692321 1.0000000180025095e-35 80863.300000000017 87880.050000000003 -0.6830127018922193 49130.400000000001 0.93301270189221952 0.91023613416931248 -0.29696027566504662 46978.650000000009 0.8542199457734333 16901.850000000002 11571.145836071695 24737.018531749356 0.93301270189221952 60896.976923076923 40974.750000000007 60701.875000000007 6733.333333333333 13227.450487089251 1.0000000180025095e-35 52891.875000000007 37045.000000000007 64348.700000000004 64366.875000000007 -0.93301270189221919 24077.478229851473 1.0000000180025095e-35 58823.125000000007 -0.5 0.35460488704253579 2357.8067368757315 -0.9330127018922193 55324.350000000006 0.219342946937647 -6014.7750000000005 0.93301270189221952 0.61559370248597567 -0.93301270189221919 -0.68301270189221952 41269.757692307692 33745.000000000007 1.0000000180025095e-35 4507.3402040284991 30529.000000000004 21334.200000000001 0.80898876386758156 62843.05000000001 -1.722546424198833e-16 2145.6542424484246 2145.6542424484246 -0.95297903005573326 0.21012658223285954 -0.24999999999999997 6690.1091165217285
decision_type=2 2 2 2 2 2 2 2 2 2 2 2 2 2 2 2 2 2 2 2 2 2 2 2 2 2 2 2 2 2 2 2 2 2 2 2 2 2 2 2 2 2 2 2 2 2 2 2 2 2 2 2 2 2 2 2 2 2 2 2 2 2
left_child=5 -2 6 9 -5 18 8 17 13 10 -4 12 26 24 -15 16 -8 35 42 31 -21 32 23 -13 27 -26 -10 -3 -24 -14 -16 -9 -20 -19 44 -6 -36 38 39 -34 48 -40 55 52 45 58 49 -48 -17 61 -23 53 -39 -44 -42 57 -57 -1 -7 -53 -61 -47
right_child=1 2 3 4 7 34 15 19 11 -11 -12 22 29 14 30 40 -18 33 21 20 -22 50 28 -25 25 -27 -28 -29 -30 -31 -32 -33 37 -35 36 -37 -38 43 41 -41 54 -43 51 -45 -46 46 47 -49 -50 -51 -52 59 -54 -55 -56 56 -58 -59 -60 60 -62 -63
leaf_value=-30.351055656432031 185.12182957004856 -5.6002303230072608 114.07669591071195 138.6464775456609 8.9773816811081257 -7.5256941264384478 -94.294921825144527 55.709314768574011 47.250009378913695 142.04951007599524 19.316718280873399 27.57012461511712 112.75718914371902 90.80253444060115 0.049988469101312591 -38.249795520140374 -22.549984414577484 -22.425661944005761 -50.653957549815878 120.01861919308494 36.404308856466542 -36.394105192883167 14.746097444144397 -29.14649851694157 50.293021126847236 4.5714006299007668 -3.6181085215183284 7.7714158973828411 66.364434379351025 57.82053375496352 43.779077317643875 2.2241654019742398 -21.318206817894648 18.49759595303922 43.829260291022209 34.059122334194953 1.6545674514770505 -40.653959152524834 -4.9107384878569471 8.9834501612084523 -7.8347701778927341 -23.36871640007617 -33.942760790447856 -6.3222853123322702 -25.165184326171875 -11.292384941141016 -0.4716513499807804 26.036465504261667 -11.08921313577447 6.5770297090133818 -63.122977360905828 -30.351055656432031 -24.924043691375783 -46.351522650631281 14.162335221574113 -2.6396256354303631 -26.328796191689193 -14.588402628379292 -28.812755993758099 -33.197755926814921 -40.575580149540279 -26.173816177821394
leaf_weight=16.000000000000004 10.999999999999998 247 18 10.999999999999998 41 11.000000000000002 10.000000000000002 10.000000000000002 13.000000000000002 13.999999999999998 13.999999999999998 17 10.000000000000002 12.999999999999998 38 10.000000000000002 10.999999999999998 27 12.999999999999998 12.000000000000002 15.999999999999998 10.000000000000002 18.000000000000004 19 18 34 14.999999999999998 170 9.9999999999999982 11.999999999999998 9.9999999999999982 10.999999999999998 17 10.999999999999998 11.000000000000002 37 17 14.999999999999998 31 35 11.000000000000002 65 30 12.999999999999998 9.9999999999999982 19.000000000000004 13.999999999999998 18 11.999999999999998 9.9999999999999982 10.999999999999998 51 58 49 10.999999999999998 10.000000000000002 14.999999999999998 9.9999999999999982 9.9999999999999982 55 44 9.9999999999999982
leaf_count=16 11 247 18 11 41 11 10 10 13 14 14 17 10 13 38 10 11 27 13 12 16 10 18 19 18 34 15 170 10 12 10 11 17 11 11 37 17 15 31 35 11 65 30 13 10 19 14 18 12 10 11 51 58 49 11 10 15 10 10 55 44 10
internal_value=0.496987 17.0146 15.0087 43.8311 30.6351 -22.4514 5.97898 23.3547 9.14866 94.1444 72.8086 28.5255 47.9605 4.97621 26.7364 -25.3911 -56.9994 10.5956 -27.6616 53.4765 72.5387 -20.8872 13.2908 -2.36138 2.14089 20.4643 20.0832 -0.148396 33.3519 83.1891 9.23235 27.8367 -18.3392 -10.5619 -0.483627 20.9035 18.3203 -16.523 -11.6357 -0.944707 -10.2102 -17.4197 -34.1359 -24.9104 -5.65841 -3.51306 0.717182 14.4737 -23.5523 -10.5783 -50.6279 -36.2899 -28.2075 -41.6882 3.17796 -24.4122 -16.9015 -30.3511 -17.751 -33.4208 -36.0445 -16.4963
internal_weight=1620 942 931 222 176 678 709 165 644 46 32 114 50 530 61 65 21 116 548 49 28 268 64 36 469 52 28 417 28 22 48 21 247 38 130 78 28 234 148 52 44 96 280 86 102 92 71 32 22 39 21 229 73 79 22 51 25 26 21 150 99 29
internal_count=1620 942 931 222 176 678 709 165 644 46 32 114 50 530 61 65 21 116 548 49 28 268 64 36 469 52 28 417 28 22 48 21 247 38 130 78 28 234 148 52 44 96 280 86 102 92 71 32 22 39 21 229 73 79 22 51 25 26 21 150 99 29
is_linear=0
shrinkage=0.03


Tree=117
num_leaves=63
num_cat=0
split_feature=18 21 1 12 14 8 3 10 1 3 14 27 6 24 27 14 3 21 3 9 2 12 10 18 16 4 18 8 22 16 19 18 12 21 1 22 2 2 6 7 24 16 19 7 19 9 16 16 7 7 22 19 22 18 19 16 10 21 7 7 18 10
split_gain=6.01495e+08 1.97866e+08 1.59403e+08 1.90208e+08 1.14916e+08 7.70177e+07 6.91944e+07 7.378e+07 6.14974e+07 5.32945e+07 6.26688e+07 4.62913e+07 5.50787e+07 4.05003e+07 3.89032e+07 4.72594e+07 3.50348e+07 3.10648e+07 6.21394e+07 3.03549e+07 2.96245e+07 2.41753e+07 3.11121e+07 1.83397e+07 2.91271e+07 4.37061e+07 1.72603e+07 1.70497e+07 1.63497e+07 2.21674e+07 1.62285e+07 1.47674e+07 1.43822e+07 1.43289e+07 1.43194e+07 1.3067e+07 1.48166e+07 1.37003e+07 1.14906e+07 1.27672e+07 1.21409e+07 1.03125e+07 1.02528e+07 9.90154e+06 1.0683e+07 9.34393e+06 8.47166e+06 8.45426e+06 8.46174e+06 8.36216e+06 7.70996e+06 1.25484e+07 6.35833e+06 6.3114e+06 6.19311e+06 4.83073e+06 3.526e+06 3.49077e+06 3.35597e+06 3.28724e+06 3.04344e+06 2.81238e+06
threshold=55728.200000000004 32941.725000000013 42920.000000000007 1.0267857140995378 0.16675568845983602 0.93301270189221952 56820.000000000007 0.12053668025532312 44730.000000000007 52530.000000000007 0.23037974677836118 1.0000000180025095e-35 1.0000000180025095e-35 42040.780000000006 1.0000000180025095e-35 0.24189526180302526 55525.625000000007 72009.812500000015 45218.750000000007 -0.78574730703237861 62812.500000000007 1.1565945280765215 -0.060268340127661524 41210.450000000004 -1.0000000180025095e-35 40541.375000000007 95253.60000000002 0.25000000000000017 7766.9183557587348 0.0037543201186628354 73675.900000000009 63121.400000000009 1.1789083555783397 55523.762500000004 29138.000000000004 5019.7633581603322 62812.500000000007 64366.875000000007 1.0000000180025095e-35 -0.93301270189221919 54446.875000000007 0.0049140049140049555 76053.900000000009 -0.24999999999999997 50657.150000000001 -0.51639395938746191 0.0050251573518178558 0.0050505372572776661 -0.24999999999999997 -0.5 907.61818091316411 14050.000000000002 11457.039872112231 79169.450000000012 77666.550000000003 0.0037543201186628354 -0.98182534576205283 11646.850000000002 -0.24999999999999997 0.68301270189221941 31763.850000000002 -0.060268340127661524
decision_type=2 2 2 2 2 2 2 2 2 2 2 2 2 2 2 2 2 2 2 2 2 2 2 2 2 2 2 2 2 2 2 2 2 2 2 2 2 2 2 2 2 2 2 2 2 2 2 2 2 2 2 2 2 2 2 2 2 2 2 2 2 2
left_child=1 34 5 -4 -3 9 7 16 14 10 13 35 26 -2 23 -16 54 18 -15 -18 31 22 -12 24 25 -6 53 -14 41 -30 49 52 -9 -24 58 -8 -37 -38 47 -40 50 -25 -19 -17 -45 -33 -26 48 56 -23 51 -41 -11 -13 -5 57 -36 -50 61 -60 -52 -1
right_child=2 4 3 6 8 -7 11 32 -10 20 21 12 27 17 15 43 19 42 -20 -21 -22 30 33 28 46 -27 -28 -29 29 -31 -32 45 -34 -35 38 36 37 -39 39 40 -42 -43 -44 44 -46 -47 -48 -49 55 -51 60 -53 -54 -55 -56 -57 -58 -59 59 -61 -62 -63
leaf_value=-39.952972966532307 28.994970551930976 85.759046519039245 139.79090352376301 -6.5474543414244755 -10.763589833157118 -50.274938346461241 31.669347897793383 87.775367255114361 40.80422240740058 11.510308417896228 8.7031947212181198 13.752610849814829 47.869749755859367 39.460055369602806 40.80422240740058 20.501720072535591 19.059022041547408 58.414984598362686 134.36284466199638 86.683507666177306 22.424606116445439 8.7031947212181198 8.7031947212181198 -2.0937178859724566 -10.443372394724941 -95.557132701307253 -16.52136416595761 87.775367255114361 -5.7036105165268749 -36.080403083991321 -33.367191891000289 -62.312788741612181 56.210968152309988 28.994970551930976 0.010604155772441139 -23.995643857320147 29.757262123509456 -5.3646203223897198 -39.890316974290336 -20.190360963736001 8.84584407882185 17.616113701725311 28.994970551930976 -21.401809507097514 3.9903991797077962 -23.539219784336233 -34.873317845121349 -44.278732492969965 -41.113712467933766 -8.4615737918971732 -26.405072415719236 20.8054932426226 -22.160544834703501 46.805610714474248 22.259945220947262 -51.543879370358916 -21.525446342341805 -27.136207060419526 -50.94540357779843 -34.018816239206416 -11.086691053674576 -24.346181533573805
leaf_weight=25 14.999999999999998 12.999999999999998 17 11.000000000000002 12.000000000000002 17 13.999999999999998 20 15.999999999999998 10.000000000000002 78 10.000000000000005 12.000000000000002 13.000000000000002 20 15.999999999999998 10.000000000000002 14.000000000000002 11.999999999999998 14.999999999999998 17 33 9.9999999999999982 103 139 9.9999999999999982 9.9999999999999982 11.999999999999998 94 28 11.999999999999998 10.000000000000002 13.999999999999998 80 11.000000000000002 17 17 24 25 20.000000000000004 14.999999999999998 31 13.999999999999998 23 42 12.999999999999998 13.999999999999998 36 20 29 77 9.9999999999999982 9.9999999999999982 10.999999999999998 17 9.9999999999999982 18 93 31 17 13.999999999999998 19
leaf_count=25 15 13 17 11 12 17 14 20 16 10 78 10 12 13 20 16 10 14 12 15 17 33 10 103 139 10 10 12 94 28 12 10 14 80 11 17 17 24 25 20 15 31 14 23 42 13 14 36 20 29 77 10 10 11 17 10 18 93 31 17 14 19
internal_value=0.482622 -13.8732 23.757 43.473 -2.05222 11.9804 35.7598 56.3616 -4.1506 14.8536 19.8618 21.6135 42.3105 45.2886 -5.95084 10.8001 34.0751 61.0653 85.3673 59.8175 -11.0121 12.7013 18.9912 -9.87784 -17.3602 -49.5642 15.8064 76.3372 -4.75819 -12.6992 -1.58482 -24.2527 87.7754 28.995 -28.9069 5.76659 -0.529495 9.23501 -26.1153 -20.2081 -16.5634 2.47573 39.1403 0.199218 -5.01356 -40.5942 -12.7001 -31.1607 -28.0267 4.61039 -19.718 -6.50125 -5.35146 31.206 10.9596 -31.4652 -13.3845 -29.6443 -39.4567 -45.0338 -24.0632 -33.2842
internal_weight=1620 1002 618 231 561 387 214 87 548 370 310 127 55 68 532 101 53 53 25 25 60 242 168 431 175 22 31 24 256 122 74 43 34 90 441 72 58 41 349 161 136 134 28 81 65 23 153 188 152 62 121 30 20 21 28 123 29 113 92 48 91 44
internal_count=1620 1002 618 231 561 387 214 87 548 370 310 127 55 68 532 101 53 53 25 25 60 242 168 431 175 22 31 24 256 122 74 43 34 90 441 72 58 41 349 161 136 134 28 81 65 23 153 188 152 62 121 30 20 21 28 123 29 113 92 48 91 44
is_linear=0
shrinkage=0.03


Tree=118
num_leaves=63
num_cat=0
split_feature=23 19 23 6 12 3 6 19 10 10 20 14 27 20 18 10 16 19 14 23 16 22 27 18 10 16 16 14 28 19 16 22 21 8 17 23 8 19 8 17 10 21 21 19 12 15 18 22 28 23 17 22 22 23 3 3 14 11 3 8 22 8
split_gain=6.07996e+08 3.28299e+08 2.42794e+08 1.55992e+08 1.35679e+08 9.79651e+07 8.5973e+07 7.65455e+07 6.75456e+07 6.42655e+07 5.62999e+07 4.665e+07 4.37572e+07 4.96282e+07 3.72893e+07 4.76606e+07 2.84841e+07 2.72307e+07 2.59661e+07 2.32002e+07 2.12865e+07 2.05827e+07 2.91037e+07 1.95901e+07 1.95766e+07 5.19937e+07 3.29731e+07 1.89836e+07 1.87484e+07 1.76937e+07 1.73591e+07 1.63754e+07 1.62867e+07 1.45814e+07 1.38147e+07 1.31453e+07 1.20684e+07 1.14701e+07 1.12088e+07 7.48297e+06 1.03499e+07 7.45562e+06 6.69665e+06 6.69904e+06 5.94896e+06 5.72486e+06 5.61742e+06 8.90937e+06 5.45202e+06 9.25515e+06 3.82383e+06 3.40215e+06 3.22405e+06 3.14869e+06 3.01005e+06 2.99658e+06 3.94677e+06 3.37624e+06 2.40995e+06 1.60426e+06 1.29654e+06 757379
threshold=46586.150000000009 33738.850000000006 74749.11923076924 1.0000000180025095e-35 1.0297193875575261 58895.625000000007 1.0000000180025095e-35 39280.900000000001 -0.70581670320594803 0.40966402954315184 43403.600000000006 0.24938271598645248 1.0000000180025095e-35 78079.900000000009 104210.00000000001 0.12053668025532312 0.0037543201186628354 71280.650000000009 0.27088607590008235 16901.850000000002 0.086956521739130502 1281.8781713507651 1.0000000180025095e-35 69246.750000000015 -0.98182534576205283 0.0049889909738903846 0.0037543201186628354 0.22250639381557705 1.0000000180025095e-35 74708.200000000026 1.0000000180025095e-35 16535.08119240309 82139.012500000026 0.93301270189221952 0.075411471302971281 85769.303846153853 -1.0000000180025095e-35 78079.900000000009 -0.5 0.079999999985327516 0.91023613416931248 38107.937500000007 43035.075000000004 44352.200000000004 1.0632911389739823 -6014.7750000000005 79169.450000000012 10834.934566728369 1.0000000180025095e-35 39917.442307692319 0.078707565731196874 9405.9352120660751 2263.136266797504 44368.18846153847 42697.500000000007 43949.875000000007 0.24087591234469022 0.80898876386758156 54834.375000000007 -0.68301270189221952 1904.6673255919193 -0.68301270189221952
decision_type=2 2 2 2 2 2 2 2 2 2 2 2 2 2 2 2 2 2 2 2 2 2 2 2 2 2 2 2 2 2 2 2 2 2 2 2 2 2 2 2 2 2 2 2 2 2 2 2 2 2 2 2 2 2 2 2 2 2 2 2 2 2
left_child=7 -2 6 16 5 -5 10 19 23 14 -3 21 17 -14 -6 -16 32 -11 37 45 33 -10 -23 -8 25 58 27 -26 30 -28 -13 -30 35 39 42 36 -4 -18 -36 40 41 -21 48 51 -45 50 -34 -48 53 -50 -1 -44 -52 -9 -46 57 59 61 -12 60 -57 -47
right_child=1 2 3 4 9 -7 8 34 11 12 24 28 13 -15 15 -17 18 -19 -20 20 -22 22 -24 -25 26 -27 29 -29 31 -31 -32 -33 46 -35 38 -37 -38 -39 -40 -41 -42 -43 43 44 54 55 47 -49 49 -51 52 -53 -54 -55 -56 56 -58 -59 -60 -61 -62 -63
leaf_value=-10.704258874454851 178.27060969172297 -74.575536069964414 46.566957359691656 195.94380321605777 89.151070036478146 89.151070036478146 98.489264478022477 -15.452702141839099 64.698513892921255 -34.660755730706278 1.5601204552980923 -1.552342888289429 11.630151202473419 84.631262632040446 3.1342902683567351 89.151070036478146 31.817993461684416 25.681178535327575 -49.83012653313061 -18.61199598939357 -52.174875049256435 14.006335568674563 38.840662866916418 39.9946815037083 24.333129191381023 72.063653663429051 -28.135296565530524 -2.3459265826021221 -31.065789397306958 7.9096509486318425 14.006335568674563 9.6730857613746153 22.66668139623216 -42.765737684958886 42.031661372313614 -19.08105506821434 2.8293848869090765 -11.500108541693567 1.653399678798432 -38.467564041516013 12.815569676801191 -4.4513747079808459 2.8436781764674826 11.566519764049632 -2.7428102580155467 -37.985199771597358 29.643174986968159 69.152281856725708 -3.2068432534707552 -40.562747602389976 -28.554642733365949 26.41462113251557 -12.852168383637734 5.9125503345246013 -24.630053788978632 -30.343419951296401 -48.562028859036033 -45.562224890040603 -19.201221431316714 -28.554642733365949 -39.527763215749658 -28.554642733365949
leaf_weight=15.999999999999998 10.999999999999998 9.9999999999999982 9.9999999999999982 11.000000000000002 18 11.999999999999998 10.000000000000002 11.000000000000002 10.999999999999998 11.000000000000002 10.000000000000005 89 14.999999999999998 19 11.000000000000002 9.9999999999999982 10.000000000000002 17 9.9999999999999982 166 17 79 57 10.999999999999998 27 10.999999999999998 66 210 24 14.999999999999998 55 13.999999999999998 11.999999999999998 19 11.000000000000002 9.9999999999999982 13.000000000000002 11.999999999999998 13.999999999999998 11.999999999999998 11.999999999999998 42 11.000000000000002 10.999999999999998 10.000000000000002 12.000000000000002 11.000000000000002 9.9999999999999982 11.000000000000002 12.999999999999998 23 10.999999999999998 11.999999999999998 13.999999999999998 12.999999999999998 26 11.999999999999998 38 9.9999999999999982 102 21 18
leaf_count=16 11 10 10 11 18 12 10 11 11 11 10 89 15 19 11 10 10 17 10 166 17 79 57 11 27 11 66 210 24 15 55 14 12 19 11 10 13 12 14 12 12 42 11 11 10 12 11 10 11 13 23 11 12 14 13 26 12 38 10 102 21 18
internal_value=0.484815 16.0762 14.1409 41.5121 63.8557 129.511 5.56585 -21.1767 16.1439 48.7912 -4.74864 12.8025 29.7341 52.5535 78.9334 46.4697 13.2044 1.93633 -10.0023 -26.0855 -19.7623 25.3661 22.1396 68.1841 -2.72707 19.9914 -4.94736 0.702428 2.64654 -21.4587 7.59354 -16.0707 24.4542 -17.5471 -0.480063 9.50672 21.9651 8.24468 19.5166 -15.4642 -14.1926 -15.7562 -5.25525 1.83243 -6.50932 -32.1286 39.3278 48.6957 -13.3427 -23.5258 -22.9468 14.6955 -28.4968 -3.51215 -15.1671 -34.1625 -31.8695 -39.5367 -8.86428 -30.4935 -35.2097 -31.7781
internal_weight=1620 942 931 222 124 23 709 678 350 101 359 329 62 34 39 21 98 28 32 548 268 147 136 21 349 31 318 237 182 81 144 38 66 251 130 33 23 22 25 232 220 208 105 56 34 280 33 21 49 24 51 22 35 25 23 229 161 68 20 149 47 30
internal_count=1620 942 931 222 124 23 709 678 350 101 359 329 62 34 39 21 98 28 32 548 268 147 136 21 349 31 318 237 182 81 144 38 66 251 130 33 23 22 25 232 220 208 105 56 34 280 33 21 49 24 51 22 35 25 23 229 161 68 20 149 47 30
is_linear=0
shrinkage=0.03


Tree=119
num_leaves=60
num_cat=0
split_feature=23 19 23 19 9 6 10 19 10 8 20 9 20 20 23 3 14 27 9 24 28 8 23 21 16 20 10 9 24 20 17 9 21 23 21 2 19 24 10 10 15 16 10 11 8 10 8 16 24 19 24 9 17 20 16 14 9 9 8
split_gain=5.72902e+08 3.09019e+08 2.29327e+08 1.98865e+08 1.33508e+08 7.3956e+07 7.37937e+07 7.20907e+07 6.61965e+07 5.3408e+07 5.23286e+07 5.21186e+07 4.95215e+07 4.6548e+07 4.31417e+07 3.56545e+07 4.04725e+07 2.56688e+07 2.3157e+07 2.28034e+07 2.20004e+07 1.85469e+07 2.01932e+07 1.74593e+07 2.69297e+07 1.72689e+07 1.72516e+07 1.68235e+07 1.56718e+07 1.52926e+07 1.30051e+07 1.21547e+07 9.09419e+06 8.23677e+06 6.30428e+06 6.65855e+06 6.30642e+06 6.03731e+06 6.74967e+06 5.5788e+06 5.33865e+06 4.85139e+06 3.76873e+06 3.19208e+06 3.10277e+06 2.77979e+06 2.76549e+06 3.17699e+06 2.47903e+06 2.46222e+06 2.45987e+06 1.16477e+06 1.30763e+06 970747 877384 805152 329475 270850 112041
threshold=46586.150000000009 33738.850000000006 72901.334615384621 53342.700000000004 -0.51639395938746191 1.0000000180025095e-35 0.40966402954315184 39280.900000000001 -0.70581670320594803 0.25000000000000017 43403.600000000006 -0.46472317204376817 65278.250000000007 95253.60000000002 90862.826923076937 38942.875000000007 0.24938271598645248 1.0000000180025095e-35 -0.35460488704253573 38478.575000000004 1.0000000180025095e-35 0.93301270189221952 23002.84615384616 49323.412500000006 -0.075365239294710326 80288.900000000009 0.78574730703237883 -0.29696027566504662 49414.500000000007 49575.900000000009 0.075411471302971281 -0.66312265824079519 48470.125 77587.769230769249 43035.075000000004 44575.875000000007 44352.200000000004 39027.365000000013 0.78574730703237883 -0.98182534576205283 -6096.4249999999984 0.0049751551641986644 -0.46472317204376873 0.80898876386758156 -0.68301270189221952 -0.12053668025532321 1.0000000180025095e-35 0.0050251573518178558 51892.55000000001 43224.150000000009 37316.17500000001 0.8542199457734333 0.0016946962198285279 38225.850000000013 0.0048899755501222728 0.23716381412039356 -0.29696027566504662 0.06026834012766185 -0.68301270189221952
decision_type=2 2 2 2 2 2 2 2 2 2 2 2 2 2 2 2 2 2 2 2 2 2 2 2 2 2 2 2 2 2 2 2 2 2 2 2 2 2 2 2 2 2 2 2 2 2 2 2 2 2 2 2 2 2 2 2 2 2 2
left_child=7 -2 5 -4 6 10 9 19 29 -5 -3 -6 -11 33 26 -10 17 -17 28 43 -18 22 40 32 -25 -16 -13 -23 -12 -7 34 -32 -20 -8 35 -9 53 -24 39 -39 44 49 -38 45 57 58 47 -42 -46 -37 51 52 56 -36 -44 -48 -45 -21 -1
right_child=1 2 3 4 11 8 13 30 15 12 18 14 -14 -15 25 16 20 -19 23 21 -22 27 37 24 -26 -27 -28 -29 -30 -31 31 -33 -34 -35 36 41 42 38 -40 -41 46 -43 54 50 48 -47 55 -49 -50 -51 -52 -53 -54 -55 -56 -57 -58 -59 -60
leaf_value=-35.82986472962412 172.97067394359692 -72.360423100537588 168.6318423310837 53.458073209193358 -47.753311709842173 41.159293278874564 38.23265440595911 -34.664592980110996 -37.209875601266177 76.432143026815851 -51.705545123891618 17.998483418142719 167.53628879856421 82.004097835717616 74.133132126266887 15.040147907291272 9.2170346632575573 42.268326913317416 -8.2115576632616865 -14.288073809028846 -17.442347879002238 -72.312240010411259 6.5218362167033748 47.463856534090908 1.3802422365675158 31.948936256001552 -9.7896980614947449 -25.776483559127435 -3.891138907767631 92.977163593556625 -2.852728086818348 38.917824280134596 -38.307621487721356 9.5015516924003194 19.991979478568076 -21.044672665512348 9.0953234504473102 -2.0529137327444502 7.490385805240348 -18.53944307258271 -28.918750135842732 9.5184233134501692 -7.810884821465673 -48.619538278107591 -17.640555216352517 -21.180181089791141 -23.672948157260734 -41.542586249513747 -1.1269675600206528 -2.8207524232606636 -35.82986472962412 -35.82986472962412 -56.726616210937507 7.2484100220935188 -19.513406763171204 -30.876920841040203 -39.53832755880152 -23.672948157260734 -31.722261287608049
leaf_weight=16.000000000000004 10.999999999999998 9.9999999999999982 9.9999999999999982 19 10.999999999999998 11.000000000000002 13.999999999999998 9.9999999999999982 12.999999999999998 11.000000000000002 14.000000000000002 47 10.999999999999998 14.999999999999998 10.999999999999998 78 135 52 87 10.000000000000002 35 12.000000000000002 13.999999999999998 11.999999999999998 201 43 35 17 10.999999999999998 9.9999999999999982 12.000000000000002 12.999999999999998 9.9999999999999982 25 12.000000000000002 17.000000000000004 9.9999999999999982 22 11.999999999999998 116 81 10.999999999999998 14.000000000000002 9.9999999999999982 32 18 51 24 10.999999999999998 10.999999999999998 26 9.9999999999999982 11.999999999999998 9.9999999999999982 9.9999999999999982 14.999999999999998 14.000000000000002 10.999999999999998 13.999999999999998
leaf_count=16 11 10 10 19 11 11 14 10 13 11 14 47 11 15 11 78 135 52 87 10 35 12 14 12 201 43 35 17 11 10 12 13 10 25 12 17 10 22 12 116 81 11 14 10 32 18 51 24 11 11 26 10 12 10 10 15 14 11 14
internal_value=0.476133 15.6109 13.7332 38.1676 32.7091 4.66052 60.4095 -20.551 14.7211 90.7325 -5.08067 14.7786 122.536 37.2613 19.8677 11.25 13.3616 25.9556 -3.05132 -25.3148 3.72129 -22.0643 -20.3708 -0.807002 3.99757 40.6632 6.14016 -45.2151 -30.7666 66.1583 -0.465572 18.9364 -11.3505 19.8868 -5.09873 -12.9457 1.77818 -12.2803 -14.0384 -15.9146 -26.0092 -7.3023 -6.31543 -36.8801 -18.5619 -30.7237 -28.784 -31.841 -13.4286 -13.9209 -40.936 -45.4002 -48.0594 14.2586 -12.7478 -23.8798 -43.5083 -23.6729 -35.8299
internal_weight=1620 942 931 252 242 679 95 678 334 41 345 147 22 54 136 313 300 130 335 548 170 428 399 310 213 54 82 29 25 21 130 25 97 39 105 49 56 164 150 138 235 39 34 120 64 48 171 105 43 28 72 46 36 22 24 66 24 21 30
internal_count=1620 942 931 252 242 679 95 678 334 41 345 147 22 54 136 313 300 130 335 548 170 428 399 310 213 54 82 29 25 21 130 25 97 39 105 49 56 164 150 138 235 39 34 120 64 48 171 105 43 28 72 46 36 22 24 66 24 21 30
is_linear=0
shrinkage=0.03


Tree=120
num_leaves=63
num_cat=0
split_feature=23 19 23 6 27 19 2 21 6 19 10 10 20 14 9 20 19 24 9 18 18 24 23 8 23 18 9 8 9 22 10 23 10 4 21 5 8 20 24 24 10 10 21 22 15 2 24 20 10 8 22 19 22 13 8 19 24 10 9 10 18 23
split_gain=5.3934e+08 2.90924e+08 2.16373e+08 1.39701e+08 1.13819e+08 1.91651e+08 9.094e+07 8.55486e+07 7.59652e+07 6.78775e+07 6.1525e+07 5.99351e+07 4.99084e+07 4.09625e+07 2.5069e+07 2.63795e+07 2.45123e+07 2.14425e+07 2.03944e+07 2.23124e+07 1.84272e+07 1.76113e+07 1.89823e+07 1.74518e+07 1.90449e+07 1.73825e+07 1.58387e+07 1.53947e+07 1.64402e+07 2.31069e+07 1.53203e+07 1.51342e+07 1.49924e+07 1.46487e+07 1.24605e+07 1.08873e+07 1.16242e+07 1.08825e+07 9.5635e+06 5.68145e+06 6.35206e+06 5.24922e+06 4.91835e+06 6.68389e+06 4.90759e+06 4.73482e+06 3.51462e+06 3.47476e+06 3.41551e+06 2.99729e+06 5.57059e+06 2.91571e+06 2.78181e+06 2.73634e+06 2.63271e+06 2.55264e+06 2.46048e+06 1.84165e+06 1.30105e+06 1.69215e+06 1.20874e+06 837301
threshold=46586.150000000009 33738.850000000006 74749.11923076924 1.0000000180025095e-35 1.0000000180025095e-35 71644.050000000017 61250.000000000007 105242.65000000002 1.0000000180025095e-35 39280.900000000001 0.40966402954315184 -0.70581670320594803 43403.600000000006 0.24938271598645248 -0.88545602565320969 42370.100000000006 71280.650000000009 38478.575000000004 -0.35460488704253573 48886.600000000006 69246.750000000015 44643.915000000008 61477.526923076934 0.93301270189221952 23002.84615384616 53973.05000000001 -0.29696027566504662 0.93301270189221952 0.06026834012766185 2777.0393656196543 0.12053668025532312 95195.73461538463 -0.98182534576205283 45390.000000000007 91752.362500000003 1.0000000180025095e-35 -0.5 80863.300000000017 59483.125000000007 39027.365000000013 0.78574730703237883 -0.98182534576205283 41545.075000000004 1244.5142190205249 -6096.4249999999984 48580.750000000007 47830.500000000007 71430.900000000009 -0.61559370248597534 -0.68301270189221952 1070.0033673958881 41380.850000000006 9473.5867969385836 0.85912698392519038 1.0000000180025095e-35 81692.800000000017 37316.17500000001 -0.12053668025532321 0.8542199457734333 -0.61559370248597534 17038.250000000004 12322.592307692308
decision_type=2 2 2 2 2 2 2 2 2 2 2 2 2 2 2 2 2 2 2 2 2 2 2 2 2 2 2 2 2 2 2 2 2 2 2 2 2 2 2 2 2 2 2 2 2 2 2 2 2 2 2 2 2 2 2 2 2 2 2 2 2 2
left_child=9 -2 8 27 10 -6 47 -8 12 17 -5 20 -3 14 15 -13 -12 53 25 37 -10 22 -15 24 44 -14 -25 28 -4 -30 -23 -31 -21 -16 55 42 -37 -20 -18 -26 41 -41 46 -44 49 51 48 -7 -11 -19 -51 -45 -53 57 60 -29 58 -1 59 -55 -46 -59
right_child=1 2 3 4 5 6 7 -9 11 35 16 13 18 21 33 -17 38 23 19 32 -22 30 -24 26 39 -27 -28 34 29 31 -32 -33 -34 -35 -36 36 -38 -39 -40 40 -42 -43 43 45 54 -47 -48 -49 -50 50 -52 52 -54 56 -56 -57 -58 61 -60 -61 -62 -63
leaf_value=-35.125447747450998 167.8283017606993 -70.211103325267828 56.328527155205762 78.688171080378169 204.71323760684172 23.022075270851051 164.62507344160932 65.661920162725309 93.571718743956893 -10.919950525144866 -34.485624670080242 13.152276172752767 4.6283030851760696 -29.369756299965495 27.435621949726503 72.622784702234085 2.7236690864854181 -23.004367996066083 -7.223729030131123 31.427629082964351 36.88175368025496 -3.1695687814593834 13.152276172752767 -70.160800387800222 6.3275681970474569 -44.610872108080102 -25.007711618657694 -3.0149190347501538 -13.065598193426815 9.4268080522737439 13.152276172752767 48.903611364531933 3.3835865153715079 13.152276172752767 -29.865680628596124 39.963733957651485 0.49031583702355092 -38.264510300095012 41.660355735250043 -1.9916048849114463 7.2675305604540616 -17.983738959950685 22.260189958326887 13.569415846895579 -29.228410560258268 -18.001275862344301 0.93090128681447237 -1.907232789898863 -33.604525805180607 6.5379332157172785 -18.957808301873797 -12.295434117287577 6.3280630236909587 -40.241447412715935 -23.121651422843993 16.774615459036319 -35.125447747450998 -16.907325747650443 -35.125447747450998 -54.988358806349467 -37.759503228486473 -29.031931030021223
leaf_weight=30 10.999999999999998 9.9999999999999982 9.9999999999999982 12.999999999999998 9.9999999999999982 10.000000000000002 9.9999999999999982 37 10.000000000000002 14.999999999999998 10.999999999999998 11.000000000000002 10.000000000000002 27 77 17 13.000000000000002 21 122 19 10.999999999999998 69 12.999999999999998 12.000000000000002 13.999999999999998 18 17 10.000000000000002 18 18 73 17 169 42 10.999999999999998 11.000000000000002 17 10.999999999999998 9.9999999999999982 22 11.999999999999998 116 9.9999999999999982 11.999999999999998 85 15.999999999999998 9.9999999999999982 9.9999999999999982 10.000000000000002 9.9999999999999982 33 16.000000000000004 12.999999999999998 15.999999999999998 66 13.999999999999998 26 10.000000000000002 9.9999999999999982 15.999999999999998 20 11.999999999999998
leaf_count=30 11 10 10 13 10 10 10 37 10 15 11 11 10 27 77 17 13 21 122 19 11 69 13 12 14 18 17 10 18 18 73 17 169 42 11 11 17 11 10 22 12 116 10 12 85 16 10 10 10 10 33 16 13 16 66 14 26 10 10 16 20 12
internal_value=0.460548 15.1453 13.3234 39.1625 60.3072 82.745 64.2628 87.0228 5.22841 -19.9413 23.4496 15.1718 -4.46718 12.0242 23.7971 49.3011 2.16009 -24.5639 -2.56382 -0.418306 64.1926 2.50745 -15.0519 -21.4119 -19.7691 -27.0715 -43.8687 12.3738 21.2252 14.5083 7.46089 28.686 6.23304 17.7598 -3.57372 -0.451695 16.0849 -9.81785 19.7599 -11.9121 -13.6175 -15.4376 -5.00248 -0.236297 -25.2448 -4.21517 -14.0996 10.6098 -20.0916 -18.1031 -13.0271 1.1954 -3.95381 -35.7788 -27.9056 8.55056 -39.8098 -30.4411 -44.6664 -47.7633 -30.8878 -23.6223
internal_weight=1620 942 931 222 124 77 67 47 709 678 47 350 359 329 147 28 34 548 349 321 21 182 40 428 399 28 29 98 63 53 142 35 188 119 35 130 28 133 23 164 150 138 102 67 235 57 35 20 25 64 43 41 29 120 171 24 68 52 42 32 105 22
internal_count=1620 942 931 222 124 77 67 47 709 678 47 350 359 329 147 28 34 548 349 321 21 182 40 428 399 28 29 98 63 53 142 35 188 119 35 130 28 133 23 164 150 138 102 67 235 57 35 20 25 64 43 41 29 120 171 24 68 52 42 32 105 22
is_linear=0
shrinkage=0.03


Tree=121
num_leaves=63
num_cat=0
split_feature=23 19 23 19 7 7 6 19 22 10 23 19 20 6 7 9 3 22 10 7 16 9 24 9 16 16 23 20 23 22 22 17 9 23 24 20 16 16 2 24 6 7 15 16 20 20 14 6 22 20 14 16 21 21 22 19 7 23 19 7 6 22
split_gain=5.07442e+08 2.73913e+08 2.04081e+08 1.80032e+08 1.48205e+08 8.1736e+07 6.52684e+07 6.38891e+07 6.288e+07 5.87889e+07 5.56457e+07 4.76232e+07 4.6372e+07 4.25108e+07 3.78151e+07 6.18423e+07 3.51797e+07 3.45652e+07 3.03715e+07 2.89441e+07 3.63618e+07 2.91078e+07 2.01023e+07 1.83584e+07 1.80159e+07 1.71957e+07 1.70122e+07 1.43807e+07 1.38461e+07 1.29921e+07 2.02459e+07 1.15406e+07 1.12018e+07 9.18682e+06 1.2259e+07 7.53879e+06 7.41465e+06 1.09071e+07 6.38929e+06 5.87076e+06 6.55493e+06 1.19218e+07 5.79722e+06 5.34792e+06 4.30972e+06 3.861e+06 3.68951e+06 2.79769e+06 3.22405e+06 9.00853e+06 2.47335e+06 3.03511e+06 2.43743e+06 2.4947e+06 3.99185e+06 1.98118e+06 1.70874e+06 1.61761e+06 1.48943e+06 1.46777e+06 1.10746e+06 947137
threshold=46586.150000000009 33738.850000000006 72901.334615384621 53342.700000000004 -0.6830127018922193 -0.93301270189221919 1.0000000180025095e-35 39280.900000000001 8504.0393989387976 -0.70581670320594803 98090.592307692321 102926.25000000001 43403.600000000006 1.0000000180025095e-35 -0.93301270189221919 -0.98182534576205283 39042.375000000007 9147.6405535993399 0.8542199457734333 -0.24999999999999997 0.0049889909738903846 -0.29696027566504662 38478.575000000004 0.29696027566504674 0.0037543201186628354 0.0050505372572776661 61795.576923076937 49575.900000000009 23002.84615384616 1462.8493601956525 10209.416317931889 0.075411471302971281 -0.66312265824079519 42840.411538461543 39027.365000000013 58363.05000000001 0.0050251573518178558 0.0049751551641986644 47498.750000000007 40006.30000000001 1.0000000180025095e-35 -0.93301270189221919 -6096.4249999999984 0.0049140049140049555 50188.150000000009 40412.400000000009 0.24087591235849745 1.0000000180025095e-35 4004.4930102399358 12511.800000000001 0.21410579339192487 0.0050251573518178558 30881.712500000005 9780.8625000000011 1326.1229085226969 42833.700000000004 -0.24999999999999997 11127.076923076924 18132.050000000003 1.0000000180025095e-35 1.0000000180025095e-35 1776.4495160311678
decision_type=2 2 2 2 2 2 2 2 2 2 2 2 2 2 2 2 2 2 2 2 2 2 2 2 2 2 2 2 2 2 2 2 2 2 2 2 2 2 2 2 2 2 2 2 2 2 2 2 2 2 2 2 2 2 2 2 2 2 2 2 2 2
left_child=7 -2 6 -4 5 -5 12 22 -7 27 18 -10 -3 17 29 -16 -17 -12 25 20 35 -21 52 -15 -20 -6 -23 -8 42 -11 -31 39 -33 34 -30 -14 37 -36 -35 45 44 -42 47 -43 55 -9 -38 59 49 -49 -44 58 53 56 -55 -41 -1 -56 -52 -24 -59 -58
right_child=1 2 3 4 10 8 9 31 11 14 13 -13 19 23 15 16 -18 -19 24 21 -22 26 28 -25 -26 -27 -28 -29 33 30 -32 32 -34 38 36 -37 46 -39 -40 40 41 43 50 -45 -46 -47 -48 48 -50 -51 51 -53 -54 54 57 -57 61 60 -60 -61 -62 -63
leaf_value=-29.876282383942407 162.8388133445946 -68.125622387876604 160.1013498166528 2.9454462087476578 26.188861661249835 152.74628688339359 38.073073738716737 -4.9955159538210792 42.462162718448333 -40.003358063568939 -22.916410815550542 123.47574636931466 25.291878489881459 104.9040157173775 67.572532303894988 -36.365821633957722 14.248626041810979 46.408670011910282 0.08297390412025786 -45.477510058480021 66.857821568669507 -10.363524664082219 -11.185318215859898 47.987603913864284 -42.542044637380556 -2.780208801634283 4.7033065740681428 88.278037846631349 18.596236498033676 33.858136839158469 -13.667626649946941 -3.0760455570536203 37.021428694397443 -48.635631722115171 -13.85530256558911 -5.9969447205832624 -18.963282063316747 18.715073692397315 -15.351336808912823 -25.28571978104015 -11.168422174286421 9.0812957626808668 -22.835932781049845 38.276277284527765 5.3091178241445993 -27.708454745678193 -43.411484296439895 -22.835932781049845 -21.809868833386059 16.285316628937675 -26.59481505498966 -39.404563229268767 -48.416964903135565 -19.105214136736421 -40.84872574059672 -8.6143049491719985 -49.384871478554416 -36.610039566922772 -36.240903845000688 -22.835932781049845 -24.083564783890054 -36.225358342841119
leaf_weight=11.999999999999998 10.999999999999998 9.9999999999999982 9.9999999999999982 10.999999999999998 70 11.999999999999998 11.000000000000002 13.000000000000002 19.000000000000004 10.999999999999998 10.000000000000002 9.9999999999999982 9.9999999999999982 11.000000000000002 19 12.999999999999998 220 18 34 15.999999999999998 10.999999999999998 159 11.000000000000002 9.9999999999999982 11.999999999999998 25 117 9.9999999999999982 10.999999999999998 9.9999999999999982 40 12.000000000000002 12.999999999999998 11.000000000000002 112 22 13.000000000000002 9.9999999999999982 9.9999999999999982 12.000000000000002 17 13.000000000000002 56 9.9999999999999982 11.999999999999998 13.999999999999998 9.9999999999999982 11.000000000000002 17 9.9999999999999982 85 27 10.999999999999998 22 22 13.999999999999998 15.000000000000002 12.000000000000002 17 17 15.999999999999998 9.9999999999999982
leaf_count=12 11 10 10 11 70 12 11 13 19 11 10 10 10 11 19 13 220 18 34 16 11 159 11 10 12 25 117 10 11 10 40 12 13 11 112 22 13 10 10 12 17 13 56 10 12 14 10 11 17 10 85 27 11 22 22 14 15 12 17 17 16 10
internal_value=0.443052 14.6869 12.9192 35.9694 30.7759 75.6059 4.36039 -19.3463 95.0455 13.8116 18.4733 70.7263 -4.79078 45.9807 10.5405 15.6698 11.4102 21.6562 8.88819 -2.88042 20.0705 -6.26589 -23.831 78.157 -11.1047 18.5705 -3.9771 62.2854 -20.7791 -10.6406 -4.11381 -0.437941 17.8389 -14.3395 -11.8169 3.82905 -14.1353 -11.1724 -32.934 -4.80244 -0.622282 7.84477 -25.3126 21.8856 -9.53225 -16.8315 -29.735 -17.6292 -12.1358 -4.23806 -28.0426 -30.3537 -34.6898 -33.2614 -29.899 -16.3763 -39.7061 -34.6006 -27.9216 -22.8359 -29.5633 -44.2865
internal_weight=1620 942 931 252 242 52 679 678 41 334 190 29 345 49 313 252 233 28 141 335 43 292 548 21 46 95 276 21 428 61 50 130 25 177 156 32 145 122 21 105 78 40 251 23 38 27 23 66 38 21 185 129 120 109 72 26 37 50 102 28 28 25
internal_count=1620 942 931 252 242 52 679 678 41 334 190 29 345 49 313 252 233 28 141 335 43 292 548 21 46 95 276 21 428 61 50 130 25 177 156 32 145 122 21 105 78 40 251 23 38 27 23 66 38 21 185 129 120 109 72 26 37 50 102 28 28 25
is_linear=0
shrinkage=0.03


Tree=122
num_leaves=60
num_cat=0
split_feature=23 19 23 12 9 19 8 27 18 5 20 8 18 7 20 24 1 3 21 7 9 8 23 1 9 9 21 24 14 20 24 21 18 18 24 10 10 18 20 8 7 14 19 9 21 11 10 18 24 7 14 20 23 9 10 20 18 24 8
split_gain=4.77798e+08 2.57872e+08 1.92477e+08 1.29499e+08 8.56618e+07 6.01738e+07 5.91624e+07 5.16535e+07 4.31902e+07 4.08886e+07 3.27507e+07 3.12348e+07 3.59208e+07 3.01173e+07 4.66477e+07 1.88994e+07 1.86299e+07 3.4634e+07 1.86115e+07 1.7328e+07 5.15272e+07 1.6301e+07 1.70936e+07 1.6263e+07 1.58766e+07 1.48132e+07 1.23825e+07 9.98557e+06 1.44102e+07 9.56463e+06 7.85568e+06 6.66625e+06 6.6429e+06 5.40565e+06 5.02393e+06 5.96865e+06 4.73064e+06 4.27421e+06 4.3538e+06 3.92639e+06 5.00383e+06 4.21791e+06 3.37588e+06 3.29784e+06 3.15349e+06 2.70592e+06 2.40088e+06 2.19284e+06 2.16959e+06 2.16389e+06 2.1157e+06 1.68702e+06 1.30517e+06 1.00707e+06 1.01811e+06 1.14085e+06 859835 820365 111585
threshold=46586.150000000009 33738.850000000006 74749.11923076924 1.0267857140995378 -0.91023613416931226 39280.900000000001 0.93301270189221952 1.0000000180025095e-35 53973.05000000001 1.0000000180025095e-35 34547.500000000007 0.93301270189221952 121773.20000000001 -0.6830127018922193 49130.400000000001 38478.575000000004 41970.000000000007 48960.000000000007 74284.22500000002 -0.93301270189221919 -0.98182534576205283 0.93301270189221952 23002.84615384616 37045.000000000007 -0.91023613416931226 -0.29696027566504662 91752.362500000003 41009.805000000008 0.22646310426930277 47348.400000000009 61750.67500000001 42282.762500000004 54543.700000000004 80288.900000000009 39027.365000000013 0.78574730703237883 -0.98182534576205283 52594.650000000009 42136.80000000001 -0.68301270189221952 1.0000000180025095e-35 0.15919902640022157 108144.60000000002 -1.0000000180025095e-35 105242.65000000002 0.80898876386758156 -0.12053668025532321 45231.650000000001 37316.17500000001 -0.93301270189221919 0.27455919389576328 13692.150000000001 68848.092307692321 0.8542199457734333 -0.70581670320594803 11675.300000000001 14856.300000000001 44801.625000000007 -0.68301270189221952
decision_type=2 2 2 2 2 2 2 2 2 2 2 2 2 2 2 2 2 2 2 2 2 2 2 2 2 2 2 2 2 2 2 2 2 2 2 2 2 2 2 2 2 2 2 2 2 2 2 2 2 2 2 2 2 2 2 2 2 2 2
left_child=5 -2 6 -4 44 15 9 18 29 10 -3 12 -9 14 24 45 17 -15 30 33 -21 22 39 -16 -11 -23 -20 31 -29 -8 -6 -7 -33 -12 -24 36 -36 38 47 40 51 57 -13 52 -5 46 58 -30 53 -43 -40 -17 -31 54 -47 -56 -42 -41 -1
right_child=1 2 3 4 7 27 8 11 -10 13 19 42 -14 16 23 21 -18 -19 26 20 -22 25 34 -25 -26 -27 -28 28 37 43 -32 32 -34 -35 35 -37 -38 -39 50 41 56 49 -44 -45 -46 48 -48 -49 -50 -51 -52 -53 -54 -55 55 -57 -58 -59 -60
leaf_value=-32.689910847065399 157.99766014305322 52.935222041863064 116.25152634470084 73.261286333517816 -38.239409766078971 -26.877796411346967 -30.19284578234944 33.647229493555393 -71.04798327962861 36.515805449833138 -7.8940191973002491 12.133727136560383 73.261286333517816 14.970006497851418 102.25103136119273 -27.774801157358521 40.744853515625003 -45.074985912426101 24.61852507503859 68.754583179370783 3.327695029283408 -67.294652452705307 6.0142966217690326 49.735977187984254 -8.6559220373721519 -23.635250450268124 -13.462419206773911 28.379928981920809 -20.128223870890022 -13.61908575348507 -2.2800340824316043 10.048987568103712 -21.383189988089079 -30.625468543501924 -1.7414757099410525 7.5015239898429433 -16.922368492303892 13.658443270180433 10.497292628841501 -2.7704539305620846 -32.446555108658181 -31.76584603288055 -11.836048554146645 11.015923800507846 48.101771759939666 -37.390118299067417 -19.12585016071467 -4.15611565820919 -32.689910847065399 -21.347122348026577 -6.6496669912810376 -12.398372265833503 0.35062475978738011 -32.689910847065399 -41.030809656091627 -56.480985119508048 -42.289310968572451 -14.038203930144613 -28.774125132459275
leaf_weight=16.000000000000004 10.999999999999998 11.999999999999998 17 14.000000000000002 12.000000000000002 17 14.999999999999998 89 12.999999999999998 15.000000000000002 43 11.000000000000002 12.999999999999998 39 10.000000000000002 11.000000000000002 13.999999999999998 10.999999999999998 25 10.999999999999998 452 12.000000000000002 13.999999999999998 11.999999999999998 12.999999999999998 17 10.999999999999998 19 15.000000000000002 14.999999999999995 9.9999999999999982 15.000000000000002 9.9999999999999982 11.999999999999998 22 11.999999999999998 116 9.9999999999999982 18.000000000000004 10.000000000000002 39 22 9.9999999999999982 12.000000000000005 9.9999999999999982 14.999999999999998 18 15.999999999999998 26 111 9.9999999999999982 15.999999999999998 9.9999999999999982 9.9999999999999982 11.000000000000002 9.9999999999999982 11.999999999999998 13.999999999999998 13.999999999999998
leaf_count=16 11 12 17 14 12 17 15 89 13 15 43 11 13 39 10 11 14 11 25 11 452 12 14 12 13 17 11 19 15 15 10 15 10 12 22 12 116 10 18 10 39 22 10 12 10 15 18 16 26 111 10 16 10 10 11 10 12 14 14
internal_value=0.427686 14.2492 12.534 36.9045 30.271 -18.775 4.89907 23.0442 -22.3572 7.65314 4.14515 34.0417 40.8952 23.9443 41.3681 -23.1273 10.2886 1.69645 -0.296662 3.00487 4.89663 -20.1681 -18.5806 73.9613 15.5869 -41.8705 12.9775 -0.4246 5.31893 -10.0715 -21.9787 -12.4428 -2.55886 -12.9002 -11.1371 -12.7409 -14.5053 -1.06304 -4.1965 -23.7682 -29.2994 -21.0033 0.717407 -1.85467 73.2613 -33.6563 -27.9905 -11.9245 -37.3893 -23.0931 4.3714 -18.7423 -8.05195 -41.5904 -44.0581 -48.621 -34.8408 -9.37441 -32.6899
internal_weight=1620 942 931 222 205 678 709 181 65 644 530 123 102 114 50 548 64 50 58 518 463 428 399 22 28 29 36 130 88 52 22 42 25 55 164 150 138 69 59 235 78 157 21 37 24 120 48 31 72 133 28 27 25 46 36 21 51 24 30
internal_count=1620 942 931 222 205 678 709 181 65 644 530 123 102 114 50 548 64 50 58 518 463 428 399 22 28 29 36 130 88 52 22 42 25 55 164 150 138 69 59 235 78 157 21 37 24 120 48 31 72 133 28 27 25 46 36 21 51 24 30
is_linear=0
shrinkage=0.03


Tree=123
num_leaves=58
num_cat=0
split_feature=23 19 23 19 7 7 22 19 8 23 16 19 18 7 7 9 16 16 10 17 18 22 22 18 23 16 16 4 9 16 8 17 9 22 7 7 11 20 10 21 7 10 18 16 10 21 21 23 7 22 21 7 9 10 15 1 9
split_gain=4.50289e+08 2.42692e+08 1.82493e+08 1.69655e+08 1.34495e+08 7.59438e+07 5.87039e+07 5.66721e+07 5.33847e+07 5.07659e+07 4.52373e+07 4.43256e+07 3.50939e+07 3.20969e+07 3.04705e+07 6.843e+07 2.81377e+07 8.0032e+07 2.72734e+07 2.61893e+07 2.17524e+07 2.09192e+07 4.33497e+07 1.82302e+07 1.73953e+07 1.75353e+07 1.653e+07 1.57551e+07 1.54843e+07 1.54767e+07 1.15254e+07 1.02037e+07 1.04079e+07 9.99183e+06 9.49884e+06 9.7721e+06 1.20411e+07 7.85498e+06 5.64316e+06 5.19652e+06 7.25607e+06 4.75958e+06 4.46894e+06 4.51345e+06 4.80815e+06 4.38986e+06 7.92946e+06 3.53205e+06 6.53294e+06 2.55974e+06 3.17468e+06 1.86074e+06 1.58407e+06 1.45829e+06 1.17495e+06 865017 823590
threshold=46586.150000000009 33738.850000000006 72901.334615384621 53342.700000000004 -0.6830127018922193 -0.93301270189221919 8504.0393989387976 39280.900000000001 0.93301270189221952 98090.592307692321 -0.075399971249820216 102926.25000000001 53973.05000000001 -0.6830127018922193 0.93301270189221952 0.91023613416931248 0.0050251573518178558 0.0049140049140049555 0.8542199457734333 0.079999999983445896 54769.950000000004 11571.145836071695 24737.018531749356 73051.500000000015 16901.850000000002 0.086956521739130502 0.0037543201186628354 54634.375000000007 0.70581670320594825 0.0050505372572776661 0.93301270189221952 0.075411471302971281 -0.66312265824079519 5270.6484128719994 -0.93301270189221919 -0.6830127018922193 0.80274509788022386 47348.400000000009 0.91023613416931248 43035.075000000004 -0.93301270189221919 -0.61559370248597534 8546.9000000000015 -1.0000000180025095e-35 -1.722546424198833e-16 54377.125000000007 47172.125000000007 41269.757692307692 -0.6830127018922193 1326.1229085226969 13214.275000000001 1.0000000180025095e-35 -0.70581670320594825 0.5163939593874618 -5820.6249999999991 30529.000000000004 0.12053668025532312
decision_type=2 2 2 2 2 2 2 2 2 2 2 2 2 2 2 2 2 2 2 2 2 2 2 2 2 2 2 2 2 2 2 2 2 2 2 2 2 2 2 2 2 2 2 2 2 2 2 2 2 2 2 2 2 2 2 2 2
left_child=7 -2 8 -4 5 -5 -7 24 10 18 13 -8 37 19 16 -16 17 -12 29 -3 -18 27 -23 -17 42 30 -20 -11 33 -6 34 39 -33 -15 -26 36 -36 -10 -37 41 -41 51 56 44 -44 46 -39 -42 -49 53 55 -9 -52 54 -45 -51 -1
right_child=1 2 3 4 9 6 11 31 12 21 14 -13 -14 28 15 23 20 -19 26 -21 -22 22 -24 -25 25 -27 -28 -29 -30 -31 -32 32 -34 -35 35 38 -38 45 -40 40 47 -43 43 49 -46 -47 -48 48 -50 50 52 -53 -54 -55 -56 -57 -58
leaf_value=-34.09474416412921 153.30042839428245 75.963777425665597 154.47944035596186 1.6178871725700996 24.46779387812812 146.12483199190501 39.63731498678316 3.4038741069144391 -29.293058748561023 47.772110713543263 1.0934113149025706 117.77827107193447 -68.574245865246482 -23.860944898450686 84.452298476823429 -5.78951247152881 -38.204294511613796 52.200701585940742 -0.16320793207789447 23.922811216912873 -5.338101430717491 103.33134202184753 27.830489692451049 35.139791274375106 -41.576189538936802 -46.376337329797572 -40.993408041709714 -4.0875036868533581 37.861059258147968 -3.0139310871747385 -37.369725333807978 -3.3751758906072813 35.272285871432935 11.929944965702076 22.438673928368171 -16.584202251469627 -10.046478321752815 -15.064984720839126 3.9314564065714825 -13.907410044801827 -5.1335710226522906 -24.412907875462579 -27.390298977846598 -14.281688042950156 -5.4549808192384832 -18.543729664570574 20.945508281613183 34.096459948851312 3.6084304782800505 -40.09139316009859 -32.703384020575157 -11.141867594007627 -23.45673903470659 -33.401032392013171 -23.998103403395287 -32.174898267543583 -45.470162121481152
leaf_weight=16.000000000000004 10.999999999999998 17 9.9999999999999982 10.999999999999998 70 11.999999999999998 19.000000000000004 13.999999999999998 14.999999999999998 10.000000000000002 329 9.9999999999999982 11.999999999999998 11.000000000000002 12.999999999999998 32 22 30 34 18 101 12.000000000000002 15.999999999999998 13.999999999999998 9.9999999999999982 17 11.999999999999998 10.999999999999998 12.999999999999998 25 19 12.000000000000002 12.999999999999998 19 14.999999999999998 162 32 10.000000000000002 12.999999999999998 18 10.999999999999998 17 18 14.999999999999998 18 10.999999999999998 11.999999999999998 10.000000000000002 17 27 26 18 53 11.999999999999998 52 31 11.999999999999998
leaf_count=16 11 17 10 11 70 12 19 14 15 10 329 10 12 11 13 32 22 30 34 18 101 12 16 14 10 17 12 11 13 25 19 12 13 19 15 162 32 10 13 18 11 17 18 15 18 11 12 10 17 27 26 18 53 12 52 31 12
internal_value=0.429439 13.8472 12.1832 33.9802 28.9392 71.6451 90.3832 -18.2122 4.0898 17.2197 6.70977 66.8947 -22.9057 28.0535 3.62787 23.9586 1.13479 5.37757 8.06483 49.3443 -11.2429 43.4931 60.4407 6.71637 -22.436 -16.9608 -10.8804 20.7168 10.6493 17.2402 -14.9508 -0.403804 16.7818 -1.22895 -13.0995 -11.7986 0.346688 -11.3696 -15.0588 -4.50773 1.73563 -11.6321 -27.6686 -26.3818 -16.4682 -3.15864 4.58286 9.16262 14.9846 -28.0257 -30.5342 -4.78723 -26.5375 -23.6424 -21.8474 -35.9229 -39.1145
internal_weight=1620 942 931 252 242 52 41 678 679 190 619 29 60 78 541 59 482 359 141 35 123 49 28 46 548 268 46 21 43 95 251 130 25 30 232 222 47 48 175 105 56 49 280 252 36 33 22 38 27 216 137 32 79 79 67 58 28
internal_count=1620 942 931 252 242 52 41 678 679 190 619 29 60 78 541 59 482 359 141 35 123 49 28 46 548 268 46 21 43 95 251 130 25 30 232 222 47 48 175 105 56 49 280 252 36 33 22 38 27 216 137 32 79 79 67 58 28
is_linear=0
shrinkage=0.03


Tree=124
num_leaves=63
num_cat=0
split_feature=23 6 14 1 3 11 27 23 7 16 27 16 21 1 24 2 14 16 12 18 16 16 21 18 22 7 7 20 23 3 23 7 7 23 7 22 18 22 2 15 2 22 23 7 16 22 22 21 14 16 22 18 16 22 16 20 18 23 16 21 22 6
split_gain=4.23806e+08 2.09984e+08 3.14438e+08 1.54681e+08 1.4173e+08 5.96091e+07 5.33471e+07 5.20566e+07 4.69457e+07 5.18803e+07 4.6748e+07 4.28909e+07 4.03817e+07 3.97602e+07 5.80471e+07 4.03602e+07 4.00031e+07 3.53021e+07 3.09402e+07 3.03054e+07 2.51391e+07 3.64432e+07 2.43574e+07 2.23576e+07 2.00957e+07 1.97942e+07 1.6271e+07 1.47647e+07 1.43709e+07 1.33718e+07 2.22716e+07 1.31235e+07 1.2437e+07 1.63278e+07 1.48741e+07 1.23221e+07 1.2301e+07 1.21369e+07 1.18956e+07 1.0681e+07 9.21372e+06 9.00981e+06 8.85495e+06 8.22147e+06 8.18028e+06 1.17321e+07 7.30297e+06 7.16656e+06 7.16252e+06 6.34494e+06 6.16659e+06 7.86535e+06 6.07e+06 5.98393e+06 5.81953e+06 5.56268e+06 5.45602e+06 5.32378e+06 4.88391e+06 4.395e+06 4.01423e+06 4.59602e+06
threshold=46586.150000000009 1.0000000180025095e-35 0.18006257412947754 42920.000000000007 56820.000000000007 1.0576610167746221 1.0000000180025095e-35 33809.134615384617 -0.24999999999999997 0.0037543201186628354 1.0000000180025095e-35 0.0050251573518178558 66071.125000000015 38830.000000000007 44726.950000000004 61250.000000000007 0.23425692691070413 0.0049889909738903846 1.1565945280765215 66358.60000000002 0.088483499821170555 0.0051282388444369173 81324.800000000017 80288.900000000009 12397.728458434989 0.25000000000000011 -0.24999999999999997 52166.900000000009 48338.519230769241 57105.000000000007 92010.219230769246 0.93301270189221952 -0.93301270189221919 42346.392307692317 -0.6830127018922193 4374.7026435314629 61968.600000000013 5721.4557298115424 51256.875000000007 -6165.5250000000005 48460.750000000007 22600.91594536461 76503.769230769234 0.25000000000000011 0.0037543201186628354 7766.9183557587348 7563.3126083130082 67433.237500000003 0.24189526178373685 0.0049140049140049555 6452.5885163731227 58272.100000000013 0.088483499821170555 9532.6702392357183 0.0049140049140049555 58561.80000000001 47020.000000000007 12817.876923076925 -0.0027522199815387389 70485.575000000012 738.7485396015619 1.0000000180025095e-35
decision_type=2 2 2 2 2 2 2 2 2 2 2 2 2 2 2 2 2 2 2 2 2 2 2 2 2 2 2 2 2 2 2 2 2 2 2 2 2 2 2 2 2 2 2 2 2 2 2 2 2 2 2 2 2 2 2 2 2 2 2 2 2 2
left_child=7 8 -3 10 5 -5 42 39 17 12 13 -11 28 14 24 37 -16 36 19 40 21 25 -7 -23 -4 -13 32 -21 35 50 -31 44 53 38 -35 -10 55 -15 48 46 -12 -8 47 -30 58 -46 60 -6 -34 -20 -14 -52 57 -9 -50 -2 -45 -41 -28 -17 61 -1
right_child=1 2 3 4 6 22 41 26 9 11 18 20 29 15 16 59 -18 -19 49 27 -22 23 -24 -25 -26 -27 31 -29 43 30 -32 -33 33 34 -36 -37 -38 -39 -40 52 -42 -43 -44 56 45 -47 -48 -49 54 -51 51 -53 -54 -55 -56 -57 -58 -59 -60 -61 -62 -63
leaf_value=-19.88714055557881 14.352273617306265 166.81595674555351 -37.176541284338221 94.916910932143722 34.809298062711143 68.573990813853825 77.531121887856315 -6.1284072136730865 -52.3234923742313 -68.569988278016353 39.888185466350876 8.3345191917734684 8.2647841549707834 -60.717274074081544 54.959842165704146 28.906735052675806 12.48137305822385 68.149188013440778 -16.795857479014288 15.003166285145236 -48.841924003458914 -0.72254335860924523 8.5899219278769916 49.851685617807753 6.5293695788650039 -35.930017694745743 -31.05196321597769 34.51569960333628 -9.5122938886996931 -27.984884125890801 28.465996715822293 16.008968266667548 20.325099671153545 46.149496894998748 3.2093862048521737 -6.3637764760610223 32.747143304079579 -24.155378053270535 -28.372254282245198 -30.647298099334506 78.298588380204876 39.545280716395609 -15.98529833819415 -5.6754078530138869 -16.795293091957607 -58.252182221365452 5.0489253991978771 6.4320350316627737 -10.408179310237134 11.666107255651594 14.382412064912302 40.831684284031944 -48.798303816511833 -34.843757047910948 8.8237357796142959 -14.040145951940657 8.6199432075408211 -22.576363282294579 -10.302181115868196 1.4701317996789913 -21.464986870591563 7.5426231641108439
leaf_weight=12 11.000000000000002 13.999999999999998 23 31 10.999999999999998 10.000000000000002 14.000000000000002 16.000000000000004 10.000000000000002 14.999999999999998 10.000000000000002 11.999999999999998 11.999999999999998 11.999999999999998 27 11.000000000000002 76 12.999999999999998 14.000000000000002 34 15.999999999999998 27 9.9999999999999982 10.999999999999998 15.999999999999998 37 11.999999999999998 57 79 12.000000000000002 12.999999999999998 10.999999999999998 15.999999999999998 14 15 10.999999999999998 14.999999999999998 26 12.999999999999998 131 13.999999999999998 9.9999999999999982 10.999999999999998 38 16.000000000000004 9.9999999999999982 12.999999999999998 29 32 13.999999999999998 14.999999999999998 32 10.999999999999998 10.999999999999998 18 13.999999999999998 65 173 67 9.9999999999999982 77 10
leaf_count=12 11 14 23 31 11 10 14 16 10 15 10 12 12 12 27 11 76 13 14 34 16 27 10 11 16 37 12 57 79 12 13 11 16 14 15 11 15 26 13 131 14 10 11 38 16 10 13 29 32 14 15 32 11 11 18 14 65 173 67 10 77 10
internal_value=0.417458 13.4347 27.2109 23.0179 51.4422 89.9832 25.1494 -17.6677 -1.12639 -4.60278 12.5947 -21.3391 2.28338 3.26291 11.862 -17.4182 23.659 25.3971 25.6999 32.5802 -14.401 -8.01814 42.2311 14.0097 -19.275 -25.0948 -6.82167 24.6224 -4.95622 19.7642 1.36591 -15.0565 0.260096 4.81571 24.0266 -28.3938 11.3672 -35.8304 -2.2578 -24.0402 62.5263 61.9336 7.75183 -2.23777 -18.3232 -32.9025 -16.0576 14.3032 2.92106 -2.5739 27.5445 32.4389 -26.8724 -17.9128 -2.67763 -1.53995 3.34551 -26.0632 -13.4894 15.9107 -18.8315 -7.44122
internal_weight=1620 942 484 470 126 51 75 678 458 405 344 118 287 201 142 59 103 53 143 115 103 87 20 38 39 49 251 91 203 84 25 116 135 108 29 21 40 38 79 427 24 24 51 182 105 26 112 40 66 28 59 47 315 27 50 25 103 304 79 21 99 22
internal_count=1620 942 484 470 126 51 75 678 458 405 344 118 287 201 142 59 103 53 143 115 103 87 20 38 39 49 251 91 203 84 25 116 135 108 29 21 40 38 79 427 24 24 51 182 105 26 112 40 66 28 59 47 315 27 50 25 103 304 79 21 99 22
is_linear=0
shrinkage=0.03


Tree=125
num_leaves=60
num_cat=0
split_feature=23 19 23 12 6 6 10 19 10 23 20 3 14 22 22 16 14 8 24 28 24 16 19 16 24 8 23 10 3 10 20 19 17 8 20 24 6 14 16 24 10 22 1 20 8 15 22 16 11 10 24 22 3 22 16 23 8 23 22
split_gain=3.99375e+08 2.24746e+08 1.639e+08 1.15178e+08 5.63923e+07 5.48634e+07 5.12199e+07 5.0675e+07 4.48041e+07 4.89866e+07 4.12325e+07 3.15598e+07 3.62072e+07 3.02548e+07 2.33789e+07 2.23452e+07 2.07563e+07 1.87443e+07 2.63126e+07 1.82513e+07 1.61529e+07 1.53345e+07 2.24194e+07 1.91821e+07 1.46044e+07 1.45023e+07 1.47271e+07 1.38028e+07 1.33477e+07 1.33049e+07 1.2298e+07 1.07065e+07 9.2352e+06 8.49731e+06 6.24385e+06 5.03684e+06 5.74593e+06 6.54239e+06 4.82796e+06 4.50553e+06 5.55808e+06 4.8586e+06 3.74777e+06 3.63258e+06 3.54375e+06 4.12424e+06 4.97578e+06 2.49213e+06 2.33722e+06 2.09548e+06 1.94543e+06 1.74868e+06 1.55624e+06 802913 613391 595704 610087 293866 135908
threshold=46586.150000000009 33738.850000000006 74749.11923076924 1.0267857140995378 1.0000000180025095e-35 1.0000000180025095e-35 -0.70581670320594803 39280.900000000001 0.40966402954315184 98090.592307692321 43403.600000000006 38942.875000000007 0.24938271598645248 1281.8781713507651 18596.605127991981 0.0037543201186628354 0.27088607590008235 0.25000000000000017 59268.125000000007 1.0000000180025095e-35 38478.575000000004 0.0050505372572776661 74708.200000000026 0.0049889909738903846 50621.875000000007 0.93301270189221952 23002.84615384616 0.95297903005573359 58308.125000000007 0.78574730703237883 49575.900000000009 78079.900000000009 0.075411471302971281 -0.5 101367.35000000002 40006.30000000001 1.0000000180025095e-35 0.2871243451353454 0.0049140049140049555 39027.365000000013 0.78574730703237883 483.01433582546895 32868.000000000007 40412.400000000009 -0.68301270189221952 -6096.4249999999984 1070.0033673958881 0.0050251573518178558 0.80898876386758156 -0.12053668025532321 37316.17500000001 5473.4451296339148 48088.750000000007 5797.2985807016712 0.086956521739130502 10658.292307692309 0.25000000000000017 15753.146153846155 1713.3801723539559
decision_type=2 2 2 2 2 2 2 2 2 2 2 2 2 2 2 2 2 2 2 2 2 2 2 2 2 2 2 2 2 2 2 2 2 2 2 2 2 2 2 2 2 2 2 2 2 2 2 2 2 2 2 2 2 2 2 2 2 2 2
left_child=7 -2 4 -4 10 15 30 20 17 14 -3 -8 13 -13 -10 28 31 18 -7 -14 48 23 24 29 -23 26 44 -27 34 -12 -6 -17 35 -34 -5 43 42 38 -38 -28 41 -41 -37 -9 47 46 -46 52 49 58 54 -47 -22 -44 55 -50 -57 -49 -1
right_child=1 2 3 5 6 8 11 32 9 -11 21 12 19 -15 -16 16 -18 -19 -20 -21 25 22 -24 -25 -26 27 39 -29 -30 -31 -32 -33 33 -35 -36 36 37 -39 -40 40 -42 -43 53 -45 45 51 -48 57 50 -51 -52 -53 -54 -55 -56 56 -58 -59 -60
leaf_value=-26.570458690383663 147.25171733134502 -63.703570861816402 108.77028522893002 18.695751223687317 35.888336363096485 68.227984187233517 -35.574742643032366 -3.8740310459282554 2.1425957761084349 68.227984187233517 2.2188815716934567 73.443594922358457 7.9877680250725929 19.473712512244557 48.324404828020633 29.775111399735543 -44.92657508774559 68.227984187233517 9.5322270276723806 -15.448302207706483 -31.782194738921174 -14.541297076988673 21.913825423816018 30.72675867828875 -50.886268385093636 -63.400867597091278 6.248079061305269 -21.277288668448463 -4.5123992197564311 -14.464500088295081 82.33197192503674 -12.073169641415934 35.653708149677989 0.50402701438741482 40.077604574228261 1.7978425517835115 6.193642048082852 -9.8393216658730545 32.43000814909982 -33.276549646358674 8.0190052404482515 -11.621246059918013 -11.358638304375308 -25.894519900058178 7.3504792423059451 -23.583877245202789 -16.606459777253143 -31.583531010693832 -41.453266757396946 -17.328214851505848 -29.969412986646276 -16.606459777253143 -20.597215452488697 -23.282716886312652 -45.58967839911432 -29.969412986646276 -38.090610714746894 -40.427398881062423 -29.969412986646276
leaf_weight=19.000000000000004 10.999999999999998 9.9999999999999982 17 27 11.000000000000002 13.000000000000002 12.999999999999998 13.000000000000002 40 12.999999999999998 210 9.9999999999999982 139 129 12.999999999999998 10.000000000000002 9.9999999999999982 18 11.999999999999998 38 15.999999999999998 42 11.999999999999998 18 12.999999999999998 12.000000000000002 13.999999999999998 17 13.999999999999998 54 9.9999999999999982 11.999999999999998 11.000000000000002 13.999999999999998 23 17 17.000000000000004 12.999999999999998 9.9999999999999982 9.9999999999999982 11.999999999999998 128 11.000000000000002 13.999999999999998 9.9999999999999982 103 33 10.000000000000002 13.999999999999998 18 26 10.999999999999998 42 9.9999999999999982 9.9999999999999982 10.000000000000002 11.999999999999998 9.9999999999999982 10.999999999999998
leaf_count=19 11 10 17 27 11 13 13 13 40 13 210 10 139 129 13 10 10 18 12 38 16 42 12 18 13 12 14 17 14 54 10 12 11 14 23 17 17 13 10 10 12 128 11 14 10 103 33 10 14 18 26 11 42 10 10 10 12 10 11
internal_value=0.417169 13.0536 11.4524 33.9411 4.407 27.6857 12.9741 -17.139 42.2422 26.6522 -3.94663 10.0648 11.953 23.4065 13.5399 11.1312 -9.31823 66.0536 41.7934 2.9504 -21.133 -2.21663 -15.1064 0.850095 -23.2087 -18.3974 -16.9004 -38.8658 21.3545 -1.1978 58.2899 6.9973 -0.299236 16.0504 28.5918 -4.20361 -0.332023 7.59499 15.9947 -9.99174 -11.5106 -13.2135 -8.67436 -15.3456 -21.7154 -19.0906 -11.1333 -26.9674 -30.8667 -25.6044 -34.3344 -22.0796 -23.7322 -17.1203 -38.3199 -36.1798 -32.6514 -36.1847 -29.9694
internal_weight=1620 942 931 222 709 205 350 678 109 66 359 329 316 139 53 96 32 43 25 177 548 349 67 282 55 428 399 29 64 264 21 22 130 25 50 105 78 40 27 164 150 138 38 27 235 157 43 78 120 48 72 114 58 21 46 36 22 20 30
internal_count=1620 942 931 222 709 205 350 678 109 66 359 329 316 139 53 96 32 43 25 177 548 349 67 282 55 428 399 29 64 264 21 22 130 25 50 105 78 40 27 164 150 138 38 27 235 157 43 78 120 48 72 114 58 21 46 36 22 20 30
is_linear=0
shrinkage=0.03


Tree=126
num_leaves=56
num_cat=0
split_feature=27 12 25 17 15 9 24 3 8 16 7 9 24 8 14 7 7 22 7 9 20 16 16 9 22 12 15 22 16 17 17 22 22 20 20 22 16 4 22 9 22 6 24 20 19 14 8 17 22 14 20 19 24 8 9
split_gain=3.45297e+08 3.02024e+08 1.58542e+08 1.36909e+08 9.92766e+07 9.13861e+07 7.27589e+07 1.11456e+08 5.19908e+07 4.56952e+07 4.27716e+07 2.90912e+07 3.07765e+07 2.7774e+07 2.77219e+07 2.49937e+07 5.92301e+07 5.60661e+07 2.61207e+07 5.31328e+07 2.2465e+07 2.03202e+07 2.0051e+07 1.46178e+07 1.1776e+07 1.04872e+07 1.03844e+07 9.85977e+06 9.03075e+06 8.43515e+06 2.17955e+07 6.74985e+06 6.31568e+06 1.95678e+07 9.20935e+06 5.38689e+06 5.24269e+06 5.01356e+06 4.80452e+06 4.43818e+06 3.65629e+06 4.14654e+06 3.60043e+06 3.19549e+06 3.88702e+06 1.87944e+06 1.90258e+06 2.06837e+06 1.23475e+06 3.65749e+06 1.32056e+06 799868 782166 629743 76363.9
threshold=1.0000000180025095e-35 1.0267857140995378 1.0000000180025095e-35 0.079999999986788542 2111.488333333335 0.29696027566504674 59559.375000000007 54696.875000000007 0.93301270189221952 0.0049751551641986644 -0.24999999999999997 -0.29696027566504662 48014.875000000007 1.0000000180025095e-35 0.276283618527008 -0.6830127018922193 -0.93301270189221919 2093.8876452736126 0.93301270189221952 0.91023613416931248 59600.000000000007 0.0050505372572776661 0.0037543201186628354 -0.88545602565320969 1035.1161032554153 1.1565945280765215 -6165.5250000000005 1260.6318814501537 0.05017507414820211 0.079999999980952266 0.075411471302971281 7563.3126083130082 9147.6405535993399 74296.250000000015 86836.700000000012 5899.8513640182555 0.088483499821170555 54458.750000000007 5019.7633581603322 -0.29696027566504662 738.7485396015619 1.0000000180025095e-35 43442.975000000006 45483.750000000007 54543.700000000004 0.24087591234469022 -0.9330127018922193 0.0016946962198285279 1940.9567706550449 0.15919902640022157 19984.050000000007 15418.600000000002 47646.250000000007 0.6830127018922193 -0.29696027566504662
decision_type=2 2 2 2 2 2 2 2 2 2 2 2 2 2 2 2 2 2 2 2 2 2 2 2 2 2 2 2 2 2 2 2 2 2 2 2 2 2 2 2 2 2 2 2 2 2 2 2 2 2 2 2 2 2 2
left_child=2 -2 3 6 9 -5 8 -8 15 23 20 12 -10 24 25 16 28 -18 21 -20 38 -17 37 -3 -6 -15 31 -26 -1 30 35 40 34 -34 -29 -25 42 -12 -9 -16 41 -4 45 -13 -45 46 -28 -48 -42 -50 -51 -44 54 -54 -53
right_child=1 4 26 5 13 -7 7 10 11 -11 22 43 -14 14 39 18 17 -19 19 -21 -22 -23 -24 29 27 -27 36 32 -30 -31 -32 -33 33 -35 -36 -37 -38 -39 -40 -41 48 -43 51 44 -46 -47 47 -49 49 50 -52 52 53 -55 -56
leaf_value=-13.214699228345276 186.41328390442499 62.843211316241337 -18.750092021847554 128.3998231897275 -22.485720770225758 13.720559540377318 111.58000327032966 2.7440067474113015 -99.275985509286983 88.60688970197711 18.260375244708463 -31.211485625918549 -24.700800258523167 26.76494203747713 -14.685820858178548 -5.9733309544433881 66.572071317388207 9.5427678363307926 74.746887255375924 -1.8854189284227238 63.219346566358148 -22.333731520238175 -41.112584609985355 26.76494203747713 26.76494203747713 12.113647425956893 -33.244389022990148 0.4006775832129551 -44.37582375101524 26.76494203747713 79.689060856280946 5.1839494422737884 -2.650812999504764 26.76494203747713 -30.953787056951235 40.313590927124025 -46.229420858847135 -4.6378845644947067 30.849243272838027 7.0795353890463923 -20.488530320836738 7.3032110414410569 -20.488530320836738 3.3469005067277657 -20.737778035347034 -39.52214652069344 -24.199215091009162 -33.244389022990148 -3.7744021132569872 -20.488530320836738 -12.660243937364264 -24.761971489934627 -24.219014825126873 -33.165150182742885 -20.488530320836738
leaf_weight=50 9.9999999999999982 14.999999999999998 12 12.000000000000002 15.999999999999998 12.999999999999998 10.999999999999998 12.000000000000002 10.000000000000002 17 12.999999999999998 9.9999999999999982 9.9999999999999982 68 14.999999999999998 305 18 109 9.9999999999999982 42 14.999999999999998 88 11.999999999999998 9.9999999999999982 11.999999999999998 22 15.999999999999998 51 9.9999999999999982 38 9.9999999999999982 12.999999999999998 44 19 9.9999999999999982 29 10.999999999999998 25 9.9999999999999982 19 19 10 47 10.000000000000002 14.999999999999998 11.999999999999998 121 18 15.999999999999998 22 20 10.000000000000002 37 9.9999999999999982 10.999999999999998
leaf_count=50 10 15 12 12 16 13 11 12 10 17 13 10 10 68 15 305 18 109 10 42 15 88 12 10 12 22 16 51 10 38 10 13 44 19 10 29 11 25 10 19 19 10 47 10 15 12 121 18 16 22 20 10 37 10 11
internal_value=0.421126 24.4071 -7.57555 0.0879203 20.2595 69.059 -2.11712 22.0517 -5.5675 43.1533 10.6169 -33.5162 -62.2969 10.3766 20.9071 -3.13033 6.07063 17.6717 -6.99731 12.9667 35.0242 -9.64149 -7.47829 35.4983 1.7779 26.7649 -22.8987 4.64689 -18.4735 30.7168 40.3216 -15.1055 2.09519 8.75075 -4.7816 30.0493 -25.8715 3.22302 15.601 -2.53765 -17.7724 -6.92809 -25.0613 -16.9394 -11.1288 -27.892 -26.9666 -25.6913 -20.4885 -16.0128 -20.4885 -20.93 -23.8824 -26.1889 -20.4885
internal_weight=1620 405 1215 810 395 25 785 98 687 119 87 55 20 276 124 632 187 127 445 52 37 393 50 102 152 90 405 136 60 87 49 112 124 63 61 39 293 38 22 34 99 22 282 35 25 167 155 139 77 58 42 115 68 47 21
internal_count=1620 405 1215 810 395 25 785 98 687 119 87 55 20 276 124 632 187 127 445 52 37 393 50 102 152 90 405 136 60 87 49 112 124 63 61 39 293 38 22 34 99 22 282 35 25 167 155 139 77 58 42 115 68 47 21
is_linear=0
shrinkage=0.03


Tree=127
num_leaves=63
num_cat=0
split_feature=23 19 23 19 7 7 24 19 10 8 23 17 17 18 7 9 10 18 10 2 22 22 23 24 18 8 2 8 9 23 18 18 17 9 23 17 7 7 9 23 3 24 10 22 23 19 8 7 22 22 22 18 22 9 9 22 14 24 19 18 24 9
split_gain=3.57199e+08 2.09076e+08 1.46891e+08 1.53565e+08 1.13901e+08 6.96418e+07 5.63898e+07 4.54861e+07 4.51321e+07 4.30294e+07 4.01454e+07 3.13854e+07 3.64789e+07 3.02368e+07 2.41047e+07 6.17152e+07 2.20237e+07 1.95121e+07 1.93419e+07 1.8366e+07 1.73171e+07 3.88656e+07 1.62844e+07 1.44252e+07 1.43748e+07 1.43114e+07 1.36804e+07 1.28793e+07 1.27071e+07 1.25866e+07 1.09316e+07 1.06799e+07 8.3384e+06 9.38256e+06 6.67943e+06 4.76838e+06 4.55146e+06 7.07274e+06 4.3797e+06 4.33119e+06 4.07947e+06 3.94511e+06 5.31003e+06 4.50813e+06 3.75237e+06 3.4171e+06 3.29812e+06 4.67831e+06 3.20302e+06 2.79527e+06 2.31882e+06 2.23622e+06 2.84387e+06 2.20462e+06 2.18208e+06 1.78733e+06 1.71012e+06 1.31859e+06 981452 896128 848082 591427
threshold=46586.150000000009 33738.850000000006 72901.334615384621 53342.700000000004 -0.6830127018922193 -0.93301270189221919 59626.200000000004 39280.900000000001 0.17992617227144031 0.93301270189221952 98090.592307692321 0.075411471304537223 0.075479115460650545 53973.05000000001 0.93301270189221952 0.91023613416931248 0.8542199457734333 40574.200000000004 0.91023613416931248 47618.750000000007 11571.145836071695 24737.018531749356 52238.019230769241 38478.575000000004 73051.500000000015 0.6830127018922193 64366.875000000007 0.93301270189221952 -0.29696027566504662 23002.84615384616 69943.35000000002 98091.500000000015 0.075411471302971281 -0.66312265824079519 52462.246153846158 0.0014535342998975684 -0.93301270189221919 -0.6830127018922193 -1.0000000180025095e-35 41269.757692307692 41580.000000000007 39027.365000000013 0.78574730703237883 483.01433582546895 49072.250000000007 61129.650000000009 -0.68301270189221952 1.0000000180025095e-35 884.98111147571251 5473.4451296339148 5946.253523432767 8135.3000000000011 1326.1229085226969 -0.95297903005573326 -0.1799261722714405 2386.4287379632869 0.22962962956764721 44575.875000000007 10311.600000000002 14856.300000000001 36580.775000000009 0.17992617227144045
decision_type=2 2 2 2 2 2 2 2 2 2 2 2 2 2 2 2 2 2 2 2 2 2 2 2 2 2 2 2 2 2 2 2 2 2 2 2 2 2 2 2 2 2 2 2 2 2 2 2 2 2 2 2 2 2 2 2 2 2 2 2 2 2
left_child=7 -2 9 -4 5 -5 8 23 -7 11 16 14 -13 34 17 -16 31 19 -19 -3 26 -22 44 50 -17 -24 -12 29 -29 46 -18 -6 35 -34 -11 36 53 39 45 -38 -39 -31 43 -43 -14 -36 47 57 56 -50 51 61 58 -9 -42 -54 -48 -25 -53 -49 -57 -1
right_child=1 2 3 4 10 6 -8 32 -10 13 20 12 22 -15 15 24 30 18 -20 -21 21 -23 25 27 -26 -27 -28 28 -30 41 -32 -33 33 -35 38 -37 37 40 -40 -41 54 42 -44 -45 -46 -47 48 59 49 -51 -52 52 55 -55 -56 60 -58 -59 -60 -61 -62 -63
leaf_value=-31.189385425464518 141.79320070008973 6.415905281293508 145.00790271116958 -2.1505711978190654 19.41759635201899 106.01786387041578 140.80106887404983 -4.8154603839564949 30.834585480242147 -29.262154662077091 42.65398531167812 64.319623663693861 3.0486453086550864 -63.073293729419554 78.474573606534776 -6.3436258497862053 1.3662819639049815 0.58404724236802841 27.709634777017797 -45.943846405231405 94.172332693683188 22.723833940162418 30.91338082288091 -23.291122906659094 30.950185903301673 0.70725463360971741 -5.6571509964401656 -60.222474748595673 -19.813159471478375 5.6009003464719083 -28.5444968519685 -7.4185414208832725 -3.8395929464229859 32.850591140630584 2.5188971408050849 -23.550078880385598 2.8048761532566324 9.8788722391331429 11.253097921324162 30.68849856235013 -20.953756733412796 -32.00792130876296 8.0699172242219781 -11.148569967350301 -22.848811041199333 -20.385171505542509 -3.7885027876449504 -28.457775532363929 -22.213704477696879 -9.6078728377257328 -42.481293937064507 -24.170177551648628 -37.169312215776579 -24.283171243195486 -4.8064203620986667 -30.725311195894797 -16.891997518706738 -9.7193664095860814 -13.788281778577939 -38.336154013389397 -20.863590766948885 -42.417126331895886
leaf_weight=11.000000000000002 10.999999999999998 10.000000000000002 9.9999999999999982 10.999999999999998 79 12.000000000000002 10.999999999999998 11.000000000000002 18 11.999999999999998 10.000000000000002 14.999999999999998 10.000000000000002 11.999999999999998 12.999999999999998 32 28 412 25 14.999999999999998 12.000000000000002 15.999999999999998 43 11.000000000000002 12.999999999999998 21 10.999999999999998 12.000000000000002 17 13.999999999999998 18 15.999999999999998 12.000000000000002 12.999999999999998 9.9999999999999947 9.9999999999999982 10.000000000000002 13.999999999999998 12.000000000000005 9.9999999999999982 9.9999999999999947 9.9999999999999982 11.999999999999998 128 9.9999999999999982 13.999999999999998 19 39 102 19 10.999999999999998 15.999999999999998 20 9.9999999999999982 30.000000000000004 15.999999999999998 17 15.999999999999998 18 11.999999999999998 18 9.9999999999999982
leaf_count=11 11 10 10 11 79 12 11 11 18 12 10 15 10 12 13 32 28 412 25 15 12 16 43 11 13 21 11 12 17 14 18 16 12 13 10 10 10 14 12 10 10 10 12 128 10 14 19 39 102 19 11 16 20 10 30 16 17 16 18 12 18 10
internal_value=0.407506 12.3581 10.8137 30.3694 25.5743 64.8742 82.818 -16.1958 61.1603 3.55256 14.79 5.90475 21.3778 -20.6836 2.95537 21.1675 6.64938 0.664898 2.14185 -25.0577 38.1538 53.5709 13.6422 -19.9798 4.47481 21.0186 17.4411 -17.3946 -36.6838 -15.9838 -10.3744 14.8947 -0.241489 15.2941 -9.97706 -3.95149 -1.86585 1.63656 -3.48536 16.8302 -4.01135 -9.59653 -11.0178 -12.6822 -9.94919 -10.8708 -20.4353 -25.5005 -17.9042 -20.2439 -29.1782 -27.7979 -25.6315 -14.1571 -8.88552 -29.9338 -10.006 -15.3143 -18.7305 -30.8526 -25.581 -36.7118
internal_weight=1620 942 931 252 242 52 41 678 30 679 190 619 99 60 520 58 141 462 437 25 49 28 84 548 45 64 21 428 29 399 46 95 130 25 48 105 95 74 36 20 54 164 150 138 20 24 235 78 157 121 120 109 88 21 40 54 36 27 34 51 34 21
internal_count=1620 942 931 252 242 52 41 678 30 679 190 619 99 60 520 58 141 462 437 25 49 28 84 548 45 64 21 428 29 399 46 95 130 25 48 105 95 74 36 20 54 164 150 138 20 24 235 78 157 121 120 109 88 21 40 54 36 27 34 51 34 21
is_linear=0
shrinkage=0.03


Tree=128
num_leaves=63
num_cat=0
split_feature=23 19 23 11 9 6 19 27 20 6 9 14 22 16 22 22 16 22 18 24 22 27 19 18 20 8 9 23 24 20 16 24 5 17 16 22 23 18 16 23 24 16 16 19 23 8 15 22 9 22 18 22 22 23 22 24 22 23 18 24 2 19
split_gain=3.36203e+08 1.96832e+08 1.38833e+08 1.01032e+08 6.86824e+07 4.72819e+07 4.28096e+07 4.05377e+07 3.76765e+07 3.26048e+07 3.38676e+07 3.20188e+07 1.85833e+07 1.7789e+07 1.84786e+07 1.4035e+07 2.41215e+07 2.11157e+07 1.68203e+07 1.35827e+07 1.33515e+07 1.87037e+07 1.69705e+07 1.31024e+07 1.27852e+07 1.21265e+07 1.19631e+07 1.18459e+07 9.70188e+06 9.5825e+06 8.08133e+06 7.86945e+06 1.0916e+07 1.48102e+07 8.55225e+06 7.32599e+06 5.74691e+06 5.382e+06 5.36422e+06 5.07824e+06 3.71283e+06 4.05024e+06 9.33214e+06 3.65058e+06 3.53609e+06 3.10561e+06 3.47793e+06 4.39732e+06 3.46354e+06 2.18364e+06 2.11654e+06 3.52242e+06 2.06126e+06 3.11449e+06 1.78177e+06 1.69283e+06 1.58809e+06 1.53077e+06 913115 848459 734076 312654
threshold=46586.150000000009 33738.850000000006 74749.11923076924 0.86847999986376712 -0.91023613416931226 1.0000000180025095e-35 39280.900000000001 1.0000000180025095e-35 43403.600000000006 1.0000000180025095e-35 -0.70581670320594825 0.24938271598645248 3187.2356670925105 0.0037543201186628354 15476.735992566928 9532.6702392357183 0.086956521739130502 10557.61615031264 48886.600000000006 38478.575000000004 1281.8781713507651 1.0000000180025095e-35 64348.700000000004 102926.25000000001 80288.900000000009 0.93301270189221952 -0.29696027566504662 23002.84615384616 60826.525000000009 74296.250000000015 -0.080000000000000002 41009.805000000008 1.0000000180025095e-35 0.079999999981140837 0.0049751551641986644 1427.5124216782413 59876.080769230779 104210.00000000001 1.0000000180025095e-35 39917.442307692319 39027.365000000013 0.0050251573518178558 0.0049751551641986644 43224.150000000009 42840.411538461543 -0.68301270189221952 -6096.4249999999984 1070.0033673958881 0.06026834012766185 5946.253523432767 8546.9000000000015 1326.1229085226969 9473.5867969385836 45358.334615384621 2386.4287379632869 44575.875000000007 5473.4451296339148 33809.134615384617 14856.300000000001 36580.775000000009 45704.625000000007 10311.600000000002
decision_type=2 2 2 2 2 2 2 2 2 2 2 2 2 2 2 2 2 2 2 2 2 2 2 2 2 2 2 2 2 2 2 2 2 2 2 2 2 2 2 2 2 2 2 2 2 2 2 2 2 2 2 2 2 2 2 2 2 2 2 2 2 2
left_child=6 -2 5 -4 37 8 19 13 -3 23 -11 20 38 14 -6 18 17 -17 36 49 -7 30 -23 -9 -15 27 -27 45 29 -14 -22 39 34 -34 44 -20 -10 -5 -13 -8 -29 42 -42 -41 -33 48 47 -47 55 50 60 61 53 -46 -53 -21 -48 -43 -50 -56 -1 -52
right_child=1 2 3 4 7 11 31 9 15 10 -12 12 28 24 -16 16 -18 -19 35 25 21 22 -24 -25 -26 26 -28 40 -30 -31 -32 32 33 -35 -36 -37 -38 -39 -40 43 41 57 -44 -45 52 46 56 -49 58 -51 51 54 -54 -55 59 -57 -58 -59 -60 -61 -62 -63
leaf_value=-38.604603938700976 137.57772878286002 -60.764134876515612 106.1322031508692 65.920960059182434 -5.7317451708463691 53.676575751949009 3.0820137757812907 21.538149278710893 -4.6843224103197398 13.728447287594459 63.299594735227451 -5.5197346966292082 -7.0871705732188017 -0.35267873968959829 38.64599335122616 -39.213101855145389 -54.28949162247158 -1.2928416007830217 -2.9277106654086955 -24.781657342109963 33.472457478560138 20.186455267060477 53.510624860185303 -11.761722281652553 -45.027238418991502 -58.430730989314291 -19.222240418551255 5.434063668758311 12.786004886492632 12.786004886492632 12.786004886492632 -22.455251139305734 49.911773896170118 -0.3980432623785895 16.568388688735538 13.594557144561675 -28.745733494522547 39.932944408454517 12.786004886492632 -5.2810877784522789 -10.827351554167365 -12.409081583796315 19.282227517307394 -27.761233723800373 0.69918529845120592 7.3150742929288661 -21.570697362550128 -15.087210224930443 -27.173169745025213 -41.218336833232158 -20.055598424963041 -36.554226470467931 8.438949316043665 -19.72734323037637 -29.809277184527851 -10.320127173306647 -15.087210224930443 -27.123684457340591 -37.195574688872028 -19.836012760630823 -27.997448707769724 -13.376918651096068
leaf_weight=16.000000000000004 10.999999999999998 9.9999999999999982 14.999999999999998 14.000000000000002 21 10.999999999999998 14.999999999999998 57 78 19 36 28 127 12.000000000000002 13.999999999999998 14.999999999999998 9.9999999999999982 106 32 13.000000000000002 18 37 22 12.999999999999998 10.999999999999998 12.000000000000002 17 13.999999999999998 11.999999999999998 9.9999999999999982 69 10.999999999999998 10.000000000000002 10.999999999999998 18 98 9.9999999999999982 9.9999999999999982 15.999999999999998 11.000000000000002 113 11.000000000000002 9.9999999999999982 15.999999999999998 17.000000000000004 9.9999999999999982 103 33 36 10.999999999999998 11.000000000000002 19 9.9999999999999982 10.999999999999998 15.999999999999998 17 10.999999999999998 15.999999999999998 11.999999999999998 17 11.999999999999998 18
leaf_count=16 11 10 15 14 21 11 15 57 78 19 36 28 127 12 14 15 10 106 32 13 18 37 22 13 11 12 17 14 12 10 69 11 10 11 18 98 10 10 16 11 113 11 10 16 17 10 103 33 36 11 11 19 10 11 16 17 11 16 12 17 12 18
internal_value=0.395761 11.9898 10.4913 31.189 25.7097 4.00705 -15.7122 19.3499 -3.64209 28.9615 46.2311 11.8517 3.66423 -1.37873 12.0788 -1.98841 -9.74537 -6.02222 2.6752 -19.3832 21.9078 19.4791 32.682 15.3459 -21.8213 -16.8746 -35.5916 -15.5057 -2.04786 -4.62409 12.786 -0.234384 4.86426 23.6819 -1.06026 9.52839 -7.44813 65.921 12.786 -10.9035 -9.30917 -10.6879 -8.36572 -18.656 -7.55671 -19.8242 -17.3681 -10.0616 -24.7393 -28.3089 -26.9695 -24.4397 -3.19627 -7.36706 -29.1232 -16.6484 -20.1128 -21.1969 -29.751 -24.7471 -34.1746 -15.9705
internal_weight=1620 942 931 222 207 709 678 183 359 125 55 350 193 58 35 349 131 121 218 548 157 146 59 70 23 428 29 399 149 137 87 130 88 21 67 130 88 24 44 42 164 150 123 27 49 235 157 43 78 120 109 81 38 28 52 30 114 27 48 33 28 29
internal_count=1620 942 931 222 207 709 678 183 359 125 55 350 193 58 35 349 131 121 218 548 157 146 59 70 23 428 29 399 149 137 87 130 88 21 67 130 88 24 44 42 164 150 123 27 49 235 157 43 78 120 109 81 38 28 52 30 114 27 48 33 28 29
is_linear=0
shrinkage=0.03


Tree=129
num_leaves=63
num_cat=0
split_feature=23 19 23 19 7 7 24 8 18 19 10 23 6 22 18 22 22 20 14 4 10 24 10 10 18 24 24 11 8 10 23 19 8 17 8 20 17 7 7 10 23 10 24 10 18 4 8 7 22 10 22 21 10 18 11 10 14 20 19 24 8 18
split_gain=3.17185e+08 1.85197e+08 1.31199e+08 1.3136e+08 1.06118e+08 6.82472e+07 5.29021e+07 4.61037e+07 4.29748e+07 4.02702e+07 3.99983e+07 3.75444e+07 2.89104e+07 3.03149e+07 2.60379e+07 3.01077e+07 4.56843e+07 3.2155e+07 2.32828e+07 2.68104e+07 2.01559e+07 1.96985e+07 3.52156e+07 3.05235e+07 1.71891e+07 1.28035e+07 1.26155e+07 1.25299e+07 1.14255e+07 1.12627e+07 1.11241e+07 9.84869e+06 9.6074e+06 7.53298e+06 7.30516e+06 6.34072e+06 4.55509e+06 4.27714e+06 6.48834e+06 4.03635e+06 4.01605e+06 3.59761e+06 9.92491e+06 4.44841e+06 3.552e+06 3.34405e+06 2.93859e+06 4.17939e+06 2.91137e+06 2.82726e+06 2.56759e+06 2.0564e+06 2.03636e+06 2.00959e+06 1.75521e+06 1.91525e+06 1.52073e+06 1.42941e+06 1.24841e+06 1.20638e+06 831893 790202
threshold=46586.150000000009 33738.850000000006 71601.403846153858 53342.700000000004 -0.6830127018922193 -0.93301270189221919 59626.200000000004 0.93301270189221952 53973.05000000001 39280.900000000001 0.17992617227144031 98090.592307692321 1.0000000180025095e-35 9147.6405535993399 52316.250000000007 2926.6672130974471 1427.5124216782413 53812.250000000007 0.24938271598645248 45390.000000000007 0.8542199457734333 54834.375000000007 0.91023613416931248 0.5163939593874618 72533.700000000012 38478.575000000004 44726.950000000004 1.0601851849433974 0.93301270189221952 0.95297903005573359 23002.84615384616 74458.200000000026 -0.68301270189221952 0.075411471302971281 -0.5 47348.400000000009 0.0014535342998975684 -0.93301270189221919 -0.6830127018922193 -0.98182534576205283 41269.757692307692 0.91023613416931248 39027.365000000013 -0.98182534576205283 114672.35000000002 36772.500000000007 -0.68301270189221952 1.0000000180025095e-35 884.98111147571251 0.99635443704902704 5473.4451296339148 30881.712500000005 -0.29696027566504651 17322.450000000004 0.80898876386758156 -0.12053668025532321 0.22962962956764721 13692.150000000001 40457.05000000001 36378.525000000009 -0.68301270189221952 14856.300000000001
decision_type=2 2 2 2 2 2 2 2 2 2 2 2 2 2 2 2 2 2 2 2 2 2 2 2 2 2 2 2 2 2 2 2 2 2 2 2 2 2 2 2 2 2 2 2 2 2 2 2 2 2 2 2 2 2 2 2 2 2 2 2 2 2
left_child=9 -2 7 -4 5 -5 10 14 35 25 -7 20 13 -13 21 16 32 -18 19 -17 31 22 26 39 -22 51 -3 -20 30 -30 46 -6 -16 36 -35 -9 37 52 40 -23 -39 42 -32 -44 -14 -40 47 57 56 -37 -50 53 -11 54 55 -1 -48 -27 -47 -56 -61 -49
right_child=1 2 3 4 11 6 -8 8 -10 33 -12 12 44 -15 15 18 17 -19 27 -21 24 23 -24 -25 -26 28 -28 -29 29 -31 41 -33 -34 34 -36 49 -38 38 45 -41 -42 -43 43 -45 -46 58 48 61 50 -51 -52 -53 -54 -55 59 -57 -58 -59 -60 60 -62 -63
leaf_value=-26.932029898770168 133.48757651664116 -13.972879294702562 128.91497680664062 2.0428900665932512 0.45290669058075389 101.58518584952867 134.93330269478463 -25.793446018648464 -75.876814740155197 -23.362406652469438 32.222252624283975 -25.664868125537826 75.974964643421714 39.239966542786654 -19.148371990613697 25.519320855682892 79.33863070324638 23.288329035174783 0.65879089330714069 6.4456319678467837 2.8902871786883848 9.4895114702281411 51.046710560696191 -63.778290223817571 -33.976183323316405 -22.669831575960718 3.9676522684324143 -31.045765209355626 -56.69229604169356 -18.648945748847826 17.186666680413321 20.224522683231843 14.384500776173377 32.715041429674294 0.12669278083963598 -8.941906809781857 -22.908699763836246 2.7264482179018521 9.4790681469167453 -13.115541024109136 29.576830498723702 8.342110725629448 0.13151757218719068 -14.532002825244806 49.928502156025658 -0.24178323760287451 -3.4400427689477406 -26.809716134229888 -20.94908485293038 10.097827587643183 -8.8708991980427836 -39.992927691485434 -4.6519864865895864 -14.39637505649535 -39.374603541716368 -13.579957918207695 -15.795541272079733 -8.5649164645271991 -11.487257532954638 -35.361392505441934 -26.932029898770168 -36.088929574509294
leaf_weight=27 10.999999999999998 53 10.999999999999998 13.999999999999998 34 11.999999999999998 10.999999999999998 14.999999999999998 10.999999999999998 10.000000000000002 20 10.000000000000002 10.000000000000002 18 11.999999999999998 94 18 19 154 60 34 9.9999999999999947 11.999999999999998 10.999999999999998 17 11.000000000000002 105 11.999999999999998 12.000000000000002 17 10.999999999999998 68 21 11.000000000000002 13.999999999999998 19 9.9999999999999982 10.000000000000002 12.999999999999998 24.000000000000004 9.9999999999999982 9.9999999999999982 22 121 10.999999999999998 12.999999999999998 19 39 102 11.000000000000002 19 10.999999999999998 10.999999999999998 11.999999999999998 12.999999999999998 13.999999999999998 17 15.999999999999998 28 12.999999999999991 30.000000000000007 11.999999999999998
leaf_count=27 11 53 11 14 34 12 11 15 11 10 20 10 10 18 12 94 18 19 154 60 34 10 12 11 17 11 105 12 12 17 11 68 21 11 14 19 10 10 13 24 10 10 22 121 11 13 19 39 102 11 19 11 11 12 13 14 17 16 28 13 30 12
internal_value=0.406722 11.6681 10.2146 27.8314 23.4902 59.6046 78.2973 3.01543 -23.0022 -15.239 58.4689 13.2751 36.1015 16.0507 5.42707 10.0472 27.8553 50.6965 6.14413 14.5417 5.94581 -2.9543 1.72079 -20.5805 -9.44092 -18.7995 -2.05539 -1.6504 -16.3639 -34.5318 -15.0351 13.6409 2.16963 -0.227281 14.5389 -9.9376 -3.75355 -1.71522 1.67989 -6.45858 16.2321 -9.03036 -10.1631 -12.2775 62.633 -3.72982 -19.22 -24.001 -16.831 -1.95022 -19.0614 -27.4653 -13.6303 -26.1655 -27.6052 -22.7544 -9.30226 -14.3739 -7.93096 -31.1096 -28.5253 -29.0595
internal_weight=1620 942 931 270 259 57 43 661 56 678 32 202 49 28 605 390 70 37 320 154 153 215 170 45 51 548 158 166 428 29 399 102 33 130 25 45 105 95 74 34 20 164 154 143 21 54 235 78 157 30 121 120 21 109 97 41 36 27 41 56 43 51
internal_count=1620 942 931 270 259 57 43 661 56 678 32 202 49 28 605 390 70 37 320 154 153 215 170 45 51 548 158 166 428 29 399 102 33 130 25 45 105 95 74 34 20 164 154 143 21 54 235 78 157 30 121 120 21 109 97 41 36 27 41 56 43 51
is_linear=0
shrinkage=0.03


Tree=130
num_leaves=63
num_cat=0
split_feature=23 14 10 1 3 7 7 27 8 10 10 23 19 20 19 14 20 3 18 23 7 23 7 18 20 9 18 23 24 18 8 20 9 23 24 3 23 23 11 24 14 17 16 10 21 19 28 19 10 24 10 8 7 14 23 21 18 20 7 16 21 20
split_gain=2.98095e+08 1.77726e+08 2.79287e+08 1.13785e+08 1.33065e+08 5.31394e+07 5.6027e+07 4.70231e+07 4.24656e+07 4.28394e+07 3.94799e+07 3.94526e+07 4.49639e+07 3.89789e+07 3.78936e+07 3.42815e+07 3.42673e+07 2.88249e+07 2.47498e+07 1.93372e+07 1.87332e+07 2.04944e+07 1.82472e+07 4.11711e+07 1.48577e+07 1.27704e+07 1.23313e+07 1.22131e+07 1.20374e+07 1.11278e+07 1.0758e+07 1.0608e+07 1.06033e+07 1.0471e+07 9.59673e+06 8.95735e+06 8.43654e+06 1.25239e+07 7.95938e+06 7.26232e+06 9.95145e+06 9.50714e+06 7.37189e+06 6.09584e+06 5.45016e+06 6.10153e+06 4.60803e+06 3.44347e+06 3.38591e+06 9.34159e+06 4.18573e+06 2.76707e+06 3.93249e+06 2.86309e+06 2.58237e+06 1.93936e+06 1.94938e+06 1.98712e+06 1.8584e+06 1.75275e+06 1.63226e+06 1.34582e+06
threshold=46586.150000000009 0.17388612090385749 0.91023613416931248 42920.000000000007 56820.000000000007 -0.6830127018922193 -0.93301270189221919 1.0000000180025095e-35 1.0000000180025095e-35 -0.61559370248597534 0.74851074817110097 48338.519230769241 38442.000000000007 52451.500000000007 39280.900000000001 0.25000781366962738 118089.15000000001 55525.625000000007 66583.400000000009 53793.573076923079 -0.24999999999999997 77587.769230769249 0.68301270189221941 76533.60000000002 34547.500000000007 0.91023613416931248 67657.500000000015 65313.965384615389 38478.575000000004 52191.000000000007 0.93301270189221952 59445.150000000009 -0.29696027566504662 23002.84615384616 59189.375000000007 48720.000000000007 83682.400000000009 71212.803846153867 0.8718915436893222 41009.805000000008 0.22675812216407085 0.079999999981140837 0.0049751551641986644 -0.35460488704253562 42282.762500000004 45379.450000000004 1.0000000180025095e-35 68445.250000000015 0.91023613416931248 39027.365000000013 -0.98182534576205283 -0.68301270189221952 1.0000000180025095e-35 0.15919902640022157 42840.411538461543 30881.712500000005 8135.3000000000011 7752.5000000000009 -0.93301270189221919 0.0037543201186628354 9780.8625000000011 13692.150000000001
decision_type=2 2 2 2 2 2 2 2 2 2 2 2 2 2 2 2 2 2 2 2 2 2 2 2 2 2 2 2 2 2 2 2 2 2 2 2 2 2 2 2 2 2 2 2 2 2 2 2 2 2 2 2 2 2 2 2 2 2 2 2 2 2
left_child=14 2 -2 5 8 6 27 10 9 17 24 -12 -13 18 28 29 20 -5 19 -8 21 34 23 -22 -7 -24 -26 46 55 -9 33 -15 -32 51 -6 -20 37 -17 -31 44 41 -41 54 -11 -16 -46 47 -3 49 -35 -51 52 61 -53 -42 56 -1 -58 -55 60 -59 -30
right_child=1 3 -4 4 16 7 13 15 -10 43 11 12 -14 31 39 36 -18 -19 35 -21 22 -23 25 -25 26 -27 -28 -29 30 38 32 -33 -34 48 -36 -37 -38 -39 -40 40 42 -43 -44 -45 45 -47 -48 -49 -50 50 -52 53 -54 58 -56 -57 57 59 -60 -61 -62 -63
leaf_value=-33.692770101538201 53.360513330900943 -2.9612179926927169 223.5526347728767 9.8436890995756077 -16.55553938432173 34.418622055809095 13.429252508584554 51.890722610886037 53.360513330900943 -22.846505543925964 -80.109111396109711 26.582552281429891 -26.548923506688588 53.360513330900943 -23.521213669358634 -4.6870404267230814 51.262275593443682 53.360513330900943 7.6556684449431174 53.360513330900943 0.4045912196752055 43.495571205977996 35.085698566842588 -61.065079815114728 0.45482768371711807 -3.0256498901620095 -21.993165086768141 16.854857281109759 -21.995863894900754 39.712501181744521 -55.005582941228674 27.816024062301938 -18.09274914791709 16.675712045205604 14.939721023216123 -26.21563923448619 -27.366672254505723 11.408408428513933 14.476249862126419 43.037387555096586 -20.747102313655436 10.832940439362503 10.832940439362503 8.7316077076305056 15.107982074634444 -14.627761512918674 -34.09929408951561 -24.658580125865367 8.0943259241085244 0.12759010487552142 -14.09640268721923 -6.7527251877527501 -28.191380788426109 -26.057052993429192 -3.7116294107656644 -38.803948511690706 -36.040861635113707 -27.151121500029817 -16.438961254719892 -27.419477176095956 -14.604684127416366 -8.3095647445820848
leaf_weight=21 11.000000000000002 19.000000000000004 9.9999999999999982 14.000000000000002 11.999999999999998 9.9999999999999982 23 10.999999999999998 43 10.000000000000002 9.9999999999999982 17 89 23 17 89 15.999999999999998 15.999999999999998 23 19 39 19 13.999999999999998 12.999999999999998 141 18 26 12.999999999999998 11.000000000000002 13.999999999999998 12.000000000000002 14.999999999999998 17 10.999999999999998 31 9.9999999999999982 9.9999999999999982 25 57 11.000000000000002 9.9999999999999982 9.9999999999999982 18 11.999999999999998 11.000000000000002 13.999999999999998 9.9999999999999982 9.9999999999999982 9.9999999999999982 22 121 24 51 22 39 10.999999999999998 9.9999999999999982 12.999999999999998 111 30 35 15.999999999999998
leaf_count=21 11 19 10 14 12 10 23 11 43 10 10 17 89 23 17 89 16 16 23 19 39 19 14 13 141 18 26 13 11 14 12 15 17 11 31 10 10 25 57 11 10 10 18 12 11 14 10 10 10 22 121 24 51 22 39 11 10 13 111 30 35 16
internal_value=0.385391 11.3026 97.3917 9.3293 26.2744 2.76775 17.5211 -2.11315 53.3605 26.1348 -9.83372 -23.4285 -18.0108 29.3719 -14.7822 8.86748 9.72366 49.3927 16.788 32.0359 5.13949 17.634 -4.09258 -15.0505 -0.915931 13.7053 -3.05112 -8.23835 -18.236 23.9042 -15.8745 53.3605 -33.5037 -14.5851 6.13226 -2.65647 -1.08736 1.23978 19.5013 -0.220186 4.67783 22.6448 -0.978928 -5.66037 -10.4695 -1.53585 -16.6245 -10.5022 -8.75925 -9.8582 -11.9095 -18.6453 -23.2846 -16.327 -7.22349 -26.6386 -25.3765 -23.3559 -18.0483 -21.6855 -18.0521 -13.9462
internal_weight=1620 942 21 921 257 664 165 499 95 52 293 116 106 113 678 206 162 30 75 42 146 62 84 52 177 32 167 52 548 82 428 38 29 399 43 33 124 114 71 130 88 21 67 22 42 25 39 29 164 154 143 235 78 157 49 120 109 88 133 78 48 27
internal_count=1620 942 21 921 257 664 165 499 95 52 293 116 106 113 678 206 162 30 75 42 146 62 84 52 177 32 167 52 548 82 428 38 29 399 43 33 124 114 71 130 88 21 67 22 42 25 39 29 164 154 143 235 78 157 49 120 109 88 133 78 48 27
is_linear=0
shrinkage=0.03


Tree=131
num_leaves=50
num_cat=0
split_feature=27 12 1 16 17 12 21 10 14 17 9 16 10 7 9 10 14 16 13 16 20 16 21 16 1 2 10 21 8 7 8 1 24 21 8 20 16 16 12 19 10 2 20 20 24 19 17 9 20
split_gain=2.6833e+08 2.56532e+08 1.22769e+08 1.3626e+08 7.795e+07 7.1292e+07 7.1016e+07 4.01487e+07 3.42355e+07 8.03111e+07 2.86695e+07 3.82639e+07 2.93426e+07 2.26067e+07 4.76838e+07 2.17572e+07 2.16152e+07 1.84115e+07 1.73158e+07 1.67577e+07 1.40998e+07 2.75275e+07 1.24056e+07 1.29298e+07 1.2337e+07 1.21637e+07 1.08337e+07 1.06164e+07 9.77697e+06 8.41924e+06 8.06345e+06 8.05708e+06 6.69682e+06 6.57902e+06 6.34414e+06 1.03154e+07 6.21031e+06 1.09049e+07 5.21785e+06 4.80568e+06 4.7848e+06 4.77544e+06 4.33497e+06 4.33893e+06 3.57537e+06 3.31458e+06 1.47165e+06 1.42421e+06 729808
threshold=1.0000000180025095e-35 1.0267857140995378 44730.000000000007 -0.00086798958295125617 0.079999999988028161 1.1224489793604502 34587.625000000007 0.74851074817110097 0.19526098129531513 0.041245326282528236 -0.51639395938746191 0.0048899755501222728 0.95297903005573359 -0.93301270189221919 -0.98182534576205283 1.0000000180025095e-35 0.276283618527008 -0.075399971249820216 1.1261261259281683 0.0037543201186628354 72853.900000000009 0.0049140049140049555 115692.82500000003 -1.0000000180025095e-35 32004.000000000004 62500.000000000007 -0.98182534576205283 75930.137500000012 0.93301270189221952 0.93301270189221952 1.0000000180025095e-35 43670.000000000007 47699.125000000007 20954.825000000008 -0.68301270189221952 51644.400000000009 0.0050251573518178558 0.0049751551641986644 1.1428571425808884 24611.050000000003 -0.51639395938746235 44964.875000000007 52451.500000000007 60379.850000000006 42488.510000000002 61968.600000000013 0.079999999981887865 -0.1799261722714405 24611.050000000003
decision_type=2 2 2 2 2 2 2 2 2 2 2 2 2 2 2 2 2 2 2 2 2 2 2 2 2 2 2 2 2 2 2 2 2 2 2 2 2 2 2 2 2 2 2 2 2 2 2 2 2
left_child=2 -2 4 -4 6 10 28 13 -9 19 11 22 29 24 -15 26 44 -16 20 -10 21 -5 23 46 -8 45 -7 -18 30 -12 36 41 -26 47 42 40 37 -1 -37 -33 -36 -32 -28 -44 -17 -20 -3 -30 -38
right_child=1 5 3 18 -6 15 7 8 9 -11 12 -13 -14 14 17 16 27 -19 25 -21 -22 -23 -24 -25 32 -27 34 -29 33 -31 31 39 -34 -35 35 38 48 -39 -40 -41 -42 -43 43 -45 -46 -47 -48 -49 -50
leaf_value=-21.291200924970244 170.86024848560297 52.787142660310955 123.76220490326752 17.757242645980241 55.96219446241485 20.054645959356019 -43.01203714851205 34.906791818448816 -7.2378261871931624 -103.71013092494248 20.054645959356019 91.067426438489491 66.053969582128161 49.95992452252635 17.105714359572723 7.1114315384088354 7.1114315384088354 -2.1079847963468001 -24.961737693597453 -30.790898823500243 13.40667877433771 79.777325306505261 64.55645460676439 20.054645959356019 4.9851101819255899 13.40667877433771 5.8292121313113983 -27.62776009047327 -33.172755800461928 44.251108028330698 -35.572559744957644 19.109038206799188 -18.406889068873365 -54.818346128558176 5.4975149628667532 20.054645959356019 -32.497158994741064 3.817925984232049 3.0352154452427866 -8.9255702146419811 -20.312810528581313 -14.114726833483942 -32.230362078692458 -10.399575383551767 20.054645959356019 -3.8259102797350346 36.485635911198976 -19.789447074031191 -22.914987442469833
leaf_weight=181 9.9999999999999982 9.9999999999999982 10.999999999999998 18.000000000000004 15.999999999999998 17 12.999999999999998 9.9999999999999982 77 9.9999999999999982 77 14.999999999999998 12.999999999999998 18 51 14.999999999999998 18.000000000000004 369 12.000000000000002 42 15.999999999999998 9.9999999999999982 9.9999999999999982 10.000000000000002 17 23 9.9999999999999982 11.999999999999998 14.999999999999998 13.999999999999998 9.9999999999999982 10.000000000000002 31 9.9999999999999982 10.000000000000002 11.999999999999998 43 17 21 11.999999999999998 18 133 10.999999999999998 32 57 14.999999999999998 12.999999999999998 15.000000000000002 9.9999999999999982
leaf_count=181 10 10 11 18 16 17 13 10 77 10 77 15 13 18 51 15 18 369 12 42 16 10 10 10 17 23 10 12 15 14 10 10 31 10 10 12 43 17 21 12 18 133 11 32 57 15 13 15 10
internal_value=0.409324 21.5538 -6.64001 24.3511 -9.57354 17.7316 -10.537 -4.07397 -18.3267 -22.4772 33.0104 49.9085 23.5476 -0.10087 2.28331 7.09884 17.4807 0.228617 12.5987 -15.5696 26.3017 40.1125 35.3727 26.3607 -17.1959 0.511649 -0.991893 -5.83178 -19.5768 20.0546 -18.2061 -13.0403 -10.129 -33.7506 -4.33308 2.26351 -21.5955 -19.1345 13.6084 3.8461 -11.108 -15.6391 -11.9154 -16.0461 20.0546 -13.2772 43.7712 -26.5692 -30.7358
internal_weight=1620 405 1215 105 1110 395 1094 638 139 129 162 58 104 499 438 233 102 420 94 119 44 28 43 33 61 50 131 30 456 91 416 165 48 40 114 61 251 198 33 22 28 143 53 43 72 27 23 30 53
internal_count=1620 405 1215 105 1110 395 1094 638 139 129 162 58 104 499 438 233 102 420 94 119 44 28 43 33 61 50 131 30 456 91 416 165 48 40 114 61 251 198 33 22 28 143 53 43 72 27 23 30 53
is_linear=0
shrinkage=0.03


Tree=132
num_leaves=63
num_cat=0
split_feature=23 19 23 12 7 19 8 16 20 10 20 20 27 10 21 7 20 10 24 10 10 10 21 23 19 24 8 10 19 23 10 21 3 24 14 16 21 21 7 21 1 21 16 23 24 10 8 7 14 21 1 7 20 7 7 23 23 10 3 20 17 10
split_gain=2.67046e+08 1.70409e+08 1.13095e+08 8.38612e+07 5.75858e+07 3.38105e+07 3.36747e+07 3.06632e+07 2.95986e+07 2.90959e+07 3.82969e+07 2.68077e+07 2.55687e+07 3.34582e+07 2.50831e+07 2.43441e+07 2.13799e+07 1.91036e+07 2.32712e+07 1.62979e+07 2.86371e+07 2.52236e+07 1.40646e+07 1.35719e+07 1.15388e+07 1.10578e+07 9.47346e+06 9.86312e+06 9.4684e+06 9.0591e+06 7.96286e+06 7.94744e+06 7.42657e+06 6.56627e+06 1.00458e+07 8.5303e+06 6.15587e+06 5.45907e+06 3.6616e+06 4.40157e+06 3.53413e+06 4.28359e+06 3.24543e+06 3.10976e+06 7.18136e+06 4.24296e+06 2.46709e+06 3.63521e+06 2.7071e+06 1.89434e+06 1.6961e+06 2.00299e+06 2.56233e+06 2.32469e+06 1.67474e+06 1.58033e+06 1.69887e+06 1.55731e+06 1.49545e+06 1.26954e+06 1.16717e+06 632489
threshold=46586.150000000009 33738.850000000006 74749.11923076924 1.0267857140995378 -0.24999999999999997 39280.900000000001 0.93301270189221952 -0.075399971249820216 58561.80000000001 0.40966402954315184 74296.250000000015 34547.500000000007 1.0000000180025095e-35 0.98182534576205305 105242.65000000002 0.68301270189221941 52260.000000000007 0.95297903005573359 46978.650000000009 0.12053668025532312 0.17992617227144031 -0.70581670320594803 62324.800000000003 66053.488461538465 72908.700000000026 38478.575000000004 0.93301270189221952 0.95297903005573359 89710.050000000017 23002.84615384616 0.70581670320594814 47172.125000000007 47613.750000000007 40006.30000000001 0.2061068701904871 0.0049751551641986644 80396.025000000023 54377.125000000007 -0.6830127018922193 45281.237500000003 29754.000000000004 43035.075000000004 0.05017507414820211 42840.411538461543 39027.365000000013 0.78574730703237883 -0.68301270189221952 1.0000000180025095e-35 0.15919902640022157 30881.712500000005 29138.000000000004 -0.24999999999999997 7752.5000000000009 0.68301270189221941 -0.93301270189221919 43640.407692307701 45358.334615384621 -0.40966402954315212 44388.375000000007 13692.150000000001 0.079999999982022368 -0.70581670320594803
decision_type=2 2 2 2 2 2 2 2 2 2 2 2 2 2 2 2 2 2 2 2 2 2 2 2 2 2 2 2 2 2 2 2 2 2 2 2 2 2 2 2 2 2 2 2 2 2 2 2 2 2 2 2 2 2 2 2 2 2 2 2 2 2
left_child=5 -2 6 -4 9 25 7 8 16 14 28 -9 24 15 -5 -14 22 18 -8 21 -21 -13 -3 32 -6 49 29 -28 -11 46 -12 -19 -10 40 -35 38 -26 -33 39 -36 41 -7 -37 44 -31 -46 47 59 60 50 51 52 -1 -53 -50 -40 -57 -41 -45 -27 -48 -49
right_child=1 2 3 4 12 33 17 11 23 10 30 19 13 -15 -16 -17 -18 31 -20 20 -22 -23 -24 -25 36 26 27 -29 -30 43 -32 37 -34 34 35 42 -38 -39 55 57 -42 -43 -44 58 45 -47 48 61 54 -51 -52 53 -54 -55 -56 56 -58 -59 -60 -61 -62 -63
leaf_value=-34.271359482566908 127.58293326712943 40.188852655608933 91.864297489367033 57.271243047820199 -26.985527247883262 -17.565421363211961 -73.439403438756941 47.228407794542555 4.6993279596277171 -24.091392863505586 29.067635843258081 7.9820961882156967 -4.7900580867256703 57.271243047820199 20.57922230503015 31.316598869146301 72.391175330926572 -21.818070184808025 -10.260855737634607 53.205369059665145 5.7485041668796129 -9.0332552416805179 1.1708075728671241 26.794351728455091 19.281124997099564 -20.746526951145473 -52.237635149995143 -16.646673889160152 16.056958025941753 16.414299935005804 57.271243047820199 16.324894857848712 -30.045472939980996 31.986141615763746 16.191011158554048 16.191011158554048 -12.449617762801671 -10.724927491747643 -21.816625073121326 3.4392919287351105 -25.679333058950064 9.4426997639873242 -0.89812907908222461 -27.573045352142625 -10.398535436358362 8.2511118890431305 0.64190277477926427 -24.497906727227637 -24.612609388256505 -37.281652351070093 -15.169402156629058 -34.859948854109099 -16.905461593583183 -20.797720896402993 -15.483373195449047 -0.24834375978426163 -16.230501717232368 -12.532671491134261 -11.021629818784129 -7.4630161363589833 -11.520942218686574 -32.601444089467286
leaf_weight=9.9999999999999982 10.999999999999998 23 17 26 19 11.000000000000002 10.000000000000002 11.999999999999998 11.000000000000002 11.000000000000002 10.000000000000002 131 38 10.999999999999998 17 30 11.999999999999998 17 10.999999999999998 11.999999999999998 212 195 12.999999999999998 11.999999999999998 12.000000000000002 11.000000000000002 12.000000000000002 17 9.9999999999999982 10.999999999999998 10.999999999999998 15.000000000000002 10.999999999999998 9.9999999999999982 9.9999999999999982 12.000000000000002 9.9999999999999982 11.999999999999998 9.9999999999999982 9.9999999999999982 10.999999999999998 9.9999999999999982 9.9999999999999982 10.000000000000002 121 11.999999999999998 12.000000000000002 38 22 10.999999999999998 17 31 34 17 111 13.000000000000002 10.999999999999998 12.000000000000002 9.9999999999999982 15.999999999999998 11.999999999999998 12.999999999999998
leaf_count=10 11 23 17 26 19 11 10 12 11 11 10 131 38 11 17 30 12 17 11 12 212 195 13 12 12 11 12 17 10 11 11 15 11 10 10 12 10 12 10 10 11 10 10 10 121 12 12 38 22 11 17 31 34 17 111 13 11 12 10 16 12 13
internal_value=0.395609 10.7286 9.33442 28.0152 22.6782 -13.9604 3.48201 5.55984 22.6859 41.5563 23.6706 3.05742 9.28271 19.2506 57.2712 11.1619 37.8303 -17.0813 -40.5515 2.08528 8.31346 -2.19544 26.1414 1.25717 -9.92368 -17.2228 -14.9595 -31.503 -4.9875 -13.7495 52.2167 -5.81303 -12.7303 -0.205245 3.64873 0.395881 4.86685 4.30743 -5.00012 2.28209 -11.9827 -4.72047 16.191 -8.33048 -6.78154 -8.7109 -17.5261 -21.9065 -15.3373 -25.2759 -24.0313 -25.6505 -20.9211 -29.9332 -17.0109 -11.8406 -7.61058 -5.28984 -19.3935 -12.9315 -6.03103 -26.6233
internal_weight=1620 942 931 222 205 678 709 644 82 85 42 562 120 79 43 68 48 65 21 550 224 326 36 34 41 548 428 29 21 399 21 44 22 130 98 88 22 27 66 32 32 21 22 164 144 133 235 78 157 120 109 92 44 48 133 34 24 22 20 27 24 51
internal_count=1620 942 931 222 205 678 709 644 82 85 42 562 120 79 43 68 48 65 21 550 224 326 36 34 41 548 428 29 21 399 21 44 22 130 98 88 22 27 66 32 32 21 22 164 144 133 235 78 157 120 109 92 44 48 133 34 24 22 20 27 24 51
is_linear=0
shrinkage=0.03


Tree=133
num_leaves=55
num_cat=0
split_feature=23 19 23 19 9 17 8 18 21 9 19 16 20 27 20 9 18 10 2 20 16 28 21 20 16 23 17 23 24 6 9 2 21 4 17 20 21 21 2 23 21 6 4 20 23 21 18 16 8 21 11 8 9 2
split_gain=2.51825e+08 1.60341e+08 1.07995e+08 1.19823e+08 7.48744e+07 4.36013e+07 3.66817e+07 3.78581e+07 3.45055e+07 3.24998e+07 3.20046e+07 2.74345e+07 2.64631e+07 2.41707e+07 2.34227e+07 2.27882e+07 1.82492e+07 1.98014e+07 1.6936e+07 1.62479e+07 1.36903e+07 1.32986e+07 1.32358e+07 1.07023e+07 1.0414e+07 1.24499e+07 9.48027e+06 6.89894e+06 6.28145e+06 8.72962e+06 1.70134e+07 6.01413e+06 9.63223e+06 7.81572e+06 1.11996e+07 5.95452e+06 5.63222e+06 8.85574e+06 5.2785e+06 5.01557e+06 6.11207e+06 4.58617e+06 3.99501e+06 3.57661e+06 4.47296e+06 3.54124e+06 3.13191e+06 2.4383e+06 3.89388e+06 2.31292e+06 2.05239e+06 1.83646e+06 985134 649794
threshold=46586.150000000009 33738.850000000006 71601.403846153858 53342.700000000004 -0.51639395938746191 0.079999999986477263 0.93301270189221952 53973.05000000001 130855.48750000002 -0.46472317204376817 39280.900000000001 -0.075399971249820216 58561.80000000001 1.0000000180025095e-35 34547.500000000007 -0.61559370248597534 40574.200000000004 0.12053668025532312 47618.750000000007 52260.000000000007 0.0050505372572776661 1.0000000180025095e-35 62324.800000000003 68710.750000000015 0.086956521739130502 16901.850000000002 0.079999999985327516 42840.411538461543 41009.805000000008 1.0000000180025095e-35 -0.61559370248597534 51256.875000000007 32073.737500000007 38408.750000000007 0.0010234886395476695 35397.900000000001 47172.125000000007 51781.162500000013 47498.750000000007 39917.442307692319 42861.975000000013 1.0000000180025095e-35 36682.500000000007 42647.200000000004 45358.334615384621 50177.662499999999 8546.9000000000015 -1.0000000180025095e-35 0.25000000000000017 11646.850000000002 0.84482758606050379 0.93301270189221952 0.8542199457734333 45704.625000000007
decision_type=2 2 2 2 2 2 2 2 2 2 2 2 2 2 2 2 2 2 2 2 2 2 2 2 2 2 2 2 2 2 2 2 2 2 2 2 2 2 2 2 2 2 2 2 2 2 2 2 2 2 2 2 2 2
left_child=10 -2 6 -4 5 8 11 36 15 -6 24 12 19 20 -13 -5 18 -18 -16 22 -11 26 -3 -15 25 46 -14 31 39 43 35 33 41 42 -35 45 -8 -38 -29 -12 -41 -33 -27 -30 -45 -31 53 48 49 -48 -26 52 -49 -1
right_child=1 2 3 4 9 -7 7 -9 -10 13 28 14 21 23 16 -17 17 -19 -20 -21 -22 -23 -24 -25 50 27 -28 38 29 30 -32 32 -34 34 -36 -37 37 -39 -40 40 -42 -43 -44 44 -46 -47 47 51 -50 -51 -52 -53 -54 -55
leaf_value=-33.898441169691374 123.7899275970459 38.988406082747815 121.61054021062078 21.474242442554747 -41.39835544895481 100.44561705938661 -21.339588275508984 -70.276997598184124 86.88640507915234 3.2877417127271538 4.2083320835252476 45.384811087943419 32.635083642908036 47.050648002939781 6.6072490457969115 67.871057031992336 -2.3895427071102211 9.8515606026670817 -43.66928010852132 67.534352726291971 -34.36278494345175 -28.318113741733047 0.14929636427193635 16.830718064582729 -24.035229354033593 -1.0942184318739547 -7.575412186726485 -40.293908643486077 -21.730574340820311 4.9898180245881019 43.611476803377641 -16.630696258646921 -35.408493922926617 -3.214461238906678 34.20680528697401 15.907733272084016 20.902719256426831 -13.926504274451212 -10.694254665280333 -35.88040477186145 -6.366187002617016 -4.483682731587618 -16.102766257771446 8.0261153601546269 -16.893850295567276 -19.583622716955237 -30.551957584796554 -20.729884543755798 -0.16402751291035028 -10.519297394623628 -41.126278121680542 -32.382802701383021 -15.176917884600453 -24.026087484438555
leaf_weight=16.000000000000004 10.999999999999998 23 10.999999999999998 69 10.999999999999998 9.9999999999999982 18 10.999999999999998 9.9999999999999982 40 14.999999999999998 10.999999999999998 11.000000000000002 11.999999999999998 10.000000000000002 10.999999999999998 291 201 14.999999999999998 10.999999999999998 10.999999999999998 10.000000000000002 11.999999999999998 85 11.000000000000002 27 9.9999999999999982 12.000000000000002 9.9999999999999982 10.000000000000002 11.999999999999998 56 15.999999999999998 25 9.9999999999999982 17 11.000000000000002 15.999999999999998 9.9999999999999982 10.000000000000002 17 56 39 18.000000000000004 9.9999999999999982 10.999999999999998 10.000000000000002 157 14.999999999999998 10.999999999999998 17 10.999999999999998 37 11.999999999999998
leaf_count=16 11 23 11 69 11 10 18 11 10 40 15 11 11 12 10 11 291 201 15 11 11 10 12 85 11 27 10 12 10 10 12 56 16 25 10 17 11 16 10 10 17 56 39 18 10 11 10 157 15 11 17 11 37 12
internal_value=0.40595 10.4402 9.08776 25.071 20.9255 41.2518 2.55624 -20.651 34.5705 8.1238 -13.5349 4.70741 21.4241 11.83 2.26596 27.9306 1.33993 2.61238 -23.6123 35.8368 -4.88426 -0.00884834 25.7106 20.6139 -16.709 -15.7434 13.5419 -10.9305 -0.152183 4.40302 12.6296 -9.38049 -13.6971 -3.90177 7.54424 2.75699 -8.3912 0.28784 -26.9489 -9.68428 -17.3896 -10.5666 -9.9739 -6.42609 -0.902214 -7.91365 -20.2285 -19.1083 -11.851 -20.1584 -34.5215 -20.3763 -19.6792 -29.7681
internal_weight=1620 942 931 270 259 100 661 56 90 159 678 605 77 148 528 80 517 492 25 46 51 31 35 97 548 520 21 251 130 88 50 229 128 101 35 38 45 27 22 42 27 112 66 38 28 21 269 241 36 21 28 205 194 28
internal_count=1620 942 931 270 259 100 661 56 90 159 678 605 77 148 528 80 517 492 25 46 51 31 35 97 548 520 21 251 130 88 50 229 128 101 35 38 45 27 22 42 27 112 66 38 28 21 269 241 36 21 28 205 194 28
is_linear=0
shrinkage=0.03


Tree=134
num_leaves=63
num_cat=0
split_feature=23 14 10 1 4 7 20 1 23 9 9 10 24 20 19 10 7 22 10 20 14 7 7 21 7 24 9 9 9 22 24 21 14 16 7 6 1 4 7 16 7 7 23 9 23 11 9 19 9 22 4 19 16 21 19 1 7 20 7 20 20 9
split_gain=2.37009e+08 1.54694e+08 2.53631e+08 9.45973e+07 1.17558e+08 4.6829e+07 4.89653e+07 3.98975e+07 4.04962e+07 3.54573e+07 3.48749e+07 3.0399e+07 3.63353e+07 3.02112e+07 3.01178e+07 2.68837e+07 2.584e+07 2.37172e+07 2.61717e+07 1.95801e+07 1.824e+07 1.52529e+07 1.86739e+07 2.42847e+07 1.67349e+07 2.11642e+07 1.45846e+07 1.26338e+07 1.19915e+07 1.15237e+07 9.9573e+06 9.53334e+06 8.6756e+06 6.89526e+06 6.55052e+06 8.72636e+06 7.60898e+06 7.69634e+06 6.74677e+06 9.21905e+06 6.3276e+06 1.67616e+07 9.11914e+06 4.69003e+06 4.48972e+06 4.28153e+06 3.95514e+06 4.22962e+06 3.91625e+06 3.06211e+06 2.96606e+06 2.66724e+06 2.28633e+06 1.73799e+06 1.72508e+06 1.55343e+06 1.83692e+06 2.40034e+06 2.08182e+06 1.18052e+06 951807 690687
threshold=46586.150000000009 0.17388612090385749 0.91023613416931248 42920.000000000007 54354.375000000007 -0.6830127018922193 51644.400000000009 41550.000000000007 47790.346153846156 0.61559370248597556 0.17992617227144045 0.70581670320594814 56603.750000000007 118089.15000000001 39280.900000000001 0.23931566428755774 -0.93301270189221919 14770.041820424294 0.40966402954315184 58561.80000000001 0.25307125302469863 -0.24999999999999997 -0.93301270189221919 84388.487500000003 0.68301270189221941 60070.625000000007 0.70581670320594825 -0.70581670320594825 0.91023613416931248 8156.9189980174297 38478.575000000004 69923.362500000017 0.23425692690411656 0.086956521739130502 -0.93301270189221919 1.0000000180025095e-35 43670.000000000007 41160.000000000007 -0.24999999999999997 0.0037543201186628354 -0.93301270189221919 -0.6830127018922193 42346.392307692317 0.61559370248597556 68359.726923076945 0.86516853912945779 -0.98182534576205283 65278.250000000007 -0.12053668025532321 9532.6702392357183 36133.500000000007 83762.10000000002 0.0049889909738903846 30881.712500000005 21995.150000000005 29138.000000000004 -0.24999999999999997 7752.5000000000009 0.68301270189221941 44100.350000000006 46499.950000000004 -0.88545602565320969
decision_type=2 2 2 2 2 2 2 2 2 2 2 2 2 2 2 2 2 2 2 2 2 2 2 2 2 2 2 2 2 2 2 2 2 2 2 2 2 2 2 2 2 2 2 2 2 2 2 2 2 2 2 2 2 2 2 2 2 2 2 2 2 2
left_child=14 2 -2 5 10 6 16 8 9 -7 -5 32 -13 21 30 51 46 18 -18 -8 29 22 -6 -24 25 -23 -17 -22 -26 -10 53 -19 -9 34 54 38 37 -37 48 -40 49 42 -42 -34 -21 -43 47 -3 -36 -16 -47 -12 60 55 -32 56 57 -1 -58 -48 -52 -59
right_child=1 3 -4 4 13 7 19 11 20 -11 15 12 -14 -15 40 26 17 31 -20 44 27 24 23 -25 28 -27 -28 -29 -30 -31 33 -33 43 -35 35 36 -38 -39 39 -41 41 45 -44 -45 -46 50 59 -49 -50 -51 52 -53 -54 -55 -56 -57 58 61 -60 -61 -62 -63
leaf_value=-32.598666822981123 49.366918959911409 -9.863817448379967 211.07727289785251 49.366918959911409 -18.339354714637945 -80.264141901601633 49.366918959911409 10.927521092072697 16.918034582864859 -3.947677955312177 -6.596577985923707 -91.813242995803392 -14.718395332130225 47.186970133337169 -5.0451393400280669 12.98238442600363 38.54383086650877 -28.21719584362565 -13.733016901789483 2.0079250365908776 -30.455602427543475 -41.148339095141999 9.2941109342656567 49.366918959911409 33.31524609586026 -0.98816799353993878 49.366918959911409 -1.1326276279379648 -3.6125855394226409 3.3086287850973162 -21.559568172897414 11.285971948604773 -6.548140300029031 -34.00231308981283 -12.07796393985703 3.9287811166450526 11.562275537311701 -13.10815887462272 -15.254372506993031 -31.98586201585184 6.9572842019434118 12.318478219315811 39.224210289488447 -34.936074711261412 29.744472252098287 2.2010597264491185 -12.172515373607668 -37.522333537186725 4.9589616581431608 -26.456923315973562 -19.418683954754147 12.550836143202453 -1.6795961387113012 -35.345070221359663 -37.402671484616718 -14.183822819893818 -32.970924388235403 -9.4803512944401955 -19.663849623830689 2.348668496160224 -9.2132102122205364 -18.767102613572945
leaf_weight=9.9999999999999982 11.000000000000002 10.000000000000002 9.9999999999999982 49 11.999999999999998 10.000000000000002 32 12.999999999999998 97 11.999999999999998 13.000000000000002 11.000000000000002 10.999999999999998 15.999999999999998 15.000000000000002 10.000000000000002 39 12.000000000000002 10.999999999999998 10.000000000000002 13.999999999999998 18 35 14.999999999999998 13.999999999999998 34 9.9999999999999982 213 18 97 18.000000000000004 9.9999999999999982 11.000000000000002 14.999999999999998 42 31 18 103 136 38 18 10.999999999999998 13.999999999999998 9.9999999999999982 10.999999999999998 10.999999999999998 10.000000000000002 9.9999999999999982 17 9.9999999999999982 21 12.999999999999998 15.999999999999998 10.999999999999998 9.9999999999999982 17 31 10.999999999999995 17 9.9999999999999982 13.999999999999998 23.000000000000004
leaf_count=10 11 10 10 49 12 10 32 13 97 12 13 11 11 16 15 10 39 12 11 10 14 18 35 15 14 34 10 213 18 97 18 10 11 15 42 31 18 103 136 38 18 11 14 10 11 11 10 10 17 10 21 13 16 11 10 17 31 11 17 10 14 23
internal_value=0.394137 10.1287 90.4461 8.28775 23.7382 2.30499 16.1547 -2.2769 0.741352 -38.8433 49.3669 -26.1122 -53.507 8.18475 -13.1304 23.1435 4.9006 15.6336 27.0384 39.883 2.81865 3.88115 15.1556 23.2151 -4.4486 -14.9421 49.1998 -2.95372 12.5967 9.57098 -16.2095 -10.2913 -8.28118 -14.0619 -13.3296 -12.3045 -6.706 -9.16676 -15.9522 -18.9247 -0.148164 3.08392 21.1524 -20.1679 16.6088 -4.85455 -14.4096 -23.8111 -7.16888 -13.6813 -7.91636 2.98842 -11.0898 -23.8513 -27.3309 -22.66 -24.2091 -19.6826 -28.3087 -4.93621 -15.3745 -15.7993
internal_weight=1620 942 21 921 257 664 165 499 443 22 95 56 22 162 678 46 112 72 50 53 421 146 62 50 84 52 20 227 32 194 548 22 34 428 413 385 152 134 233 174 130 105 32 21 21 73 40 20 59 25 62 26 51 120 28 109 92 44 48 20 35 34
internal_count=1620 942 21 921 257 664 165 499 443 22 95 56 22 162 678 46 112 72 50 53 421 146 62 50 84 52 20 227 32 194 548 22 34 428 413 385 152 134 233 174 130 105 32 21 21 73 40 20 59 25 62 26 51 120 28 109 92 44 48 20 35 34
is_linear=0
shrinkage=0.03


Tree=135
num_leaves=50
num_cat=0
split_feature=23 19 23 19 7 6 10 20 19 20 3 7 9 19 23 6 22 7 16 7 10 9 18 7 18 9 22 24 16 20 7 9 20 5 9 23 13 4 2 22 3 6 22 18 19 9 13 20 24
split_gain=2.23656e+08 1.49995e+08 9.82821e+07 7.43468e+07 9.18739e+07 3.3508e+07 4.47211e+07 3.24786e+07 3.45979e+07 3.15026e+07 2.98752e+07 3.21001e+07 3.78342e+07 2.83864e+07 2.68617e+07 2.07317e+07 2.72922e+07 1.87515e+07 3.11081e+07 1.89888e+07 3.4919e+07 2.81384e+07 1.41355e+07 1.44057e+07 1.33918e+07 1.24699e+07 1.18931e+07 9.37487e+06 6.49161e+06 6.36175e+06 6.16838e+06 8.23802e+06 6.10721e+06 9.7237e+06 1.27659e+07 5.88788e+06 8.5888e+06 3.42794e+06 3.76391e+06 4.55764e+06 5.57437e+06 2.43073e+06 1.63691e+06 1.6438e+06 1.62475e+06 1.36597e+06 1.03252e+06 929415 772019
threshold=46586.150000000009 33738.850000000006 74749.11923076924 54543.700000000004 -0.6830127018922193 1.0000000180025095e-35 -0.70581670320594803 77666.550000000003 89710.050000000017 43403.600000000006 38942.875000000007 -0.93301270189221919 -0.98182534576205283 39280.900000000001 98090.592307692321 1.0000000180025095e-35 9147.6405535993399 -0.24999999999999997 0.0049889909738903846 0.68301270189221941 -0.35460488704253562 0.78574730703237894 98091.500000000015 -0.24999999999999997 69246.750000000015 0.29696027566504674 1462.8493601956525 38478.575000000004 0.086956521739130502 58363.05000000001 -0.93301270189221919 -0.95297903005573326 56078.450000000004 1.0000000180025095e-35 -0.66312265824079519 23002.84615384616 0.85291666648534825 36133.500000000007 45253.125000000007 2777.0393656196543 44993.750000000007 1.0000000180025095e-35 5946.253523432767 17322.450000000004 21995.150000000005 -0.88545602565320969 0.85912698392519038 10943.050000000001 36378.525000000009
decision_type=2 2 2 2 2 2 2 2 2 2 2 2 2 2 2 2 2 2 2 2 2 2 2 2 2 2 2 2 2 2 2 2 2 2 2 2 2 2 2 2 2 2 2 2 2 2 2 2 2
left_child=13 -2 5 -4 7 9 24 8 -5 -3 -8 26 -13 27 22 16 -16 18 29 21 -21 -19 23 -6 -7 -17 -12 42 30 -11 44 -32 33 37 -35 41 -37 -15 -39 -40 -41 -33 43 45 -29 -1 47 -47 -48
right_child=1 2 3 4 14 6 10 -9 -10 17 11 12 -14 32 15 25 -18 19 -20 20 -22 -23 -24 -25 -26 -27 -28 28 -30 -31 31 35 -34 34 -36 36 -38 38 39 40 -42 -43 -44 -45 -46 46 48 -49 -50
leaf_value=-14.437611183004176 119.49048492173891 -55.576716450606249 101.66863751385664 67.293949004056131 24.708087253035785 77.06924078082092 -37.418655654091872 92.299643195972095 0.83531694900891007 21.399314611453821 -38.522215009122277 53.086715432636765 10.178119971043353 13.775696166387878 -26.442837678512713 74.537003239812066 35.133835472823506 -7.1515706846907712 59.970105244404564 48.648764505589263 -1.2361774223644215 -48.829811988972729 -19.969217264065563 0.14442684173583983 28.797264378521891 27.907414361934851 -4.3034336233230555 -20.91635446032107 -32.988998708156565 -7.3409574216091782 8.4419379826595886 -18.849551284204569 -22.537154338572286 -4.7525668602935527 37.310270225037918 14.766956276347619 -10.601882212049418 -16.843264493994948 13.085130524287949 3.3141265150321333 -16.584938562566581 -12.214590759050548 -34.294271702122046 -11.367492665692792 -36.291701714544011 -24.435765144942074 -34.308841608644435 -16.01860606168577 -25.195635643985781
leaf_weight=13.999999999999998 10.999999999999998 9.9999999999999982 10.999999999999998 17.000000000000004 32 10.000000000000002 12.999999999999998 17 11.999999999999998 9.9999999999999982 10.999999999999998 20 233 9.9999999999999982 10.000000000000002 11.000000000000002 18 155 10.999999999999998 13.999999999999998 121 15.999999999999998 19 65 10.999999999999998 9.9999999999999982 52 18.000000000000004 14.999999999999998 22 17 125 9.9999999999999982 12.000000000000002 13.999999999999998 12.999999999999998 146 18 14.999999999999998 28 23 84 10.999999999999998 11.999999999999998 9.9999999999999982 19 12.999999999999998 19 32
leaf_count=14 11 10 11 17 32 10 13 17 12 10 11 20 233 10 10 11 18 155 11 14 121 16 19 65 11 10 52 18 15 22 17 125 10 12 14 13 146 18 15 28 23 84 11 12 10 19 13 19 32
internal_value=0.402422 9.8588 8.55078 25.9653 21.9724 3.0951 9.69901 59.4179 39.8913 -3.34415 6.98136 8.81922 13.5898 -12.7356 11.5033 30.1034 13.1262 -1.83201 16.6953 -4.44013 3.96923 -11.0776 3.62722 8.26503 52.0404 52.5701 -10.3298 -15.7249 -13.641 1.67897 -12.9305 -11.9357 -0.132065 1.75221 17.9527 -12.8792 -8.5197 -2.74306 -4.72366 -1.39779 -5.6748 -16.19 -23.1398 -21.9837 -26.5173 -23.284 -24.7569 -20.9729 -27.8986
internal_weight=1620 942 931 222 211 709 350 46 29 359 329 316 253 678 165 49 28 349 43 306 135 171 116 97 21 21 63 548 428 32 413 385 130 120 26 368 159 94 84 66 51 209 120 109 28 97 83 38 45
internal_count=1620 942 931 222 211 709 350 46 29 359 329 316 253 678 165 49 28 349 43 306 135 171 116 97 21 21 63 548 428 32 413 385 130 120 26 368 159 94 84 66 51 209 120 109 28 97 83 38 45
is_linear=0
shrinkage=0.03


end of trees

feature_importances:
Column_18=1132
Column_16=779
Column_23=610
Column_20=456
Column_7=453
Column_21=427
Column_6=425
Column_22=403
Column_10=384
Column_14=364
Column_24=342
Column_8=308
Column_19=291
Column_1=290
Column_9=276
Column_2=274
Column_17=208
Column_3=176
Column_11=171
Column_12=166
Column_27=117
Column_4=81
Column_5=67
Column_13=58
Column_25=47
Column_28=28
Column_15=17
Column_26=5

parameters:
[boosting: gbdt]
[objective: regression]
[metric: rmse]
[tree_learner: serial]
[device_type: cpu]
[data_sample_strategy: bagging]
[data: ]
[valid: ]
[num_iterations: 500]
[learning_rate: 0.03]
[num_leaves: 63]
[num_threads: -1]
[seed: 42]
[deterministic: 0]
[force_col_wise: 0]
[force_row_wise: 0]
[histogram_pool_size: -1]
[max_depth: 8]
[min_data_in_leaf: 10]
[min_sum_hessian_in_leaf: 0.001]
[bagging_fraction: 0.8]
[pos_bagging_fraction: 1]
[neg_bagging_fraction: 1]
[bagging_freq: 0]
[bagging_seed: 400]
[bagging_by_query: 0]
[feature_fraction: 0.8]
[feature_fraction_bynode: 1]
[feature_fraction_seed: 30056]
[extra_trees: 0]
[extra_seed: 12879]
[early_stopping_round: 0]
[early_stopping_min_delta: 0]
[first_metric_only: 0]
[max_delta_step: 0]
[lambda_l1: 0.1]
[lambda_l2: 0.1]
[linear_lambda: 0]
[min_gain_to_split: 0]
[drop_rate: 0.1]
[max_drop: 50]
[skip_drop: 0.5]
[xgboost_dart_mode: 0]
[uniform_drop: 0]
[drop_seed: 17869]
[top_rate: 0.2]
[other_rate: 0.1]
[min_data_per_group: 100]
[max_cat_threshold: 32]
[cat_l2: 10]
[cat_smooth: 10]
[max_cat_to_onehot: 4]
[top_k: 20]
[monotone_constraints: -1,0,0,0,0,0,0,0,0,0,0,-1,-1,-1,-1,-1,0,0,0,0,0,0,0,0,0,0,0,0,0]
[monotone_constraints_method: basic]
[monotone_penalty: 0]
[feature_contri: ]
[forcedsplits_filename: ]
[refit_decay_rate: 0.9]
[cegb_tradeoff: 1]
[cegb_penalty_split: 0]
[cegb_penalty_feature_lazy: ]
[cegb_penalty_feature_coupled: ]
[path_smooth: 0]
[interaction_constraints: ]
[verbosity: -1]
[saved_feature_importance_type: 0]
[use_quantized_grad: 0]
[num_grad_quant_bins: 4]
[quant_train_renew_leaf: 0]
[stochastic_rounding: 1]
[linear_tree: 0]
[max_bin: 255]
[max_bin_by_feature: ]
[min_data_in_bin: 3]
[bin_construct_sample_cnt: 200000]
[data_random_seed: 175]
[is_enable_sparse: 1]
[enable_bundle: 1]
[use_missing: 1]
[zero_as_missing: 0]
[feature_pre_filter: 1]
[pre_partition: 0]
[two_round: 0]
[header: 0]
[label_column: ]
[weight_column: ]
[group_column: ]
[ignore_column: ]
[categorical_feature: ]
[forcedbins_filename: ]
[precise_float_parser: 0]
[parser_config_file: ]
[objective_seed: 16083]
[num_class: 1]
[is_unbalance: 0]
[scale_pos_weight: 1]
[sigmoid: 1]
[boost_from_average: 1]
[reg_sqrt: 0]
[alpha: 0.9]
[fair_c: 1]
[poisson_max_delta_step: 0.7]
[tweedie_variance_power: 1.5]
[lambdarank_truncation_level: 30]
[lambdarank_norm: 1]
[label_gain: ]
[lambdarank_position_bias_regularization: 0]
[eval_at: ]
[multi_error_top_k: 1]
[auc_mu_weights: ]
[num_machines: 1]
[local_listen_port: 12400]
[time_out: 120]
[machine_list_filename: ]
[machines: ]
[gpu_platform_id: -1]
[gpu_device_id: -1]
[gpu_use_dp: 0]
[num_gpu: 1]

end of parameters

pandas_categorical:null
